#        weight    minuslogpost           ombh2           omch2       thetastar               w              wa              As             omm          hrdrag        omegamh2        omega_de             YHe             Y_p           DHBBN            zrei       chi2__BAO   minuslogprior minuslogprior__0            chi2 chi2__like_DESI_CMB_all.desi_bao_cmb_all
              1       577.33483     0.022716939      0.11701607     0.010406292      -1.0917214     0.008817463    2.100583e-09      0.27551345       105.29134       0.1403772      0.72441432      0.24600374      0.24733594       2.3871289       7.5155755       1146.9346       3.8675318        3.8675318       1146.9346                                1146.9346
              2       574.95886     0.022705374      0.11702052      0.01040621      -1.0623352    -0.058219191    2.100583e-09      0.27856794       104.71814      0.14037008      0.72135903      0.24599885      0.24733103       2.3891303       7.5175755       1142.1826       3.8675318        3.8675318       1142.1826                                1142.1826
              3       547.66163     0.022778311      0.11516551     0.010406791      -1.0778723      0.11321512    2.100583e-09      0.27629755       104.77366      0.13858801      0.72362908      0.24602959      0.24736189       2.3765511       7.4831982       1087.5882       3.8675318        3.8675318       1087.5882                                1087.5882
              1       548.97724     0.022966616      0.11166159     0.010406786      -1.3457032      0.87727686    2.100583e-09      0.24641456       110.16198       0.1352724       0.7535184      0.24610762       0.2474402       2.3445389       7.4192179       1090.2194       3.8675318        3.8675318       1090.2194                                1090.2194
              3       514.01375     0.022565866      0.11132008     0.010409844      -1.3913963      0.91806739    2.100583e-09      0.23689608       112.45838      0.13453014      0.76303911      0.24593937      0.24727134        2.413468       7.4925272       1020.2924       3.8675318        3.8675318       1020.2924                                1020.2924
              2       492.13715     0.022603809      0.11317725     0.010406112      -1.3374479      0.53938886    2.100583e-09      0.23238257       113.91609      0.13642525      0.76755474      0.24595561      0.24728763       2.4068131       7.4821098       976.53924       3.8675318        3.8675318       976.53924                                976.53924
              1       481.63362     0.022415151      0.11402631      0.01040687      -1.0942592    -0.031775497    2.100583e-09      0.25847467       108.26077      0.13708566      0.74145594      0.24587477       0.2472065        2.440171       7.5296564       955.53217       3.8675318        3.8675318       955.53217                                955.53217
              1       474.92102     0.022435576      0.11366993     0.010406749      -1.0865395    -0.034034321    2.100583e-09      0.25835259        108.2077       0.1367497      0.74157788      0.24588352      0.24721528       2.4365262       7.5202826       942.10697       3.8675318        3.8675318       942.10697                                942.10697
              1       475.49531     0.022608538      0.11395458     0.010406447     -0.90046927     -0.39465763    2.100583e-09      0.28180021       103.59053      0.13720731       0.7181242      0.24595763      0.24728966       2.4059855        7.488564       943.25555       3.8675318        3.8675318       943.25555                                943.25555
              2       475.02153     0.022603927      0.11390494     0.010406518      -0.9064749     -0.37748093    2.100583e-09      0.28116159       103.70068      0.13715306      0.71876297      0.24595566      0.24728769       2.4067924       7.4890824       942.30799       3.8675318        3.8675318       942.30799                                942.30799
              1       470.81725     0.022884112      0.11217924     0.010405564      -1.0776903      0.10426538    2.100583e-09      0.26070679        107.2363      0.13570755      0.73922251      0.24607361      0.24740606       2.3584843       7.4129595       933.89943       3.8675318        3.8675318       933.89943                                933.89943
              6        438.9241     0.023025925       0.1108418     0.010409006      -1.0236855     0.064023413    2.100583e-09      0.26386481       106.27161      0.13451192        0.736063      0.24613206      0.24746472       2.3345874       7.3693933       870.11313       3.8675318        3.8675318       870.11313                                870.11313
              1       437.06196     0.023015746      0.11068856     0.010408643      -1.0231118     0.064029449    2.100583e-09      0.26341539       106.33607      0.13434849      0.73651246      0.24612786      0.24746051       2.3362911       7.3691196       866.38886       3.8675318        3.8675318       866.38886                                866.38886
              1       435.48217     0.023304812      0.11127441     0.010413447      -1.1728443      0.29438806    2.100583e-09      0.24190265       110.96032      0.13522341      0.75803151      0.24624759      0.24758068       2.2886121       7.3149667       863.22928       3.8675318        3.8675318       863.22928                                863.22928
              1       408.39702      0.02334987      0.11040828     0.010413958      -1.0867931      0.11133795    2.100583e-09      0.24631103       109.76771      0.13440234      0.75362153      0.24626621      0.24759936       2.2813118       7.2910827       809.05897       3.8675318        3.8675318       809.05897                                809.05897
              1       407.40106     0.023223016      0.10860794     0.010419768      -1.3772865      0.81362559    2.100583e-09      0.21573016       116.95102      0.13247515      0.78420991      0.24621363       0.2475466       2.3019544       7.3067979       807.06707       3.8675318        3.8675318       807.06707                                807.06707
              1       399.22319     0.023317449      0.10794175     0.010422767       -1.270472      0.68036117    2.100583e-09      0.22871501       113.39806      0.13190339      0.77122117      0.24625282      0.24758593       2.2865611       7.2874513       790.71131       3.8675318        3.8675318       790.71131                                790.71131
              1       391.72521     0.023052951      0.11036635     0.010423048      -1.1144618      0.20956448    2.100583e-09       0.2451236       110.15038       0.1340635      0.75480911      0.24614321      0.24747591       2.3300726       7.3565796       775.71536       3.8675318        3.8675318       775.71536                                775.71536
              2       391.96822     0.023028948      0.11066922     0.010424899     -0.98417542    -0.026921589    2.100583e-09      0.26272826       106.46577      0.13434236      0.73719977       0.2461333      0.24746598       2.3340818       7.3680169       776.20138       3.8675318        3.8675318       776.20138                                776.20138
              1       388.71889     0.022979908       0.1111934     0.010424843     -0.92392905     -0.20811857    2.100583e-09      0.26812413       105.51155       0.1348175      0.73180267       0.2461131      0.24744569       2.3423034       7.3804965       769.70271       3.8675318        3.8675318       769.70271                                769.70271
              1       381.39833     0.022879778      0.11060946     0.010425015     -0.93397587     -0.16130463    2.100583e-09      0.26644753       105.76944      0.13413343      0.73347937      0.24607181      0.24740426       2.3592203       7.3943607       755.06159       3.8675318        3.8675318       755.06159                                755.06159
              5       359.55402     0.023106078      0.10842174     0.010430508      -0.9991338     0.068327649    2.100583e-09      0.25373231       107.84801      0.13217201      0.74619704      0.24616515      0.24749794       2.3212343       7.3255527       711.37298       3.8675318        3.8675318       711.37298                                711.37298
              2        340.7024     0.023098153      0.10771714     0.010431772     -0.92884672    -0.085900435    2.100583e-09      0.25720346       106.97702      0.13145948      0.74272454      0.24616188      0.24749465       2.3225496       7.3142598       673.66974       3.8675318        3.8675318       673.66974                                673.66974
              1       340.53554     0.023100701      0.10769041     0.010431794     -0.92910093    -0.083954738    2.100583e-09      0.25714534       106.98259       0.1314353      0.74278266      0.24616293      0.24749571       2.3221266        7.313494       673.33602       3.8675318        3.8675318       673.33602                                673.33602
              3       313.15022     0.022809883       0.1067866       0.0104272      -0.7285085      -0.5357897    2.100583e-09      0.27509569       103.36815      0.13024068      0.72482657       0.2460428      0.24737514       2.3711375       7.3509655       618.56538       3.8675318        3.8675318       618.56538                                618.56538
              8       274.79127     0.023100554      0.10323619     0.010428853     -0.63425645     -0.65863457    2.100583e-09      0.27316256       102.89575      0.12698094      0.72675827      0.24616287      0.24749565       2.3221511       7.2423837       541.84747       3.8675318        3.8675318       541.84747                                541.84747
              4       268.49133     0.022628228       0.1050219     0.010428893      -0.2278181      -1.7191325    2.100583e-09      0.31725258       95.990278      0.12829432      0.68265641      0.24596604       0.2472981       2.4025443       7.3467742       529.24759       3.8675318        3.8675318       529.24759                                529.24759
              2       271.00094     0.022600992      0.10383974     0.010430302     -0.35187005      -1.4187995    2.100583e-09      0.29824392       98.779525      0.12708492      0.70166971      0.24595441      0.24728643       2.4073062        7.336133       534.26682       3.8675318        3.8675318       534.26682                                534.26682
              2       250.35396     0.022972018      0.10190032     0.010435608     -0.23236137      -1.6385922    2.100583e-09      0.30281843       97.510401      0.12551653      0.69709278      0.24610985      0.24744243       2.3436299       7.2320206       492.97285       3.8675318        3.8675318       492.97285                                492.97285
              2       246.39883     0.023070618      0.10423654     0.010434639    -0.075306918      -2.0579496    2.100583e-09      0.32804268       94.093518      0.12795135      0.67186296       0.2461505      0.24748323       2.3271282       7.2439447        485.0626       3.8675318        3.8675318        485.0626                                 485.0626
              1       240.97041     0.023016395      0.10428044     0.010431925         0.18937      -2.6560408    2.100583e-09       0.3617649       89.626881      0.12794102      0.63813104      0.24612813      0.24746078       2.3361825       7.2532037       474.20575       3.8675318        3.8675318       474.20575                                474.20575
              1       237.63516     0.023064875      0.10427669     0.010427933     0.071963625      -2.4398998    2.100583e-09      0.34405123       91.887685      0.12798576      0.65584984      0.24614813      0.24748085       2.3280847       7.2405722       467.53526       3.8675318        3.8675318       467.53526                                467.53526
              1       234.23417     0.023066191      0.10310741     0.010426609     0.039395326      -2.3487403    2.100583e-09      0.33537279        92.85119      0.12681779      0.66452989      0.24614867       0.2474814       2.3278655       7.2220525       460.73328       3.8675318        3.8675318       460.73328                                460.73328
              1        234.5752     0.023171256      0.10244565     0.010425819    -0.031332356      -2.1241777    2.100583e-09      0.32817971        93.70121       0.1262611      0.67172463      0.24619214      0.24752503       2.3104584        7.194834       461.41534       3.8675318        3.8675318       461.41534                                461.41534
              3       230.70106     0.023331457      0.10131081     0.010428256    -0.031071157      -2.0728471    2.100583e-09       0.3250807       93.873819      0.12528646      0.67482381      0.24625862      0.24759174       2.2842909       7.1491675       453.66705       3.8675318        3.8675318       453.66705                                453.66705
              4        228.1207     0.023259801      0.10165792     0.010426486      0.14280629      -2.5130773    2.100583e-09      0.34483953       91.233545      0.12556191      0.65505939      0.24622892      0.24756194       2.2959398       7.1636267       448.50633       3.8675318        3.8675318       448.50633                                448.50633
              3        228.0884     0.023261681      0.10164929     0.010426496      0.14316944      -2.5134022    2.100583e-09      0.34486687       91.227689      0.12555516      0.65503205       0.2462297      0.24756272        2.295633       7.1631492       448.44173       3.8675318        3.8675318       448.44173                                448.44173
              1       228.50168     0.023146617      0.10222885     0.010427966       0.1686383       -2.625768    2.100583e-09      0.34687531       91.109428      0.12601966      0.65302339      0.24618193      0.24751478       2.3145232       7.1920698       449.26829       3.8675318        3.8675318       449.26829                                449.26829
              2       225.48263     0.023270627      0.10289483     0.010425557       0.2332479      -2.8950607    2.100583e-09      0.34907987       90.901695      0.12680965      0.65081882      0.24623341      0.24756645        2.294174       7.1714516       443.23019       3.8675318        3.8675318       443.23019                                443.23019
              1       226.37772      0.02323076      0.10275661     0.010424963      0.21500395       -2.850608    2.100583e-09      0.34661277       91.212755      0.12663156       0.6532865      0.24621685      0.24754983       2.3006862       7.1770831       445.02037       3.8675318        3.8675318       445.02037                                445.02037
              8       225.33961     0.023296781      0.10101423     0.010429339       0.2382706      -2.7691243    2.100583e-09      0.34893642       90.564566      0.12495521      0.65096081      0.24624427      0.24757734        2.289917       7.1434791       442.94416       3.8675318        3.8675318       442.94416                                442.94416
              2       226.64841     0.023462252       0.1007215     0.010430792      0.15861849      -2.4701552    2.100583e-09      0.34623695       90.807075      0.12482794      0.65366097      0.24631203      0.24764535       2.2632521       7.1151251       445.56176       3.8675318        3.8675318       445.56176                                445.56176
              1       226.32894     0.023442749      0.10094775     0.010430514      0.16541098      -2.5009734    2.100583e-09      0.34715552       90.735514      0.12503469       0.6527423      0.24630414      0.24763744       2.2663712       7.1213601       444.92282       3.8675318        3.8675318       444.92282                                444.92282
              9        226.5643     0.023468466     0.099960212     0.010431083      0.29349801      -2.7714914    2.100583e-09      0.35903139       89.032175      0.12407287      0.64086212      0.24631454      0.24764787       2.2622598       7.1007462       445.39353       3.8675318        3.8675318       445.39353                                445.39353
              2       226.52993     0.023370452      0.10014023     0.010428266      0.22148854       -2.691166    2.100583e-09      0.34526749       90.855842      0.12415488      0.65463017      0.24627468      0.24760786       2.2779885       7.1172326       445.32479       3.8675318        3.8675318       445.32479                                445.32479
              6       226.48718     0.023370664      0.10015525     0.010428272       0.2205481      -2.6902254    2.100583e-09      0.34513402       90.876165       0.1241701      0.65476369      0.24627476      0.24760795       2.2779543       7.1173719        445.2393       3.8675318        3.8675318        445.2393                                 445.2393
              2       226.27231     0.023371662      0.10019846     0.010428835      0.23165264      -2.6972048    2.100583e-09      0.34809295       90.496939      0.12421431      0.65180392      0.24627517      0.24760836       2.2777933       7.1190298       444.80956       3.8675318        3.8675318       444.80956                                444.80956
             11       226.55516     0.023440788      0.10020541     0.010426149      0.32113975      -2.8778807    2.100583e-09      0.36156196       88.774103      0.12429039      0.63833099      0.24630335      0.24763664       2.2666852       7.1061055       445.37525       3.8675318        3.8675318       445.37525                                445.37525
              3       228.23519     0.023415513      0.10083943     0.010424215      0.16997205       -2.547791    2.100583e-09      0.34582721       90.898414      0.12489914      0.65407089      0.24629309      0.24762634       2.2707375       7.1212103       448.73531       3.8675318        3.8675318       448.73531                                448.73531
              1        227.7894     0.023496563      0.10092986     0.010424812      0.19329612      -2.5800011    2.100583e-09      0.35042303       90.290338      0.12507062      0.64947385      0.24632586      0.24765923       2.2577801        7.108384       447.84374       3.8675318        3.8675318       447.84374                                447.84374
              8       227.43423     0.023493597      0.10171405     0.010423965      0.15767326      -2.5849341    2.100583e-09      0.34355057       91.336243      0.12585184      0.65634897      0.24632466      0.24765803       2.2582523       7.1164736        447.1334       3.8675318        3.8675318        447.1334                                 447.1334
              2       228.94955      0.02353821      0.10241867     0.010422213       0.2337965      -2.8228896    2.100583e-09      0.35193957       90.355255      0.12660107      0.64795812      0.24634261      0.24767604        2.251164       7.1149588       450.16403       3.8675318        3.8675318       450.16403                                450.16403
              3       229.87422      0.02330162      0.10126865     0.010423738      0.27655363      -2.7785319    2.100583e-09      0.36298319       88.839699      0.12521446      0.63691012      0.24624627      0.24757935       2.2891307        7.149943       452.01338       3.8675318        3.8675318       452.01338                                452.01338
              2       228.67361     0.023282826      0.10110144     0.010424388      0.30641267      -2.8625872    2.100583e-09      0.36434663       88.649069      0.12502846      0.63554612      0.24623848      0.24757153        2.292187       7.1498223       449.61215       3.8675318        3.8675318       449.61215                                449.61215
              2       228.06072     0.023224682      0.10224976     0.010425495      0.23073034      -2.7470805    2.100583e-09      0.35661344       89.834592      0.12611864       0.6432825      0.24621432      0.24754729       2.3016815       7.1773548       448.38638       3.8675318        3.8675318       448.38638                                448.38638
              5       228.55394      0.02320487      0.10227704      0.01042519      0.21395295       -2.715701    2.100583e-09      0.35430009       90.139009       0.1261261      0.64559653      0.24620609      0.24753903       2.3049303       7.1813418       449.37282       3.8675318        3.8675318       449.37282                                449.37282
              1       227.87298     0.023284105      0.10298435     0.010423973      0.25685895      -2.8737451    2.100583e-09       0.3587549       89.679305      0.12691265      0.64114106      0.24623901      0.24757206       2.2919787       7.1736996       448.01091       3.8675318        3.8675318       448.01091                                448.01091
              3        226.5413     0.023429564      0.10200396     0.010424959      0.27477818      -2.8305091    2.100583e-09      0.36135856       89.130799      0.12607772      0.63853596       0.2462988      0.24763207       2.2684834       7.1341297       445.34753       3.8675318        3.8675318       445.34753                                445.34753
              4       226.48177      0.02343567      0.10202109     0.010425062       0.2848756       -2.852456    2.100583e-09       0.3627508        88.96069      0.12610096      0.63714333      0.24630128      0.24763456       2.2675049       7.1332514       445.22847       3.8675318        3.8675318       445.22847                                445.22847
              3       226.74264      0.02345855      0.10186992      0.01042462      0.29415256      -2.8671682    2.100583e-09      0.36361343       88.820278      0.12597266      0.63628035      0.24631053      0.24764385       2.2638437       7.1266211       445.75022       3.8675318        3.8675318       445.75022                                445.75022
              1       227.33078     0.023514102      0.10179714     0.010425014      0.27007327      -2.7901602    2.100583e-09      0.36167846       89.026197      0.12595543      0.63821586      0.24633291      0.24766631       2.2549903       7.1162939       446.92649       3.8675318        3.8675318       446.92649                                446.92649
              1       225.77094     0.023560477      0.10154812     0.010427897      0.24197006      -2.7100863    2.100583e-09       0.3571672       89.526023      0.12575279      0.64272827      0.24635156      0.24768502       2.2476382       7.1051404       443.80681       3.8675318        3.8675318       443.80681                                443.80681
             20       225.71729     0.023552745      0.10161592     0.010427863      0.24040109      -2.7117449    2.100583e-09      0.35695499       89.567541      0.12581286       0.6429406      0.24634845       0.2476819       2.2488616       7.1073934       443.69951       3.8675318        3.8675318       443.69951                                443.69951
              1        226.6044     0.023424331      0.10173577     0.010428283      0.14979182      -2.5046937    2.100583e-09      0.34694895       90.915034       0.1258043      0.65294956      0.24629668      0.24762994       2.2693225       7.1348107       445.47374       3.8675318        3.8675318       445.47374                                445.47374
              3       225.96249     0.023371781      0.10199508     0.010428676      0.18409061      -2.6116611    2.100583e-09       0.3503199       90.541788      0.12601106      0.64957778      0.24627522      0.24760841       2.2777742       7.1471843       444.18991       3.8675318        3.8675318       444.18991                                444.18991
              5       226.22408     0.023299315      0.10123094     0.010427873      0.27347276      -2.7915746    2.100583e-09      0.35962069       89.247927      0.12517445      0.64027358      0.24624532      0.24757839       2.2895052       7.1493938       444.71309       3.8675318        3.8675318       444.71309                                444.71309
              1       226.21308     0.023299371      0.10123275     0.010427879      0.27408817      -2.7931732    2.100583e-09      0.35968936       89.239719      0.12517631      0.64020489      0.24624534      0.24757842        2.289496       7.1493975       444.69111       3.8675318        3.8675318       444.69111                                444.69111
              5       225.89712     0.023297746      0.10129961     0.010426725       0.2074487      -2.6910688    2.100583e-09      0.34805178        90.73235      0.12524155      0.65184595      0.24624467      0.24757774       2.2897602        7.148113       444.05918       3.8675318        3.8675318       444.05918                                444.05918
              1       225.62375     0.023301105      0.10130569     0.010427095      0.21572581       -2.709086    2.100583e-09      0.34905833        90.60144      0.12525098       0.6508391      0.24624606      0.24757914       2.2892143        7.147625       443.51244       3.8675318        3.8675318       443.51244                                443.51244
              1       225.70567     0.023329444      0.10142948     0.010426597      0.30615582      -2.8844215    2.100583e-09      0.36350471       88.796063      0.12540311      0.63638861      0.24625778      0.24759091       2.2846169       7.1452581       443.67628       3.8675318        3.8675318       443.67628                                443.67628
              1       225.53677     0.023485391       0.1004733     0.010427599      0.24131746      -2.6882446    2.100583e-09       0.3532373       89.849223      0.12460289      0.64665837      0.24632136      0.24765471       2.2595597       7.1033228       443.33848       3.8675318        3.8675318       443.33848                                443.33848
              1       225.64758     0.023457846       0.1009352     0.010427965        0.201803      -2.6013397    2.100583e-09      0.35066843       90.272579      0.12503723      0.64922835      0.24631025      0.24764356       2.2639563       7.1162892        443.5601       3.8675318        3.8675318        443.5601                                 443.5601
             10       225.48354     0.023396546      0.10101579     0.010428427      0.23281926      -2.6836539    2.100583e-09       0.3541059       89.868388      0.12505653      0.64578989      0.24628536      0.24761858       2.2737855        7.128445       443.23202       3.8675318        3.8675318       443.23202                                443.23202
              1       226.25923     0.023451983      0.10028674     0.010428036      0.21245664      -2.6082483    2.100583e-09      0.34988862        90.25435      0.12438292      0.65000785      0.24630788      0.24764118       2.2648937       7.1079427        444.7834       3.8675318        3.8675318        444.7834                                 444.7834
             10       226.43689     0.023467841      0.10002405     0.010428828      0.32958138      -2.8581053    2.100583e-09       0.3641007       88.422125      0.12413608      0.63579136      0.24631428      0.24764761       2.2623595       7.1008626       445.13871       3.8675318        3.8675318       445.13871                                445.13871
              4       225.60097     0.023437154      0.10036458     0.010428884      0.31839134      -2.8570587    2.100583e-09       0.3626335       88.673214      0.12444593      0.63725926      0.24630188      0.24763516       2.2672672       7.1108261       443.46687       3.8675318        3.8675318       443.46687                                443.46687
              2       225.98147     0.023476888      0.10021392     0.010428718      0.23985157      -2.6629986    2.100583e-09      0.35321783       89.806329        0.124335      0.64667762      0.24631793      0.24765127       2.2609156       7.1023833       444.22787       3.8675318        3.8675318       444.22787                                444.22787
              1       226.32995     0.023611054     0.099794305     0.010429818      0.14933242      -2.5044528    2.100583e-09      0.33510112       92.076821      0.12404955      0.66479946      0.24637194      0.24770548       2.2396599       7.0681705       444.92483       3.8675318        3.8675318       444.92483                                444.92483
             11       226.51992     0.023673872     0.099587472     0.010429471      0.19547196      -2.5859455    2.100583e-09      0.34133793       91.171788      0.12390554      0.65856069      0.24639736      0.24773099        2.229808       7.0540624       445.30477       3.8675318        3.8675318       445.30477                                445.30477
              3       225.62225     0.023669169      0.10021393     0.010431181      0.20433034      -2.5962319    2.100583e-09      0.34623427       90.644005      0.12452729       0.6536634      0.24639545      0.24772908       2.2305434       7.0658931       443.50944       3.8675318        3.8675318       443.50944                                443.50944
             32       226.51308     0.023768528      0.10076339     0.010430201      0.37692938      -2.9994259    2.100583e-09      0.36971921        87.78547      0.12517611      0.63017209      0.24643558      0.24776935       2.2150836       7.0538442       445.29109       3.8675318        3.8675318       445.29109                                445.29109
              1       225.96784     0.023775465      0.10071658     0.010430928       0.3565592       -2.974036    2.100583e-09       0.3648925       88.353455      0.12513624      0.63500018      0.24643836      0.24777214       2.2140102       7.0508244       444.20062       3.8675318        3.8675318       444.20062                                444.20062
              9       225.92581      0.02378209      0.10060949     0.010430679      0.34238382      -2.9439321    2.100583e-09      0.36236955       88.638871      0.12503577      0.63752379      0.24644102      0.24777481       2.2129859       7.0477859       444.11656       3.8675318        3.8675318       444.11656                                444.11656
             14       226.08412     0.023785414      0.10058745      0.01043075       0.3378897      -2.9275437    2.100583e-09      0.36216707       88.658564      0.12501706      0.63772632      0.24644235      0.24777615       2.2124721       7.0472227       444.43318       3.8675318        3.8675318       444.43318                                444.43318
              2        227.4144     0.023863577      0.10042977      0.01043053      0.34383343      -2.9488455    2.100583e-09      0.36111348       88.733896      0.12493753      0.63878015      0.24647342      0.24780732       2.2004435       7.0296066       447.09375       3.8675318        3.8675318       447.09375                                447.09375
              1       227.98792     0.023853943      0.10025264     0.010429141      0.24746652      -2.7998816    2.100583e-09      0.34281092        91.04179      0.12475077      0.65708795      0.24646961       0.2478035       2.2019208       7.0247538       448.24078       3.8675318        3.8675318       448.24078                                448.24078
              4       227.83275     0.023598583       0.1026703     0.010423437      0.25845645      -2.9281656    2.100583e-09      0.35195405       90.379146      0.12691308      0.64794389      0.24636691      0.24770043       2.2416232        7.105091       447.93043       3.8675318        3.8675318       447.93043                                447.93043
              7       226.80304      0.02354491      0.10249566     0.010423701      0.24378978       -2.876677    2.100583e-09       0.3507354       90.522061      0.12668476      0.64916271       0.2463453      0.24767874       2.2501023       7.1135429       445.87101       3.8675318        3.8675318       445.87101                                445.87101
              4        226.7379     0.023553539      0.10248787     0.010423854      0.24443266      -2.8762655    2.100583e-09      0.35083929       90.504362       0.1266856      0.64905879      0.24634877      0.24768222       2.2487359       7.1118861       445.74073       3.8675318        3.8675318       445.74073                                445.74073
              1       227.64451     0.023721519      0.10194805     0.010425297      0.21813471      -2.8187978    2.100583e-09      0.34329843       91.336856      0.12631376      0.65660155      0.24641664      0.24775034        2.222378        7.071465       447.55395       3.8675318        3.8675318       447.55395                                447.55395
              8       226.26154     0.023717194      0.10203565     0.010426183      0.27973766      -2.9453963    2.100583e-09       0.3522403       90.187505      0.12639704      0.64765714      0.24641489      0.24774858       2.2230511        7.074342       444.78802       3.8675318        3.8675318       444.78802                                444.78802
              4       228.06844     0.023484223      0.10335322      0.01042586       0.1371348      -2.6816514    2.100583e-09       0.3383835       92.338965      0.12748164      0.66151881      0.24632089      0.24765424       2.2597459       7.1374976       448.40182       3.8675318        3.8675318       448.40182                                448.40182
              3       228.11016     0.023660752      0.10150715     0.010427368     0.053425986      -2.3190496    2.100583e-09       0.3305945       93.012568       0.1258121       0.6693088      0.24639204      0.24772566       2.2318605       7.0845927       448.48526       3.8675318        3.8675318       448.48526                                448.48526
              4       226.66967     0.023668667       0.1015358     0.010428091       0.1465318        -2.51819    2.100583e-09      0.34276198       91.349443      0.12584866      0.65713779      0.24639525      0.24772887       2.2306219       7.0836662       445.60428       3.8675318        3.8675318       445.60428                                445.60428
              4       226.84583     0.023608846       0.1016139     0.010426505      0.14174004      -2.5151859    2.100583e-09      0.34262488       91.402252      0.12586694      0.65727494      0.24637105      0.24770458       2.2400072       7.0954947       445.95659       3.8675318        3.8675318       445.95659                                445.95659
             11       227.14129      0.02361981       0.1018144     0.010426243      0.14563307      -2.5398681    2.100583e-09      0.34292859       91.395352       0.1260784      0.65697131      0.24637548      0.24770903       2.2382828       7.0955884       446.54752       3.8675318        3.8675318       446.54752                                446.54752
             21       225.85259     0.023683529      0.10091033     0.010428818      0.13824579       -2.499329    2.100583e-09      0.33811236        91.85297      0.12523805      0.66178828      0.24640127      0.24773491       2.2282991       7.0710559       443.97012       3.8675318        3.8675318       443.97012                                443.97012
              4       225.68341     0.023532659       0.1013706     0.010427857     0.086215091      -2.4532068    2.100583e-09      0.32941771       93.196296      0.12554745      0.67048573      0.24634037       0.2476738       2.2520442       7.1028753       443.63176       3.8675318        3.8675318       443.63176                                443.63176
              4       225.38432      0.02364705      0.10124173     0.010428064      0.16440321      -2.6649607    2.100583e-09      0.33492071       92.364488      0.12553297       0.6649811       0.2463865      0.24772009       2.2340068       7.0766387       443.03357       3.8675318        3.8675318       443.03357                                443.03357
              9       226.10384     0.023621086        0.101684     0.010428197      0.11159592      -2.5598653    2.100583e-09      0.32986487       93.162428      0.12594928      0.67003875      0.24637599      0.24770955       2.2380823       7.0881818       444.47261       3.8675318        3.8675318       444.47261                                444.47261
              4       225.75724     0.023594705      0.10192896      0.01042822      0.12808413      -2.6164005    2.100583e-09       0.3318079       92.944466      0.12616786      0.66809531      0.24636534      0.24769886       2.2422342       7.0960274       443.77941       3.8675318        3.8675318       443.77941                                443.77941
              1       224.55869     0.023547584      0.10160407     0.010428158      0.22669921      -2.8822649    2.100583e-09      0.33903183         91.9041      0.12579585      0.66086899      0.24634638      0.24767982       2.2496787       7.0971452       441.38232       3.8675318        3.8675318       441.38232                                441.38232
              3        223.4346     0.023402294      0.10168037     0.010427815      0.25909782      -2.9309694    2.100583e-09      0.34607768       91.026493      0.12572686      0.65382102      0.24628771      0.24762094       2.2728611       7.1274006       439.13414       3.8675318        3.8675318       439.13414                                439.13414
              6       224.71452     0.023526169      0.10074453     0.010426497      0.25221081      -2.8564987    2.100583e-09      0.34447671       91.021782      0.12491489       0.6554218      0.24633777      0.24767118       2.2530739       7.0912369       441.69398       3.8675318        3.8675318       441.69398                                441.69398
             10       224.69365     0.023503413      0.10038996     0.010427564      0.28135134       -2.898306    2.100583e-09      0.34787234       90.517815      0.12453756      0.65202486      0.24632861        0.247662         2.25669       7.0912145       441.65223       3.8675318        3.8675318       441.65223                                441.65223
              1       223.61899     0.023449108      0.10075572      0.01042858      0.29628364      -2.9295102    2.100583e-09       0.3519403       90.078949      0.12484902      0.64795595      0.24630672      0.24764002       2.2653535        7.107833       439.50292       3.8675318        3.8675318       439.50292                                439.50292
              7       224.63869     0.023539075      0.10044144     0.010430218      0.23608125      -2.7873838    2.100583e-09      0.34239098       91.237324      0.12462471      0.65750791      0.24634295      0.24767639       2.2510269       7.0864535       441.54233       3.8675318        3.8675318       441.54233                                441.54233
              1        224.3422     0.023586688      0.10072747     0.010431121      0.22966603      -2.7733606    2.100583e-09      0.34270075       91.233952      0.12495835      0.65719832      0.24636211      0.24769561       2.2434983       7.0822266       440.94933       3.8675318        3.8675318       440.94933                                440.94933
              1        224.2443     0.023575499      0.10080288     0.010431004      0.22249878      -2.7588121    2.100583e-09      0.34217413       91.322012      0.12502257      0.65772514       0.2463576      0.24769109       2.2452642       7.0854902       440.75354       3.8675318        3.8675318       440.75354                                440.75354
             11       223.69902     0.023588797      0.10198655     0.010426806      0.29199273      -2.9902374    2.100583e-09      0.35254892       90.181477      0.12621954      0.64734829      0.24636296      0.24769647       2.2431656       7.0971134       439.66298       3.8675318        3.8675318       439.66298                                439.66298
             17       223.96822     0.023564286      0.10220934      0.01042629      0.28368446      -2.9817032    2.100583e-09      0.35219378        90.27578      0.12641782      0.64770369      0.24635309      0.24768656        2.247036       7.1048154       440.20137       3.8675318        3.8675318       440.20137                                440.20137
              1       223.94575     0.023564436      0.10220948     0.010426317      0.28464852      -2.9833657    2.100583e-09      0.35234827       90.255962      0.12641811      0.64754916      0.24635315      0.24768662       2.2470122       7.1048178       440.15644       3.8675318        3.8675318       440.15644                                440.15644
              1       225.37274     0.023654792      0.10212764     0.010427489      0.23233688      -2.8831266    2.100583e-09      0.34325631       91.398035      0.12642662      0.65664377      0.24638963      0.24772323       2.2327936        7.085701       443.01041       3.8675318        3.8675318       443.01041                                443.01041
              2       227.41479     0.023782182      0.10186758     0.010426301       0.2798844      -2.9401377    2.100583e-09      0.35145127        90.23655      0.12629395      0.64844632      0.24644106      0.24777485       2.2129716       7.0597091       447.09453       3.8675318        3.8675318       447.09453                                447.09453
             10         227.203     0.023771254      0.10212023     0.010427677      0.25340925      -2.8744245    2.100583e-09      0.34968371       90.514211      0.12653568      0.65021459      0.24643667      0.24777045       2.2146617       7.0664713       446.67093       3.8675318        3.8675318       446.67093                                446.67093
              3       224.85376     0.023528293      0.10233847     0.010427809      0.17078065      -2.7331464    2.100583e-09      0.33809713       92.174806      0.12651095      0.66180452      0.24633862      0.24767204       2.2527368       7.1140519       441.97245       3.8675318        3.8675318       441.97245                                441.97245
              9       223.90069     0.023504184      0.10249493     0.010427611      0.23647684      -2.8841241    2.100583e-09      0.34707711       91.011403      0.12664331      0.65282203      0.24632892      0.24766231       2.2565672        7.120869       440.06632       3.8675318        3.8675318       440.06632                                440.06632
              3       224.78678     0.023475226      0.10272739     0.010428309      0.18883485      -2.8072605    2.100583e-09      0.34001225       92.005001       0.1268468      0.65988911      0.24631726       0.2476506       2.2611807       7.1289335        441.8385       3.8675318        3.8675318        441.8385                                 441.8385
              1       225.32817     0.023503053      0.10221998     0.010430211      0.14568602      -2.5771329    2.100583e-09      0.34161803       91.685131      0.12636722      0.65828248      0.24632847      0.24766185       2.2567472        7.122981       442.92128       3.8675318        3.8675318       442.92128                                442.92128
              1       224.87262     0.023494815      0.10209531     0.010430879      0.18329293       -2.649975    2.100583e-09      0.34640764       91.028858      0.12623432      0.65349137      0.24632515      0.24765852       2.2580584        7.123167       442.01018       3.8675318        3.8675318       442.01018                                442.01018
              6       225.73675     0.023593835      0.10028924     0.010430862      0.12886395      -2.4503525    2.100583e-09      0.33573956       92.089328      0.12452727      0.66416121      0.24636499       0.2476985       2.2423715       7.0802819       443.73843       3.8675318        3.8675318       443.73843                                443.73843
              2       225.76655      0.02359473      0.10028997     0.010430851       0.1265496      -2.4450506    2.100583e-09      0.33546779        92.12646      0.12452889      0.66443307      0.24636535      0.24769887       2.2422303       7.0801475       443.79803       3.8675318        3.8675318       443.79803                                443.79803
              4       225.96736      0.02353093      0.10078699     0.010431719     0.099288984      -2.3977141    2.100583e-09      0.33370692       92.485365      0.12496211      0.66619481      0.24633968       0.2476731       2.2523185       7.0997286       444.19965       3.8675318        3.8675318       444.19965                                444.19965
              5       226.35511     0.023614829      0.10145902     0.010434929      0.30848543      -2.9035354    2.100583e-09      0.35937639       89.216472      0.12571804      0.64051841      0.24637347      0.24770701        2.239066       7.0918009       444.97516       3.8675318        3.8675318       444.97516                                444.97516
              4       224.21354     0.023491196      0.10210722      0.01043302      0.30726759      -2.9745631    2.100583e-09      0.35788585       89.560566      0.12624261      0.64200982       0.2463237      0.24765706       2.2586347       7.1214708       440.69201       3.8675318        3.8675318       440.69201                                440.69201
              1       225.63157     0.023591146      0.10143678     0.010432027       0.1906626      -2.7628474    2.100583e-09      0.33539288       92.355085      0.12567211       0.6645089      0.24636391      0.24769742       2.2427953       7.0889334       443.52808       3.8675318        3.8675318       443.52808                                443.52808
              1        225.6833     0.023583626      0.10144102     0.010431892      0.18128285      -2.7422052    2.100583e-09      0.33429192       92.510386      0.12566884      0.66561018      0.24636088      0.24769438       2.2439813        7.090411       443.63154       3.8675318        3.8675318       443.63154                                443.63154
              6       223.26939     0.023540087      0.10211143     0.010430265      0.28939375      -2.9338281    2.100583e-09      0.35620587       89.756125      0.12629571      0.64369033      0.24634336       0.2476768       2.2508665       7.1117261       438.80372       3.8675318        3.8675318       438.80372                                438.80372
             10       223.62304     0.023575047      0.10190249      0.01043011      0.24405022      -2.8725027    2.100583e-09      0.34599589        91.02054      0.12612173      0.65390315      0.24635742      0.24769091       2.2453356       7.0995961       439.51103       3.8675318        3.8675318       439.51103                                439.51103
              5       223.62384     0.023574979      0.10190321     0.010430107      0.24389837      -2.8721175    2.100583e-09      0.34598544        91.02207      0.12612238       0.6539136       0.2463574      0.24769088       2.2453463       7.0996227       439.51263       3.8675318        3.8675318       439.51263                                439.51263
              8       224.15088     0.023431412       0.1013906     0.010428801       0.1952566      -2.7566849    2.100583e-09      0.33850561       91.974715       0.1254662       0.6613951      0.24629955      0.24763282       2.2681872       7.1190078       440.56669       3.8675318        3.8675318       440.56669                                440.56669
              2       225.55333     0.023466688      0.10060981     0.010427853      0.17296405      -2.6652521    2.100583e-09      0.33482046       92.319505      0.12472069      0.66508074      0.24631382      0.24764715       2.2625436       7.1017008        443.3716       3.8675318        3.8675318        443.3716                                 443.3716
              8       225.60089      0.02366927      0.10051456     0.010430896      0.19036691       -2.683613    2.100583e-09      0.33648002       92.005443      0.12482802      0.66342078      0.24639549      0.24772912       2.2305276        7.063402       443.46671       3.8675318        3.8675318       443.46671                                443.46671
              7       224.51204     0.023648965      0.10110456     0.010430852      0.21690662      -2.7603906    2.100583e-09      0.34173657       91.412477      0.12539771      0.65816314      0.24638727      0.24772087       2.2337066       7.0756409       441.28902       3.8675318        3.8675318       441.28902                                441.28902
             11       224.59765      0.02364974      0.10108925      0.01043087      0.21213113      -2.7496153    2.100583e-09      0.34105421       91.500752      0.12538318      0.65884569      0.24638759      0.24772118       2.2335852       7.0752715       441.46023       3.8675318        3.8675318       441.46023                                441.46023
              6       225.09839     0.023711374       0.1005405     0.010430913      0.23089918      -2.7171827    2.100583e-09      0.34615452       90.701617      0.12489607      0.65374348      0.24641254      0.24774622       2.2239571       7.0591096       442.46171       3.8675318        3.8675318       442.46171                                442.46171
              5       223.84695     0.023566532       0.1007719     0.010431224      0.25910522      -2.8261991    2.100583e-09      0.34775694       90.583217      0.12498263      0.65214066        0.246354      0.24768747       2.2466808       7.0874334       439.95883       3.8675318        3.8675318       439.95883                                439.95883
             13       222.61333     0.023470039      0.10160282     0.010429119      0.29536578      -2.9888604    2.100583e-09      0.35142776       90.294148      0.12571705      0.64846936      0.24631517       0.2476485       2.2620086       7.1144737        437.4916       3.8675318        3.8675318        437.4916                                 437.4916
             21       222.66162     0.023464188      0.10177732     0.010429207      0.28295711      -2.9656049    2.100583e-09      0.35047007       90.451514       0.1258857      0.64942748      0.24631281      0.24764613       2.2629429       7.1182482       437.58819       3.8675318        3.8675318       437.58819                                437.58819
              6       222.77435      0.02348695      0.10167363     0.010428777      0.27280913      -2.9345461    2.100583e-09      0.34927683       90.579186      0.12580477        0.650621      0.24632199      0.24765534       2.2593112       7.1125514       437.81364       3.8675318        3.8675318       437.81364                                437.81364
             13       222.75669     0.023484669      0.10168079     0.010428744      0.27418543      -2.9381004    2.100583e-09      0.34947241       90.555915      0.12580965      0.65042536      0.24632107      0.24765442       2.2596748       7.1130729       437.77833       3.8675318        3.8675318       437.77833                                437.77833
              1       223.17967     0.023456456      0.10197495     0.010429307      0.23684348        -2.85855    2.100583e-09      0.34604116       91.067666       0.1260756      0.65385783      0.24630969        0.247643       2.2641785       7.1232497       438.62427       3.8675318        3.8675318       438.62427                                438.62427
              5       223.84701     0.023365012      0.10138988     0.010427873      0.26099504      -2.8355532    2.100583e-09       0.3527432       90.121311      0.12539909      0.64715328      0.24627244      0.24760562       2.2788662       7.1351717       439.95895       3.8675318        3.8675318       439.95895                                439.95895
              1       225.31417     0.023348256      0.10193595     0.010426239      0.17491155      -2.7505571    2.100583e-09      0.33695327       92.317135      0.12592839      0.66294826      0.24626555       0.2475987       2.2815727        7.141488       442.89328       3.8675318        3.8675318       442.89328                                442.89328
              3       228.20558     0.023762276      0.10160262     0.010431286      0.13703366      -2.6277595    2.100583e-09      0.33030877       93.036396      0.12600909      0.66959476      0.24643307      0.24776683       2.2160517       7.0600875       448.67609       3.8675318        3.8675318       448.67609                                448.67609
              3       228.14818     0.023764938      0.10156495     0.010430613      0.14578238      -2.6589439    2.100583e-09      0.33044753       93.008834      0.12597408      0.66945594      0.24643414       0.2477679       2.2156394       7.0581913        448.5613       3.8675318        3.8675318        448.5613                                 448.5613
              4       227.19042     0.023583227      0.10237793     0.010429899      0.11942482       -2.660814    2.100583e-09      0.32793626       93.580449      0.12660535      0.67196842      0.24636072      0.24769421       2.2440443       7.1024631       446.64577       3.8675318        3.8675318       446.64577                                446.64577
             10       223.26249     0.023613902      0.10165787     0.010430012       0.3110251      -2.9637767    2.100583e-09      0.35767466       89.464982      0.12591596       0.6422208      0.24637309      0.24770663       2.2392118       7.0912041       438.78991       3.8675318        3.8675318       438.78991                                438.78991
              1       223.33935     0.023616577      0.10169611     0.010430195      0.30632503      -2.9564731    2.100583e-09      0.35696596       89.559835      0.12595687      0.64292974      0.24637417      0.24770772       2.2387911       7.0911857       438.94364       3.8675318        3.8675318       438.94364                                438.94364
              5        223.6239     0.023625526      0.10124091     0.010430989      0.27962641      -2.8701797    2.100583e-09      0.35292284       89.984895      0.12551063      0.64697368      0.24637779      0.24771135       2.2373845       7.0838247       439.51275       3.8675318        3.8675318       439.51275                                439.51275
              6       223.49741     0.023620401      0.10181871     0.010428994      0.28349759      -2.9248527    2.100583e-09      0.35347501       90.022165       0.1260833      0.64642181      0.24637572      0.24770927       2.2381899       7.0912208       439.25975       3.8675318        3.8675318       439.25975                                439.25975
              5       224.53107      0.02368519      0.10141923     0.010427158      0.29168212       -2.950822    2.100583e-09      0.35189445       90.129466      0.12574862      0.64800256      0.24640194      0.24773559       2.2280398       7.0717207       441.32707       3.8675318        3.8675318       441.32707                                441.32707
             13       224.97197     0.023693046      0.10131765     0.010426962      0.26903709      -2.9010728    2.100583e-09      0.34840056       90.558901      0.12565489       0.6514974      0.24640512      0.24773878       2.2268137       7.0685578       442.20887       3.8675318        3.8675318       442.20887                                442.20887
              5       224.36655     0.023635205      0.10195654      0.01042876      0.24838418       -2.906545    2.100583e-09      0.34504325       91.135983      0.12623594      0.65485616       0.2463817      0.24771528       2.2358646       7.0875015       440.99804       3.8675318        3.8675318       440.99804                                440.99804
              1       224.73354     0.023564473      0.10261441     0.010428173      0.22173329      -2.8412521    2.100583e-09      0.34623082        91.12427      0.12682307      0.65366871      0.24635317      0.24768664       2.2470063       7.1118712       441.73202       3.8675318        3.8675318       441.73202                                441.73202
              4       225.20471     0.023553435      0.10169025     0.010430419      0.12531274      -2.5827338    2.100583e-09      0.33190033        92.90052      0.12588788      0.66800264      0.24634873      0.24768218       2.2487523       7.1019725       442.67436       3.8675318        3.8675318       442.67436                                442.67436
              4       224.28024     0.023549788      0.10135775     0.010430057      0.16545536       -2.651098    2.100583e-09      0.33684862       92.154397      0.12555173      0.66305264      0.24634726      0.24768071       2.2493297       7.0982781       440.82542       3.8675318        3.8675318       440.82542                                440.82542
              8       225.61075     0.023579576      0.10272145     0.010426664      0.22861015       -2.850074    2.100583e-09      0.34854416       90.835884      0.12694521      0.65135479      0.24635925      0.24769274       2.2446206       7.1107617       443.48643       3.8675318        3.8675318       443.48643                                443.48643
             10        224.5629     0.023529651      0.10131173     0.010429053      0.13997142      -2.5410798    2.100583e-09      0.33800745       91.994433      0.12548557      0.66189342      0.24633917      0.24767258       2.2525214       7.1043901       441.39073       3.8675318        3.8675318       441.39073                                441.39073
             11        224.5618     0.023529593      0.10131195     0.010429053      0.14005571      -2.5412519    2.100583e-09      0.33802089       91.992665      0.12548574      0.66187998      0.24633914      0.24767256       2.2525306       7.1044051       441.38853       3.8675318        3.8675318       441.38853                                441.38853
              7        224.0425     0.023517176      0.10144605     0.010429682      0.26993697      -2.7994015    2.100583e-09      0.35765678       89.460319      0.12560742      0.64223843      0.24633415      0.24766755       2.2545019       7.1103702       440.34994       3.8675318        3.8675318       440.34994                                440.34994
              5       223.68897     0.023435645      0.10210204     0.010428921       0.2715367      -2.8608607    2.100583e-09      0.35733851       89.646592      0.12618187      0.64255727      0.24630127      0.24763455       2.2675089       7.1332111       439.64288       3.8675318        3.8675318       439.64288                                439.64288
              9       223.80568     0.023405618      0.10200839     0.010430029      0.31509602      -2.9455535    2.100583e-09      0.36327912       88.903506       0.1260582      0.63661482      0.24628906       0.2476223        2.272327       7.1382708        439.8763       3.8675318        3.8675318        439.8763                                 439.8763
             12        223.4766     0.023435463      0.10170788     0.010429908      0.31585432      -2.9369662    2.100583e-09      0.36243247       88.943155      0.12578754      0.63746149      0.24630119      0.24763447       2.2675381       7.1281717       439.21813       3.8675318        3.8675318       439.21813                                439.21813
             18       223.47657     0.023435464      0.10170775     0.010429908      0.31587142       -2.936997    2.100583e-09      0.36243457       88.942873      0.12578741      0.63745939      0.24630119      0.24763447       2.2675379       7.1281696       439.21808       3.8675318        3.8675318       439.21808                                439.21808
              9       223.43928     0.023380271      0.10154826     0.010428985      0.30781166      -2.9307571    2.100583e-09      0.36002398       89.229221      0.12557272      0.63987051       0.2462787       0.2476119       2.2764057       7.1354098        439.1435       3.8675318        3.8675318        439.1435                                 439.1435
              2       228.67873      0.02319044      0.10359398     0.010426691      0.13507509       -2.735183    2.100583e-09      0.33616306       92.789415      0.12742861      0.66373985       0.2462001      0.24753302       2.3073009       7.1961394       449.62239       3.8675318        3.8675318       449.62239                                449.62239
             21       228.41871     0.023291326      0.10347164     0.010427103     0.098751136      -2.6495404    2.100583e-09      0.33076084       93.486044      0.12740716      0.66914362        0.246242      0.24757507       2.2908039       7.1745815       449.10235       3.8675318        3.8675318       449.10235                                449.10235
              4       228.34394     0.023293241      0.10345259     0.010427141     0.099421439      -2.6501685    2.100583e-09       0.3307846       93.478454      0.12739002      0.66911984       0.2462428      0.24757587       2.2904925       7.1739421       448.95281       3.8675318        3.8675318       448.95281                                448.95281
             32       228.55373     0.023096046      0.10304477     0.010430686      0.24277224      -2.9860881    2.100583e-09      0.34520905       91.497041      0.12678501      0.65469074      0.24616101      0.24749378       2.3228996       7.2059851       449.37239       3.8675318        3.8675318       449.37239                                449.37239
              7       228.42614     0.023122707      0.10286077     0.010430915      0.22161282      -2.9271296    2.100583e-09      0.34220311       91.854822      0.12662767      0.65769743      0.24617203      0.24750485       2.3184779       7.1982186       449.11722       3.8675318        3.8675318       449.11722                                449.11722
              1       226.49224     0.023408401      0.10245406     0.010426379       0.1340857      -2.7119587    2.100583e-09      0.33045512       93.297606      0.12650665      0.66944875       0.2462902      0.24762344       2.2718798       7.1357352       445.24942       3.8675318        3.8675318       445.24942                                445.24942
              4       226.33537     0.023601883      0.10093741     0.010431016      0.27308051      -2.7261173    2.100583e-09      0.36127528       88.891047      0.12518349      0.63861851      0.24636824      0.24770176       2.2411034       7.0912349       444.93567       3.8675318        3.8675318       444.93567                                444.93567
              1       224.43758     0.023383244      0.10211447     0.010430516      0.20249028      -2.7205751    2.100583e-09      0.34730381        90.95228      0.12614191      0.65259486      0.24627992      0.24761312       2.2759267       7.1432614        441.1401       3.8675318        3.8675318        441.1401                                 441.1401
              5       224.01956     0.023382848      0.10181052     0.010430242      0.22222864       -2.753157    2.100583e-09       0.3491142       90.660268      0.12583756       0.6507837      0.24627976      0.24761296       2.2759904       7.1389163       440.30405       3.8675318        3.8675318       440.30405                                440.30405
             15       224.15449     0.023378725      0.10197906     0.010430437      0.22210973      -2.7588436    2.100583e-09      0.34952109       90.639915      0.12600197      0.65037683      0.24627807      0.24761127       2.2766548       7.1421646       440.57391       3.8675318        3.8675318       440.57391                                440.57391
             12       224.22132      0.02336329       0.1019552     0.010430376      0.22640713      -2.7663262    2.100583e-09       0.3501857       90.554649      0.12596269      0.64971198      0.24627173      0.24760491       2.2791441       7.1448574       440.70758       3.8675318        3.8675318       440.70758                                440.70758
             12       224.83447     0.023380324      0.10181121     0.010430286      0.15204862      -2.6002341    2.100583e-09      0.33996789       91.872697      0.12583573      0.65993268      0.24627872      0.24761192       2.2763971       7.1394671       441.93387       3.8675318        3.8675318       441.93387                                441.93387
              2       225.54363     0.023343782      0.10272214     0.010428927      0.16866264        -2.67084    2.100583e-09      0.34492742         91.3906      0.12671011      0.65497239       0.2462637      0.24759685       2.2822962       7.1592142        443.3522       3.8675318        3.8675318        443.3522                                 443.3522
              1       225.53289      0.02355614      0.10185826     0.010428855      0.10391033      -2.4899641    2.100583e-09      0.33409688       92.625334      0.12605859      0.66580558      0.24634982      0.24768327       2.2483243       7.1065423       443.33073       3.8675318        3.8675318       443.33073                                443.33073
              2       224.25299      0.02359868      0.10189392      0.01042964      0.21742984      -2.7468557    2.100583e-09      0.34785012       90.768176      0.12613679      0.65204839      0.24636695      0.24770047        2.241608       7.0985192       440.77091       3.8675318        3.8675318       440.77091                                440.77091
              4       224.93042     0.023651091      0.10183773     0.010429257      0.19260065      -2.6995349    2.100583e-09      0.34362072       91.297112      0.12613301      0.65627902      0.24638813      0.24772173       2.2333735       7.0872194       442.12578       3.8675318        3.8675318       442.12578                                442.12578
              5       225.46788      0.02366598      0.10185642     0.010429596      0.16764711      -2.6530136    2.100583e-09      0.33971183       91.819372      0.12616659      0.66018908      0.24639416      0.24772778       2.2310422       7.0843267       443.20069       3.8675318        3.8675318       443.20069                                443.20069
              3       225.07885     0.023536744      0.10041106     0.010427908      0.17539666      -2.5940702    2.100583e-09      0.33989618       91.566585      0.12459199      0.66000342      0.24634202      0.24767545       2.2513964       7.0896669       442.42264       3.8675318        3.8675318       442.42264                                442.42264
              9       224.98422     0.023533296      0.10045012     0.010427894       0.1789924      -2.6008991    2.100583e-09      0.34067386       91.470526      0.12462761      0.65922554      0.24634063      0.24767406       2.2519431       7.0910065       442.23338       3.8675318        3.8675318       442.23338                                442.23338
              4       225.17375     0.023525067      0.10041308     0.010427786      0.17177688      -2.5876255    2.100583e-09      0.33940099       91.637635      0.12458234      0.66049875      0.24633732      0.24767074       2.2532488        7.091815       442.61245       3.8675318        3.8675318       442.61245                                442.61245
              3       225.24165     0.023607262      0.10067248      0.01042727      0.16829238      -2.5864964    2.100583e-09      0.33963553       91.627488      0.12492393      0.66026441      0.24637041      0.24770394       2.2402565       7.0799167       442.74823       3.8675318        3.8675318       442.74823                                442.74823
             11       225.77674     0.023548532     0.099889276     0.010428168      0.22695294      -2.6665001    2.100583e-09      0.34693241       90.531575        0.124082      0.65296469      0.24634676       0.2476802       2.2495286       7.0814179       443.81842       3.8675318        3.8675318       443.81842                                443.81842
             11       224.79826     0.023490339       0.1009102     0.010425163      0.28575216      -2.8891835    2.100583e-09      0.35354642       89.889042      0.12504473      0.64634953      0.24632335      0.24765671       2.2587713       7.1027715       441.86145       3.8675318        3.8675318       441.86145                                441.86145
              2       224.58345     0.023442648      0.10108012     0.010425683      0.24651597      -2.8161417    2.100583e-09       0.3483892       90.599359      0.12516696      0.65150836       0.2463041      0.24763739       2.2663873       7.1140685       441.43183       3.8675318        3.8675318       441.43183                                441.43183
              5       224.54117      0.02344736      0.10105657     0.010425798      0.24555823      -2.8099374    2.100583e-09      0.34841371       90.590237      0.12514812      0.65148383      0.24630601      0.24763931       2.2656332        7.113032       441.34728       3.8675318        3.8675318       441.34728                                441.34728
              2       224.60074     0.023447263      0.10105908     0.010425752      0.24189084      -2.8027661    2.100583e-09      0.34789365       90.658422      0.12515053      0.65200405      0.24630597      0.24763927       2.2656487       7.1130366       441.46643       3.8675318        3.8675318       441.46643                                441.46643
              2       225.46827     0.023385898      0.10131221     0.010424561      0.23866554      -2.8180911    2.100583e-09      0.34766434       90.755775       0.1253423      0.65223358      0.24628101      0.24761422       2.2754992       7.1275139       443.20148       3.8675318        3.8675318       443.20148                                443.20148
              1       226.39261     0.023258057      0.10086215     0.010427024      0.28501857       -2.865007    2.100583e-09      0.35550503       89.708723       0.1247644       0.6443901      0.24622819      0.24756121       2.2962244       7.1483944       445.05016       3.8675318        3.8675318       445.05016                                445.05016
              1       226.48446     0.023265316      0.10079193     0.010426895      0.29982219      -2.8899778    2.100583e-09      0.35767589       89.420751      0.12470143      0.64221855      0.24623121      0.24756423       2.2950401       7.1462188       445.23386       3.8675318        3.8675318       445.23386                                445.23386
              2       226.46546     0.023266239      0.10079114     0.010426899      0.29999229      -2.8904101    2.100583e-09      0.35768414        89.41927      0.12470157       0.6422103      0.24623159      0.24756462       2.2948895       7.1460235       445.19585       3.8675318        3.8675318       445.19585                                445.19585
              1       226.51757     0.023271241      0.10080703     0.010426837      0.32652591      -2.9384881    2.100583e-09      0.36210686        88.87279      0.12472247      0.63778629      0.24623367       0.2475667        2.294074       7.1458517       445.30007       3.8675318        3.8675318       445.30007                                445.30007
              6       227.52532     0.023226865      0.10230411     0.010424182      0.25198439      -2.8399289    2.100583e-09      0.35632303        89.88037      0.12617517      0.64357304      0.24621523       0.2475482       2.3013241       7.1750162       447.31558       3.8675318        3.8675318       447.31558                                447.31558
              4       226.84592      0.02321046      0.10126311     0.010426758      0.31372224      -2.9285566    2.100583e-09      0.36176609       89.017959      0.12511776       0.6381275      0.24620842      0.24754136        2.304013       7.1641498       445.95678       3.8675318        3.8675318       445.95678                                445.95678
              9       226.69125     0.023230848      0.10105898     0.010427519      0.28932689       -2.861355    2.100583e-09      0.35823239       89.411724      0.12493402      0.64166208      0.24621689      0.24754986       2.3006719       7.1577603       445.64743       3.8675318        3.8675318       445.64743                                445.64743
              6       226.87421     0.023251082      0.10070309     0.010426523      0.31464847      -2.9398173    2.100583e-09      0.35786914       89.384917      0.12459836      0.64202516       0.2462253       0.2475583       2.2973632       7.1464635       446.01336       3.8675318        3.8675318       446.01336                                446.01336
              3       226.90944     0.023312101      0.10023451     0.010427416      0.29315979      -2.8706587    2.100583e-09      0.35373504       89.798561       0.1241908      0.64616013      0.24625061      0.24758371       2.2874289        7.128394       446.08381       3.8675318        3.8675318       446.08381                                446.08381
              6       227.82014     0.023264865      0.10047569     0.010426065       0.3326352      -2.9441792    2.100583e-09      0.36192095       88.836941      0.12438475      0.63797197      0.24623102      0.24756405       2.2951136       7.1419422       447.90522       3.8675318        3.8675318       447.90522                                447.90522
             14       228.31281     0.023250307      0.10044548       0.0104258      0.33890474      -2.9607862    2.100583e-09      0.36247556       88.768158      0.12433998      0.63741716      0.24622497      0.24755798       2.2974898         7.14405       448.89057       3.8675318        3.8675318       448.89057                                448.89057
              6       229.97106     0.023187863       0.1002115     0.010428035      0.28739533       -2.828377    2.100583e-09      0.35565292       89.592706      0.12404355      0.64424156      0.24619903      0.24753194       2.3077248       7.1539969       452.20705       3.8675318        3.8675318       452.20705                                452.20705
              3       225.96912     0.023308463      0.10121595     0.010424661      0.26805519      -2.8858938    2.100583e-09      0.35098783       90.333005      0.12516861      0.64890897      0.24624911       0.2475822       2.2880192       7.1407544       444.20318       3.8675318        3.8675318       444.20318                                444.20318
              1       224.23637     0.023399604       0.1015085      0.01043004      0.18399341      -2.7082456    2.100583e-09      0.33937973       91.889033       0.1255523      0.66052079      0.24628661      0.24761984       2.2732937       7.1285921       440.73768       3.8675318        3.8675318       440.73768                                440.73768
              3       223.95326     0.023416961      0.10161151     0.010429759      0.18590084       -2.710909    2.100583e-09      0.34031093       91.776675      0.12567267      0.65958941      0.24629368      0.24762693       2.2705051       7.1269552       440.17145       3.8675318        3.8675318       440.17145                                440.17145
              4       223.96766     0.023413595      0.10161341     0.010429756      0.18557564      -2.7087959    2.100583e-09      0.34040501       91.765479      0.12567119      0.65949531      0.24629231      0.24762556       2.2710455       7.1277118       440.20025       3.8675318        3.8675318       440.20025                                440.20025
              2       224.38407     0.023407986      0.10171736     0.010429888      0.17404171      -2.7126534    2.100583e-09      0.33720449       92.221374      0.12576954      0.66269684      0.24629003      0.24762327       2.2719464        7.128931       441.03308       3.8675318        3.8675318       441.03308                                441.03308
              2       224.41939     0.023417774       0.1015643     0.010430274      0.18308153      -2.7311904    2.100583e-09      0.33747822       92.151896      0.12562627      0.66242292      0.24629401      0.24762727       2.2703746       7.1246834       441.10372       3.8675318        3.8675318       441.10372                                441.10372
              2       224.28467     0.023599368      0.10143245     0.010426241      0.26088578      -2.8921202    2.100583e-09      0.34786032       90.681436      0.12567601      0.65203781      0.24636722      0.24770074       2.2414995        7.087539       440.83428       3.8675318        3.8675318       440.83428                                440.83428
              2       224.22119     0.023624415      0.10147201     0.010428393      0.34552635      -2.9873394    2.100583e-09       0.3658497       88.422896      0.12574061      0.63404322      0.24637734       0.2477109       2.2375591       7.0887686       440.70732       3.8675318        3.8675318       440.70732                                440.70732
              6       226.21752     0.023547145      0.10058036     0.010426844      0.37020606      -2.9682331    2.100583e-09      0.37102352       87.668695      0.12477169      0.62886705       0.2463462      0.24767964       2.2497482       7.0929839       444.69997       3.8675318        3.8675318       444.69997                                444.69997
              1       224.66087     0.023556186      0.10158241     0.010431504       0.3204213      -2.9082731    2.100583e-09      0.36458344       88.618375      0.12578279      0.63530989      0.24634983      0.24768329        2.248317       7.1055103       441.58667       3.8675318        3.8675318       441.58667                                441.58667
              1       224.57101     0.023537886      0.10172661      0.01043128      0.33492922      -2.9494975    2.100583e-09      0.36667671       88.396941      0.12590868      0.63321611      0.24634248      0.24767591       2.2512153       7.1107323       441.40696       3.8675318        3.8675318       441.40696                                441.40696
             15       225.36874     0.023485502      0.10272264     0.010428824      0.28534359      -2.8947963    2.100583e-09      0.36214569       89.144881      0.12685233      0.63774924       0.2463214      0.24765476        2.259542       7.1334538       443.00243       3.8675318        3.8675318       443.00243                                443.00243
              4       224.37479     0.023544499      0.10187551     0.010428334      0.31052098       -2.912236    2.100583e-09      0.36368705       88.784236       0.1260642      0.63620678      0.24634514      0.24767858       2.2501673       7.1104127       441.01451       3.8675318        3.8675318       441.01451                                441.01451
              5        223.9615     0.023642514      0.10078539     0.010428626      0.29999311      -2.8805223    2.100583e-09      0.35642527       89.452627      0.12507209      0.64346985      0.24638466      0.24771825        2.234718       7.0747556       440.18794       3.8675318        3.8675318       440.18794                                440.18794
              4       224.36813     0.023401804      0.10055367     0.010428018      0.32731667      -2.9764226    2.100583e-09      0.35694907       89.422976      0.12459967       0.6429455      0.24628751      0.24762074         2.27294       7.1146664       441.00119       3.8675318        3.8675318       441.00119                                441.00119
              1       225.57848     0.023606722      0.10007834     0.010432208      0.31576185      -2.9528516    2.100583e-09      0.35068198       90.062519      0.12432925      0.64921422      0.24637019      0.24770372       2.2403415       7.0685834        443.4219       3.8675318        3.8675318        443.4219                                 443.4219
              5       225.12805     0.023629812        0.100262     0.010431503      0.31539227      -2.9736566    2.100583e-09      0.34998853       90.178373        0.124536      0.64990805      0.24637952      0.24771309       2.2367114       7.0658549       442.52104       3.8675318        3.8675318       442.52104                                442.52104
              6       224.77543     0.023701263      0.10087519     0.010431347       0.2887222       -2.929081    2.100583e-09      0.34852937       90.457556      0.12522064       0.6513682      0.24640845      0.24774212       2.2255323       7.0615173        441.8158       3.8675318        3.8675318        441.8158                                 441.8158
              1       225.99866     0.023726201      0.10144564       0.0104314      0.27311656      -2.9622254    2.100583e-09       0.3442184       91.120113      0.12581603      0.65568091      0.24641853      0.24775223         2.22165       7.0624636       444.26225       3.8675318        3.8675318       444.26225                                444.26225
              1       225.89017     0.023713734      0.10140479     0.010431599      0.27062108      -2.9540421    2.100583e-09      0.34388107       91.161358      0.12576271       0.6560183      0.24641349      0.24774718       2.2235895       7.0643257       444.04528       3.8675318        3.8675318       444.04528                                444.04528
              4       225.55445     0.023552895      0.10290875     0.010429407       0.2122322       -2.881615    2.100583e-09       0.3416614       91.789836      0.12710584      0.65823968      0.24634851      0.24768196       2.2488378       7.1160361       443.37384       3.8675318        3.8675318       443.37384                                443.37384
              2       224.97248     0.023592648      0.10189294     0.010425445      0.26071509      -2.9423274    2.100583e-09      0.34667968         90.9231      0.12612978      0.65321916      0.24636451      0.24769802       2.2425584       7.0935215        442.2099       3.8675318        3.8675318        442.2099                                 442.2099
              2       225.00334      0.02361741      0.10167394     0.010425873      0.25094973      -2.9044701    2.100583e-09      0.34525226        91.06207      0.12593554      0.65464684      0.24637451      0.24770806         2.23866       7.0861626       442.27162       3.8675318        3.8675318       442.27162                                442.27162
              6       224.46929     0.023578607      0.10156941     0.010426231       0.2521432      -2.9098004    2.100583e-09      0.34468645       91.130335      0.12579221       0.6552127      0.24635886      0.24769235       2.2447735       7.0917758       441.20352       3.8675318        3.8675318       441.20352                                441.20352
              2       224.58951     0.023395661      0.10090031     0.010426239      0.27363952        -2.87282    2.100583e-09      0.35119709       90.218688      0.12494016      0.64869946        0.246285      0.24761822       2.2739279        7.120415       441.44396       3.8675318        3.8675318       441.44396                                441.44396
              1         224.675     0.023400279      0.10085238     0.010426166      0.27482117      -2.8738002    2.100583e-09       0.3512141       90.206084      0.12489685      0.64868241      0.24628689      0.24762011       2.2731851       7.1188181       441.61493       3.8675318        3.8675318       441.61493                                441.61493
              2       224.71062     0.023394893      0.10091608     0.010425894      0.28005482      -2.8873429    2.100583e-09      0.35218098       90.095753      0.12495517      0.64771529      0.24628469      0.24761791       2.2740515       7.1207278       441.68617       3.8675318        3.8675318       441.68617                                441.68617
              2       224.87433     0.023431106      0.10139916     0.010426961      0.29647437      -2.8561935    2.100583e-09      0.36209969       88.929407      0.12547446       0.6377941      0.24629943       0.2476327       2.2682363        7.125629        442.0136       3.8675318        3.8675318        442.0136                                 442.0136
              2       224.36567     0.023436018      0.10125535     0.010428522       0.2617976      -2.7751782    2.100583e-09      0.35670805        89.57101      0.12533556      0.64318721      0.24630142       0.2476347       2.2674492       7.1229997       440.99628       3.8675318        3.8675318       440.99628                                440.99628
              4       224.13769     0.023317301      0.10300601     0.010429649      0.28806242      -2.9992173    2.100583e-09      0.35680329       89.917017       0.1269675      0.64309329      0.24625276      0.24758587       2.2865852       7.1657678       440.54031       3.8675318        3.8675318       440.54031                                440.54031
              2       224.11493     0.023373696      0.10285789     0.010429482      0.24520162      -2.9556196    2.100583e-09       0.3462834       91.226332      0.12687578      0.65361616      0.24627601       0.2476092       2.2774654        7.149806       440.49479       3.8675318        3.8675318       440.49479                                440.49479
              3       224.74337     0.023334694       0.1028777     0.010429034      0.23786136      -2.9740705    2.100583e-09      0.34312725       91.661829      0.12685659       0.6567732      0.24625995      0.24759308       2.2837668       7.1560012       441.75168       3.8675318        3.8675318       441.75168                                441.75168
              3       224.33228     0.023310206      0.10273507     0.010428154      0.24548365      -2.9697971    2.100583e-09      0.34524266       91.362664      0.12668947      0.65465705      0.24624983      0.24758292       2.2877363       7.1592732        440.9295       3.8675318        3.8675318        440.9295                                 440.9295
              3        223.7766     0.023434793      0.10157498     0.010427914      0.23145105      -2.8635217    2.100583e-09      0.34227808        91.49976      0.12565396      0.65762167      0.24630092       0.2476342       2.2676454       7.1197531       439.81813       3.8675318        3.8675318       439.81813                                439.81813
              3       225.13514     0.023373289      0.10192948     0.010427627       0.1423137      -2.6564513    2.100583e-09      0.33402684       92.710833      0.12594696      0.66587556      0.24627584      0.24760903       2.2775309       7.1379701       442.53523       3.8675318        3.8675318       442.53523                                442.53523
              1       226.40746     0.023496644      0.10114765     0.010427391     0.085782658      -2.4893987    2.100583e-09      0.32551973       93.722257      0.12528848      0.67438466      0.24632589      0.24765926       2.2577672       7.1038817       445.07986       3.8675318        3.8675318       445.07986                                445.07986
              7       226.45914     0.023550848      0.10119483     0.010429811     0.057337592      -2.4028554    2.100583e-09      0.32326125       94.039501      0.12538987      0.67664387      0.24634769      0.24768114       2.2491619       7.0962378       445.18321       3.8675318        3.8675318       445.18321                                445.18321
              2         225.515     0.023478284      0.10159109      0.01042765     0.093562043      -2.4858086    2.100583e-09      0.33051634       93.101705      0.12571357      0.66938691       0.2463185      0.24765184        2.260693       7.1158265       443.29494       3.8675318        3.8675318       443.29494                                443.29494
              3         225.696     0.023442906      0.10142429     0.010427483     0.093075188      -2.4860388    2.100583e-09      0.32963971       93.205864      0.12551139      0.67026363      0.24630421       0.2476375        2.266346       7.1198048       443.65694       3.8675318        3.8675318       443.65694                                443.65694
              5        225.6373     0.023477043      0.10139742     0.010427504     0.090092119      -2.4636446    2.100583e-09      0.33021907       93.107226      0.12551866      0.66968411        0.246318      0.24765134       2.2608908       7.1137562       443.53953       3.8675318        3.8675318       443.53953                                443.53953
              1       225.59815     0.023490901      0.10111301     0.010427612     0.097136386      -2.4421136    2.100583e-09      0.33242753       92.738747       0.1252481      0.66747479      0.24632358      0.24765694       2.2586817       7.1087287       443.46123       3.8675318        3.8675318       443.46123                                443.46123
              1       225.97747     0.023440611      0.10097732     0.010426954      0.10428568      -2.4599903    2.100583e-09      0.33279589       92.678742      0.12506213      0.66710618      0.24630328      0.24763657       2.2667135       7.1158798       444.21988       3.8675318        3.8675318       444.21988                                444.21988
              1       225.04402      0.02346677      0.10083865     0.010427233      0.15949331      -2.5782941    2.100583e-09      0.33910517       91.777596      0.12494961      0.66079496      0.24631385      0.24764718       2.2625305        7.108686       442.35297       3.8675318        3.8675318       442.35297                                442.35297
              1       225.23129     0.023396602      0.10134585     0.010426355       0.1773114      -2.6269056    2.100583e-09      0.34392233       91.250842      0.12538664      0.65597673      0.24628538      0.24761861       2.2737765       7.1296269       442.72751       3.8675318        3.8675318       442.72751                                442.72751
              1       225.53462     0.023422808      0.10137105     0.010425554      0.17895642      -2.6331852    2.100583e-09      0.34415716       91.215641      0.12543805      0.65574186      0.24629606      0.24762932       2.2695669       7.1246762       443.33418       3.8675318        3.8675318       443.33418                                443.33418
              4       225.55647     0.023487179      0.10067652     0.010429896      0.17982196      -2.5400348    2.100583e-09      0.34688132       90.705976      0.12480789       0.6530164      0.24632208      0.24765544       2.2592748       7.1078124       443.37788       3.8675318        3.8675318       443.37788                                443.37788
              4       226.01699     0.023249016      0.10181782     0.010430745      0.28459337      -2.8626247    2.100583e-09      0.35996968       89.328292      0.12571103      0.63992494      0.24622444      0.24755744       2.2977008       7.1666126       444.29892       3.8675318        3.8675318       444.29892                                444.29892
              7       224.78944     0.023302717      0.10254196     0.010430541      0.23700316      -2.8361959    2.100583e-09      0.35133663        90.53409      0.12648887      0.64856115      0.24624673      0.24757981       2.2889525       7.1637241       441.84382       3.8675318        3.8675318       441.84382                                441.84382
              7       224.53199     0.023318581      0.10215575     0.010430896       0.2479332      -2.8329084    2.100583e-09      0.35260996       90.294537      0.12611852      0.64728715      0.24625329       0.2475864       2.2863776       7.1558365       441.32891       3.8675318        3.8675318       441.32891                                441.32891
             16       223.81692      0.02329317      0.10217537     0.010429833      0.27697309      -2.9740915    2.100583e-09      0.35079836       90.539448      0.12611273      0.64909927      0.24624277      0.24757584       2.2905041       7.1568966       439.89877       3.8675318        3.8675318       439.89877                                439.89877
              3       223.50612     0.023319508      0.10188945     0.010428894      0.28712707      -2.9321633    2.100583e-09      0.35572516       89.849379      0.12585315      0.64417082      0.24625368      0.24758678       2.2862272       7.1502144       439.27718       3.8675318        3.8675318       439.27718                                439.27718
             10        225.0152     0.023225927       0.1020928     0.010430771       0.2903307      -2.9929962    2.100583e-09      0.35293353       90.272531      0.12596292      0.64696336      0.24621484      0.24754781       2.3014776       7.1693905       442.29534       3.8675318        3.8675318       442.29534                                442.29534
              6       225.68991     0.023290911      0.10288237     0.010428338      0.18065408      -2.7249682    2.100583e-09      0.34557047       91.352982      0.12681747      0.65432925      0.24624183       0.2475749       2.2908714       7.1705436       443.64475       3.8675318        3.8675318       443.64475                                443.64475
              2       224.57482     0.023330324      0.10202336     0.010429226      0.24008404      -2.7835734    2.100583e-09      0.35382262       90.111529      0.12599787      0.64607404      0.24625815      0.24759127       2.2844745        7.152848       441.41458       3.8675318        3.8675318       441.41458                                441.41458
              2       224.84122     0.023310064      0.10182967     0.010431227      0.22251162      -2.7868525    2.100583e-09       0.3466655       91.007895      0.12578393      0.65323307      0.24624977      0.24758286       2.2877594        7.151699       441.94738       3.8675318        3.8675318       441.94738                                441.94738
              4       223.61148     0.023467597       0.1017962     0.010426527      0.25730819      -2.8579744    2.100583e-09      0.35199567       90.257619      0.12590799      0.64790145      0.24631419      0.24764751       2.2623985       7.1200955       439.48789       3.8675318        3.8675318       439.48789                                439.48789
              1       224.66345     0.023537143      0.10174516      0.01042472      0.28087669      -2.9328357    2.100583e-09      0.35313178       90.079938       0.1259265      0.64676502      0.24634218      0.24767561       2.2513331       7.1043668       441.59183       3.8675318        3.8675318       441.59183                                441.59183
              5       224.89026     0.023557853      0.10191071     0.010424738      0.28356431        -2.93969    2.100583e-09      0.35423971       89.962371      0.12611275      0.64565692       0.2463505      0.24768397       2.2480533       7.1030518       442.04546       3.8675318        3.8675318       442.04546                                442.04546
              7       225.45216     0.023658658      0.10034942     0.010430426      0.16070233      -2.5629537    2.100583e-09      0.33645126       91.981624      0.12465226       0.6634494       0.2463912      0.24772481       2.2321883       7.0660724       443.16925       3.8675318        3.8675318       443.16925                                443.16925
              3       225.14275     0.023638235      0.10033732     0.010430185      0.17895859      -2.6118217    2.100583e-09      0.33814017       91.756145      0.12461975      0.66175997      0.24638293      0.24771651       2.2353891       7.0690807       442.55043       3.8675318        3.8675318       442.55043                                442.55043
              5       224.86794     0.023620097       0.1004298     0.010430367      0.18259892      -2.6187562    2.100583e-09      0.33922134       91.633324      0.12469408      0.66067854      0.24637559      0.24770915       2.2382377       7.0740849       442.00081       3.8675318        3.8675318       442.00081                                442.00081
              1       224.33627     0.023635599      0.10072609     0.010431223       0.2471686      -2.7482607    2.100583e-09      0.34989549       90.274732      0.12500588       0.6500015      0.24638186      0.24771544       2.2358029       7.0766654       440.93747       3.8675318        3.8675318       440.93747                                440.93747
              5       224.15219     0.023578171       0.1015175     0.010431436      0.21102647       -2.721543    2.100583e-09      0.34546714       91.017826      0.12573987      0.65443174      0.24635868      0.24769217       2.2448423       7.0973321       440.56931       3.8675318        3.8675318       440.56931                                440.56931
              7       224.76924     0.023510611      0.10220918     0.010431818      0.18787865      -2.7305075    2.100583e-09      0.34171162       91.668018      0.12636398      0.65818886      0.24633151       0.2476649       2.2555453       7.1182214       441.80342       3.8675318        3.8675318       441.80342                                441.80342
              5       224.51737     0.023613878      0.10180351     0.010430569      0.21476636      -2.7274854    2.100583e-09      0.34778333       90.755177      0.12606158      0.65211514      0.24637308      0.24770662       2.2392155       7.0951157       441.29967       3.8675318        3.8675318       441.29967                                441.29967
              7       223.80766     0.023549764      0.10185573     0.010429983      0.22855602      -2.7660083    2.100583e-09      0.34962411       90.546828      0.12604968      0.65027381      0.24634725       0.2476807       2.2493335       7.1075786       439.88025       3.8675318        3.8675318       439.88025                                439.88025
              6       223.69293     0.023559402      0.10156571     0.010429533      0.23957082      -2.7681374    2.100583e-09      0.35131246       90.272522       0.1257693      0.64858474      0.24635113      0.24768459       2.2478083       7.1022061        439.6508       3.8675318        3.8675318        439.6508                                 439.6508
              3       224.33253     0.023460679      0.10131953      0.01042899      0.15125364      -2.6004716    2.100583e-09      0.33702085       92.153823       0.1254244      0.66288026      0.24631139      0.24764471       2.2635035       7.1156346          440.93       3.8675318        3.8675318          440.93                                   440.93
              5       223.76409      0.02348015       0.1010942     0.010428753      0.20815376      -2.7044252    2.100583e-09      0.34475511       91.065681      0.12521854      0.65514357      0.24631925      0.24765259       2.2603953       7.1093032       439.79312       3.8675318        3.8675318       439.79312                                439.79312
              2       223.83997     0.023465131      0.10116226     0.010428484       0.2058575      -2.6970515    2.100583e-09      0.34515525       91.030648      0.12527158      0.65474335      0.24631319      0.24764652       2.2627922       7.1133732       439.94488       3.8675318        3.8675318       439.94488                                439.94488
              4       224.98413     0.023358818       0.1009792     0.010430228      0.20527377      -2.6823157    2.100583e-09      0.34514934       91.032776      0.12498221      0.65474902      0.24626989      0.24760306       2.2798661       7.1319669       442.23321       3.8675318        3.8675318       442.23321                                442.23321
              1       224.80516     0.023333585      0.10118359     0.010429211        0.222669       -2.724678    2.100583e-09      0.34855985       90.632677      0.12516136      0.65133766      0.24625949      0.24759262       2.2839462       7.1397062       441.87526       3.8675318        3.8675318       441.87526                                441.87526
              1       224.81751     0.023470462      0.10078203       0.0104302      0.25846764      -2.7339098    2.100583e-09      0.35588952       89.575628      0.12489668      0.64400561      0.24631534      0.24764867        2.261941       7.1111207       441.89995       3.8675318        3.8675318       441.89995                                441.89995
              1       224.31575     0.023461895      0.10097529     0.010430605      0.27427578      -2.7916783    2.100583e-09       0.3570302       89.470741      0.12508137      0.64286475      0.24631188       0.2476452       2.2633093       7.1145209       440.89643       3.8675318        3.8675318       440.89643                                440.89643
              1       224.42012     0.023449628      0.10113935     0.010430784      0.26597302      -2.7765077    2.100583e-09      0.35660452        89.55827      0.12523317      0.64329068      0.24630693      0.24764023       2.2652703       7.1194001       441.10518       3.8675318        3.8675318       441.10518                                441.10518
              2       225.14315     0.023459099      0.10084799     0.010430964       0.2577173      -2.7276347    2.100583e-09      0.35639268        89.52823      0.12495128      0.64350236      0.24631075      0.24764407        2.263756          7.1148       442.55124       3.8675318        3.8675318       442.55124                                442.55124
              5       225.27315     0.023458602      0.10082699      0.01042622      0.18049019      -2.6440542    2.100583e-09      0.34043632       91.598526      0.12492978       0.6594634      0.24631055      0.24764387       2.2638354       7.1086459       442.81124       3.8675318        3.8675318       442.81124                                442.81124
              1       224.57648     0.023505074      0.10146493     0.010426147      0.18946486      -2.6974312    2.100583e-09      0.34222502       91.462656      0.12561419      0.65767472      0.24632928      0.24766267       2.2564257       7.1081472       441.41789       3.8675318        3.8675318       441.41789                                441.41789
              2       224.56382     0.023489247      0.10153447      0.01042644      0.17817841      -2.6662195    2.100583e-09       0.3416597        91.55659      0.12566791      0.65824025      0.24632291      0.24765627       2.2589452       7.1127395       441.39257       3.8675318        3.8675318       441.39257                                441.39257
              3       224.51562     0.023491682      0.10150942     0.010426568      0.17728326      -2.6631364    2.100583e-09      0.34145225         91.5789      0.12564529      0.65844774      0.24632389      0.24765726       2.2585573       7.1119553       441.29618       3.8675318        3.8675318       441.29618                                441.29618
              5       224.46513     0.023526596      0.10116554     0.010426994      0.23780733      -2.7362779    2.100583e-09      0.35196429       90.126061      0.12533633      0.64793236      0.24633794      0.24767135       2.2530061       7.1031422       441.19519       3.8675318        3.8675318       441.19519                                441.19519
              3       223.82629     0.023420212      0.10257897     0.010427271      0.26199978      -2.9029536    2.100583e-09      0.35423755       90.130148      0.12664338      0.64565951        0.246295      0.24762826       2.2699834       7.1402869       439.91751       3.8675318        3.8675318       439.91751                                439.91751
              6       224.16059     0.023359493      0.10307662     0.010428631      0.28489956      -2.9842149    2.100583e-09      0.35750459       89.827438       0.1270803      0.64239188      0.24627017      0.24760334       2.2797571       7.1589033       440.58611       3.8675318        3.8675318       440.58611                                440.58611
              1       224.19468     0.023355336      0.10310057     0.010428571       0.2859516      -2.9887654    2.100583e-09      0.35763814       89.816365       0.1271001      0.64225831      0.24626846      0.24760162       2.2804286       7.1599839        440.6543       3.8675318        3.8675318        440.6543                                 440.6543
              3        224.2619     0.023356348       0.1031223     0.010428567      0.28871063        -2.99279    2.100583e-09      0.35827925       89.739547      0.12712283      0.64161703      0.24626888      0.24760204        2.280265       7.1602451       440.78874       3.8675318        3.8675318       440.78874                                440.78874
             13        225.9057     0.023255495      0.10307668      0.01043203      0.28221035      -2.9927538    2.100583e-09      0.35556026       90.107527      0.12697637      0.64433669      0.24622713      0.24756014       2.2966426       7.1791407       444.07633       3.8675318        3.8675318       444.07633                                444.07633
              6       224.60019      0.02334571      0.10314104     0.010429932      0.28502201       -2.979261    2.100583e-09      0.35799728       89.781794      0.12713094      0.64189909       0.2462645      0.24759764       2.2819843       7.1631402       441.46532       3.8675318        3.8675318       441.46532                                441.46532
             18       223.32887     0.023497682      0.10161356     0.010428994      0.29478103      -2.8894721    2.100583e-09      0.35920006       89.304818      0.12575543      0.64069482      0.24632631      0.24765968        2.257602       7.1146046       438.92267       3.8675318        3.8675318       438.92267                                438.92267
              1       223.36803     0.023515861      0.10160144     0.010428777      0.28674906      -2.8728333    2.100583e-09      0.35797397       89.449444      0.12576149      0.64192128      0.24633362      0.24766702       2.2547108       7.1108388       439.00099       3.8675318        3.8675318       439.00099                                439.00099
             10        223.2751     0.023522048      0.10156947     0.010428729      0.29163762      -2.8865936    2.100583e-09      0.35817773       89.416142      0.12573571      0.64171743      0.24633611      0.24766952       2.2537282       7.1089538       438.81514       3.8675318        3.8675318       438.81514                                438.81514
             13       223.24619     0.023433242      0.10201643     0.010428514      0.26283685      -2.8631861    2.100583e-09      0.35411651       90.038657      0.12609386      0.64578014      0.24630029      0.24763357        2.267894       7.1310392       438.75731       3.8675318        3.8675318       438.75731                                438.75731
              1       223.52342     0.023414469      0.10180723       0.0104278      0.27818981      -2.8741256    2.100583e-09      0.35706358       89.634378      0.12586589      0.64283201      0.24629267      0.24762592       2.2709052        7.132358       439.31177       3.8675318        3.8675318       439.31177                                439.31177
              5       223.75234     0.023379452      0.10194226     0.010428326      0.30822077      -2.9359698    2.100583e-09      0.36212133       89.042121      0.12596591      0.63777288      0.24627837      0.24761157       2.2765376       7.1416315       439.76961       3.8675318        3.8675318       439.76961                                439.76961
              1       223.17865     0.023398809      0.10215042     0.010430485      0.30935454      -2.9793466    2.100583e-09      0.35947303        89.40092      0.12619342      0.64042214      0.24628629      0.24761951       2.2734215       7.1394945       438.62224       3.8675318        3.8675318       438.62224                                438.62224
              1       225.48299     0.023514206      0.10078351     0.010432827      0.35839654      -2.9582194    2.100583e-09      0.36778634       88.101076      0.12494191      0.63210532      0.24633296      0.24766635       2.2549738       7.1027626       443.23092       3.8675318        3.8675318       443.23092                                443.23092
              4       226.12838      0.02352471       0.1005827     0.010432992      0.36094833      -2.9436015    2.100583e-09      0.36863143         87.9603       0.1247516      0.63125982      0.24633718      0.24767059       2.2533055       7.0987631       444.52169       3.8675318        3.8675318       444.52169                                444.52169
              1       226.34823     0.023461098      0.10031619     0.010432802      0.37272731      -2.9807892    2.100583e-09      0.36805794       88.000875      0.12442148      0.63183319      0.24631156      0.24764488       2.2634366       7.1058262        444.9614       3.8675318        3.8675318        444.9614                                 444.9614
              2       226.51413     0.023434982      0.10032906     0.010432885      0.36504302      -2.9681822    2.100583e-09      0.36683265       88.158453      0.12440823      0.63305883        0.246301      0.24763428       2.2676151       7.1108037       445.29319       3.8675318        3.8675318       445.29319                                445.29319
              1       225.51559     0.023443744      0.10130206     0.010434066       0.3172289      -2.9222212    2.100583e-09      0.36065578       89.085432      0.12538999      0.63923836      0.24630455      0.24763784       2.2662119        7.121774       443.29611       3.8675318        3.8675318       443.29611                                443.29611
              1       224.27372      0.02350509      0.10130627     0.010433219      0.28300184       -2.898066    2.100583e-09      0.35199098       90.155687      0.12545555      0.64790577      0.24632929      0.24766267       2.2564232        7.107088       440.81237       3.8675318        3.8675318       440.81237                                440.81237
              4       226.03032     0.023631247      0.10052561     0.010432036      0.16452982      -2.5014173    2.100583e-09      0.34337779       91.091332      0.12480105      0.65652095       0.2463801      0.24771367       2.2364859       7.0788686       444.32557       3.8675318        3.8675318       444.32557                                444.32557
              2       227.18169     0.023625359      0.10035421     0.010432426       0.1385774      -2.4083543    2.100583e-09      0.34210632       91.230163      0.12462376      0.65779265      0.24637772      0.24771128       2.2374107       7.0799165       446.62831       3.8675318        3.8675318       446.62831                                446.62831
              2       229.37213     0.023628907      0.09969296     0.010431634      0.13630852      -2.3319539    2.100583e-09      0.34460485       90.773273      0.12396606      0.65529284      0.24637916      0.24771272       2.2368534       7.0737613       451.00919       3.8675318        3.8675318       451.00919                                451.00919
              2        229.5322     0.023538835       0.1000102     0.010432527     0.032709959      -2.1402812    2.100583e-09      0.33027494       92.813027      0.12419322      0.66962719      0.24634286      0.24767629        2.251065       7.0942161       451.32934       3.8675318        3.8675318       451.32934                                451.32934
              1       230.22922     0.023635139      0.10126984     0.010427897    -0.014219156      -2.0987594    2.100583e-09      0.32672454       93.525284      0.12554917      0.67317969      0.24638168      0.24771525        2.235875       7.0909967       452.72337       3.8675318        3.8675318       452.72337                                452.72337
              4       228.67685     0.023709592      0.10116632     0.010429886     0.095386752      -2.3334161    2.100583e-09      0.33961317       91.689136      0.12552011      0.66028726      0.24641181       0.2477455       2.2242346       7.0753808       449.61863       3.8675318        3.8675318       449.61863                                449.61863
              1       228.92176     0.023724491       0.1011924     0.010429958     0.091121469       -2.326101    2.100583e-09      0.33896053       91.777264      0.12556109      0.66094012      0.24641784      0.24775154       2.2219159       7.0728947       450.10845       3.8675318        3.8675318       450.10845                                450.10845
              2       227.31143     0.023646472      0.10016244     0.010429511      0.14941096       -2.418217    2.100583e-09      0.34429887       90.896231       0.1244531      0.65559932      0.24638626      0.24771985       2.2340973       7.0731995       446.88779       3.8675318        3.8675318       446.88779                                446.88779
              9       224.25057     0.023503439      0.10166353     0.010427725      0.18759393      -2.6602122    2.100583e-09      0.34531848       91.089476      0.12581116      0.65458051      0.24632862      0.24766201       2.2566858       7.1138715       440.76607       3.8675318        3.8675318       440.76607                                440.76607
              2       224.10942     0.023520929      0.10140548     0.010427997      0.19330864       -2.659971    2.100583e-09      0.34552322       91.008741       0.1255706      0.65437552      0.24633566      0.24766907       2.2539057        7.107137       440.48378       3.8675318        3.8675318       440.48378                                440.48378
              8       226.19069     0.023585333       0.1008999     0.010427349      0.10451387      -2.4146279    2.100583e-09      0.33542667       92.251015      0.12512943      0.66447468      0.24636157      0.24769507        2.243712       7.0899745       444.64632       3.8675318        3.8675318       444.64632                                444.64632
              5       226.04518     0.023545308      0.10159434     0.010427821      0.19964755      -2.6145961    2.100583e-09      0.35218893       90.170047      0.12578384      0.64770803      0.24634546       0.2476789       2.2500392       7.1090542       444.35529       3.8675318        3.8675318       444.35529                                444.35529
              9       223.80301       0.0235728       0.1021562     0.010429554      0.29281418       -2.922947    2.100583e-09      0.35843099       89.474446      0.12637319      0.64146463      0.24635652         0.24769       2.2456905       7.1070506       439.87095       3.8675318        3.8675318       439.87095                                439.87095
              3       223.76684     0.023577591      0.10208668     0.010429954      0.28993065      -2.9139157    2.100583e-09      0.35775233       89.545092      0.12630846      0.64214343      0.24635845      0.24769194       2.2449339       7.1052345       439.79863       3.8675318        3.8675318       439.79863                                439.79863
              3       223.40929     0.023569363       0.1018248     0.010429636      0.28442398      -2.8915801    2.100583e-09      0.35651617       89.655266      0.12603835      0.64337973      0.24635514      0.24768861       2.2462334       7.1030712       439.08352       3.8675318        3.8675318       439.08352                                439.08352
              2       224.05453     0.023357205      0.10181549      0.01043033      0.28592583      -2.8799279    2.100583e-09      0.35860364       89.462086      0.12581689      0.64129146      0.24626923       0.2476024       2.2801266        7.144653         440.374       3.8675318        3.8675318         440.374                                  440.374
              3       224.82556     0.023417458      0.10089303     0.010431548      0.30949411      -2.8725682    2.100583e-09      0.36084215       88.996315      0.12495468      0.63905157      0.24629388      0.24762714       2.2704253       7.1216054       441.91606       3.8675318        3.8675318       441.91606                                441.91606
              6       224.84732     0.023401196      0.10075154     0.010430658       0.2178935      -2.6968301    2.100583e-09      0.34631088       90.823282      0.12479693        0.653587      0.24628726      0.24762049       2.2730378       7.1209342       441.95958       3.8675318        3.8675318       441.95958                                441.95958
              3       224.83324     0.023401581      0.10075379     0.010430647      0.21843635      -2.6978615    2.100583e-09      0.34640791       90.810853      0.12479957      0.65348994      0.24628742      0.24762065       2.2729758       7.1209029       441.93143       3.8675318        3.8675318       441.93143                                441.93143
              1       224.71709     0.023396563      0.10098371     0.010430864      0.23425802      -2.7218842    2.100583e-09      0.35056846        90.31471      0.12502447      0.64932835      0.24628537      0.24761859       2.2737828       7.1262558       441.69912       3.8675318        3.8675318       441.69912                                441.69912
              1       226.20366     0.023405439      0.10128966     0.010434038      0.21241159      -2.7329772    2.100583e-09      0.34376325         91.2585       0.1253393      0.65613581      0.24628899      0.24762223       2.2723556        7.126724       444.67225       3.8675318        3.8675318       444.67225                                444.67225
              3       225.92457     0.023533196      0.10053906      0.01043443      0.30133767      -2.8936387    2.100583e-09      0.35332874       89.834042      0.12471645        0.646567      0.24634059      0.24767402        2.251959       7.0920143       444.11407       3.8675318        3.8675318       444.11407                                444.11407
              5       226.04282     0.023531758      0.10056377     0.010434579      0.29783395        -2.88539    2.100583e-09      0.35301993       89.878375      0.12473972      0.64687592      0.24634001      0.24767343       2.2521872       7.0927545       444.35057       3.8675318        3.8675318       444.35057                                444.35057
              5       224.67548      0.02346636      0.10128345     0.010431732      0.16931391      -2.6384082    2.100583e-09      0.33852694       91.939834        0.125394      0.66137371      0.24631369      0.24764701       2.2625959       7.1145488        441.6159       3.8675318        3.8675318        441.6159                                 441.6159
              5       224.20367     0.023429144      0.10128101     0.010429783      0.18134501      -2.6345257    2.100583e-09      0.34315063       91.330379      0.12535435      0.65674863      0.24629863       0.2476319       2.2685507       7.1230294       440.67227       3.8675318        3.8675318       440.67227                                440.67227
              2       224.57787     0.023435908      0.10082362     0.010429642      0.19185071      -2.6270999    2.100583e-09      0.34448215       91.065954      0.12490372      0.65541635      0.24630137      0.24763465       2.2674668       7.1160816       441.42068       3.8675318        3.8675318       441.42068                                441.42068
              1       224.88007     0.023628318      0.10049663     0.010429658      0.18189937      -2.5850262    2.100583e-09      0.34228375        91.23232      0.12476914      0.65761529      0.24637892      0.24771248       2.2369459       7.0754734       442.02508       3.8675318        3.8675318       442.02508                                442.02508
              2       224.95318     0.023597963       0.1009857      0.01042652      0.23097643      -2.7243664    2.100583e-09      0.34965437       90.366377      0.12522785      0.65024288      0.24636666      0.24770018       2.2417208       7.0864025        442.1713       3.8675318        3.8675318        442.1713                                 442.1713
              1       225.37625     0.023468181      0.10171198     0.010425559       0.1711552      -2.6388452    2.100583e-09      0.34300836       91.416549      0.12582436      0.65689132      0.24631442      0.24764775       2.2623051       7.1201851       443.01743       3.8675318        3.8675318       443.01743                                443.01743
              1       226.04422      0.02344233      0.10189855     0.010430728      0.12336954      -2.6356979    2.100583e-09      0.32876167       93.420679      0.12598507       0.6711423      0.24630397      0.24763726       2.2664383       7.1236048       444.35337       3.8675318        3.8675318       444.35337                                444.35337
              5       226.40611     0.023291428      0.10165341     0.010432243      0.17594344      -2.6861982    2.100583e-09      0.33936732       91.954558      0.12558903      0.66053323      0.24624205      0.24757511       2.2907873       7.1525817       445.07715       3.8675318        3.8675318       445.07715                                445.07715
              2       226.04115     0.023279532      0.10201935     0.010431624      0.18046082       -2.730242    2.100583e-09      0.33950316       92.008738      0.12594307      0.66039764      0.24623711      0.24757016       2.2927233       7.1589317       444.34723       3.8675318        3.8675318       444.34723                                444.34723
              1       227.11496     0.023377222      0.10153632     0.010434765      0.25274531      -2.8899689    2.100583e-09      0.34483131       91.172483      0.12555773      0.65506762      0.24627745      0.24761065        2.276897       7.1325708       446.49485       3.8675318        3.8675318       446.49485                                446.49485
              8       225.93275     0.023312472      0.10233381     0.010432683      0.20915969      -2.7965142    2.100583e-09      0.34427165       91.416518      0.12629047      0.65562803      0.24625077      0.24758386       2.2873685       7.1576816       444.13043       3.8675318        3.8675318       444.13043                                444.13043
              1        225.7661      0.02326084      0.10286519     0.010430281      0.19429736      -2.7858854    2.100583e-09      0.34444312       91.509357      0.12677022      0.65545688      0.24622935      0.24756237       2.2957701       7.1749097       443.79713       3.8675318        3.8675318       443.79713                                443.79713
              2       224.62711     0.023425838      0.10269642     0.010429003      0.19077043      -2.8173098    2.100583e-09      0.33967802       92.061309      0.12676645      0.66022336      0.24629729      0.24763055       2.2690809       7.1378095       441.51915       3.8675318        3.8675318       441.51915                                441.51915
              7       226.40211      0.02330401      0.10226068     0.010432592       0.2368148      -2.9313617    2.100583e-09      0.34178322          91.738      0.12620888      0.65811712      0.24624726      0.24758035       2.2887425       7.1543957       445.06915       3.8675318        3.8675318       445.06915                                445.06915
              7       227.35633     0.023264459      0.10259483     0.010432684      0.22708097      -2.9346439    2.100583e-09      0.34066782       91.963618      0.12650348      0.65923307      0.24623085      0.24756388       2.2951798       7.1664448       446.97759       3.8675318        3.8675318       446.97759                                446.97759
              9       224.60682     0.023467073      0.10276739     0.010425644      0.25856573      -2.9795329    2.100583e-09      0.34855415       90.880697      0.12687866      0.65134475      0.24631397       0.2476473       2.2624821       7.1298213       441.47857       3.8675318        3.8675318       441.47857                                441.47857
              1       226.22151     0.023599118      0.10067618     0.010430901      0.17433895      -2.6962378    2.100583e-09      0.33182662       92.702813      0.12491948      0.66807562      0.24636712      0.24770064        2.241539       7.0765579       444.70796       3.8675318        3.8675318       444.70796                                444.70796
              6       226.73116     0.023551672      0.10076773      0.01042909      0.10541616      -2.5370508    2.100583e-09      0.32491496       93.717489      0.12496359      0.67498935      0.24634802      0.24768147       2.2490315       7.0872427       445.72725       3.8675318        3.8675318       445.72725                                445.72725
              3       226.43917     0.023537921      0.10101459     0.010429522     0.088178593      -2.4953497    2.100583e-09      0.32433435       93.853598       0.1251967      0.67557031      0.24634249      0.24767592       2.2512097       7.0942012       445.14328       3.8675318        3.8675318       445.14328                                445.14328
              5       226.90229     0.023539002      0.10105699     0.010429664     0.078406804      -2.4849176    2.100583e-09      0.32244919       94.135357      0.12524018      0.67745605      0.24634292      0.24767636       2.2510384       7.0940935       446.06952       3.8675318        3.8675318       446.06952                                446.06952
              1       226.95155     0.023534007       0.1010349     0.010429961     0.077856549      -2.4818355    2.100583e-09      0.32235137       94.147098      0.12521309      0.67755389      0.24634092      0.24767434       2.2518305       7.0948524       446.16804       3.8675318        3.8675318       446.16804                                446.16804
              2        227.0869     0.023738484      0.10031357     0.010431316      0.14536681      -2.5592525    2.100583e-09      0.33134045       92.654608      0.12469625      0.66856176      0.24642348      0.24775721       2.2197415       7.0488782       446.43874       3.8675318        3.8675318       446.43874                                446.43874
              1       225.74789     0.023591539      0.10013363     0.010432446      0.21915919      -2.7005608    2.100583e-09      0.34176209       91.245729      0.12436936      0.65813678      0.24636407      0.24769758       2.2427334       7.0749017       443.76071       3.8675318        3.8675318       443.76071                                443.76071
              1       223.12956     0.023506382      0.10198326     0.010428761      0.28207445      -2.9026369    2.100583e-09      0.35629089       89.733227      0.12613383      0.64360515      0.24632981      0.24766319       2.2562177       7.1166325       438.52406       3.8675318        3.8675318       438.52406                                438.52406
              1       223.14234     0.023515488      0.10242858     0.010429363      0.28272017      -2.9805529    2.100583e-09      0.35260346       90.279521      0.12658826      0.64729403      0.24633347      0.24766687       2.2547702       7.1182475       438.54961       3.8675318        3.8675318       438.54961                                438.54961
              6       223.23534     0.023533908      0.10166224     0.010431715      0.29544276      -2.9658713    2.100583e-09       0.3526348       90.129255      0.12584034      0.64726207      0.24634088       0.2476743       2.2518462       7.1048957       438.73562       3.8675318        3.8675318       438.73562                                438.73562
              7        223.6112      0.02353851      0.10177935     0.010430966      0.32805414      -2.9686354    2.100583e-09      0.36331897       88.813799      0.12596205      0.63657488      0.24634273      0.24767616       2.2511165       7.1094901       439.48733       3.8675318        3.8675318       439.48733                                439.48733
              1       223.39728     0.023533575      0.10181031     0.010430655      0.32950927       -2.979595    2.100583e-09      0.36315527       88.841016      0.12598808      0.63673865      0.24634074      0.24767417       2.2518988       7.1104477        439.0595       3.8675318        3.8675318        439.0595                                 439.0595
              1       223.35568     0.023518327      0.10187631     0.010430687      0.32487564      -2.9747653    2.100583e-09      0.36253359       88.934066      0.12603883      0.63736055      0.24633461      0.24766802       2.2543191       7.1141493       438.97631       3.8675318        3.8675318       438.97631                                438.97631
              3        223.6036     0.023614926      0.10153457     0.010431058      0.31569207      -2.9493168    2.100583e-09      0.35932144          89.237      0.12579369      0.64057344       0.2463735      0.24770705       2.2390508       7.0905685       439.47214       3.8675318        3.8675318       439.47214                                439.47214
              2       223.71113     0.023620697      0.10152504     0.010431099      0.31912868       -2.952419    2.100583e-09      0.36004873       89.143213      0.12578993      0.63984593      0.24637584      0.24770939       2.2381433       7.0895718       439.68719       3.8675318        3.8675318       439.68719                                439.68719
              2       227.73949     0.023849584      0.10079256     0.010432107      0.26308907      -2.7656408    2.100583e-09      0.35266392       89.862071      0.12528634      0.64723249      0.24646789      0.24780177       2.2025897       7.0388243       447.74391       3.8675318        3.8675318       447.74391                                447.74391
              1       228.10356     0.023779082        0.101065     0.010433824      0.22047237      -2.6540625    2.100583e-09      0.34996901       90.280827      0.12548827      0.64992836      0.24643981       0.2477736       2.2134509       7.0578929       448.47205       3.8675318        3.8675318       448.47205                                448.47205
              2       231.31787     0.023701125      0.10255566     0.010426951      0.19202095      -2.6189837    2.100583e-09       0.3543085        90.02364      0.12690098      0.64558875      0.24640839      0.24774206       2.2255537       7.0934223       454.90067       3.8675318        3.8675318       454.90067                                454.90067
              1       227.98183     0.023506069      0.10235496     0.010426911       0.2383958      -2.7176931    2.100583e-09      0.36039293       89.288371      0.12650522      0.63950223      0.24632968      0.24766307       2.2562675       7.1274306       448.22859       3.8675318        3.8675318       448.22859                                448.22859
              2       227.29446     0.023496257      0.10252119     0.010427686      0.22956112      -2.7184707    2.100583e-09        0.358331       89.578197      0.12666164      0.64156489      0.24632573       0.2476591       2.2578288       7.1309804       446.85386       3.8675318        3.8675318       446.85386                                446.85386
              4       225.80166     0.023491231      0.10234667     0.010426667      0.17038413      -2.6392308    2.100583e-09      0.34584659       91.150227      0.12648209      0.65405278      0.24632371      0.24765707       2.2586292       7.1261349       443.86826       3.8675318        3.8675318       443.86826                                443.86826
              2       226.83558     0.023526506       0.1023059     0.010426317      0.17645224      -2.6232465    2.100583e-09      0.34870109       90.757097       0.1264766      0.65119744       0.2463379      0.24767132       2.2530205        7.120311       445.93609       3.8675318        3.8675318       445.93609                                445.93609
              1       227.61471     0.023489219      0.10228891     0.010425085      0.16357132      -2.5954882    2.100583e-09      0.34738899       90.937705      0.12642232      0.65250989       0.2463229      0.24765626       2.2589498       7.1269509       447.49436       3.8675318        3.8675318       447.49436                                447.49436
              3       225.41669     0.023336866      0.10281369     0.010426149      0.22047915      -2.8123062    2.100583e-09      0.35076316       90.646214      0.12679475      0.64913503      0.24626085      0.24759398       2.2834151       7.1600435       443.09832       3.8675318        3.8675318       443.09832                                443.09832
              2       225.34931     0.023334258      0.10277642     0.010426473      0.19492463      -2.7685581    2.100583e-09      0.34620066       91.235598      0.12675487      0.65369882      0.24625977       0.2475929       2.2838373       7.1593543       442.96355       3.8675318        3.8675318       442.96355                                442.96355
              1       224.82353     0.023360816      0.10257531     0.010427578      0.17753808      -2.7194756    2.100583e-09      0.34326195       91.579124      0.12658032      0.65663825      0.24627072      0.24760389       2.2795434       7.1516874       441.91199       3.8675318        3.8675318       441.91199                                441.91199
              1       224.70082     0.023486924      0.10179519      0.01042677      0.18581862      -2.6620627    2.100583e-09        0.345674       91.072533      0.12592631      0.65422498      0.24632198      0.24765533       2.2593154       7.1186586       441.66658       3.8675318        3.8675318       441.66658                                441.66658
             10       225.18487     0.023582254      0.10170367     0.010426226      0.18284906      -2.7284283    2.100583e-09      0.33875811       91.948175      0.12593012      0.66114289      0.24636032      0.24769382       2.2441978       7.0947953       442.63467       3.8675318        3.8675318       442.63467                                442.63467
              2       224.50076     0.023553419      0.10154639      0.01042661      0.20399182      -2.7735456    2.100583e-09      0.34074307       91.660299        0.125744       0.6591572      0.24634872      0.24768218       2.2487549       7.0978668       441.26645       3.8675318        3.8675318       441.26645                                441.26645
              1       225.01828       0.0235634      0.10072746     0.010427465      0.17036062      -2.6369193    2.100583e-09      0.33663191       92.060493      0.12493505      0.66326893      0.24635274       0.2476862        2.247176       7.0864115       442.30149       3.8675318        3.8675318       442.30149                                442.30149
              3       225.37486      0.02365044      0.10023993     0.010428862      0.18498588      -2.6240704    2.100583e-09      0.33874966       91.651067      0.12453456      0.66115023      0.24638787      0.24772147       2.2334754       7.0649981       443.01465       3.8675318        3.8675318       443.01465                                443.01465
              1        223.7024     0.023492086       0.1007686     0.010430551      0.26054832      -2.8138911    2.100583e-09      0.34966949       90.359115      0.12490488      0.65022749      0.24632406      0.24765742       2.2584931       7.1023208       439.66973       3.8675318        3.8675318       439.66973                                439.66973
              5       223.73565     0.023484884      0.10079553     0.010430519       0.2583262      -2.7992378    2.100583e-09      0.35036558       90.276686      0.12492461       0.6495312      0.24632116      0.24765451       2.2596405       7.1046989       439.73624       3.8675318        3.8675318       439.73624                                439.73624
             13       223.79347     0.023481537      0.10079418     0.010430485      0.25126969      -2.7832843    2.100583e-09      0.34950209       90.389061       0.1249199      0.65039495      0.24631981      0.24765316        2.260174        7.105348       439.85187       3.8675318        3.8675318       439.85187                                439.85187
              9       223.25521     0.023503879      0.10155745     0.010432013      0.32875325      -2.9987726    2.100583e-09       0.3597062       89.229731      0.12570552      0.64018849       0.2463288      0.24766218       2.2566158       7.1111481       438.77535       3.8675318        3.8675318       438.77535                                438.77535
             10       223.56632     0.023492008      0.10156764     0.010432553      0.30812795      -2.9734935    2.100583e-09      0.35534125       89.781868      0.12570384      0.64455472      0.24632402      0.24765739       2.2585054       7.1126113       439.39758       3.8675318        3.8675318       439.39758                                439.39758
              3       230.45148     0.023378562      0.10227863     0.010437163      0.30115378      -2.9117837    2.100583e-09      0.36140455       89.191516      0.12630138      0.63849014        0.246278       0.2476112       2.2766811       7.1494311        453.1679       3.8675318        3.8675318        453.1679                                 453.1679
              3       230.66925     0.023372826      0.10205545     0.010437225      0.30439463      -2.8975721    2.100583e-09      0.36234092        89.03778      0.12607246      0.63755331      0.24627565      0.24760884       2.2776057       7.1481111       453.60344       3.8675318        3.8675318       453.60344                                453.60344
              1       231.37322     0.023379263      0.10201205     0.010437728      0.29860314      -2.8819381    2.100583e-09      0.36141133       89.142242      0.12603551      0.63848314      0.24627829      0.24761149       2.2765681       7.1464268       455.01138       3.8675318        3.8675318       455.01138                                455.01138
              2       234.55267     0.023371148      0.10173781     0.010438469      0.36418938      -2.9628664    2.100583e-09      0.37370598       87.617377      0.12575315      0.62618465      0.24627496      0.24760815       2.2778762       7.1472424       461.37028       3.8675318        3.8675318       461.37028                                461.37028
              3       234.19593     0.023457533      0.10188277     0.010438617      0.32532068      -2.8754227    2.100583e-09      0.36909561       88.160819       0.1259845      0.63079657      0.24631012      0.24764344       2.2640063       7.1331726       460.65681       3.8675318        3.8675318       460.65681                                460.65681
              2       230.54125     0.023437755      0.10194032     0.010430708      0.36785772       -2.928075    2.100583e-09      0.38081049       86.810712      0.12602227       0.6190783      0.24630212      0.24763541       2.2671709       7.1387361       453.34743       3.8675318        3.8675318       453.34743                                453.34743
              6       230.24924     0.023523974      0.10275625     0.010430871      0.35855517      -2.9700481    2.100583e-09      0.37842342        87.20005      0.12692442      0.62146686      0.24633688      0.24767029       2.2534223       7.1316844       452.76342       3.8675318        3.8675318       452.76342                                452.76342
              8         229.243     0.023521249      0.10150462      0.01043054      0.31049678       -2.784886    2.100583e-09      0.37185662       87.744785      0.12567006      0.62803448      0.24633579      0.24766919        2.253855       7.1169372       450.75094       3.8675318        3.8675318       450.75094                                450.75094
              2       226.79495     0.023469911      0.10176899     0.010429091      0.22611049      -2.6549702    2.100583e-09      0.35808347       89.481376      0.12588309      0.64181184      0.24631512      0.24764845       2.2620291       7.1275416       445.85484       3.8675318        3.8675318       445.85484                                445.85484
              1       226.92493     0.023329786      0.10165005     0.010426843      0.23006933      -2.6910396    2.100583e-09      0.35685102       89.660388      0.12562402      0.64304444      0.24625792      0.24759105       2.2845616       7.1505256        446.1148       3.8675318        3.8675318        446.1148                                 446.1148
              5       226.42314     0.023223346      0.10273452     0.010427323      0.24869495      -2.8380634    2.100583e-09      0.35704742       89.868506      0.12660205      0.64284878      0.24621377      0.24754673       2.3019003       7.1830706       445.11122       3.8675318        3.8675318       445.11122                                445.11122
              2       226.13507     0.023257491      0.10285533     0.010427503      0.23864607      -2.8224729    2.100583e-09      0.35569472       90.049713      0.12675701      0.64420201      0.24622796      0.24756097       2.2963167       7.1780442       444.53508       3.8675318        3.8675318       444.53508                                444.53508
              3       223.15235     0.023473597      0.10133883     0.010431124      0.28275553      -2.8997074    2.100583e-09      0.35265263       90.087472      0.12545661      0.64724392      0.24631661      0.24764994       2.2614407       7.1131323       438.56964       3.8675318        3.8675318       438.56964                                438.56964
              8       223.20321     0.023447937      0.10106168     0.010430833      0.31991266      -2.9805466    2.100583e-09      0.35622316       89.592484      0.12515381      0.64367209      0.24630624      0.24763954        2.265541       7.1135143       438.67137       3.8675318        3.8675318       438.67137                                438.67137
              8       223.51139     0.023448446      0.10080159     0.010429957      0.29844077      -2.9123332    2.100583e-09      0.35389214       89.838893      0.12489423      0.64600358      0.24630645      0.24763975       2.2654594       7.1101872       439.28772       3.8675318        3.8675318       439.28772                                439.28772
              4       224.56407     0.023418408      0.10041843     0.010429621       0.3199344      -2.9691394    2.100583e-09      0.35400242       89.763839      0.12448103      0.64589292      0.24629427      0.24762752       2.2702729        7.109078       441.39308       3.8675318        3.8675318       441.39308                                441.39308
              5       224.65636     0.023436226      0.10036149     0.010429769      0.32777671      -2.9971286    2.100583e-09      0.35372526       89.782577      0.12444191      0.64617013       0.2463015      0.24763478       2.2674158       7.1041606       441.57766       3.8675318        3.8675318       441.57766                                441.57766
              5       223.78344     0.023459901       0.1007444     0.010428676      0.26690191      -2.8205301    2.100583e-09      0.35158489       90.118817      0.12484849      0.64831147      0.24631108       0.2476444       2.2636278        7.108138       439.83182       3.8675318        3.8675318       439.83182                                439.83182
              1       223.84058     0.023404739      0.10094871     0.010429697      0.26048744      -2.8285127    2.100583e-09      0.35005113       90.372205      0.12499764      0.64984581       0.2462887      0.24762194       2.2724682       7.1209901       439.94609       3.8675318        3.8675318       439.94609                                439.94609
             12       224.71581     0.023429916      0.10058413     0.010430946      0.27270752      -2.7965258    2.100583e-09      0.35400885       89.789936      0.12465824      0.64588664      0.24629894      0.24763222       2.2684271       7.1138707       441.69656       3.8675318        3.8675318       441.69656                                441.69656
              5       225.09092     0.023425136       0.1004628     0.010431454      0.27579032      -2.8041914    2.100583e-09      0.35355055       89.827192      0.12453213      0.64634496        0.246297      0.24763027       2.2691935       7.1128519       442.44677       3.8675318        3.8675318       442.44677                                442.44677
              1       226.41104     0.023604094     0.099830528     0.010432831      0.22264438       -2.673569    2.100583e-09      0.34325711       90.985486      0.12407881      0.65664108      0.24636913      0.24770266       2.2407552       7.0698436       445.08702       3.8675318        3.8675318       445.08702                                445.08702
              5        225.7226     0.023521098      0.10075564      0.01042827      0.15056354      -2.6333258    2.100583e-09      0.33108536       92.848139      0.12492093       0.6688171      0.24633573      0.24766913        2.253879       7.0928097       443.71014       3.8675318        3.8675318       443.71014                                443.71014
              1       226.23291     0.023355758      0.10246195     0.010427166      0.11137354      -2.6199547    2.100583e-09      0.33081674         93.2662       0.1264619      0.66908699      0.24626863       0.2476018       2.2803604       7.1483467       444.73075       3.8675318        3.8675318       444.73075                                444.73075
              1       226.57849      0.02337801      0.10249933     0.010426437      0.10518642      -2.6094464    2.100583e-09      0.33010397       93.366213      0.12652153      0.66980001      0.24627778      0.24761097       2.2767699       7.1443427       445.42191       3.8675318        3.8675318       445.42191                                445.42191
              1       227.64452     0.023318895      0.10165746     0.010426696     0.048644743       -2.383587    2.100583e-09      0.32642993       93.750335      0.12562055      0.67347444      0.24625342      0.24758653       2.2863266       7.1477994       447.55398       3.8675318        3.8675318       447.55398                                447.55398
              4       227.34856      0.02334417      0.10163215     0.010427051     0.044838208      -2.3677818    2.100583e-09      0.32620526       93.769076      0.12562051      0.67369917      0.24626386      0.24759701       2.2822333       7.1430036       446.96205       3.8675318        3.8675318       446.96205                                446.96205
              1       226.74181     0.023307947      0.10164716      0.01042817     0.087483854      -2.4330313    2.100583e-09      0.33374776        92.71864      0.12559929      0.66615444      0.24624889      0.24758198       2.2881031       7.1520647       445.74855       3.8675318        3.8675318       445.74855                                445.74855
              1       225.70452      0.02334884      0.10148931     0.010427887      0.11967571      -2.5115689    2.100583e-09      0.33624343       92.330271      0.12548234      0.66365796      0.24626579      0.24759894       2.2814783       7.1409518       443.67397       3.8675318        3.8675318       443.67397                                443.67397
              2       225.96704     0.023373077      0.10158947     0.010428675     0.094065972      -2.4378087    2.100583e-09      0.33463898       92.561975      0.12560673      0.66526297      0.24627575      0.24760894       2.2775653       7.1391695       444.19901       3.8675318        3.8675318       444.19901                                444.19901
              4       225.61261     0.023431114      0.10142905     0.010428237      0.12027729      -2.4676598    2.100583e-09      0.33920207       91.887564      0.12550435      0.66069847      0.24629943       0.2476327       2.2682349       7.1269106       443.49016       3.8675318        3.8675318       443.49016                                443.49016
              1        225.2642     0.023486831      0.10127775      0.01043202      0.14001761      -2.5776483    2.100583e-09      0.33432376       92.507942      0.12540877      0.66557814      0.24632194       0.2476553       2.2593301       7.1104354       442.79334       3.8675318        3.8675318       442.79334                                442.79334
              3       224.39385     0.023473647      0.10176667     0.010430929      0.16877654      -2.6834818    2.100583e-09      0.33762667       92.150651      0.12588451      0.66227463      0.24631663      0.24764996       2.2614327       7.1182483       441.05264       3.8675318        3.8675318       441.05264                                441.05264
              2       225.99112     0.023522887      0.10192773     0.010428899      0.10304087      -2.5783825    2.100583e-09      0.32746704       93.582908      0.12609481      0.67243739      0.24633645      0.24766986       2.2535949       7.1089488       444.24718       3.8675318        3.8675318       444.24718                                444.24718
              3       226.62179     0.023434755      0.10251624     0.010428168     0.079671004      -2.5391011    2.100583e-09      0.32737296       93.738357      0.12659518      0.67253187       0.2463009      0.24763419       2.2676515       7.1347083       445.50853       3.8675318        3.8675318       445.50853                                445.50853
              1       225.86534      0.02336068      0.10088074     0.010429831      0.13718058      -2.5441656    2.100583e-09      0.33506304       92.373458      0.12488561      0.66483822      0.24627066      0.24760383       2.2795654       7.1294218       443.99562       3.8675318        3.8675318       443.99562                                443.99562
              3        225.3514     0.023382016       0.1008251     0.010428284      0.16104687      -2.5942864    2.100583e-09      0.33829114       91.913929      0.12485131      0.66160914      0.24627942      0.24761262       2.2761245       7.1241818       442.96773       3.8675318        3.8675318       442.96773                                442.96773
              7       226.06629     0.023192897      0.10193812     0.010428461      0.24964831       -2.828735    2.100583e-09      0.35344644       90.189683      0.12577521      0.64645014      0.24620112      0.24753404        2.306897       7.1767945       444.39752       3.8675318        3.8675318       444.39752                                444.39752
              2       226.04198     0.023194754      0.10192317     0.010428535      0.25050538      -2.8292062    2.100583e-09       0.3535599       90.171845      0.12576211      0.64633664      0.24620189      0.24753481        2.306592       7.1762748        444.3489       3.8675318        3.8675318        444.3489                                 444.3489
              2       225.52649     0.023205611       0.1018889     0.010428607      0.25868995      -2.8642055    2.100583e-09      0.35300904       90.232242      0.12573871      0.64688764       0.2462064      0.24753934       2.3048087       7.1726734       443.31792       3.8675318        3.8675318       443.31792                                443.31792
              8        224.6035     0.023332189      0.10170135     0.010428967      0.26033807       -2.806911    2.100583e-09      0.35645255       89.719075      0.12567774      0.64344307      0.24625892      0.24759205       2.2841723       7.1483526       441.47193       3.8675318        3.8675318       441.47193                                441.47193
              2       225.40317     0.023604984      0.10056142     0.010425992      0.35871694      -2.9925373    2.100583e-09      0.36518815       88.344262      0.12481059      0.63470417      0.24636949      0.24770302       2.2406151       7.0786346       443.07128       3.8675318        3.8675318       443.07128                                443.07128
              1       226.04627     0.023655661      0.10103246      0.01042461      0.31973714      -2.9585663    2.100583e-09      0.35856334        89.22644      0.12533232      0.64133137      0.24638998      0.24772359       2.2326574       7.0734996       444.35749       3.8675318        3.8675318       444.35749                                444.35749
              2       226.07706     0.023654918      0.10104024     0.010424554      0.32224836      -2.9648247    2.100583e-09      0.35889523       89.186836      0.12533935      0.64099939      0.24638968      0.24772329       2.2327739       7.0737125       444.41906       3.8675318        3.8675318       444.41906                                444.41906
              2       227.39847      0.02374591      0.10041362     0.010424949      0.33622119      -2.9829146    2.100583e-09      0.35777318       89.182203      0.12480372      0.64212132      0.24642648      0.24776021       2.2185889       7.0472673       447.06187       3.8675318        3.8675318       447.06187                                447.06187
              2       227.40436     0.023743877      0.10036043     0.010424996      0.33415688      -2.9744814    2.100583e-09      0.35752085       89.204551       0.1247485      0.64237368      0.24642566      0.24775939       2.2189043       7.0470237       447.07365       3.8675318        3.8675318       447.07365                                447.07365
              3       225.45247     0.023734133      0.10110038     0.010428902      0.21378768       -2.734286    2.100583e-09      0.34300463       91.214261      0.12547871      0.65689477      0.24642173      0.24775545       2.2204173        7.060249       443.16987       3.8675318        3.8675318       443.16987                                443.16987
              2       225.02816     0.023674908       0.1013145     0.010428722      0.18310593      -2.6827282    2.100583e-09      0.33925514       91.776858       0.1256336      0.66064549      0.24639778      0.24773141       2.2296461       7.0739652       442.32125       3.8675318        3.8675318       442.32125                                442.32125
              3       225.56277      0.02366936      0.10187139     0.010427564      0.19145489      -2.7390403    2.100583e-09      0.34070665       91.686873      0.12618494      0.65919399      0.24639553      0.24772915       2.2305136       7.0816589       443.39047       3.8675318        3.8675318       443.39047                                443.39047
              2       223.85251     0.023465387       0.1017073     0.010429663      0.20569371      -2.7021344    2.100583e-09      0.34738802       90.838525      0.12581688      0.65251036      0.24631329      0.24764662       2.2627513       7.1220804       439.96996       3.8675318        3.8675318       439.96996                                439.96996
              7       223.93679     0.023469088      0.10164577     0.010429849      0.18901335      -2.6644566    2.100583e-09      0.34489911       91.153035      0.12575905      0.65499996      0.24631479      0.24764812       2.2621604       7.1205076       440.13852       3.8675318        3.8675318       440.13852                                440.13852
              4       222.68464     0.023517543       0.1014299     0.010429698       0.2968815       -2.931976    2.100583e-09       0.3551008       89.778626      0.12559164      0.64479515       0.2463343       0.2476677       2.2544435       7.1058571       437.63422       3.8675318        3.8675318       437.63422                                437.63422
              1       224.12576      0.02355324      0.10083642     0.010431675      0.24276762      -2.7469245    2.100583e-09      0.34947127       90.377134      0.12503385      0.65042587      0.24634865       0.2476821       2.2487833       7.0936518       440.51646       3.8675318        3.8675318       440.51646                                440.51646
              6       224.71575     0.023539613      0.10063886        0.010433      0.27922259      -2.8392793    2.100583e-09      0.35181825       90.043078      0.12482267      0.64807802      0.24634317       0.2476766       2.2509416       7.0925075       441.69644       3.8675318        3.8675318       441.69644                                441.69644
             11       224.36471     0.023446436      0.10107398     0.010432564      0.26733786      -2.8454333    2.100583e-09       0.3505549       90.316681      0.12516461      0.64934203      0.24630564      0.24763893       2.2657811       7.1154516       440.99436       3.8675318        3.8675318       440.99436                                440.99436
              1       224.52498     0.023441276      0.10104578     0.010432779      0.27474928      -2.8569017    2.100583e-09      0.35171828       90.163673      0.12513125      0.64817828      0.24630355      0.24763684       2.2666071        7.116289        441.3149       3.8675318        3.8675318        441.3149                                 441.3149
              1       224.35012     0.023468676      0.10086412     0.010432569      0.28834331      -2.8787583    2.100583e-09       0.3530745       89.947774      0.12497699      0.64682153      0.24631462      0.24764795       2.2622261       7.1084816       440.96517       3.8675318        3.8675318       440.96517                                440.96517
              2       225.06788     0.023453146      0.10070856     0.010432981      0.28316661      -2.8805618    2.100583e-09      0.35042066       90.263964       0.1248059      0.64947601      0.24630835      0.24764166       2.2647078       7.1082579        442.4007       3.8675318        3.8675318        442.4007                                 442.4007
              1       224.30195     0.023437595      0.10119635       0.0104327      0.28449484      -2.9138228    2.100583e-09      0.35099457       90.285654      0.12527814      0.64890232      0.24630206      0.24763534       2.2671966        7.117454       440.86884       3.8675318        3.8675318       440.86884                                440.86884
              2       224.36493     0.023491132      0.10116661     0.010427322      0.18247405      -2.6397569    2.100583e-09      0.34282946       91.330946      0.12530194      0.65706984      0.24632367      0.24765703       2.2586449       7.1086482        440.9948       3.8675318        3.8675318        440.9948                                 440.9948
              4       224.45983     0.023521843      0.10111364     0.010427811      0.17458459      -2.6046886    2.100583e-09      0.34270856       91.326882      0.12527967      0.65719077      0.24633603      0.24766943       2.2537608       7.1030935       441.18461       3.8675318        3.8675318       441.18461                                441.18461
              1        224.1278     0.023530035      0.10073453     0.010429377      0.21385855      -2.6739744    2.100583e-09      0.34664431       90.733604      0.12490876      0.65325356      0.24633932      0.24767274       2.2524605       7.0966157       440.52053       3.8675318        3.8675318       440.52053                                440.52053
              2       224.02005     0.023537218      0.10080212     0.010429533      0.21356738      -2.6792237    2.100583e-09      0.34642402       90.772675      0.12498353      0.65347397      0.24634221      0.24767564       2.2513213       7.0960147       440.30504       3.8675318        3.8675318       440.30504                                440.30504
              5       223.50819     0.023426556      0.10204548     0.010428851      0.24828536      -2.8232913    2.100583e-09      0.35295366       90.194392      0.12611623      0.64694335      0.24629758      0.24763085       2.2689657       7.1333026       439.28132       3.8675318        3.8675318       439.28132                                439.28132
              7       224.32716     0.023330654      0.10179326     0.010427701      0.22724187      -2.7736119    2.100583e-09      0.34980812       90.584623      0.12576811      0.65008952      0.24625828      0.24759141       2.2844209       7.1477335       440.91926       3.8675318        3.8675318       440.91926                                440.91926
              2       224.07212     0.023531752      0.10068013     0.010431024      0.23608522      -2.7631509    2.100583e-09      0.34548189       90.875378      0.12485607      0.65441628      0.24634001      0.24767343       2.2521881       7.0932746       440.40918       3.8675318        3.8675318       440.40918                                440.40918
              2       224.43563     0.023508834      0.10059631     0.010430787      0.22115372       -2.739254    2.100583e-09       0.3425342       91.257436      0.12474933      0.65736475       0.2463308      0.24766418       2.2558277       7.0957413        441.1362       3.8675318        3.8675318        441.1362                                 441.1362
              4       224.79897     0.023434731      0.10090997     0.010430523      0.21077473      -2.7649493    2.100583e-09      0.33942962       91.757905      0.12498889      0.66047044       0.2463009      0.24763418       2.2676554       7.1122364       441.86288       3.8675318        3.8675318       441.86288                                441.86288
              4       224.59896     0.023429414      0.10059649     0.010429705      0.29013524      -2.9419177    2.100583e-09      0.34795927       90.569584      0.12467009      0.65193801      0.24629874      0.24763201       2.2685075       7.1078054       441.46286       3.8675318        3.8675318       441.46286                                441.46286
              6       224.29408     0.023414194      0.10074662     0.010430553      0.31454081      -2.9982746    2.100583e-09      0.35159906       90.132462        0.124805      0.64829726      0.24629256       0.2476258       2.2709493       7.1131976        440.8531       3.8675318        3.8675318        440.8531                                 440.8531
              4       223.59176     0.023528353      0.10077573     0.010428896      0.29894571      -2.9651564    2.100583e-09      0.34959294       90.358357      0.12494827      0.65030409      0.24633864      0.24767206       2.2527272       7.0914505       439.44846       3.8675318        3.8675318       439.44846                                439.44846
              1       224.26224     0.023564246       0.1003727     0.010429573      0.26351282      -2.7709423    2.100583e-09      0.35189037       89.976383      0.12458113      0.64800568      0.24635308      0.24768655       2.2470422       7.0849125       440.78942       3.8675318        3.8675318       440.78942                                440.78942
              1       225.78637     0.023731589      0.10009547     0.010430728      0.32494408      -2.8743201    2.100583e-09      0.36004837       88.846255      0.12447125      0.63984517       0.2464207      0.24775442       2.2208126       7.0509357       443.83768       3.8675318        3.8675318       443.83768                                443.83768
              1       226.02178     0.023632031      0.10075318     0.010430932      0.37152421      -2.9590007    2.100583e-09      0.37175913       87.585936       0.1250294      0.62813144      0.24638042      0.24771399       2.2363629       7.0812143       444.30849       3.8675318        3.8675318       444.30849                                444.30849
              2       225.63206     0.023631144      0.10090073     0.010430181      0.37857862      -2.9898867    2.100583e-09      0.37241889        87.53511      0.12517606      0.62747162      0.24638006      0.24771363       2.2365022        7.082661       443.52907       3.8675318        3.8675318       443.52907                                443.52907
              6       225.53614     0.023637977      0.10103021     0.010430163       0.3654917      -2.9672799    2.100583e-09      0.37085116       87.741032      0.12531238      0.62903993      0.24638283       0.2477164       2.2354297        7.083106       443.33721       3.8675318        3.8675318       443.33721                                443.33721
              2       225.06229     0.023689295      0.10077917     0.010430249      0.32429613      -2.8890236    2.100583e-09      0.36270341       88.658822      0.12511265       0.6371899       0.2464036      0.24773726        2.227399       7.0687625       442.38953       3.8675318        3.8675318       442.38953                                442.38953
              1       225.15966     0.023490059      0.10218802     0.010430062      0.18426432      -2.6421175    2.100583e-09      0.34808575       90.827815      0.12632227      0.65181284      0.24632324       0.2476566       2.2588159       7.1259996       442.58426       3.8675318        3.8675318       442.58426                                442.58426
              4       224.40003     0.023339127      0.10241503     0.010429513      0.20946495      -2.7727554    2.100583e-09      0.34740665       91.009053      0.12639834       0.6524922      0.24626178      0.24759492       2.2830491       7.1545228       441.06499       3.8675318        3.8675318       441.06499                                441.06499
              2       224.60247     0.023308838      0.10219253     0.010429795      0.23518498      -2.7978605    2.100583e-09      0.35205429       90.375776      0.12614556        0.647843      0.24624926      0.24758235       2.2879583       7.1585157       441.46987       3.8675318        3.8675318       441.46987                                441.46987
              1       224.42477     0.023415328      0.10196735     0.010431485      0.25864412      -2.8148848    2.100583e-09      0.35573192       89.830949      0.12602687       0.6441642      0.24629302      0.24762627       2.2707673        7.136419       441.11448       3.8675318        3.8675318       441.11448                                441.11448
              1       224.71494     0.023544911      0.10116759     0.010433305      0.27185013      -2.8189421    2.100583e-09       0.3540219        89.85812       0.1253567      0.64587417       0.2463453      0.24767874       2.2501021       7.1003691       441.69481       3.8675318        3.8675318       441.69481                                441.69481
              1       224.71777     0.023623301      0.10119322     0.010432372      0.24870612      -2.7585876    2.100583e-09      0.35184624       90.114407      0.12546071      0.64805056      0.24637689      0.24771045       2.2377341       7.0863153       441.70047       3.8675318        3.8675318       441.70047                                441.70047
              3       223.40727     0.023599375      0.10128724     0.010428815      0.28032145      -2.9424396    2.100583e-09      0.34829169       90.598401       0.1255308       0.6516062      0.24636723      0.24770075       2.2414985       7.0852651       439.07948       3.8675318        3.8675318       439.07948                                439.07948
              4       223.90635     0.023653627      0.10117488      0.01042826      0.26973892      -2.8753026    2.100583e-09      0.34970444       90.376538       0.1254727      0.65019299      0.24638916      0.24772276       2.2329761       7.0754299       440.07763       3.8675318        3.8675318       440.07763                                440.07763
              1       223.57937     0.023614247      0.10087146     0.010428485       0.2838551      -2.8748491    2.100583e-09      0.35250868       89.973352       0.1251299      0.64738764      0.24637323      0.24770677       2.2391574       7.0797729       439.42367       3.8675318        3.8675318       439.42367                                439.42367
              3       223.34392     0.023606861      0.10092406     0.010428754      0.29917407      -2.9137451    2.100583e-09      0.35433708        89.75302      0.12517511      0.64555875      0.24637025      0.24770378       2.2403197       7.0817636       438.95277       3.8675318        3.8675318       438.95277                                438.95277
              8       225.21276     0.023288525      0.10213533     0.010425315      0.26026186      -2.9888825    2.100583e-09      0.34567272       91.202398      0.12606805      0.65422637      0.24624084       0.2475739       2.2912595       7.1537699       442.69046       3.8675318        3.8675318       442.69046                                442.69046
              3        225.0606     0.023522155      0.10042892     0.010426928      0.29575767      -2.9578031    2.100583e-09      0.34781912       90.525829      0.12459527      0.65207814      0.24633615      0.24766956       2.2537112       7.0866271       442.38613       3.8675318        3.8675318       442.38613                                442.38613
              5       225.40111     0.023525738      0.10045414     0.010426235      0.30739062      -2.9951873    2.100583e-09      0.34869945       90.415007      0.12462407      0.65119758      0.24633759      0.24767101       2.2531423       7.0855928       443.06716       3.8675318        3.8675318       443.06716                                443.06716
              3       225.22982      0.02348483      0.10017089     0.010428145      0.29259816      -2.9187956    2.100583e-09      0.34838027       90.417032      0.12429991      0.65151659      0.24632113      0.24765449       2.2596491       7.0915248       442.72458       3.8675318        3.8675318       442.72458                                442.72458
              9       224.15484      0.02350811      0.10053632     0.010427498      0.30880338      -2.9680135    2.100583e-09      0.35150366        90.07469      0.12468862       0.6483926       0.2463305      0.24766389       2.2559429       7.0921631       440.57462       3.8675318        3.8675318       440.57462                                440.57462
             18       223.59833     0.023473401      0.10107416     0.010426862      0.28805509      -2.9475773    2.100583e-09      0.35010258        90.36606      0.12519175       0.6497945      0.24631653      0.24764986       2.2614719       7.1060958        439.4616       3.8675318        3.8675318        439.4616                                 439.4616
              1        223.6092     0.023472056      0.10108754     0.010426826      0.28583585      -2.9427642    2.100583e-09       0.3498984       90.395415      0.12520379      0.64999875      0.24631598      0.24764932       2.2616865       7.1065613       439.48334       3.8675318        3.8675318       439.48334                                439.48334
              2       223.96449     0.023463147       0.1006366     0.010427447      0.30173263      -2.9268924    2.100583e-09      0.35340837        89.86501      0.12474394      0.64648737      0.24631239      0.24764571       2.2631092        7.103793       440.19391       3.8675318        3.8675318       440.19391                                440.19391
              2       225.78152     0.023397472      0.10097711     0.010425894      0.17950121       -2.621805    2.100583e-09      0.34309431       91.291599      0.12501877      0.65680469      0.24628574      0.24761896       2.2736366       7.1239536       443.82798       3.8675318        3.8675318       443.82798                                443.82798
              5       224.77826      0.02337202      0.10134197      0.01042935      0.16671442      -2.6043108    2.100583e-09      0.34180551       91.540548      0.12535818      0.65809415      0.24627532      0.24760851       2.2777356       7.1348636       441.82146       3.8675318        3.8675318       441.82146                                441.82146
              4       224.75758     0.023424566      0.10115408     0.010430876      0.19218115      -2.6247903    2.100583e-09      0.34631294       90.890331      0.12522283      0.65358528      0.24629677      0.24763004       2.2692848       7.1240429       441.78009       3.8675318        3.8675318       441.78009                                441.78009
              3       225.99179     0.023385165      0.10112416     0.010431633      0.12437487      -2.5032435    2.100583e-09      0.33522543       92.388901      0.12515351        0.664676      0.24628071      0.24761391       2.2756172       7.1298192       444.24852       3.8675318        3.8675318       444.24852                                444.24852
              7       225.61834     0.023316483      0.10110624     0.010428782      0.16764682      -2.6094017    2.100583e-09      0.34076656       91.654429      0.12506692      0.65913317      0.24625242      0.24758553       2.2867178         7.14147       443.50162       3.8675318        3.8675318       443.50162                                443.50162
              3       225.34877     0.023392957      0.10074472     0.010430785      0.25693376      -2.7410218    2.100583e-09      0.35477498       89.734788      0.12478187      0.64512039      0.24628389      0.24761711       2.2743628       7.1248502       442.96247       3.8675318        3.8675318       442.96247                                442.96247
              1       224.03157     0.023460047      0.10102142     0.010429895      0.22589722      -2.7075321    2.100583e-09      0.34935157       90.457838      0.12512566      0.65054567      0.24631114      0.24764445       2.2636045       7.1142698       440.32807       3.8675318        3.8675318       440.32807                                440.32807
              3       226.15932     0.023295949      0.10136124       0.0104305      0.18002925      -2.7238096    2.100583e-09      0.33647769       92.291907      0.12530138      0.66342349      0.24624392      0.24757699       2.2900522       7.1450131       444.58358       3.8675318        3.8675318       444.58358                                444.58358
              5       226.45203     0.023312104      0.10108456     0.010429857        0.169299      -2.6905669    2.100583e-09      0.33444838       92.513493      0.12504086      0.66545319      0.24625061      0.24758371       2.2874283       7.1377471       445.16901       3.8675318        3.8675318       445.16901                                445.16901
              1       226.16951     0.023611713      0.10030577     0.010430072      0.09767676      -2.4148867    2.100583e-09       0.3293219       92.979416      0.12456167       0.6705808      0.24637221      0.24770575       2.2395561       7.0750053       444.60396       3.8675318        3.8675318       444.60396                                444.60396
              1       225.83872     0.023619829      0.10048963     0.010430017      0.10695111      -2.4477697    2.100583e-09      0.33044185       92.854185      0.12475365      0.66946067      0.24637549      0.24770904       2.2382798        7.075584       443.94238       3.8675318        3.8675318       443.94238                                443.94238
              3       225.45428     0.023575554      0.10066111     0.010430489      0.11307755      -2.4360072    2.100583e-09       0.3342467       92.371681      0.12488086       0.6656548      0.24635763      0.24769111       2.2452556       7.0884009        443.1735       3.8675318        3.8675318        443.1735                                 443.1735
              1       225.55467     0.023580897      0.10056278     0.010430928      0.11892145      -2.4408483    2.100583e-09      0.33497657       92.250521      0.12478787      0.66492464      0.24635978      0.24769327        2.244412        7.086383       443.37427       3.8675318        3.8675318       443.37427                                443.37427
              7       225.74489     0.023661672      0.10086647     0.010431467      0.12870795       -2.487936    2.100583e-09      0.33529491       92.237129      0.12517234      0.66460651      0.24639242      0.24772603       2.2317164       7.0744224       443.75471       3.8675318        3.8675318       443.75471                                443.75471
              1       225.77856     0.023701696      0.10075189     0.010431264      0.15364612       -2.534553    2.100583e-09      0.33839614       91.778574      0.12509778      0.66150431      0.24640862      0.24774229       2.2254649        7.065432       443.82205       3.8675318        3.8675318       443.82205                                443.82205
              8       226.42424     0.023711388      0.10085001     0.010431256      0.14669217      -2.4854245    2.100583e-09       0.3407932       91.470413      0.12520559      0.65910663      0.24641254      0.24774623       2.2239549       7.0673738       445.11341       3.8675318        3.8675318       445.11341                                445.11341
              4       226.85499     0.023586386       0.1005675     0.010434378       0.1598569      -2.5591193    2.100583e-09      0.33696863       91.976489      0.12479808        0.662932      0.24636199      0.24769549       2.2435459       7.0841289       445.97492       3.8675318        3.8675318       445.97492                                445.97492
              3       226.48477     0.023484361      0.10109665     0.010435061       0.2425674      -2.7794207    2.100583e-09      0.34759202       90.692354      0.12522521      0.65230583      0.24632094       0.2476543       2.2597239        7.109721       445.23448       3.8675318        3.8675318       445.23448                                445.23448
              1       224.30105     0.023616393       0.1013437     0.010432914      0.29416624      -2.9360002    2.100583e-09      0.35218587       90.100913      0.12560429      0.64771094       0.2463741      0.24770764       2.2388199       7.0856968       440.86703       3.8675318        3.8675318       440.86703                                440.86703
              2       224.97017     0.023595548      0.10119099     0.010433695      0.27809165      -2.8436032    2.100583e-09      0.35375082       89.880193      0.12543073      0.64614539      0.24636568       0.2476992       2.2421014       7.0905466       442.20529       3.8675318        3.8675318       442.20529                                442.20529
              3       224.84541     0.023596416      0.10116516     0.010433489      0.27679578      -2.8380013    2.100583e-09      0.35371528       89.879674      0.12540576      0.64618091      0.24636603      0.24769955       2.2419647       7.0900866       441.95575       3.8675318        3.8675318       441.95575                                441.95575
              8       224.30789     0.023482405      0.10170742     0.010432257      0.26711678      -2.8252709    2.100583e-09      0.35557066       89.781628      0.12583402      0.64432535      0.24632016      0.24765351       2.2600357       7.1198988       440.88072       3.8675318        3.8675318       440.88072                                440.88072
              3       223.95517     0.023475838      0.10163419     0.010431699      0.25631961      -2.8058803    2.100583e-09      0.35357748       90.023076      0.12575422      0.64631905      0.24631751      0.24765085       2.2610832       7.1196318       440.17527       3.8675318        3.8675318       440.17527                                440.17527
              8       223.59664     0.023474402      0.10179022     0.010430835      0.24811663      -2.8055829    2.100583e-09      0.35217339       90.231485      0.12590881      0.64772367      0.24631693      0.24765027       2.2613121       7.1212819       439.45821       3.8675318        3.8675318       439.45821                                439.45821
              1       223.63994     0.023523944      0.10197553     0.010431419      0.27147928      -2.8772373    2.100583e-09      0.35424466       89.984791      0.12614366      0.64565199      0.24633687      0.24767028       2.2534271       7.1137603       439.54481       3.8675318        3.8675318       439.54481                                439.54481
              1       223.53014     0.023528184      0.10195839     0.010431345      0.27605017      -2.8906034    2.100583e-09      0.35448113       89.950241      0.12613076      0.64541544      0.24633858      0.24767199       2.2527541       7.1124747       439.32521       3.8675318        3.8675318       439.32521                                439.32521
              2       226.03358     0.023555509      0.10062809     0.010427228      0.23947863      -2.6694406    2.100583e-09      0.35490353       89.643646      0.12482779      0.64499183      0.24634956      0.24768302       2.2484242       7.0933451        444.3321       3.8675318        3.8675318        444.3321                                 444.3321
              1       225.93784     0.023554031      0.10063088     0.010427131      0.22862164       -2.650933    2.100583e-09       0.3530875       89.874885       0.1248291      0.64680841      0.24634897      0.24768242       2.2486581       7.0933517       444.14061       3.8675318        3.8675318       444.14061                                444.14061
              1       226.66346     0.023308689      0.10152947     0.010425367       0.2481393      -2.7647121    2.100583e-09       0.3562184       89.724808      0.12548235      0.64367713       0.2462492      0.24758229       2.2879826       7.1503247       445.59186       3.8675318        3.8675318       445.59186                                445.59186
             11       227.20833     0.023387197      0.10136158     0.010427181      0.31334458      -2.8425368    2.100583e-09      0.36850463        88.16062      0.12539297      0.63138722      0.24628154      0.24761475         2.27529       7.1364907        446.6816       3.8675318        3.8675318        446.6816                                 446.6816
             12       227.86971     0.023423805      0.10085376     0.010427555      0.30751175      -2.7923162    2.100583e-09      0.36782352       88.138525      0.12492176      0.63206812      0.24629646      0.24762973       2.2694069       7.1236351       448.00435       3.8675318        3.8675318       448.00435                                448.00435
              7       227.51315     0.023455559      0.10084966     0.010426972      0.30981101      -2.8060257    2.100583e-09      0.36738228       88.180464      0.12494941      0.63250951      0.24630932      0.24764264       2.2643218       7.1168132       447.29124       3.8675318        3.8675318       447.29124                                447.29124
              3        227.3886     0.023392318      0.10040216     0.010427279      0.35927557      -2.9303906    2.100583e-09      0.37028151       87.773931      0.12443867      0.62960898      0.24628363      0.24761685       2.2744658        7.120624       447.04214       3.8675318        3.8675318       447.04214                                447.04214
              4       226.16977      0.02330733       0.1007068     0.010428383      0.28080844      -2.8092986    2.100583e-09      0.35735319       89.431608      0.12465832      0.64254131      0.24624864      0.24758173       2.2882032       7.1392691       444.60447       3.8675318        3.8675318       444.60447                                444.60447
              2       224.22999     0.023486227      0.10072596     0.010432288      0.31085983      -2.9475486    2.100583e-09      0.35367742       89.839719      0.12485638      0.64621833       0.2463217      0.24765505       2.2594265       7.1017133       440.72491       3.8675318        3.8675318       440.72491                                440.72491
              5        224.0864     0.023459415      0.10087709     0.010432246      0.32112744      -2.9849273    2.100583e-09      0.35478871       89.735639       0.1249807      0.64510682      0.24631088       0.2476442       2.2637055       7.1084753       440.43774       3.8675318        3.8675318       440.43774                                440.43774
              1       223.10454     0.023472297      0.10149229     0.010431176       0.2817013      -2.9221873    2.100583e-09      0.35137443       90.279901      0.12560878      0.64852263      0.24631608      0.24764942       2.2616481       7.1145444       438.47401       3.8675318        3.8675318       438.47401                                438.47401
              9       223.93521     0.023438429      0.10122621     0.010431221      0.25362022      -2.8698567    2.100583e-09      0.34563877       90.987756      0.12530883      0.65425972      0.24630239      0.24763568       2.2670629       7.1162143       440.13535       3.8675318        3.8675318       440.13535                                440.13535
              4         224.331     0.023571449      0.10073569     0.010431944      0.26374262      -2.8543387    2.100583e-09      0.34650005       90.738975      0.12495133      0.65339789      0.24635597      0.24768945       2.2459039       7.0850278       440.92695       3.8675318        3.8675318       440.92695                                440.92695
             11       224.13221     0.023576088      0.10077192     0.010432039        0.260146      -2.8111286    2.100583e-09      0.34904845       90.412327       0.1249922      0.65084878      0.24635784      0.24769133       2.2451712       7.0867734       440.52935       3.8675318        3.8675318       440.52935                                440.52935
              8         224.082     0.023569688      0.10083503     0.010431808      0.24572361      -2.7876231    2.100583e-09       0.3469504       90.699158      0.12504891      0.65294749      0.24635527      0.24768874       2.2461821       7.0885129       440.42894       3.8675318        3.8675318       440.42894                                440.42894
              3        223.7308     0.023496105      0.10122571     0.010429649      0.19239644      -2.6843164    2.100583e-09      0.34196718       91.455415        0.125366      0.65793243      0.24632567      0.24765904        2.257853       7.1077552       439.72654       3.8675318        3.8675318       439.72654                                439.72654
             10        223.8515     0.023485617      0.10131874     0.010429204       0.1797433      -2.6588887    2.100583e-09      0.34082604       91.629345      0.12544855      0.65907397      0.24632145      0.24765481       2.2595236       7.1110722       439.96793       3.8675318        3.8675318       439.96793                                439.96793
              9       223.89705     0.023440654      0.10147711     0.010429637      0.19246334      -2.7336018    2.100583e-09      0.33969347       91.826881      0.12556195      0.66020697       0.2463033      0.24763658       2.2667067       7.1197198       440.05903       3.8675318        3.8675318       440.05903                                440.05903
              1       224.03873     0.023440673      0.10186131     0.010430174      0.18454361      -2.7337605    2.100583e-09      0.33927692       91.955183      0.12594617      0.66062394       0.2463033      0.24763659       2.2667035       7.1251324        440.3424       3.8675318        3.8675318        440.3424                                 440.3424
              6       226.61576     0.023390356      0.10281496     0.010428132      0.13265769      -2.7294807    2.100583e-09      0.33032874        93.38962       0.1268495      0.66957542      0.24628283      0.24761605       2.2747816       7.1444508       445.49645       3.8675318        3.8675318       445.49645                                445.49645
              4       225.69736     0.023458451      0.10290721     0.010427788      0.16416752      -2.7737382    2.100583e-09      0.33649863       92.523297      0.12700986      0.66340387      0.24631049      0.24764381       2.2638596       7.1339613       443.65965       3.8675318        3.8675318       443.65965                                443.65965
              2       225.28971     0.023454187      0.10280304     0.010428053      0.16491196      -2.7543522    2.100583e-09      0.33755569       92.360409      0.12690142      0.66234641      0.24630877      0.24764208       2.2645412       7.1341774       442.84436       3.8675318        3.8675318       442.84436                                442.84436
              1       225.72831     0.023437362      0.10296511     0.010428935      0.15705501      -2.7503713    2.100583e-09      0.33627925       92.571451      0.12704666      0.66362334      0.24630196      0.24763525       2.2672339       7.1395692       443.72155       3.8675318        3.8675318       443.72155                                443.72155
              4       223.84898      0.02345042      0.10226952     0.010430861      0.25687509       -2.960963    2.100583e-09      0.34535707       91.214289      0.12636413      0.65454235      0.24630725      0.24764055       2.2651437       7.1265707        439.9629       3.8675318        3.8675318        439.9629                                 439.9629
              7       225.52743     0.023650345       0.1009539     0.010431673      0.24666622      -2.8746277    2.100583e-09      0.34065026       91.529411      0.12524844      0.65924964      0.24638783      0.24772143       2.2334903       7.0704015       443.31981       3.8675318        3.8675318       443.31981                                443.31981
              8       225.78511     0.023365921      0.10172599     0.010427842      0.11967026      -2.6028395    2.100583e-09      0.33032232       93.193207       0.1257361        0.669581      0.24627281      0.24760599       2.2787194       7.1363286       443.83516       3.8675318        3.8675318       443.83516                                443.83516
              1        225.7601     0.023367877      0.10171627     0.010427851      0.12046437      -2.6042867    2.100583e-09      0.33038179         93.1823      0.12572833       0.6695215      0.24627362       0.2476068       2.2784039       7.1358083       443.78515       3.8675318        3.8675318       443.78515                                443.78515
              1       225.36393     0.023462749      0.10196555     0.010428055      0.10606003      -2.5517223    2.100583e-09      0.33108455       93.097982      0.12607249       0.6688188      0.24631223      0.24764555       2.2631728       7.1227655       442.99279       3.8675318        3.8675318       442.99279                                442.99279
              3       226.15661     0.023462011      0.10142672     0.010432103     0.093190533      -2.4725981    2.100583e-09      0.32947435       93.223117      0.12553292      0.67042906      0.24631193      0.24764525       2.2632907       7.1178599       444.57816       3.8675318        3.8675318       444.57816                                444.57816
              2        226.4957      0.02349515      0.10172682     0.010432289      0.08652536      -2.4826013    2.100583e-09      0.32813766       93.458595      0.12586616      0.67176639      0.24632529      0.24765866        2.258005       7.1149816       445.25634       3.8675318        3.8675318       445.25634                                445.25634
              1         225.843     0.023675627      0.10110943      0.01043204      0.14848214      -2.5393776    2.100583e-09      0.33826393       91.872481      0.12542924      0.66163682      0.24639807       0.2477317       2.2295337       7.0752329       443.95093       3.8675318        3.8675318       443.95093                                443.95093
              1       225.44079     0.023655831      0.10109709     0.010431438      0.14686553      -2.5384631    2.100583e-09      0.33801446       91.910694      0.12539712      0.66188633      0.24639005      0.24772366       2.2326308        7.078497       443.14652       3.8675318        3.8675318       443.14652                                443.14652
              2       225.52753     0.023642982      0.10095447     0.010431792      0.25113786      -2.7110063    2.100583e-09      0.35531882       89.622724      0.12524164      0.64457677      0.24638485      0.24771844       2.2346446       7.0818663       443.31999       3.8675318        3.8675318       443.31999                                443.31999
              5       226.88239     0.023823069       0.1008968     0.010430286       0.2987809      -2.8498847    2.100583e-09      0.35800532       89.216839      0.12536406      0.64188959      0.24645737      0.24779122       2.2066652       7.0446365       446.02971       3.8675318        3.8675318       446.02971                                446.02971
              1       227.28157     0.023853931      0.10099758     0.010430192      0.28752867      -2.8540768    2.100583e-09      0.35458709       89.654256       0.1254957      0.64530892      0.24646961       0.2478035       2.2019227       7.0387873       446.82809       3.8675318        3.8675318       446.82809                                446.82809
              2       227.78749     0.023798228      0.10074642      0.01042828      0.13283162      -2.4902336    2.100583e-09      0.33597791       92.074935      0.12518884      0.66392332      0.24644748      0.24778129       2.2104934       7.0466688       447.83991       3.8675318        3.8675318       447.83991                                447.83991
              4       227.52122     0.023786357      0.10132542     0.010428265      0.15845379      -2.5789143    2.100583e-09      0.33979504       91.668739      0.12575597      0.66010552      0.24644273      0.24777652       2.2123264       7.0560474       447.30738       3.8675318        3.8675318       447.30738                                447.30738
              1       225.53944     0.023532586      0.10177597     0.010431524      0.16623481      -2.5716226    2.100583e-09      0.34544565       91.083789      0.12595275      0.65445341      0.24634035      0.24767377       2.2520558       7.1133635       443.34381       3.8675318        3.8675318       443.34381                                443.34381
              1       226.60188     0.023186831      0.10191867      0.01042696      0.19582869      -2.7596287    2.100583e-09      0.34288865       91.566096      0.12574969        0.657011      0.24619861      0.24753151       2.3078944       7.1747762        445.4687       3.8675318        3.8675318        445.4687                                 445.4687
              3       225.82308     0.023199523      0.10230989     0.010428878      0.24562186      -2.9558489    2.100583e-09       0.3442499       91.453229      0.12615361      0.65564967      0.24620387       0.2475368       2.3058083       7.1747481        443.9111       3.8675318        3.8675318        443.9111                                 443.9111
              1       225.98792     0.023209145      0.10181561     0.010429072      0.22201308      -2.8389598    2.100583e-09      0.34334942       91.477854      0.12566895      0.65655003      0.24620787      0.24754081       2.3042287       7.1679436       444.24077       3.8675318        3.8675318       444.24077                                444.24077
              2       226.11646     0.023211219      0.10182257     0.010429098       0.2129197      -2.8217169    2.100583e-09      0.34198952       91.660147      0.12567798      0.65791033      0.24620873      0.24754168       2.3038885       7.1675119       444.49786       3.8675318        3.8675318       444.49786                                444.49786
              6       225.96478     0.023225926       0.1018523     0.010430519      0.22393626      -2.8374943    2.100583e-09      0.34378784        91.42066      0.12572242      0.65611153      0.24621484      0.24754781       2.3014777        7.165826       444.19449       3.8675318        3.8675318       444.19449                                444.19449
              1       225.42557     0.023239587      0.10237469     0.010425488      0.24435635      -2.9008995    2.100583e-09      0.34919455       90.801843      0.12625847      0.65070366      0.24622052      0.24755351       2.2992419       7.1698937       443.11608       3.8675318        3.8675318       443.11608                                443.11608
              3       225.65102     0.023269839      0.10200137     0.010424738      0.24443277      -2.8940456    2.100583e-09      0.34772937       90.913852       0.1259154      0.65216899      0.24623309      0.24756612       2.2943026       7.1580462       443.56698       3.8675318        3.8675318       443.56698                                443.56698
              1       224.89683     0.023329948      0.10168621     0.010425367      0.23980937      -2.8465576    2.100583e-09      0.34786446       90.817767      0.12566035      0.65203366      0.24625799      0.24759112       2.2845353       7.1432192       442.05859       3.8675318        3.8675318       442.05859                                442.05859
              2       224.47595     0.023434323      0.10212317     0.010424603      0.26933026      -2.9500191    2.100583e-09      0.35087126       90.473318      0.12620168      0.64902642      0.24630073      0.24763401       2.2677207       7.1280529       441.21684       3.8675318        3.8675318       441.21684                                441.21684
              1       224.56206     0.023425179      0.10215432      0.01042467      0.25893035      -2.9246353    2.100583e-09      0.34991206       90.606008       0.1262237      0.64998592      0.24629702      0.24763029       2.2691865       7.1304572       441.38906       3.8675318        3.8675318       441.38906                                441.38906
              3       222.95589     0.023474044      0.10219176     0.010428123      0.27693746       -2.989589    2.100583e-09      0.34934984        90.66937         0.12631      0.65054837      0.24631679      0.24765012       2.2613694       7.1210353       438.17671       3.8675318        3.8675318       438.17671                                438.17671
             13       222.85707     0.023479292      0.10215945     0.010428374      0.28080804       -2.993525    2.100583e-09      0.34993629       90.585693      0.12628294      0.64996173       0.2463189      0.24765225       2.2605322        7.119776       437.97908       3.8675318        3.8675318       437.97908                                437.97908
              1       223.08002     0.023481215      0.10228766     0.010428146      0.27056247      -2.9744594    2.100583e-09      0.34910596        90.71625      0.12641306       0.6507924      0.24631968      0.24765303       2.2602254       7.1212719       438.42497       3.8675318        3.8675318       438.42497                                438.42497
              5       223.17334     0.023459631      0.10205345     0.010429626      0.24035908      -2.8620875    2.100583e-09      0.34716121       90.934061      0.12615727      0.65273752      0.24631097      0.24764429        2.263671       7.1241972       438.61161       3.8675318        3.8675318       438.61161                                438.61161
              2       225.52891       0.0232377      0.10255965     0.010430812      0.28110664      -2.9232503    2.100583e-09      0.35819342       89.688166      0.12644154      0.64170232      0.24621973      0.24755272       2.2995506       7.1773023       443.32276       3.8675318        3.8675318       443.32276                                443.32276
              5       225.24512      0.02330479      0.10222672     0.010431035      0.22925452      -2.7764327    2.100583e-09      0.35183155       90.412006      0.12617571      0.64806583      0.24624758      0.24758067       2.2886157       7.1605609       442.75518       3.8675318        3.8675318       442.75518                                442.75518
              1       225.04266     0.023467718      0.10184176      0.01042813      0.16950688       -2.755723    2.100583e-09       0.3334382         92.7438      0.12595367      0.66646437      0.24631423      0.24764756       2.2623791       7.1163417       442.35026       3.8675318        3.8675318       442.35026                                442.35026
              3       225.09309      0.02348026      0.10175331     0.010427961      0.16119116      -2.7252686    2.100583e-09      0.33281848        92.80913      0.12587777      0.66708421      0.24631929      0.24765264       2.2603777       7.1130833       442.45111       3.8675318        3.8675318       442.45111                                442.45111
              2         223.762     0.023619333      0.10126032     0.010431045      0.26175432      -2.8692114    2.100583e-09      0.34763507       90.672324      0.12552384      0.65226301      0.24637529      0.24770884       2.2383578       7.0832041       439.78894       3.8675318        3.8675318       439.78894                                439.78894
              2       223.17422     0.023602657      0.10116713     0.010429326      0.29397147      -2.9061134    2.100583e-09      0.35456622       89.770072      0.12541398      0.64532974      0.24636855      0.24770208       2.2409815        7.086393       438.61338       3.8675318        3.8675318       438.61338                                438.61338
              3       223.29371     0.023596881      0.10136295     0.010429299      0.27979038      -2.8708235    2.100583e-09      0.35416779       89.858398      0.12560402      0.64572844      0.24636622      0.24769974       2.2418914       7.0908937       438.85235       3.8675318        3.8675318       438.85235                                438.85235
              1       225.75889     0.023671748      0.10081785     0.010427767       0.2561512      -2.7303719    2.100583e-09      0.35545194       89.571438      0.12513379      0.64444352       0.2463965      0.24773013       2.2301401       7.0729271       443.78272       3.8675318        3.8675318       443.78272                                443.78272
              3        225.9285     0.023673035       0.1010942       0.0104274      0.24545276      -2.7213232    2.100583e-09      0.35446645       89.746247      0.12541143      0.64542953      0.24639702      0.24773065       2.2299389       7.0761857       444.12194       3.8675318        3.8675318       444.12194                                444.12194
              2       223.56893     0.023498775      0.10186631     0.010426645      0.26882963      -2.8832397    2.100583e-09      0.35372733        90.03894      0.12600928      0.64616936      0.24632675      0.24766012        2.257428       7.1152729       439.40279       3.8675318        3.8675318       439.40279                                439.40279
              3       223.69763      0.02341791      0.10187576     0.010428589      0.21407207      -2.7486448    2.100583e-09      0.34763358       90.853483      0.12593786      0.65226483      0.24629407      0.24762732       2.2703527       7.1321556        439.6602       3.8675318        3.8675318        439.6602                                 439.6602
              1       223.63569     0.023460676      0.10188587     0.010429007      0.21035966      -2.7395889    2.100583e-09      0.34698779       90.925493      0.12599073      0.65291086      0.24631139      0.24764471        2.263504        7.124216       439.53633       3.8675318        3.8675318       439.53633                                439.53633
              6       224.59301     0.023373258      0.10275531     0.010429506      0.22641483      -2.9299094    2.100583e-09      0.34210126       91.763442      0.12677276      0.65779942      0.24627583      0.24760902        2.277536       7.1474383       441.45096       3.8675318        3.8675318       441.45096                                441.45096
              8       225.19358     0.023489444      0.10056376     0.010430251      0.29084902      -2.9749771    2.100583e-09      0.34497888       90.933929      0.12469739       0.6549193      0.24632299      0.24765635       2.2589139       7.0941969       442.65211       3.8675318        3.8675318       442.65211                                442.65211
              1       225.29533     0.023521961      0.10049327     0.010430475      0.26794306      -2.9090168    2.100583e-09      0.34266932       91.215696      0.12465942      0.65722952      0.24633607      0.24766948       2.2537419       7.0877139        442.8556       3.8675318        3.8675318        442.8556                                 442.8556
              1       225.36968     0.023495489      0.10014053     0.010429615      0.26512508      -2.8516147    2.100583e-09      0.34477684       90.879064      0.12428021      0.65512106      0.24632543      0.24765879       2.2579511       7.0896829        443.0043       3.8675318        3.8675318        443.0043                                 443.0043
             11        224.6638     0.023439485      0.10045416     0.010430572      0.27975243      -2.8764542    2.100583e-09      0.34897866       90.407333      0.12453784      0.65091822      0.24630282      0.24763611       2.2668938       7.1060795       441.59253       3.8675318        3.8675318       441.59253                                441.59253
             12       225.71573     0.023463959      0.10007957     0.010430514      0.27194736      -2.8548885    2.100583e-09      0.34616407       90.695727      0.12418772      0.65373335      0.24631272      0.24764604       2.2629794       7.0955361        443.6964       3.8675318        3.8675318        443.6964                                 443.6964
              1       225.00042     0.023445923      0.10029576     0.010430272      0.26937903      -2.8436616    2.100583e-09      0.34761815       90.552306      0.12438587        0.652279      0.24630543      0.24763872       2.2658631       7.1027872       442.26578       3.8675318        3.8675318       442.26578                                442.26578
              1       224.98343     0.023509071      0.10007888     0.010429982      0.26762902      -2.8163016    2.100583e-09      0.34792566       90.450801      0.12423215      0.65197127      0.24633089      0.24766428       2.2557901        7.088525        442.2318       3.8675318        3.8675318        442.2318                                 442.2318
              7       224.95271     0.023504369      0.10011565     0.010429661      0.26180862      -2.8089574    2.100583e-09      0.34703261       90.575627      0.12426421      0.65286462        0.246329      0.24766238       2.2565378        7.089645       442.17035       3.8675318        3.8675318       442.17035                                442.17035
              3       226.06369     0.023449213      0.10034007     0.010432798      0.25141473      -2.7975007    2.100583e-09      0.34541224        90.84823      0.12443348       0.6544856      0.24630676      0.24764006       2.2653368       7.1037751       444.39231       3.8675318        3.8675318       444.39231                                444.39231
              2       225.39185     0.023376364      0.10113766     0.010431725      0.23556904      -2.8451739    2.100583e-09      0.34176823       91.505785      0.12515822      0.65813127       0.2462771      0.24761029       2.2770352       7.1260108       443.04865       3.8675318        3.8675318       443.04865                                443.04865
              8       225.65846     0.023345865      0.10130041     0.010432057      0.27020672      -2.9516529    2.100583e-09      0.34480367       91.142749      0.12529047      0.65509505      0.24626456      0.24759771       2.2819592       7.1330601       443.58185       3.8675318        3.8675318       443.58185                                443.58185
              1       224.23391     0.023471359      0.10124155     0.010431778      0.20976849      -2.7325091    2.100583e-09      0.34304653       91.322676       0.1253571      0.65685276       0.2463157      0.24764904       2.2617979       7.1125455       440.73276       3.8675318        3.8675318       440.73276                                440.73276
              3       224.18719     0.023316818      0.10221469      0.01042897      0.30808926      -2.9521952    2.100583e-09      0.36239694       89.078162       0.1261757      0.63749736      0.24625256      0.24758567       2.2866634       7.1574606       440.63931       3.8675318        3.8675318       440.63931                                440.63931
              2       224.02456     0.023351659      0.10204613     0.010429367       0.3038816      -2.9272565    2.100583e-09      0.36190509       89.096681      0.12604198      0.63798924      0.24626695       0.2476001       2.2810226       7.1488632       440.31405       3.8675318        3.8675318       440.31405                                440.31405
             10       223.89319     0.023374188      0.10222603     0.010428469      0.25962434      -2.8509703    2.100583e-09      0.35554891       89.914845      0.12624441      0.64434744      0.24627621       0.2476094        2.277386       7.1461401       440.05131       3.8675318        3.8675318       440.05131                                440.05131
             10       223.71932     0.023392147      0.10256064     0.010429194      0.27796513      -2.9198303    2.100583e-09      0.35726905       89.752915      0.12659698      0.64262709      0.24628356      0.24761678       2.2744932       7.1467322       439.70358       3.8675318        3.8675318       439.70358                                439.70358
              1       225.19367     0.023574543      0.10196246     0.010432519      0.26038351      -2.8093808    2.100583e-09      0.35573072        89.77757       0.1261812      0.64416553      0.24635722       0.2476907       2.2454152       7.1065222       442.65228       3.8675318        3.8675318       442.65228                                442.65228
              7       225.57943     0.023546237      0.10191506     0.010432757      0.25120794       -2.770696    2.100583e-09      0.35584367       89.764011      0.12610548      0.64405248      0.24634583      0.24767928        2.249892       7.1122862        443.4238       3.8675318        3.8675318        443.4238                                 443.4238
              2        229.8193      0.02357261      0.10244985     0.010428614      0.19479046      -2.5918814    2.100583e-09      0.35694935        89.71324      0.12666665      0.64294694      0.24635644      0.24768992       2.2457205       7.1184947       451.90354       3.8675318        3.8675318       451.90354                                451.90354
              1       229.19537     0.023463502      0.10280871     0.010427715      0.15126483      -2.5399751    2.100583e-09      0.35038644       90.651495       0.1269164      0.64951196      0.24631253      0.24764586       2.2630525        7.142503       450.65568       3.8675318        3.8675318       450.65568                                450.65568
              5       228.64344     0.023603263      0.10268134     0.010426218       0.1645882       -2.615623    2.100583e-09      0.34744742       90.963851       0.1269288      0.65245184      0.24636879      0.24770232       2.2408861       7.1106227       449.55181       3.8675318        3.8675318       449.55181                                449.55181
              2       226.13125     0.023632745      0.10191834     0.010427133      0.14092022      -2.5882845    2.100583e-09      0.33790098       92.087822      0.12619527      0.66200048      0.24638071      0.24771428       2.2362508       7.0915384       444.52744       3.8675318        3.8675318       444.52744                                444.52744
              7       225.97933      0.02371589      0.10214399     0.010430075      0.23050983      -2.8136505    2.100583e-09       0.3472728        90.85059      0.12650407      0.65262617      0.24641436      0.24774805       2.2232539       7.0783017       444.22359       3.8675318        3.8675318       444.22359                                444.22359
              1       225.79534      0.02337394      0.10282705     0.010429685      0.13902956      -2.6820035    2.100583e-09      0.33547923       92.677834      0.12684518      0.66442343      0.24627611       0.2476093        2.277426       7.1511881       443.85562       3.8675318        3.8675318       443.85562                                443.85562
              2       226.17179     0.023544049      0.10200983     0.010427828      0.14382619      -2.7124816    2.100583e-09      0.32986272       93.250732      0.12619807      0.67004108      0.24634495      0.24767839       2.2502387       7.1036977       444.60851       3.8675318        3.8675318       444.60851                                444.60851
              5       226.42551     0.023513103      0.10185388     0.010427416      0.12311051      -2.6556303    2.100583e-09      0.32749702       93.567958      0.12601118      0.67240734      0.24633251      0.24766591       2.2551492       7.1075855       445.11595       3.8675318        3.8675318       445.11595                                445.11595
              1       226.09724     0.023497893      0.10215999     0.010427578      0.12744631      -2.6707914    2.100583e-09      0.32930711       93.373634      0.12630207      0.67059694      0.24632639      0.24765977       2.2575684       7.1152316       444.45941       3.8675318        3.8675318       444.45941                                444.45941
              1       227.64927     0.023443389        0.102282     0.010426877     0.067244349      -2.5385836    2.100583e-09      0.32283439       94.347282      0.12636958       0.6770716       0.2463044       0.2476377       2.2662687        7.127578       447.56348       3.8675318        3.8675318       447.56348                                447.56348
              3       227.02514     0.023572109      0.10121886     0.010426133     0.078819701      -2.3856875    2.100583e-09      0.33204026       92.785328      0.12543516      0.66786233      0.24635624      0.24768972       2.2457996       7.0957375       446.31522       3.8675318        3.8675318       446.31522                                446.31522
              4       226.42316     0.023551595      0.10196533     0.010424683      0.17288765      -2.6673301    2.100583e-09      0.34253897       91.498217      0.12616111      0.65736111      0.24634799      0.24768144       2.2490437       7.1067483       445.11126       3.8675318        3.8675318       445.11126                                445.11126
              2       226.99978     0.023580374      0.10196247     0.010424598      0.16308531       -2.638052    2.100583e-09      0.34177895        91.58969      0.12618703      0.65812137      0.24635957      0.24769306       2.2444946       7.1016388        446.2645       3.8675318        3.8675318        446.2645                                 446.2645
              5        226.7731     0.023579088      0.10219408     0.010425122      0.15610565      -2.6492276    2.100583e-09       0.3399347       91.881339      0.12641736      0.65996634      0.24635905      0.24769254       2.2446975       7.1042591       445.81114       3.8675318        3.8675318       445.81114                                445.81114
              1       228.26971     0.023767036      0.10204709     0.010430601      0.18626248      -2.6377964    2.100583e-09      0.34694767       90.858366      0.12645832      0.65295136      0.24643498      0.24776875       2.2153146       7.0717145       448.80436       3.8675318        3.8675318       448.80436                                448.80436
              4       226.92169      0.02369781      0.10179115     0.010431465      0.19002445      -2.6194633    2.100583e-09      0.34827146       90.661427      0.12613315      0.65162692      0.24640705      0.24774071       2.2260706       7.0824158       446.10831       3.8675318        3.8675318       446.10831                                446.10831
              1        226.7652     0.023661324      0.10079452     0.010433736      0.17182379      -2.5362928    2.100583e-09      0.34363353       91.097807      0.12510004      0.65626538      0.24639228      0.24772589       2.2317709        7.076566       445.79533       3.8675318        3.8675318       445.79533                                445.79533
              2       227.52591     0.023651129      0.10103982     0.010435195      0.21583392      -2.6512377    2.100583e-09      0.34879472       90.470142      0.12533514      0.65110286      0.24638815      0.24772175       2.2333674       7.0813625       447.31675       3.8675318        3.8675318       447.31675                                447.31675
              1       228.13751     0.023643249      0.10102328     0.010435948      0.21748906      -2.6604428    2.100583e-09      0.34829273       90.534861      0.12531072      0.65160498      0.24638496      0.24771854       2.2346028       7.0823798       448.53996       3.8675318        3.8675318       448.53996                                448.53996
              1       228.06049     0.023640463      0.10102199     0.010435924      0.22017468      -2.6674957    2.100583e-09      0.34855487       90.501492      0.12530664      0.65134277      0.24638383      0.24771741       2.2350397        7.082801       448.38591       3.8675318        3.8675318       448.38591                                448.38591
              2       228.49836     0.023492943      0.10043781     0.010434016     0.069315784      -2.3560919    2.100583e-09      0.32567936       93.563988      0.12457494      0.67422442       0.2463244      0.24765777       2.2583564       7.1003489       449.26166       3.8675318        3.8675318       449.26166                                449.26166
              3        228.8356     0.023497751      0.10056219     0.010433011       0.0794401      -2.4557896    2.100583e-09      0.32168383       94.165686      0.12470413      0.67822123      0.24632634      0.24765971       2.2575909       7.0964006       449.93614       3.8675318        3.8675318       449.93614                                449.93614
              2       226.03632     0.023468727      0.10198955     0.010429089     0.083807616      -2.5216248    2.100583e-09      0.32667668       93.726471      0.12610247      0.67322798      0.24631464      0.24764797        2.262218       7.1211892       444.33757       3.8675318        3.8675318       444.33757                                444.33757
              2       226.50394     0.023316294      0.10168288     0.010428706     0.085542073      -2.4415017    2.100583e-09      0.33250983        92.89498      0.12564336      0.66739277      0.24625235      0.24758545       2.2867485        7.150372       445.27281       3.8675318        3.8675318       445.27281                                445.27281
              1       226.47453     0.023337012      0.10129045     0.010431708      0.12824252      -2.5061103    2.100583e-09      0.33725362       92.158437      0.12527165       0.6626473      0.24626091      0.24759404       2.2833914       7.1421694         445.214       3.8675318        3.8675318         445.214                                  445.214
              1       224.71703     0.023399369      0.10149009     0.010430814      0.24898231      -2.7540362    2.100583e-09      0.35530719       89.802552      0.12553365      0.64458865      0.24628651      0.24761974       2.2733314       7.1339146         441.699       3.8675318        3.8675318         441.699                                  441.699
              1       224.45287     0.023357434      0.10151577     0.010430625      0.26607458       -2.815179    2.100583e-09       0.3559736       89.737049       0.1255174      0.64392202      0.24626932      0.24760249       2.2800896       7.1409921       441.17067       3.8675318        3.8675318       441.17067                                441.17067
              2       223.76265     0.023463513      0.10154158      0.01042898      0.30129461      -2.8840695    2.100583e-09      0.36142469       89.027653      0.12564928      0.63846945      0.24631254      0.24764586       2.2630507       7.1210965       439.79024       3.8675318        3.8675318       439.79024                                439.79024
              5       223.48611      0.02340444      0.10122657     0.010427632      0.32966468      -2.9774704    2.100583e-09      0.36146497       88.984719       0.1252752      0.63842884      0.24628858      0.24762182       2.2725163       7.1253028       439.23716       3.8675318        3.8675318       439.23716                                439.23716
              1        224.1762     0.023433315      0.10107911      0.01042783      0.19840804      -2.6865355    2.100583e-09      0.34355393       91.237617      0.12515661      0.65634505      0.24630032       0.2476336       2.2678823       7.1176875       440.61734       3.8675318        3.8675318       440.61734                                440.61734
              5        224.0347     0.023447083      0.10109587     0.010427926      0.20015341       -2.693184    2.100583e-09       0.3435614       91.235166      0.12518714       0.6563376       0.2463059       0.2476392       2.2656775       7.1151689       440.33434       3.8675318        3.8675318       440.33434                                440.33434
              6       224.39435     0.023531196      0.10090616     0.010427781      0.21906144      -2.6839623    2.100583e-09      0.34879087       90.485489      0.12508155       0.6511065      0.24633979      0.24767321       2.2522762       7.0989343       441.05364       3.8675318        3.8675318       441.05364                                441.05364
              3       224.54353     0.023531707       0.1009311     0.010427696      0.20672569      -2.6554463    2.100583e-09      0.34747079       90.661679        0.125107        0.652427      0.24633999      0.24767341       2.2521952       7.0993425         441.352       3.8675318        3.8675318         441.352                                  441.352
             16       223.22287     0.023479149      0.10161365      0.01043046      0.30491816      -2.9189509    2.100583e-09      0.35963374       89.257037      0.12573699      0.64026099      0.24631884      0.24765219       2.2605549       7.1180245       438.71067       3.8675318        3.8675318       438.71067                                438.71067
              4       224.17272     0.023605082      0.10154971     0.010429065      0.27232204      -2.8229878    2.100583e-09      0.35682181       89.555006      0.12579898       0.6430738      0.24636953      0.24770306       2.2405997       7.0941041       440.61037       3.8675318        3.8675318       440.61037                                440.61037
              1       223.26027     0.023492103      0.10192442     0.010426683      0.28261225      -2.9333691    2.100583e-09      0.35429023       89.980212      0.12606072      0.64560634      0.24632406      0.24765743       2.2584902       7.1164493       438.78548       3.8675318        3.8675318       438.78548                                438.78548
              6       222.99348     0.023471158      0.10200891     0.010427065        0.295239       -2.964285    2.100583e-09      0.35615488       89.766658      0.12612425       0.6437412      0.24631562      0.24764896         2.26183       7.1217572       438.25189       3.8675318        3.8675318       438.25189                                438.25189
             11       223.32818     0.023391761      0.10172574     0.010426587      0.28131518      -2.9569097    2.100583e-09      0.35138143        90.34875      0.12576169      0.64851575      0.24628341      0.24761662       2.2745553       7.1311385       438.92129       3.8675318        3.8675318       438.92129                                438.92129
              3       222.87529     0.023457069      0.10170632     0.010428058      0.27597882      -2.8985923    2.100583e-09      0.35359782       90.039927      0.12580758      0.64629874      0.24630993      0.24764325       2.2640805       7.1209625       438.01551       3.8675318        3.8675318       438.01551                                438.01551
             14        223.5311     0.023442756      0.10208634     0.010426714      0.28465869      -2.9219916    2.100583e-09      0.35693718       89.691705      0.12617329      0.64295871      0.24630415      0.24763744       2.2663702       7.1294211       439.32714       3.8675318        3.8675318       439.32714                                439.32714
              3       223.74095      0.02344647      0.10203766     0.010426573      0.27624576      -2.8946809    2.100583e-09      0.35628924        89.76313      0.12612832      0.64360681      0.24630565      0.24763895       2.2657756       7.1283588       439.74685       3.8675318        3.8675318       439.74685                                439.74685
              3        222.6406     0.023504034      0.10178079     0.010427924      0.29661109      -2.9722475    2.100583e-09      0.35429007       89.950027      0.12592902      0.64560639      0.24632886      0.24766225       2.2565912       7.1116344       437.54613       3.8675318        3.8675318       437.54613                                437.54613
              2       223.05796     0.023506818      0.10191487       0.0104272      0.27622399      -2.9483089    2.100583e-09      0.35091089       90.405788      0.12606588      0.64898667      0.24632998      0.24766337       2.2561483       7.1120561       438.38086       3.8675318        3.8675318       438.38086                                438.38086
             10       223.62326     0.023532457      0.10216398     0.010428639      0.31734263      -2.9724542    2.100583e-09      0.36248671       88.987088      0.12634063       0.6374077      0.24634029      0.24767372       2.2520763       7.1149501       439.51146       3.8675318        3.8675318       439.51146                                439.51146
              2       223.52488     0.023531777      0.10212068     0.010428635      0.31962794      -2.9771358    2.100583e-09      0.36257724       88.968399      0.12629664      0.63731711      0.24634002      0.24767344       2.2521841        7.114396       439.31469       3.8675318        3.8675318       439.31469                                439.31469
              1       224.76638     0.023570582      0.10188981     0.010433177      0.30906988      -2.9387423    2.100583e-09      0.35973313       89.264872      0.12610458      0.64016188      0.24635563       0.2476891       2.2460408        7.104931       441.79769       3.8675318        3.8675318       441.79769                                441.79769
              1       225.26395     0.023497402      0.10160173     0.010433162      0.27028235      -2.8048191    2.100583e-09      0.35734281       89.534528      0.12574333       0.6425526       0.2463262      0.24765957       2.2576465       7.1170641       442.79284       3.8675318        3.8675318       442.79284                                442.79284
              3        224.7476     0.023525681      0.10158388     0.010432325      0.18149443      -2.6494376    2.100583e-09      0.34258486       91.429868      0.12575375      0.65731488      0.24633757      0.24767098       2.2531514        7.109065       441.76014       3.8675318        3.8675318       441.76014                                441.76014
              1       224.03926     0.023559873      0.10161403     0.010430612      0.18979756      -2.7108669    2.100583e-09      0.34067604       91.679777      0.12581809      0.65922431      0.24635132      0.24768478       2.2477338       7.1002296       440.34346       3.8675318        3.8675318       440.34346                                440.34346
              7       223.98353     0.023546887      0.10164959     0.010430611      0.19127479      -2.7194068    2.100583e-09      0.34069719       91.687939      0.12584067      0.65920317       0.2463461      0.24767954        2.249789       7.1029883       440.23201       3.8675318        3.8675318       440.23201                                440.23201
              2       223.87028     0.023544685      0.10146225      0.01043082      0.19695366      -2.7095549    2.100583e-09      0.34212299       91.462501      0.12565113       0.6577768      0.24634521      0.24767865       2.2501378       7.1016562       440.00549       3.8675318        3.8675318       440.00549                                440.00549
              3       223.82825     0.023544162      0.10147338     0.010430639      0.19628446      -2.7070075    2.100583e-09      0.34223362       91.449967      0.12566173      0.65766615        0.246345      0.24767844       2.2502207       7.1019636       439.92143       3.8675318        3.8675318       439.92143                                439.92143
              1       223.68544      0.02350642       0.1018779     0.010430478       0.2116858      -2.7577971    2.100583e-09      0.34531281       91.128946      0.12602851      0.65458636      0.24632982      0.24766321       2.2562116       7.1147348       439.63582       3.8675318        3.8675318       439.63582                                439.63582
              4       224.23415     0.023476132       0.1021738     0.010429999       0.1749469      -2.7141574    2.100583e-09      0.33954643        91.96491      0.12629413      0.66035463      0.24631763      0.24765097       2.2610362       7.1232867       440.73324       3.8675318        3.8675318       440.73324                                440.73324
              1       224.08531     0.023477629      0.10206347     0.010430763      0.21079874      -2.8205114    2.100583e-09      0.34120328       91.720334      0.12618529       0.6586972      0.24631823      0.24765157       2.2607973       7.1198832       440.43555       3.8675318        3.8675318       440.43555                                440.43555
              5       226.91464     0.023364708      0.10292028     0.010425298      0.19836304      -2.9254744    2.100583e-09       0.3363341       92.580503      0.12692918      0.66356838      0.24627232      0.24760549       2.2789153       7.1483403       446.09422       3.8675318        3.8675318       446.09422                                446.09422
              2       224.39058     0.023301474      0.10288776     0.010427494      0.25634898      -2.9252382    2.100583e-09       0.3529771       90.386879      0.12683343      0.64692048      0.24624621      0.24757929       2.2891543       7.1666993       441.04609       3.8675318        3.8675318       441.04609                                441.04609
              2       224.33113     0.023304363      0.10296786      0.01042859      0.25493232      -2.9327148    2.100583e-09       0.3521098       90.511736      0.12691642      0.64778809      0.24624741      0.24758049       2.2886851       7.1671239       440.92721       3.8675318        3.8675318       440.92721                                440.92721
              4       224.30641     0.023288758      0.10286183     0.010428749      0.25243066      -2.9297713    2.100583e-09      0.35101721       90.638427      0.12679478       0.6488809      0.24624094        0.247574       2.2912216       7.1683345       440.87776       3.8675318        3.8675318       440.87776                                440.87776
              2       224.32144     0.023423453      0.10130217     0.010426897      0.22762347      -2.7403181    2.100583e-09      0.34970283       90.476531      0.12536982      0.65019451      0.24629632      0.24762958       2.2694634       7.1235734       440.90781       3.8675318        3.8675318       440.90781                                440.90781
              5       224.58077     0.023483551       0.1008833     0.010427292      0.32221271      -2.9017065    2.100583e-09      0.36321612       88.681743      0.12501105      0.63667695      0.24632062      0.24765397       2.2598531       7.1078689       441.42648       3.8675318        3.8675318       441.42648                                441.42648
              2        224.4318     0.023467391      0.10031861     0.010429186      0.33576579      -2.9459237    2.100583e-09      0.36020489       88.953391      0.12443019      0.63968858       0.2463141      0.24764743       2.2624313       7.1012815       441.12854       3.8675318        3.8675318       441.12854                                441.12854
              4       224.44239     0.023489995      0.10026362     0.010429386      0.33303415      -2.9336394    2.100583e-09      0.35991369       88.971931      0.12439781      0.63997983      0.24632321      0.24765657       2.2588261       7.0964861       441.14972       3.8675318        3.8675318       441.14972                                441.14972
              2       225.02306      0.02330569      0.10100099     0.010429503      0.25582468      -2.8209399    2.100583e-09       0.3499869       90.423115      0.12495088      0.64991002      0.24624796      0.24758104       2.2884695       7.1407892       442.31106       3.8675318        3.8675318       442.31106                                442.31106
              1        225.3743      0.02331206      0.10166735     0.010431805      0.29088958       -2.874082    2.100583e-09      0.35959435       89.326661       0.1256236      0.64030031      0.24625059      0.24758369       2.2874354       7.1522048       443.01353       3.8675318        3.8675318       443.01353                                443.01353
              2       224.04212     0.023377402      0.10165209     0.010432108      0.31946284      -2.9719193    2.100583e-09      0.36005334       89.245425      0.12567368      0.63984123      0.24627753      0.24761072       2.2768679       7.1373891       440.34917       3.8675318        3.8675318       440.34917                                440.34917
              1       224.13367     0.023373774      0.10165854      0.01043222      0.32261182      -2.9788657    2.100583e-09      0.36048852        89.19391       0.1256765      0.63940592      0.24627604      0.24760923       2.2774527       7.1382144       440.53228       3.8675318        3.8675318       440.53228                                440.53228
              2       226.89459     0.023153467      0.10229521     0.010430761       0.2653975      -2.9837934    2.100583e-09      0.34760618        91.02353      0.12609287      0.65229236      0.24618477      0.24751763       2.3133921        7.184695       446.05412       3.8675318        3.8675318       446.05412                                446.05412
              6       228.03457     0.023172033       0.1021156     0.010432738      0.27441217      -2.9997165    2.100583e-09       0.3474554       91.003803      0.12593182      0.65244306      0.24619247      0.24752535       2.3103304       7.1786264       448.33408       3.8675318        3.8675318       448.33408                                448.33408
              1       228.33484     0.023165488      0.10205122     0.010432843      0.27353699      -2.9931471    2.100583e-09      0.34733873       91.009391       0.1258609      0.65255971      0.24618975      0.24752263       2.3114089       7.1790932       448.93463       3.8675318        3.8675318       448.93463                                448.93463
              1       227.76663     0.023221718      0.10191041     0.010432871      0.21651993      -2.8322371    2.100583e-09      0.34169186       91.712904      0.12577632      0.65820816      0.24621309      0.24754605       2.3021671       7.1674691        447.7982       3.8675318        3.8675318        447.7982                                 447.7982
              5       225.74544     0.023364905      0.10092075     0.010432581      0.27121073      -2.8964963    2.100583e-09      0.34712615       90.760265      0.12492985      0.65277159       0.2462724      0.24760557       2.2788834       7.1262796       443.75581       3.8675318        3.8675318       443.75581                                443.75581
              6       225.44244     0.023780038      0.10079278     0.010430008      0.30730474      -2.9085313    2.100583e-09      0.35549815       89.525765      0.12521701      0.64439737       0.2464402      0.24777398        2.213303       7.0485929       443.14982       3.8675318        3.8675318       443.14982                                443.14982
              1       225.20058     0.023767885      0.10085257     0.010429836       0.3111992      -2.9216938    2.100583e-09      0.35605888       89.470152      0.12526465      0.64383651      0.24643532      0.24776909       2.2151831        7.051524       442.66609       3.8675318        3.8675318       442.66609                                442.66609
              4       223.72217     0.023644454      0.10128909     0.010428818      0.29212092      -2.8927083    2.100583e-09      0.35571919       89.633121      0.12557774      0.64417656      0.24638545      0.24771903       2.2344138       7.0808715       439.70928       3.8675318        3.8675318       439.70928                                439.70928
              2       224.33053     0.023656383      0.10092183     0.010427622      0.28377954      -2.8563463    2.100583e-09      0.35432587       89.737816      0.12522241      0.64556999      0.24639028      0.24772388       2.2325444       7.0735043         440.926       3.8675318        3.8675318         440.926                                  440.926
              1       222.71284     0.023504785      0.10165495     0.010428039      0.28644172      -2.9567786    2.100583e-09      0.35167756       90.260149      0.12580393      0.64821956      0.24632917      0.24766255       2.2564716       7.1090998       437.69062       3.8675318        3.8675318       437.69062                                437.69062
              4       223.28708     0.023516804      0.10079586     0.010430388       0.3178125      -2.9804731    2.100583e-09      0.35392189       89.811552      0.12495686      0.64597388        0.246334       0.2476674       2.2545611       7.0956763        438.8391       3.8675318        3.8675318        438.8391                                 438.8391
              8       223.28074     0.023522945      0.10111939       0.0104307      0.30126078      -2.9827312    2.100583e-09      0.35036127       90.324678      0.12528652      0.64953582      0.24633647      0.24766988       2.2535857       7.0977535       438.82641       3.8675318        3.8675318       438.82641                                438.82641
             18       222.90199     0.023433149        0.101187     0.010429126       0.3130916      -2.9976255    2.100583e-09      0.35396973       89.905165      0.12526435      0.64592628      0.24630025      0.24763353       2.2679088       7.1163564       438.06891       3.8675318        3.8675318       438.06891                                438.06891
              7       223.47145     0.023415262      0.10151844     0.010429433      0.23872952      -2.8521483    2.100583e-09      0.34472141       91.170928       0.1255779      0.65517757      0.24629299      0.24762624       2.2707778       7.1243104       439.20784       3.8675318        3.8675318       439.20784                                439.20784
              5       223.34255     0.023453311      0.10139692     0.010430106      0.24428389      -2.8473443    2.100583e-09       0.3457672       90.997667      0.12549442       0.6541314      0.24630842      0.24764172       2.2646812       7.1160403       438.95003       3.8675318        3.8675318       438.95003                                438.95003
             22       223.13508     0.023412254      0.10132392     0.010429748      0.28114053      -2.9231993    2.100583e-09      0.35081944       90.340154      0.12538036      0.64907758      0.24629177      0.24762501       2.2712609       7.1229526       438.53509       3.8675318        3.8675318       438.53509                                438.53509
              6       223.02554     0.023416918      0.10139585     0.010429633      0.27807343      -2.9143381    2.100583e-09      0.35100084       90.328549      0.12545696       0.6488962      0.24629366      0.24762692        2.270512       7.1233216       438.31601       3.8675318        3.8675318       438.31601                                438.31601
              4       223.24182     0.023398885      0.10153986     0.010429681      0.26192966      -2.8972363    2.100583e-09      0.34831111       90.709321      0.12558294      0.65158682      0.24628632      0.24761954       2.2734092       7.1281806       438.74858       3.8675318        3.8675318       438.74858                                438.74858
             16       225.04553     0.023451483       0.1011045     0.010432153      0.24181379       -2.859155    2.100583e-09      0.34194082       91.451255      0.12520017      0.65795867      0.24630768      0.24764098       2.2649737       7.1110765       442.35599       3.8675318        3.8675318       442.35599                                442.35599
              1       224.91544     0.023571993      0.10179573     0.010431061      0.19222123      -2.7772611    2.100583e-09      0.33704084       92.202842      0.12601191      0.66286072      0.24635619      0.24768967       2.2458179       7.0976453       442.09581       3.8675318        3.8675318       442.09581                                442.09581
              1       225.56922       0.0235897      0.10161928      0.01043204      0.16703777      -2.6945488    2.100583e-09      0.33465895        92.49118      0.12585317      0.66524319      0.24636332      0.24769683       2.2430233       7.0930634       443.40337       3.8675318        3.8675318       443.40337                                443.40337
              2       225.56941     0.023673571      0.10145163     0.010433311      0.28094044      -2.8467465    2.100583e-09      0.35559166       89.669387       0.1257694      0.64430428      0.24639724      0.24773087       2.2298552       7.0800739       443.40376       3.8675318        3.8675318       443.40376                                443.40376
              1       225.79294     0.023712287      0.10106664     0.010433371      0.29645721      -2.8640419    2.100583e-09      0.35669586       89.447526      0.12542312      0.64319948       0.2464129      0.24774659       2.2238149        7.067557       443.85081       3.8675318        3.8675318       443.85081                                443.85081
              1       225.79193     0.023712296      0.10106621     0.010433368      0.29638174      -2.8637957    2.100583e-09      0.35669101       89.448051       0.1254227      0.64320433      0.24641291       0.2477466       2.2238134       7.0675525        443.8488       3.8675318        3.8675318        443.8488                                 443.8488
              3       224.31344      0.02358389      0.10091653     0.010432785       0.3152413      -2.9127549    2.100583e-09       0.3584109        89.24758      0.12514461       0.6414837      0.24636098      0.24769448       2.2439397       7.0888208       440.89182       3.8675318        3.8675318       440.89182                                440.89182
              5       224.60111     0.023578541      0.10102432     0.010431707      0.20845359      -2.6561226    2.100583e-09      0.34722085       90.696102      0.12524706      0.65267712      0.24635883      0.24769232       2.2447838       7.0929005       441.46716       3.8675318        3.8675318       441.46716                                441.46716
              1        224.4098     0.023552448      0.10132039     0.010429212       0.1561137      -2.5741711    2.100583e-09      0.34016754       91.695841      0.12551702      0.65973272      0.24634833      0.24768178       2.2489086       7.1003122       441.08454       3.8675318        3.8675318       441.08454                                441.08454
              2       224.41093     0.023552641      0.10132041     0.010429212        0.156112      -2.5741226    2.100583e-09      0.34017027       91.695413      0.12551725      0.65972999      0.24634841      0.24768186        2.248878       7.1002785       441.08681       3.8675318        3.8675318       441.08681                                441.08681
              4        224.3513     0.023584047      0.10091152     0.010428589      0.18523044       -2.623453    2.100583e-09      0.34288308       91.245051      0.12513976      0.65701608      0.24636105      0.24769455       2.2439149       7.0883935       440.96753       3.8675318        3.8675318       440.96753                                440.96753
              1          224.45     0.023573979      0.10147649     0.010428415      0.16061388      -2.6376476    2.100583e-09       0.3374292       92.089232      0.12569466        0.662472      0.24635699      0.24769048       2.2455042       7.0954457       441.16493       3.8675318        3.8675318       441.16493                                441.16493
              1       224.61463      0.02359828       0.1014918     0.010428302      0.16249971      -2.6381842    2.100583e-09      0.33796592        92.01077      0.12573427      0.66193516      0.24636678       0.2477003       2.2416709       7.0912513       441.49421       3.8675318        3.8675318       441.49421                                441.49421
              1        226.0065     0.023603046      0.10177036     0.010426473      0.13414754      -2.5900497    2.100583e-09      0.33522042       92.437572       0.1260176      0.66468168      0.24636871      0.24770223       2.2409203       7.0937364       444.27794       3.8675318        3.8675318       444.27794                                444.27794
              3       227.34918      0.02327015      0.10198219     0.010424387      0.17483809      -2.6628873    2.100583e-09      0.34485572       91.288191      0.12589654      0.65504348      0.24623322      0.24756625       2.2942518       7.1617935        446.9633       3.8675318        3.8675318        446.9633                                 446.9633
              4       227.83872     0.023228685      0.10214225     0.010423988      0.16614351      -2.7015748    2.100583e-09      0.34037287       91.931382      0.12601512      0.65952773      0.24621599      0.24754896       2.3010259       7.1693229       447.94238       3.8675318        3.8675318       447.94238                                447.94238
              1       228.55223     0.023310905      0.10265134     0.010423516       0.1811615      -2.6839562    2.100583e-09      0.34887308       90.870473      0.12660644      0.65102551      0.24625012      0.24758321       2.2876229       7.1642182       449.36939       3.8675318        3.8675318       449.36939                                449.36939
              2       227.89272       0.0233521      0.10309841     0.010426068      0.11700618      -2.5708851    2.100583e-09      0.34004833       92.110763       0.1270947       0.6598532      0.24626713      0.24760029       2.2809513       7.1624993       448.05037       3.8675318        3.8675318       448.05037                                448.05037
              1       227.90371     0.023350311        0.103101     0.010426057      0.11705976      -2.5711515    2.100583e-09      0.34006773       92.109225       0.1270955       0.6598338      0.24626639      0.24759955       2.2812405       7.1628804       448.07235       3.8675318        3.8675318       448.07235                                448.07235
              5       228.28441     0.023402624       0.1024217     0.010424794       0.1426214      -2.5518037    2.100583e-09      0.34568487       91.215237      0.12646851      0.65421453      0.24628784      0.24762107        2.272808       7.1456486       448.83376       3.8675318        3.8675318       448.83376                                448.83376
              3        226.4992     0.023308369      0.10289293     0.010429542      0.19266861      -2.7018964    2.100583e-09      0.35068182       90.680809      0.12684549      0.64921643      0.24624907      0.24758216       2.2880346       7.1701795       445.26333       3.8675318        3.8675318       445.26333                                445.26333
              3       226.47242     0.023268051      0.10260586     0.010429116      0.21261609      -2.7284338    2.100583e-09      0.35336837       90.296652       0.1265181      0.64652884      0.24623234      0.24756537       2.2945941       7.1742122       445.20978       3.8675318        3.8675318       445.20978                                445.20978
              1       228.41449     0.023465539      0.10166698     0.010426899       0.1867105      -2.5488859    2.100583e-09      0.35460985       89.901347      0.12577671      0.64528639      0.24631336      0.24764668       2.2627271       7.1277026       449.09392       3.8675318        3.8675318       449.09392                                449.09392
              1       228.29533     0.023505433      0.10194518     0.010422546      0.20441882      -2.7231541    2.100583e-09      0.34834251       90.744511       0.1260948      0.65155583      0.24632943      0.24766281       2.2563687       7.1155567       448.85559       3.8675318        3.8675318       448.85559                                448.85559
              4       227.83947     0.023553884      0.10140929     0.010422962      0.22482456      -2.7372163    2.100583e-09      0.35017423       90.392111      0.12560736      0.64972317      0.24634891      0.24768236       2.2486813       7.0994119       447.94388       3.8675318        3.8675318       447.94388                                447.94388
              2       226.18282     0.023484296      0.10158775     0.010423591      0.30667033      -2.9316039    2.100583e-09      0.36082153       89.103615      0.12571623      0.63907284      0.24632092      0.24765427       2.2597342        7.114827       444.63058       3.8675318        3.8675318       444.63058                                444.63058
              1       226.09473     0.023624197      0.10215464     0.010426871       0.1663417      -2.6553704    2.100583e-09      0.34165911       91.626676      0.12642303      0.65824143      0.24637725      0.24771081       2.2375932       7.0962523        444.4544       3.8675318        3.8675318        444.4544                                 444.4544
              1       224.56243     0.023484135      0.10217456     0.010429159      0.18821583      -2.8033387    2.100583e-09      0.33681281       92.334785      0.12630289      0.66308905      0.24632085      0.24765421       2.2597599       7.1184876        441.3898       3.8675318        3.8675318        441.3898                                 441.3898
              4       224.94098     0.023417598      0.10241918     0.010429059      0.16613151      -2.7573362    2.100583e-09      0.33546454       92.588724      0.12648097      0.66443785      0.24629394      0.24762719       2.2704028       7.1351535       442.14689       3.8675318        3.8675318       442.14689                                442.14689
              4       227.07932     0.023344873      0.10279415     0.010430583      0.12008472      -2.6760177    2.100583e-09      0.33009865       93.433958      0.12678321      0.66980553      0.24626415       0.2475973       2.2821196       7.1546601       446.42357       3.8675318        3.8675318       446.42357                                446.42357
              1       227.63933      0.02327184      0.10237743     0.010431758      0.10679952      -2.5197996    2.100583e-09      0.33587576       92.574091      0.12629346      0.66402637      0.24623392      0.24756695       2.2939764       7.1690636        447.5436       3.8675318        3.8675318        447.5436                                 447.5436
              2       227.98168     0.023336543      0.10260485     0.010433476      0.14199861      -2.5920664    2.100583e-09      0.34127521       91.859059      0.12658558      0.65862558      0.24626072      0.24759385       2.2834674        7.160713       448.22831       3.8675318        3.8675318       448.22831                                448.22831
              8       227.02774     0.023324387      0.10218946     0.010433701      0.20507621      -2.7163805    2.100583e-09      0.34824947       90.862328      0.12615804      0.65164894      0.24625569      0.24758881       2.2854364       7.1570529       446.32041       3.8675318        3.8675318       446.32041                                446.32041
              2       224.74678     0.023442579      0.10234136     0.010430378       0.1584307      -2.6805163    2.100583e-09      0.33819454       92.191196      0.12642814      0.66170701      0.24630407      0.24763737       2.2663984       7.1324109        441.7585       3.8675318        3.8675318        441.7585                                 441.7585
              3       224.87727     0.023435503      0.10240011     0.010430214      0.15218731      -2.6652933    2.100583e-09      0.33791052       92.243296      0.12647981      0.66199115      0.24630121      0.24763449       2.2675316       7.1347859       442.01947       3.8675318        3.8675318       442.01947                                442.01947
              3       224.77906     0.023375101      0.10246537     0.010427962      0.23572633      -2.7926838    2.100583e-09      0.35435939       90.108966      0.12648467       0.6455375      0.24627658      0.24760977       2.2772389       7.1500945       441.82305       3.8675318        3.8675318       441.82305                                441.82305
              2       224.61695     0.023457298      0.10236098     0.010429432      0.19891311      -2.7065321    2.100583e-09      0.34865031       90.796968      0.12646247      0.65124823      0.24631003      0.24764334       2.2640439       7.1331229       441.49885       3.8675318        3.8675318       441.49885                                441.49885
              4       223.38187     0.023455008      0.10122485      0.01043079      0.26839466      -2.8884831    2.100583e-09      0.34868843       90.583241      0.12532405      0.65120917       0.2463091      0.24764241         2.26441       7.1136729       439.02868       3.8675318        3.8675318       439.02868                                439.02868
             13       224.98961     0.023455653      0.10142894     0.010433032      0.26256868      -2.9189662    2.100583e-09      0.34504948       91.097436      0.12552878      0.65484936      0.24630936      0.24764267       2.2643069       7.1149935       442.24416       3.8675318        3.8675318       442.24416                                442.24416
              1       225.02661     0.023419089      0.10144729     0.010432846      0.27948939      -2.9694898    2.100583e-09      0.34650218       90.921861      0.12551057      0.65339622      0.24629455       0.2476278       2.2701636       7.1216139       442.31815       3.8675318        3.8675318       442.31815                                442.31815
              5       225.16246     0.023428006      0.10176552     0.010433939      0.29053994      -2.9788703    2.100583e-09      0.35055163        90.45091      0.12583772      0.64934585      0.24629817      0.24763144       2.2687332        7.126079       442.58985       3.8675318        3.8675318       442.58985                                442.58985
              4       225.01051     0.023449386      0.10100157      0.01043175      0.21188447      -2.7681698    2.100583e-09      0.33963279       91.742799      0.12509515      0.66026729      0.24630683      0.24764013       2.2653092       7.1111062       442.28595       3.8675318        3.8675318       442.28595                                442.28595
              6       225.34025     0.023455766       0.1010262     0.010431783      0.21043229      -2.7836669    2.100583e-09      0.33807604       91.956284      0.12512616      0.66182453      0.24630941      0.24764272       2.2642887       7.1092655       442.94543       3.8675318        3.8675318       442.94543                                442.94543
              1       225.60021     0.023571085      0.10142924     0.010433014      0.23911108      -2.8781763    2.100583e-09      0.34070392       91.637739      0.12564452      0.65919629      0.24635583      0.24768931       2.2459614       7.0923401       443.46536       3.8675318        3.8675318       443.46536                                443.46536
              6        223.4408     0.023637663      0.10151966      0.01042883      0.30048635        -2.98849    2.100583e-09      0.35190777       90.161834      0.12580151      0.64798928       0.2463827      0.24771628       2.2354789       7.0816871       439.14653       3.8675318        3.8675318       439.14653                                439.14653
              2       223.09081     0.023474877      0.10200429      0.01042976      0.26511913      -2.9511719    2.100583e-09      0.34729018       90.903005      0.12612336      0.65260848      0.24631712      0.24765046       2.2612364       7.1187236       438.44655       3.8675318        3.8675318       438.44655                                438.44655
              1       223.44395     0.023414685      0.10127579     0.010428233       0.2783847      -2.9491774    2.100583e-09      0.34804867       90.689293      0.12533466      0.65184913      0.24629275      0.24762601       2.2708705       7.1197207       439.15283       3.8675318        3.8675318       439.15283                                439.15283
              3       223.12777     0.023435245      0.10120528     0.010427867      0.30317228      -2.9908376    2.100583e-09      0.35190606       90.171076      0.12528472      0.64799056       0.2463011      0.24763438        2.267573       7.1152232       438.52048       3.8675318        3.8675318       438.52048                                438.52048
              5       222.42976     0.023468874      0.10169498     0.010428996      0.30380927      -2.9979559    2.100583e-09      0.35383284       90.004031      0.12580804      0.64606366       0.2463147      0.24764803       2.2621945       7.1166724       437.12445       3.8675318        3.8675318       437.12445                                437.12445
             12       222.91684     0.023431998      0.10169449     0.010429043       0.2615689      -2.8727859    2.100583e-09      0.35103071       90.374769      0.12577068      0.64886658      0.24629979      0.24763306       2.2680932        7.125465       438.09862       3.8675318        3.8675318       438.09862                                438.09862
             10       222.98891     0.023427987      0.10181104     0.010429109      0.25326544      -2.8625122    2.100583e-09       0.3499653       90.535041      0.12588321      0.64993239      0.24629816      0.24763143       2.2687363       7.1277237       438.24276       3.8675318        3.8675318       438.24276                                438.24276
              9        224.5097     0.023352163       0.1017373     0.010427518      0.22838677      -2.8834858    2.100583e-09      0.34117956       91.705175      0.12573366      0.65872058      0.24626715      0.24760031       2.2809412       7.1369388       441.28434       3.8675318        3.8675318       441.28434                                441.28434
              3       224.42431     0.023342725      0.10185318     0.010427531      0.23142846      -2.8955403    2.100583e-09      0.34183934       91.641449       0.1258401      0.65806069      0.24626327      0.24759641       2.2824672       7.1404097       441.11355       3.8675318        3.8675318       441.11355                                441.11355
              1       224.49122     0.023339373      0.10184885     0.010427632      0.25128174      -2.9593856    2.100583e-09      0.34281287       91.511564      0.12583242      0.65708687      0.24626188      0.24759502       2.2830095       7.1400337       441.24737       3.8675318        3.8675318       441.24737                                441.24737
              1       224.41006     0.023356528       0.1013231     0.010427401      0.27438219      -2.9699186    2.100583e-09      0.34595268       90.991908      0.12532382      0.65394573      0.24626895      0.24760212       2.2802359       7.1300476       441.08505       3.8675318        3.8675318       441.08505                                441.08505
              3       223.80336     0.023362201      0.10135981      0.01042799      0.29158791      -2.9987501    2.100583e-09      0.34891152       90.610177       0.1253662      0.65098606      0.24627129      0.24760446       2.2793199       7.1301343       439.87165       3.8675318        3.8675318       439.87165                                439.87165
             13       223.85694     0.023372645      0.10126304     0.010428011      0.28810725      -2.9830687    2.100583e-09      0.34849486       90.642882      0.12527988      0.65140276      0.24627558      0.24760876       2.2776348       7.1269382       439.97882       3.8675318        3.8675318       439.97882                                439.97882
              2       224.00553     0.023368265      0.10136066     0.010428056      0.28265446      -2.9880904    2.100583e-09      0.34701038       90.856169      0.12537311      0.65288775      0.24627378      0.24760696       2.2783413       7.1285252       440.27599       3.8675318        3.8675318       440.27599                                440.27599
              5       224.39306     0.023527056       0.1008124     0.010430049      0.25123493      -2.8726776    2.100583e-09      0.34234089        91.31772      0.12498365       0.6575583      0.24633812      0.24767154       2.2529331       7.0918462       441.05105       3.8675318        3.8675318       441.05105                                441.05105
              3       223.73392      0.02349258        0.100877     0.010431109      0.26040676      -2.8349245    2.100583e-09       0.3483713       90.547322      0.12501377      0.65152615      0.24632425      0.24765762       2.2584143       7.1028735       439.73278       3.8675318        3.8675318       439.73278                                439.73278
              1       224.76353      0.02335932      0.10088409     0.010429669      0.25539399      -2.8621048    2.100583e-09      0.34563594       90.950728       0.1248876       0.6542622       0.2462701      0.24760327        2.279785       7.1261937         441.792       3.8675318        3.8675318         441.792                                  441.792
              1       224.62436     0.023357158      0.10093423     0.010427947      0.23907953       -2.796846    2.100583e-09      0.34661683       90.832031      0.12493558      0.65328107      0.24626921      0.24760238       2.2801342       7.1287467       441.51365       3.8675318        3.8675318       441.51365                                441.51365
              2       224.76713     0.023364466      0.10093226     0.010427849      0.22233916      -2.7646508    2.100583e-09      0.34407331       91.164319      0.12494091      0.65582534      0.24627222      0.24760539       2.2789543       7.1270444       441.79919       3.8675318        3.8675318       441.79919                                441.79919
             11       224.95255     0.023475868       0.1006816     0.010426008        0.278364      -2.9190882    2.100583e-09      0.34744262       90.637433      0.12480166      0.65245493      0.24631752      0.24765086       2.2610782       7.0994392       442.17004       3.8675318        3.8675318       442.17004                                442.17004
              3       224.95401     0.023476016       0.1006821     0.010426001      0.27837563      -2.9190951    2.100583e-09      0.34744958       90.636571      0.12480231      0.65244797      0.24631758      0.24765092       2.2610546       7.0994189       442.17295       3.8675318        3.8675318       442.17295                                442.17295
              1       225.25751     0.023523149      0.10051206     0.010426163      0.28725273      -2.9408817    2.100583e-09      0.34723347       90.617347      0.12467941      0.65266403      0.24633655      0.24766996       2.2535533       7.0875544       442.77996       3.8675318        3.8675318       442.77996                                442.77996
              2       224.21306     0.023623642      0.10107769      0.01042813      0.23350168      -2.8128815    2.100583e-09       0.3432676       91.211813      0.12534553      0.65663161      0.24637703      0.24771058       2.2376805        7.078578       440.69106       3.8675318        3.8675318       440.69106                                440.69106
              1        224.4107     0.023633661      0.10078349     0.010427236      0.25718533      -2.8224912    2.100583e-09      0.34829537        90.49317      0.12506134      0.65160213      0.24638108      0.24771465        2.236107       7.0741124       441.08635       3.8675318        3.8675318       441.08635                                441.08635
              5       224.95108     0.023651744      0.10123632     0.010426256      0.24879682      -2.8287372    2.100583e-09      0.34790847       90.621508      0.12553226      0.65198953       0.2463884        0.247722        2.233271       7.0764412       442.16709       3.8675318        3.8675318       442.16709                                442.16709
              3        224.4147     0.023393387      0.10144142     0.010429351      0.26906629      -2.9815078    2.100583e-09      0.34344883       91.332641        0.125479      0.65645044      0.24628407      0.24761729       2.2742936       7.1240528       441.09434       3.8675318        3.8675318       441.09434                                441.09434
              3       225.18149     0.023333143      0.10130497     0.010431549       0.2296335      -2.8087446    2.100583e-09      0.34400133       91.254046      0.12528231      0.65589762      0.24625931      0.24759244       2.2840178       7.1383405       442.62792       3.8675318        3.8675318       442.62792                                442.62792
              5       225.55647     0.023280552       0.1014018     0.010426962      0.28977702      -2.8709226    2.100583e-09       0.3594476       89.306841      0.12532655      0.64044685      0.24623753      0.24757058       2.2925571       7.1531075       443.37787       3.8675318        3.8675318       443.37787                                443.37787
              7       225.60778     0.023281358      0.10138669      0.01042695        0.289608       -2.868253    2.100583e-09      0.35952875       89.293734      0.12531224      0.64036566      0.24623787      0.24757092       2.2924259       7.1528314       443.48049       3.8675318        3.8675318       443.48049                                443.48049
              6       224.67043     0.023311423      0.10166425     0.010427743      0.22780305      -2.7634054    2.100583e-09      0.35015294       90.522579      0.12561987      0.64974448      0.24625033      0.24758343       2.2875389       7.1500036       441.60579       3.8675318        3.8675318       441.60579                                441.60579
              1       223.34433     0.023547581      0.10135589     0.010431367      0.26844797      -2.8702142    2.100583e-09      0.35034922       90.361771      0.12554766      0.64954808      0.24634637      0.24767982       2.2496792       7.0992086       438.95361       3.8675318        3.8675318       438.95361                                438.95361
              5       223.35991     0.023527107      0.10171312     0.010430729      0.25105689       -2.881267    2.100583e-09      0.34641479       90.946496      0.12588442      0.65348394      0.24633814      0.24767156       2.2529251       7.1061444       438.98475       3.8675318        3.8675318       438.98475                                438.98475
              3       224.21376     0.023592683      0.10118653      0.01043236      0.24704735      -2.8109045    2.100583e-09       0.3471724       90.727869       0.1254234      0.65272574      0.24636453      0.24769804        2.242553       7.0887723       440.69245       3.8675318        3.8675318       440.69245                                440.69245
              6        223.5765     0.023465308      0.10195738     0.010432188      0.28788905      -2.9692844    2.100583e-09      0.35187958       90.302839      0.12606688       0.6480177      0.24631326      0.24764659       2.2627639       7.1218956       439.41793       3.8675318        3.8675318       439.41793                                439.41793
              2       223.99642     0.023573118      0.10205723       0.0104307      0.23668698      -2.8134415    2.100583e-09       0.3491369       90.639262      0.12627453      0.65076134      0.24635665      0.24769013       2.2456403       7.1048726       440.25779       3.8675318        3.8675318       440.25779                                440.25779
              7       223.95649     0.023486717      0.10217145     0.010429826       0.1953556      -2.7287429    2.100583e-09      0.34452624        91.29387      0.12630235      0.65537337      0.24632189      0.24765525       2.2593484       7.1228066       440.17792       3.8675318        3.8675318       440.17792                                440.17792
              1       223.53536     0.023478815      0.10204443     0.010429848      0.21788706      -2.7837417    2.100583e-09      0.34634284       91.033336      0.12616744      0.65355614      0.24631871      0.24765205       2.2606081       7.1219434       439.33567       3.8675318        3.8675318       439.33567                                439.33567
              1       223.45795     0.023491408      0.10210614     0.010429827      0.23601726      -2.8171916    2.100583e-09      0.34949013       90.629658      0.12624174      0.65040798      0.24632378      0.24765715       2.2586009       7.1208609       439.18084       3.8675318        3.8675318       439.18084                                439.18084
              9       223.55114     0.023461314      0.10214351     0.010430136      0.23738338      -2.8156474    2.100583e-09      0.35028387       90.543799      0.12624901      0.64961402      0.24631165      0.24764497       2.2634021       7.1275577       439.36722       3.8675318        3.8675318       439.36722                                439.36722
              3       224.30865     0.023499783      0.10232619      0.01042997      0.20801702      -2.8391045    2.100583e-09      0.34051009       91.855009      0.12647017      0.65939082      0.24632715      0.24766053       2.2572675       7.1184955       440.88224       3.8675318        3.8675318       440.88224                                440.88224
              2        224.1403     0.023492534      0.10228774     0.010429757      0.21326923      -2.8518491    2.100583e-09      0.34096793       91.788634      0.12642446      0.65893281      0.24632424       0.2476576       2.2584216       7.1191666       440.54553       3.8675318        3.8675318       440.54553                                440.54553
              6       224.17428     0.023435316      0.10247489     0.010429306      0.20718069      -2.8439222    2.100583e-09      0.34117262       91.815181       0.1265544      0.65872816      0.24630113      0.24763441       2.2675616       7.1328866       440.61349       3.8675318        3.8675318       440.61349                                440.61349
              2        224.1139     0.023424407      0.10098453     0.010427865      0.24709861      -2.8528978    2.100583e-09      0.34460777       91.083294      0.12505313      0.65529082      0.24629671      0.24762997       2.2693104       7.1144736       440.49274       3.8675318        3.8675318       440.49274                                440.49274
              3       225.43808      0.02332062       0.1008375     0.010430978       0.2903549      -2.8624739    2.100583e-09       0.3559274       89.630286      0.12480231      0.64396764      0.24625414      0.24758725       2.2860469       7.1374208       443.14109       3.8675318        3.8675318       443.14109                                443.14109
              1       224.48995     0.023392921      0.10127602     0.010431517      0.27249909      -2.8191992    2.100583e-09      0.35591891       89.688218      0.12531313      0.64397656      0.24628388       0.2476171       2.2743686       7.1309788       441.24484       3.8675318        3.8675318       441.24484                                441.24484
              6        223.9525      0.02346028       0.1010563     0.010430811      0.21911557      -2.7219477    2.100583e-09      0.34603472       90.896764      0.12516078      0.65386353      0.24631123      0.24764455       2.2635672       7.1132494       440.16994       3.8675318        3.8675318       440.16994                                440.16994
              2       225.03237     0.023482738       0.1004629     0.010428945      0.26830042      -2.7497276    2.100583e-09      0.35616914         89.4776      0.12458983      0.64372565      0.24632029      0.24765364       2.2599826       7.1036972       442.32967       3.8675318        3.8675318       442.32967                                442.32967
              1       225.07244     0.023552077      0.10016857     0.010429226      0.26789923      -2.7443496    2.100583e-09      0.35450726       89.609845      0.12436484      0.64538783      0.24634818      0.24768163       2.2489673       7.0860887       442.40981       3.8675318        3.8675318       442.40981                                442.40981
              7       225.36387     0.023516355      0.10000009     0.010428746      0.27007262      -2.7593893    2.100583e-09      0.35326619       89.747459      0.12416063       0.6466291      0.24633382      0.24766722       2.2546323       7.0894012       442.99268       3.8675318        3.8675318       442.99268                                442.99268
              2       225.64276     0.023609853      0.10000462     0.010427202      0.29208045      -2.8182974    2.100583e-09      0.35529291       89.461527      0.12425866      0.64460186      0.24637146      0.24770499       2.2398488       7.0707509       443.55045       3.8675318        3.8675318       443.55045                                443.55045
              4       227.61007     0.023560017     0.099342631     0.010427121       0.3524523       -2.940113    2.100583e-09      0.36067473       88.685451      0.12354684      0.63921783      0.24635137      0.24768484        2.247711       7.0699541       447.48507       3.8675318        3.8675318       447.48507                                447.48507
              3       227.24361     0.023554832     0.099338711     0.010428092      0.33680835      -2.9452831    2.100583e-09      0.35504023       89.387351      0.12353773        0.644854      0.24634929      0.24768275       2.2485313        7.068699       446.75216       3.8675318        3.8675318       446.75216                                446.75216
              1       227.25463     0.023555105     0.099336224     0.010428086      0.33675812      -2.9451045    2.100583e-09      0.35502593       89.388598      0.12353552       0.6448683       0.2463494      0.24768286       2.2484881       7.0686099       446.77419       3.8675318        3.8675318       446.77419                                446.77419
              2       226.64816     0.023631138     0.099486104     0.010428788      0.22636177      -2.6717668    2.100583e-09      0.34360755       90.865057      0.12376143      0.65629027      0.24638006      0.24771363        2.236503       7.0590243       445.56126       3.8675318        3.8675318       445.56126                                445.56126
              3       226.59327      0.02347879      0.10039287     0.010429076      0.11334872      -2.5070543    2.100583e-09      0.32791081       93.241244      0.12451585      0.67199227       0.2463187      0.24765204       2.2606123       7.0978148       445.45147       3.8675318        3.8675318       445.45147                                445.45147
              1       227.60308     0.023543712       0.1013601     0.010426703      0.13509528      -2.6878111    2.100583e-09      0.32593284       93.687392      0.12554801      0.67397162      0.24634482      0.24767826        2.250292       7.0932498        447.4711       3.8675318        3.8675318        447.4711                                 447.4711
              4        226.6276     0.023547226      0.10148251     0.010427754      0.13177589      -2.6652032    2.100583e-09      0.32705291       93.548987      0.12567392      0.67285132      0.24634623      0.24767968       2.2497353       7.0955689       445.52013       3.8675318        3.8675318       445.52013                                445.52013
              3       225.19271     0.023466643      0.10109165     0.010425464      0.19508911      -2.6920361    2.100583e-09      0.34264891       91.349244      0.12520248      0.65725037       0.2463138      0.24764713       2.2625508       7.1103139       442.65035       3.8675318        3.8675318       442.65035                                442.65035
              1       224.29252     0.023550118      0.10132758     0.010427293      0.19304331      -2.7297463    2.100583e-09      0.33950368       91.787581      0.12552189      0.66039678      0.24634739      0.24768084       2.2492774       7.0961652       440.84998       3.8675318        3.8675318       440.84998                                440.84998
              2       224.14128     0.023520607      0.10162008     0.010427323      0.18922979      -2.7348655    2.100583e-09      0.33967981       91.828487      0.12578488      0.66022081      0.24633553      0.24766894       2.2539569       7.1058213       440.54749       3.8675318        3.8675318       440.54749                                440.54749
              9       224.24545     0.023534544      0.10152788     0.010427404      0.18356564      -2.7142509    2.100583e-09      0.33900897       91.897329      0.12570661      0.66089178      0.24634113      0.24767456       2.2517452       7.1021233       440.75584       3.8675318        3.8675318       440.75584                                440.75584
              1       224.21016     0.023579428      0.10073692     0.010430245      0.22068189      -2.7549088    2.100583e-09      0.34175288       91.364582      0.12496053      0.65814648      0.24635919      0.24769268       2.2446439       7.0835281       440.68525       3.8675318        3.8675318       440.68525                                440.68525
              5       224.24494     0.023558576      0.10070495     0.010429764      0.21706668      -2.7499512    2.100583e-09      0.34108562        91.45486      0.12490771      0.65881389       0.2463508      0.24768426       2.2479389       7.0867129       440.75482       3.8675318        3.8675318       440.75482                                440.75482
              1       225.13991     0.023631169      0.10037741     0.010429314      0.17392333      -2.6067369    2.100583e-09      0.33748365       91.855307      0.12465277      0.66241672      0.24638007      0.24771364       2.2364982       7.0705397       442.54475       3.8675318        3.8675318       442.54475                                442.54475
              2       225.24513     0.023643646      0.10024731      0.01042913      0.18768957       -2.629897    2.100583e-09      0.33910313       91.606946      0.12453515      0.66079666      0.24638512      0.24771871       2.2345404       7.0664482        442.7552       3.8675318        3.8675318        442.7552                                 442.7552
              4       225.07282     0.023584051      0.10031688     0.010428263      0.18305025      -2.6119251    2.100583e-09       0.3399902       91.520341      0.12454512      0.65990934      0.24636105      0.24769455       2.2439142       7.0791516       442.41057       3.8675318        3.8675318       442.41057                                442.41057
              2       225.14758     0.023621035      0.10055421     0.010428165      0.17688235      -2.6387822    2.100583e-09      0.33709812       91.944701      0.12481944      0.66280249      0.24637597      0.24770953       2.2380903       7.0735415        442.5601       3.8675318        3.8675318        442.5601                                 442.5601
              1       224.71734      0.02347754      0.10110335     0.010430891      0.19024121      -2.7287001    2.100583e-09      0.33687743       92.126895      0.12522508      0.66302356       0.2463182      0.24765154       2.2608116       7.1067878       441.69962       3.8675318        3.8675318       441.69962                                441.69962
              1       225.21142     0.023388049      0.10125526     0.010432705      0.22132276       -2.739823    2.100583e-09      0.34616861       90.940313       0.1252875       0.6537297      0.24628189       0.2476151       2.2751528       7.1299769       442.68778       3.8675318        3.8675318       442.68778                                442.68778
              2       225.19494      0.02338548      0.10107193      0.01043241       0.2275353      -2.7405488    2.100583e-09      0.34709375       90.785789       0.1251016      0.65280414      0.24628084      0.24761404       2.2755665       7.1281643       442.65481       3.8675318        3.8675318       442.65481                                442.65481
              1       225.19652     0.023461621      0.10081279     0.010433129      0.24871939      -2.7604823    2.100583e-09      0.35007461       90.325142       0.1249186      0.64982226      0.24631177      0.24764509        2.263353       7.1109876       442.65798       3.8675318        3.8675318       442.65798                                442.65798
              3       223.60301     0.023489426      0.10179351     0.010429595      0.30970239      -2.9193791    2.100583e-09      0.36228434       88.959128      0.12592713      0.63760978      0.24632298      0.24765634       2.2589168       7.1193661       439.47095       3.8675318        3.8675318       439.47095                                439.47095
              1       223.74361     0.023403186       0.1015164     0.010427892      0.24839684      -2.7987837    2.100583e-09      0.35237379       90.179148      0.12556378      0.64752293      0.24628807       0.2476213       2.2727177       7.1303921       439.75215       3.8675318        3.8675318       439.75215                                439.75215
              5       223.32317     0.023466155      0.10107439     0.010429014      0.25371764      -2.8142482    2.100583e-09      0.34974198        90.41514      0.12518473       0.6501552       0.2463136      0.24764693       2.2626287       7.1110881       438.91127       3.8675318        3.8675318       438.91127                                438.91127
              2       223.32905     0.023496546      0.10107671      0.01042995      0.24739053      -2.8160001    2.100583e-09       0.3472985        90.72291      0.12521744      0.65259942      0.24632585      0.24765922       2.2577828       7.1046096       438.92304       3.8675318        3.8675318       438.92304                                438.92304
              1       223.83674     0.023511725      0.10080156     0.010429419      0.22864997      -2.7698273    2.100583e-09      0.34383684       91.121919      0.12495748      0.65606189      0.24633196      0.24766535       2.2553682       7.0974408       439.93842       3.8675318        3.8675318       439.93842                                439.93842
              5       223.90999     0.023571291       0.1006758     0.010429315      0.23052113       -2.743778    2.100583e-09      0.34560222       90.845626      0.12489128      0.65429594      0.24635591      0.24768939       2.2459289       7.0857882       440.08492       3.8675318        3.8675318       440.08492                                440.08492
              2       225.54929     0.023562531      0.10062493     0.010425384      0.26115057      -2.7902611    2.100583e-09      0.35205591       90.002567      0.12483165       0.6478403      0.24635239      0.24768585       2.2473134       7.0870422       443.36353       3.8675318        3.8675318       443.36353                                443.36353
             12       226.11378     0.023547681      0.10099733     0.010425764      0.22762807      -2.6803297    2.100583e-09      0.35272177       89.991272       0.1251892      0.64717454      0.24634641      0.24767986       2.2496634       7.0982229        444.4925       3.8675318        3.8675318        444.4925                                 444.4925
              4       226.13843     0.023548786      0.10120967     0.010426128      0.11169845      -2.4793322    2.100583e-09      0.33451419       92.447749      0.12540265      0.66538764      0.24634686      0.24768031       2.2494884       7.0985895       444.54179       3.8675318        3.8675318       444.54179                                444.54179
              3       225.35968     0.023551648      0.10097067     0.010427229      0.12741327      -2.5088635    2.100583e-09      0.33531248       92.291482      0.12516651      0.66458893      0.24634801      0.24768146       2.2490352       7.0946535        442.9843       3.8675318        3.8675318        442.9843                                 442.9843
              2       226.01935     0.023474973       0.1016734     0.010426795      0.10397173      -2.4602975    2.100583e-09      0.33635311       92.306968      0.12579257      0.66354849      0.24631716       0.2476505        2.261221       7.1204715       444.30363       3.8675318        3.8675318       444.30363                                444.30363
              2       225.61977      0.02343716      0.10164809     0.010426334      0.14778255      -2.5579927    2.100583e-09      0.34195738       91.555509      0.12572944      0.65794253      0.24630188      0.24763516       2.2672662       7.1270291       443.50448       3.8675318        3.8675318       443.50448                                443.50448
              5       226.20089     0.023572847      0.10132169     0.010426966      0.12926003      -2.4764406    2.100583e-09       0.3403955       91.658525      0.12553872      0.65950471      0.24635654      0.24769002       2.2456831        7.098478       444.66672       3.8675318        3.8675318       444.66672                                444.66672
              2       225.90835     0.023569663      0.10131735     0.010426889      0.15550101      -2.5345803    2.100583e-09      0.34371865       91.214618      0.12553121      0.65618059      0.24635526      0.24768873       2.2461861        7.098873       444.08164       3.8675318        3.8675318       444.08164                                444.08164
              4        224.6623     0.023553671      0.10132255     0.010428211      0.16318431      -2.5772265    2.100583e-09      0.34234993       91.403099      0.12552041      0.65754969      0.24634882      0.24768228       2.2487151       7.1006535       441.58953       3.8675318        3.8675318       441.58953                                441.58953
              5       225.65916     0.023556142      0.10176106     0.010429842       0.1023392      -2.4576127    2.100583e-09      0.33541866       92.424392      0.12596139      0.66448334      0.24634982      0.24768327        2.248324        7.106894       443.58326       3.8675318        3.8675318       443.58326                                443.58326
              2       226.38278     0.023637495      0.10120198     0.010429972     0.083383513      -2.3717254    2.100583e-09      0.33321418       92.596425      0.12548367      0.66668809      0.24638263      0.24771621       2.2355053       7.0853232        445.0305       3.8675318        3.8675318        445.0305                                 445.0305
              2       227.89389     0.023706338      0.10158469     0.010431548     0.068450135      -2.3729068    2.100583e-09      0.32995606       93.101716      0.12593522      0.66994751       0.2464105      0.24774418       2.2247415       7.0766595       448.05272       3.8675318        3.8675318       448.05272                                448.05272
              3       228.68078     0.023794269      0.10165486     0.010429765      0.13948253      -2.6382193    2.100583e-09      0.33076786       92.970852      0.12609332       0.6691356      0.24644589       0.2477797       2.2111045       7.0543526       449.62649       3.8675318        3.8675318       449.62649                                449.62649
              3       225.98353     0.023741854      0.10170219     0.010429728      0.21921498      -2.7984305    2.100583e-09       0.3426063       91.376694      0.12608823       0.6572937      0.24642484      0.24775857       2.2192182       7.0657167       444.23199       3.8675318        3.8675318       444.23199                                444.23199
              1       226.03878     0.023732756      0.10172938     0.010429272      0.20918179      -2.7832122    2.100583e-09      0.34108876       91.587835      0.12610632       0.6588117      0.24642117      0.24775489       2.2206312       7.0674162       444.34249       3.8675318        3.8675318       444.34249                                444.34249
              3       224.10865     0.023606208       0.1012979     0.010429866      0.19060344      -2.6875735    2.100583e-09      0.34103961       91.556313       0.1255483      0.65886042      0.24636998      0.24770351       2.2404224       7.0875745       440.48224       3.8675318        3.8675318       440.48224                                440.48224
              2       224.55448     0.023613477      0.10108944     0.010429864      0.16650283      -2.6285509    2.100583e-09      0.33727727       92.023874      0.12534711       0.6626237      0.24637292      0.24770646       2.2392786       7.0832217       441.37389       3.8675318        3.8675318       441.37389                                441.37389
              5       229.72124     0.023834142       0.1014821     0.010430777     0.093742303      -2.4172632    2.100583e-09      0.33315753       92.590824      0.12596043      0.66674513      0.24646177      0.24779564       2.2049618       7.0515034       451.70742       3.8675318        3.8675318       451.70742                                451.70742
              2       227.51146     0.023724906      0.10114616     0.010432361      0.15528188      -2.4946611    2.100583e-09      0.34395516       91.099726      0.12551526      0.65594399        0.246418      0.24775171       2.2218513       7.0703659       447.28786       3.8675318        3.8675318       447.28786                                447.28786
              4       227.23445     0.023733616      0.10127418      0.01043086      0.11353553      -2.4398312    2.100583e-09      0.33663544       92.105975      0.12565198      0.66326597      0.24642152      0.24775524       2.2204976       7.0682801       446.73384       3.8675318        3.8675318       446.73384                                446.73384
              1       226.05623     0.023642441      0.10138972     0.010429843      0.11807538      -2.4554277    2.100583e-09      0.33801659       91.969864      0.12567635      0.66188443      0.24638463      0.24771822       2.2347295       7.0867467       444.37739       3.8675318        3.8675318       444.37739                                444.37739
              3       225.55356     0.023635251      0.10099869      0.01042971      0.13921025      -2.4839385    2.100583e-09      0.34012018       91.614167      0.12527813       0.6597799      0.24638172       0.2477153       2.2358573       7.0828646       443.37206       3.8675318        3.8675318       443.37206                                443.37206
             15       224.00798     0.023508834      0.10218981     0.010426856      0.23821846      -2.8329251    2.100583e-09       0.3500953       90.560829      0.12634284      0.64980272       0.2463308      0.24766418       2.2558278       7.1177322       440.28091       3.8675318        3.8675318       440.28091                                440.28091
              8       223.89451     0.023516909      0.10216519     0.010426644      0.24082826       -2.875262    2.100583e-09      0.34744256       90.898655      0.12632629      0.65245622      0.24633404      0.24766744       2.2545443       7.1138254       440.05396       3.8675318        3.8675318       440.05396                                440.05396
              3       224.10222     0.023520071      0.10239023     0.010426497      0.25335059      -2.9007104    2.100583e-09       0.3505095       90.540244      0.12655449      0.64938858      0.24633531      0.24766872       2.2540421       7.1169643       440.46937       3.8675318        3.8675318       440.46937                                440.46937
              4       225.85906     0.023567393       0.1017287     0.010431829      0.19640876        -2.62157    2.100583e-09       0.3501933        90.44401      0.12594029      0.64970437      0.24635434      0.24768782       2.2465448        7.106926       443.98306       3.8675318        3.8675318       443.98306                                443.98306
              1       225.86617     0.023568538      0.10172297     0.010431814      0.19677802      -2.6216093    2.100583e-09      0.35027235       90.432369       0.1259357      0.64962529       0.2463548      0.24768828       2.2463639        7.106659       443.99727       3.8675318        3.8675318       443.99727                                443.99727
              4       225.65561     0.023584946      0.10161415     0.010431683      0.18633232      -2.6010661    2.100583e-09      0.34809247       90.689552      0.12584329      0.65180573      0.24636141      0.24769491       2.2437731       7.1016452       443.57615       3.8675318        3.8675318       443.57615                                443.57615
              1       225.52309     0.023513814       0.1013832     0.010433907      0.26218042      -2.7875119    2.100583e-09      0.35476488       89.813785       0.1255412      0.64513113       0.2463328      0.24766619       2.2550362       7.1105193       443.31111       3.8675318        3.8675318       443.31111                                443.31111
              3       224.48519     0.023510884      0.10149943     0.010432699      0.22571568      -2.7946526    2.100583e-09       0.3439521       91.237214      0.12565451      0.65594716      0.24633162      0.24766501       2.2555018       7.1078134       441.23532       3.8675318        3.8675318       441.23532                                441.23532
              4       224.28725     0.023530832      0.10145583     0.010432381      0.23039724      -2.8084092    2.100583e-09      0.34403956       91.210825      0.12563085      0.65585966      0.24633964      0.24767306       2.2523339       7.1030389       440.83944       3.8675318        3.8675318       440.83944                                440.83944
             10       224.68905     0.023520135      0.10040492     0.010429571      0.22394163        -2.75033    2.100583e-09      0.34171121       91.327445      0.12456925      0.65818784      0.24633534      0.24766875       2.2540318       7.0899548       441.64303       3.8675318        3.8675318       441.64303                                441.64303
              1       224.88644     0.023516881       0.1010071     0.010427974      0.15895714      -2.6440986    2.100583e-09       0.3342134       92.461779      0.12516817      0.66568833      0.24633403      0.24766743       2.2545488       7.0980681       442.03782       3.8675318        3.8675318       442.03782                                442.03782
              5       224.24282      0.02361135      0.10236715     0.010429296      0.26838248      -2.9706358    2.100583e-09       0.3483145       90.790346      0.12662269      0.65158426      0.24637206       0.2477056       2.2396131        7.097802       440.75058       3.8675318        3.8675318       440.75058                                440.75058
              1       224.78041     0.023438082      0.10253822     0.010432168      0.22698897      -2.8449857    2.100583e-09       0.3465768       91.107248       0.1266205      0.65332247      0.24630225      0.24763554       2.2671186       7.1360825       441.82576       3.8675318        3.8675318       441.82576                                441.82576
              1       225.13641     0.023385664      0.10270959     0.010431305      0.19921613      -2.8179786    2.100583e-09      0.34177529        91.79453      0.12673945      0.65812547      0.24628091      0.24761412       2.2755368       7.1471217       442.53776       3.8675318        3.8675318       442.53776                                442.53776
              2        225.1189     0.023441974      0.10140883     0.010431969       0.1815494       -2.716424    2.100583e-09      0.33677506       92.210591        0.125495      0.66312618      0.24630383      0.24763712       2.2664953        7.118426       442.50273       3.8675318        3.8675318       442.50273                                442.50273
              2       225.28497     0.023410401      0.10184783     0.010433022      0.19810911      -2.7399891    2.100583e-09       0.3421684       91.573497      0.12590242      0.65773158      0.24629101      0.24762426       2.2715584       7.1325542       442.83487       3.8675318        3.8675318       442.83487                                442.83487
              1        225.5137     0.023385044      0.10205713     0.010433831        0.285608      -2.9968704    2.100583e-09      0.34949351       90.655757      0.12608636      0.65040448      0.24628066      0.24761386       2.2756367       7.1376598       443.29233       3.8675318        3.8675318       443.29233                                443.29233
              2       225.50474     0.023366898      0.10213951     0.010433596      0.28209814      -2.9965203    2.100583e-09       0.3490659       90.732504       0.1261506      0.65083226      0.24627322       0.2476064       2.2785619       7.1421119       443.27441       3.8675318        3.8675318       443.27441                                443.27441
              4       228.43904     0.023482366      0.10174665     0.010436213      0.27474356      -2.9735235    2.100583e-09       0.3452607       91.119555       0.1258732      0.65463835      0.24632014      0.24765349       2.2600419         7.11422       449.14302       3.8675318        3.8675318       449.14302                                449.14302
              1        226.5548     0.023445627      0.10143768     0.010431158      0.17101621      -2.7604086    2.100583e-09       0.3306122       93.070298      0.12552749      0.66929087      0.24630531       0.2476386       2.2659106       7.1144748       445.37453       3.8675318        3.8675318       445.37453                                445.37453
              1       226.41721     0.023445221      0.10130023     0.010431105      0.18374689      -2.7824232    2.100583e-09      0.33194239       92.857676      0.12538964      0.66796019      0.24630514      0.24763844       2.2659756       7.1126068       445.09937       3.8675318        3.8675318       445.09937                                445.09937
              3       226.61403     0.023425545      0.10122078     0.010431343      0.17499031      -2.7496808    2.100583e-09      0.33145157       92.917986      0.12529051      0.66845107      0.24629717      0.24763044       2.2691278        7.115838       445.49301       3.8675318        3.8675318       445.49301                                445.49301
              5       226.92147     0.023447135      0.10173802     0.010431749      0.13770985      -2.6843942    2.100583e-09      0.32810174       93.482404      0.12582935       0.6718023      0.24630592      0.24763922       2.2656692        7.119344       446.10788       3.8675318        3.8675318       446.10788                                446.10788
              6       225.91481     0.023404759      0.10210974     0.010431788      0.18144069      -2.7944339    2.100583e-09      0.33478251        92.62931      0.12615869      0.66511983      0.24628871      0.24762195       2.2724649       7.1329123       444.09456       3.8675318        3.8675318       444.09456                                444.09456
              3       227.68188      0.02342164      0.10006291     0.010427089       0.1427971      -2.4563012    2.100583e-09      0.33998809       91.526752      0.12412874      0.65991111      0.24629558      0.24762884       2.2697542       7.1102084        447.6287       3.8675318        3.8675318        447.6287                                 447.6287
              2       227.57895     0.023572062      0.10031203     0.010426358      0.10664566      -2.3739753    2.100583e-09       0.3365742         91.9867      0.12452828      0.66332633      0.24635622       0.2476897       2.2458071       7.0858365       447.42284       3.8675318        3.8675318       447.42284                                447.42284
              7       226.76698     0.023552228      0.10065648     0.010429475     0.036996031      -2.2867353    2.100583e-09       0.3236023       93.885701       0.1248529      0.67630231      0.24634824      0.24768169       2.2489434       7.0917513        445.7989       3.8675318        3.8675318        445.7989                                 445.7989
             14       226.75309     0.023498534      0.10098489     0.010428862      0.03085248      -2.2673938    2.100583e-09      0.32543162        93.70303      0.12512762      0.67447267      0.24632665      0.24766002       2.2574663       7.1075636       445.77112       3.8675318        3.8675318       445.77112                                445.77112
              1       227.21137     0.023455737      0.10134309     0.010429201     0.012105743       -2.287256    2.100583e-09      0.32026127       94.540589      0.12544302      0.67964477       0.2463094      0.24764271       2.2642934       7.1178342       446.68768       3.8675318        3.8675318       446.68768                                446.68768
              3       224.61967     0.023566405      0.10087047     0.010429175      0.19851597        -2.74018    2.100583e-09      0.33726257       92.000396      0.12508107       0.6626382      0.24635394      0.24768742        2.246701       7.0860841       441.50429       3.8675318        3.8675318       441.50429                                441.50429
              3       224.72311     0.023561387       0.1007536     0.010429135      0.19580845      -2.7245788    2.100583e-09      0.33707059       92.006189      0.12495918      0.66283014      0.24635193      0.24768539       2.2474943       7.0856762       441.71116       3.8675318        3.8675318       441.71116                                441.71116
              2       224.74668     0.023530761       0.1009688     0.010427735      0.18442364      -2.7101098    2.100583e-09      0.33645555       92.141262      0.12514375       0.6634455      0.24633961      0.24767303       2.2523453       7.0941585        441.7583       3.8675318        3.8675318        441.7583                                 441.7583
              3       224.93834     0.023551882        0.100874     0.010427666      0.18386659      -2.7041573    2.100583e-09      0.33616838        92.15556      0.12507008       0.6637327       0.2463481      0.24768155       2.2489982       7.0888463       442.14162       3.8675318        3.8675318       442.14162                                442.14162
              1       224.31937     0.023585323      0.10098889     0.010428133      0.18767198      -2.6781622    2.100583e-09      0.33974898       91.679059      0.12521841      0.66015117      0.24636156      0.24769506       2.2437136       7.0863896       440.90368       3.8675318        3.8675318       440.90368                                440.90368
              1       224.40451     0.023573914      0.10094499      0.01042756      0.18989771      -2.6644033    2.100583e-09      0.34148649       91.441109       0.1251631       0.6584131      0.24635697      0.24769045       2.2455145       7.0888183       441.07396       3.8675318        3.8675318       441.07396                                441.07396
              2       224.07245     0.023432161      0.10192868     0.010428568       0.1742084      -2.6681124    2.100583e-09      0.34215727       91.582719      0.12600503       0.6577428      0.24629985      0.24763313       2.2680673       7.1299264       440.40983       3.8675318        3.8675318       440.40983                                440.40983
              6       224.14608     0.023439494        0.101875     0.010428805      0.16798408      -2.6461024    2.100583e-09       0.3416316       91.640684      0.12595868      0.65826858      0.24630283      0.24763611       2.2668924        7.128162       440.55709       3.8675318        3.8675318       440.55709                                440.55709
              3        224.1201     0.023441687      0.10181564     0.010429072      0.17120427      -2.6436345    2.100583e-09      0.34239831       91.526238      0.12590151      0.65750161      0.24630371        0.247637       2.2665412       7.1273625       440.50514       3.8675318        3.8675318       440.50514                                440.50514
              1       224.41273     0.023367438      0.10239049     0.010427952      0.18402079      -2.7285365    2.100583e-09      0.34334878       91.531112      0.12640212      0.65655126      0.24627344      0.24760662       2.2784747       7.1477272        441.0904       3.8675318        3.8675318        441.0904                                 441.0904
              1       224.05998     0.023446585      0.10261199     0.010428757      0.21673627      -2.8138223    2.100583e-09      0.34720987       91.034836      0.12670277      0.65268928       0.2463057      0.24763899       2.2657572       7.1354518        440.3849       3.8675318        3.8675318        440.3849                                 440.3849
              8       223.14426     0.023381831      0.10221126      0.01043054       0.2864691      -2.9696192    2.100583e-09      0.35364681       90.151089      0.12623728      0.64625009      0.24627934      0.24761254       2.2761543       7.1416718       438.55346       3.8675318        3.8675318       438.55346                                438.55346
              8       223.13087     0.023382066      0.10221528       0.0104305      0.28654804      -2.9698131    2.100583e-09      0.35368776       90.146528      0.12624154      0.64620913      0.24627944      0.24761264       2.2761165        7.141684       438.52668       3.8675318        3.8675318       438.52668                                438.52668
              3       222.95759     0.023421045      0.10185137     0.010430563      0.28824548      -2.9793466    2.100583e-09      0.35123009       90.381604      0.12591661      0.64866726      0.24629534       0.2476286       2.2698497       7.1279134       438.18012       3.8675318        3.8675318       438.18012                                438.18012
              3       222.94415     0.023420532       0.1018483     0.010430547      0.28922847      -2.9813292    2.100583e-09      0.35136173       90.364276      0.12591302      0.64853557      0.24629513      0.24762839        2.269932       7.1279689       438.15323       3.8675318        3.8675318       438.15323                                438.15323
              8       223.19403     0.023421058      0.10186557     0.010431471       0.2985427      -2.9929228    2.100583e-09      0.35312472       90.141413      0.12593082      0.64677208      0.24629535      0.24762861       2.2698477       7.1287829         438.653       3.8675318        3.8675318         438.653                                  438.653
              3       224.19502     0.023458436      0.10168485     0.010433123      0.28570937      -2.9228294    2.100583e-09      0.35316355       90.090878      0.12578748      0.64673313      0.24631049       0.2476438       2.2638619       7.1211462       440.65497       3.8675318        3.8675318       440.65497                                440.65497
              1       224.35957     0.023456109       0.1016377     0.010433126      0.28188442       -2.887936    2.100583e-09      0.35454022        89.90793        0.125738      0.64535601      0.24630955      0.24764286       2.2642339       7.1222728       440.98407       3.8675318        3.8675318       440.98407                                440.98407
              2       223.67336     0.023524503      0.10157032      0.01043222      0.29375995      -2.9062042    2.100583e-09       0.3563031       89.650405      0.12573902      0.64359261       0.2463371      0.24767051       2.2533383       7.1083242       439.61165       3.8675318        3.8675318       439.61165                                439.61165
             17       223.50778     0.023371434      0.10170946     0.010431352      0.30133338       -2.963161    2.100583e-09      0.35571456       89.800533      0.12572508      0.64418131      0.24627508      0.24760826       2.2778301        7.137671       439.28049       3.8675318        3.8675318       439.28049                                439.28049
              8       223.45046     0.023423518      0.10156408     0.010431678      0.30226326      -2.9397737    2.100583e-09      0.35675593       89.625627      0.12563179      0.64313956      0.24629635      0.24762961        2.269453       7.1266734       439.16586       3.8675318        3.8675318       439.16586                                439.16586
              3       225.24912     0.023311498      0.10325919     0.010427801      0.21728906      -2.8897329    2.100583e-09      0.34598995       91.359694      0.12721488      0.65390996      0.24625036      0.24758346       2.2875267       7.1683837       442.76318       3.8675318        3.8675318       442.76318                                442.76318
             10       226.07319     0.023484297      0.10362526     0.010429103      0.24868323      -2.9924868    2.100583e-09      0.34842736       91.047753      0.12775374      0.65147226      0.24632092      0.24765427       2.2597341       7.1394752       444.41132       3.8675318        3.8675318       444.41132                                444.41132
              8        225.9939     0.023324001      0.10295657     0.010427576      0.20379471      -2.7526618    2.100583e-09      0.35087138       90.662636      0.12692476      0.64902689      0.24625553      0.24758865       2.2854988       7.1663594       444.25273       3.8675318        3.8675318       444.25273                                444.25273
              5       225.38039      0.02335892      0.10268237     0.010427646      0.20859076      -2.7466617    2.100583e-09      0.35110602       90.570557      0.12668548      0.64879199      0.24626994       0.2476031       2.2798497       7.1559882       443.02571       3.8675318        3.8675318       443.02571                                443.02571
              2       225.19044     0.023442237      0.10257614     0.010427255      0.20115768      -2.7300847    2.100583e-09      0.34931317       90.755247      0.12666257      0.65058534      0.24630394      0.24763723       2.2664532       7.1380657       442.64582       3.8675318        3.8675318       442.64582                                442.64582
              1       226.29286     0.023466788      0.10195089     0.010425782      0.24149443      -2.7457732    2.100583e-09      0.35726732        89.61768      0.12606187      0.64262838      0.24631386      0.24764719       2.2625276       7.1269786       444.85066       3.8675318        3.8675318       444.85066                                444.85066
              1         224.244      0.02346578      0.10176793     0.010425633      0.32078383       -2.971341    2.100583e-09      0.36251987       88.933329       0.1258779      0.63737414      0.24631345      0.24764678       2.2626886       7.1212133       440.75293       3.8675318        3.8675318       440.75293                                440.75293
              2       224.19321     0.023437194      0.10178788     0.010425766      0.32556477      -2.9813999    2.100583e-09      0.36338954       88.839855      0.12586926      0.63650422      0.24630189      0.24763518       2.2672608       7.1270845       440.65135       3.8675318        3.8675318       440.65135                                440.65135
              7       224.20778     0.023437435      0.10177842     0.010425744      0.32598143      -2.9818566    2.100583e-09       0.3634335       88.832693      0.12586004      0.63646023      0.24630199      0.24763528       2.2672221       7.1269047        440.6805       3.8675318        3.8675318        440.6805                                 440.6805
              1       225.43905     0.023621778      0.10054566     0.010426257       0.2625642      -2.7766926    2.100583e-09      0.35270127       89.886101      0.12481163      0.64719474      0.24637627      0.24770983       2.2379734       7.0756991       443.14304       3.8675318        3.8675318       443.14304                                443.14304
              4       227.08499     0.023549336      0.10125584     0.010423604      0.18101479      -2.6889435    2.100583e-09      0.33967453       91.751304      0.12544937      0.66022582      0.24634708      0.24768053       2.2494012       7.0952629       446.43491       3.8675318        3.8675318       446.43491                                446.43491
              1       227.87866     0.023669055      0.10110415     0.010427794      0.11877691      -2.6063996    2.100583e-09      0.32516473       93.705978       0.1254174      0.67473986      0.24639541      0.24772903       2.2305612       7.0679358       448.02226       3.8675318        3.8675318       448.02226                                448.02226
              2       228.26146     0.023662076       0.1013887     0.010427441      0.10982996       -2.607262    2.100583e-09      0.32413575       93.911554      0.12569497      0.67576935      0.24639258      0.24772619       2.2316532       7.0726841       448.78785       3.8675318        3.8675318       448.78785                                448.78785
              3       227.98538     0.023527244      0.10165864      0.01042801     0.079890549       -2.563781    2.100583e-09       0.3205912         94.5279      0.12583008      0.67931504       0.2463382      0.24767161       2.2529032        7.101648        448.2357       3.8675318        3.8675318        448.2357                                 448.2357
              1       228.57868     0.023650262      0.10113912     0.010427155      0.10722737      -2.5963535    2.100583e-09      0.32298121       94.035367      0.12543358      0.67692402       0.2463878      0.24772139       2.2335032       7.0711054       449.42229       3.8675318        3.8675318       449.42229                                449.42229
              2       228.59088     0.023650004      0.10113883     0.010427132       0.1066584      -2.5948764    2.100583e-09      0.32293275       94.042455      0.12543302      0.67697251      0.24638769      0.24772129       2.2335438       7.0711579        449.4467       3.8675318        3.8675318        449.4467                                 449.4467
              3       228.11328      0.02366376      0.10162872     0.010426928      0.11515381      -2.6221654    2.100583e-09      0.32598196       93.690457      0.12593667      0.67392278      0.24639326      0.24772688       2.2313896       7.0759799       448.49149       3.8675318        3.8675318       448.49149                                448.49149
              1       227.88164     0.023716909      0.10074905     0.010428197      0.14340808      -2.6365601    2.100583e-09      0.32788523       93.232318      0.12511015      0.67201832      0.24641477      0.24774847       2.2230954       7.0545647       448.02821       3.8675318        3.8675318       448.02821                                448.02821
              1       225.69496     0.023356261      0.10139605     0.010431956      0.16584324      -2.6019234    2.100583e-09      0.34141502       91.608344      0.12539651      0.65848477      0.24626884      0.24760201        2.280279       7.1393178       443.65485       3.8675318        3.8675318       443.65485                                443.65485
              2        225.5299     0.023325347        0.101639     0.010432273      0.20215026      -2.7222305    2.100583e-09      0.34420676       91.291795      0.12560854      0.65569239      0.24625609      0.24758921       2.2852808       7.1469339       443.32473       3.8675318        3.8675318       443.32473                                443.32473
              3       225.51095      0.02335815      0.10116388     0.010431926      0.19043359      -2.6524726    2.100583e-09      0.34357466        91.27595      0.12516622      0.65632432      0.24626962      0.24760279       2.2799739       7.1353141       443.28684       3.8675318        3.8675318       443.28684                                443.28684
              9       224.54191     0.023367658      0.10136936     0.010430258      0.22020224      -2.7128383    2.100583e-09      0.34937126       90.550484      0.12538121      0.65052619      0.24627353      0.24760671       2.2784393       7.1367271       441.34875       3.8675318        3.8675318       441.34875                                441.34875
              5       224.67308     0.023355577      0.10143131     0.010430329      0.21668413      -2.7082643    2.100583e-09       0.3490341       90.609726      0.12543108      0.65086349      0.24626856      0.24760172       2.2803896       7.1399071       441.61109       3.8675318        3.8675318       441.61109                                441.61109
              1       224.59589     0.023362969      0.10159366     0.010430458      0.20722507      -2.6971521    2.100583e-09      0.34785799        90.79038      0.12560082      0.65204009       0.2462716      0.24760477        2.279196       7.1406029       441.45672       3.8675318        3.8675318       441.45672                                441.45672
              2       225.25609     0.023309556      0.10169201     0.010430743      0.19140601      -2.6762184    2.100583e-09      0.34537802       91.151965      0.12564576      0.65452082      0.24624956      0.24758265       2.2878418       7.1518595       442.77711       3.8675318        3.8675318       442.77711                                442.77711
              1        222.8344     0.023419498      0.10149964     0.010428714      0.31398144      -2.9654031    2.100583e-09      0.35875535       89.365089      0.12556333       0.6411395      0.24629471      0.24762797       2.2700979       7.1258416       437.93373       3.8675318        3.8675318       437.93373                                437.93373
              1       222.81813      0.02341987      0.10151089     0.010428723      0.31364659      -2.9658439    2.100583e-09      0.35867521       89.377004      0.12557495      0.64121968      0.24629486      0.24762812       2.2700382       7.1258914       437.90119       3.8675318        3.8675318       437.90119                                437.90119
              2        222.8324     0.023419576      0.10154238     0.010428736      0.31468073      -2.9666987    2.100583e-09      0.35910066        89.32988      0.12560614      0.64079413      0.24629474        0.247628       2.2700855       7.1265406       437.92973       3.8675318        3.8675318       437.92973                                437.92973
              7       222.83489     0.023416044      0.10155381     0.010428731      0.31533904      -2.9692989    2.100583e-09      0.35917467       89.323916      0.12561404       0.6407201      0.24629331      0.24762656       2.2706523        7.127344       437.93472       3.8675318        3.8675318       437.93472                                437.93472
              1       223.30779     0.023402979      0.10150328     0.010428418      0.29643099      -2.9079828    2.100583e-09      0.35814636       89.447118      0.12555045      0.64174866      0.24628799      0.24762122        2.272751       7.1300708       438.88051       3.8675318        3.8675318       438.88051                                438.88051
              5       223.78903     0.023500782       0.1016111     0.010426355      0.29111478      -2.9044027    2.100583e-09      0.35752569       89.512223      0.12575607      0.64236968      0.24632756      0.24766093       2.2571086       7.1121948       439.84299       3.8675318        3.8675318       439.84299                                439.84299
             28       223.95309     0.023577654      0.10112733     0.010427809      0.27197822      -2.8176885    2.100583e-09      0.35525368       89.684058      0.12534918      0.64464201      0.24635847      0.24769196       2.2449239       7.0925241       440.17111       3.8675318        3.8675318       440.17111                                440.17111
              1       224.09467     0.023600115      0.10110968     0.010427136      0.31365031      -2.9184473    2.100583e-09      0.35994991       89.086561      0.12535399      0.63994441      0.24636752      0.24770105       2.2413819       7.0872561       440.45428       3.8675318        3.8675318       440.45428                                440.45428
              4       224.29839     0.023676779      0.10103052     0.010427683      0.29808734      -2.9063947    2.100583e-09      0.35517867       89.643313      0.12535149      0.64471705      0.24639853      0.24773217       2.2293537       7.0703405       440.86172       3.8675318        3.8675318       440.86172                                440.86172
              2        224.9857     0.023612831      0.10066377     0.010425655      0.31315134      -2.9434231    2.100583e-09      0.35559604       89.544166      0.12492079       0.6442992      0.24637266       0.2477062       2.2393802       7.0758776       442.23634       3.8675318        3.8675318       442.23634                                442.23634
              8       225.39076     0.023632927      0.10068379     0.010425293      0.32585002      -2.9667854    2.100583e-09       0.3577579        89.27035      0.12496091      0.64213674      0.24638078      0.24771435       2.2362221       7.0725775       443.04646       3.8675318        3.8675318       443.04646                                443.04646
              1        224.7125     0.023578585      0.10155444     0.010424952      0.28496093      -2.9422782    2.100583e-09      0.35232143       90.134766      0.12577722      0.64757548      0.24635885      0.24769234        2.244777       7.0933818       441.68994       3.8675318        3.8675318       441.68994                                441.68994
              2       225.28205       0.0236536      0.10120407     0.010426244      0.23328789       -2.820844    2.100583e-09      0.34363828       91.176194      0.12550186      0.65626096      0.24638915      0.24772275       2.2329804        7.074135       442.82904       3.8675318        3.8675318       442.82904                                442.82904
              5       225.35435     0.023658564      0.10120793     0.010426204      0.23040336      -2.8082093    2.100583e-09      0.34377583       91.157018      0.12551068      0.65612337      0.24639116      0.24772477        2.232203       7.0735967       442.97363       3.8675318        3.8675318       442.97363                                442.97363
              8       225.15138     0.023644497      0.10139633     0.010427197      0.21209103      -2.7979264    2.100583e-09      0.33990126       91.715081      0.12568502      0.65999922      0.24638546      0.24771905        2.234407       7.0778741        442.5677       3.8675318        3.8675318        442.5677                                 442.5677
              4       224.99535      0.02365045        0.101134      0.01042606      0.25989335      -2.8423748    2.100583e-09      0.34970112        90.37046      0.12542864      0.65019627      0.24638787      0.24772147       2.2334738        7.075587       442.25565       3.8675318        3.8675318       442.25565                                442.25565
              2         225.147     0.023504785      0.10272019     0.010427205       0.2197576      -2.7976911    2.100583e-09      0.35015008       90.652102      0.12686916      0.64974835      0.24632917      0.24766255       2.2564717        7.126899       442.55895       3.8675318        3.8675318       442.55895                                442.55895
              7       225.17818     0.023486944      0.10280106     0.010426743      0.23322284      -2.8349283    2.100583e-09      0.35195159       90.440473      0.12693219      0.64794636      0.24632198      0.24765534       2.2593122       7.1311583       442.62129       3.8675318        3.8675318       442.62129                                442.62129
              8       224.27522     0.023510065      0.10250363     0.010427959      0.24916528      -2.8494775    2.100583e-09      0.35356136       90.172603      0.12665789      0.64633591      0.24633129      0.24766468        2.255632       7.1231927       440.81537       3.8675318        3.8675318       440.81537                                440.81537
              4       223.43182     0.023358707       0.1024081     0.010428796      0.25410865      -2.9017613    2.100583e-09      0.35084137       90.554616        0.126411      0.64905649      0.24626985      0.24760302        2.279884       7.1488658       439.12857       3.8675318        3.8675318       439.12857                                439.12857
             11       224.51238     0.023313696      0.10275124     0.010426444      0.30010031       -2.989795    2.100583e-09      0.36065896        89.39045      0.12670913      0.63923629      0.24625127      0.24758437         2.28717       7.1635062        441.2897       3.8675318        3.8675318        441.2897                                 441.2897
              4       225.84875     0.023779008       0.1014007      0.01042918      0.28555457      -2.9500204    2.100583e-09      0.34904901       90.461712       0.1258239      0.65084889      0.24643978      0.24777357       2.2134623       7.0534712       443.96244       3.8675318        3.8675318       443.96244                                443.96244
              3       226.01491     0.023688818      0.10144484     0.010427544      0.24364285      -2.9137571    2.100583e-09      0.34033059       91.651465      0.12577785      0.65956983      0.24640341      0.24773706       2.2274734       7.0679252       444.29476       3.8675318        3.8675318       444.29476                                444.29476
              1        230.7684     0.023856885      0.10061848     0.010425732      0.23137036      -2.8379844    2.100583e-09      0.33777411       91.786157      0.12511956      0.66212654      0.24647077      0.24780467       2.2014695       7.0253129       453.80174       3.8675318        3.8675318       453.80174                                453.80174
              2       226.61434     0.023739051      0.10073189     0.010426323      0.23245905      -2.7837141    2.100583e-09      0.34336324       91.096191      0.12511513      0.65653576      0.24642371      0.24775744       2.2196534       7.0524031       445.49361       3.8675318        3.8675318       445.49361                                445.49361
              2        226.5677     0.023768939      0.10080876     0.010427006      0.23837499      -2.7913319    2.100583e-09       0.3446772       90.926849      0.12522189       0.6552215      0.24643574      0.24776951         2.21502       7.0484689       445.40034       3.8675318        3.8675318       445.40034                                445.40034
              3       226.56519     0.023694183      0.10188919     0.010426021      0.21491134      -2.8104244    2.100583e-09      0.34258491        91.43017      0.12622756      0.65731521      0.24640558      0.24773924       2.2266362       7.0758824       445.39531       3.8675318        3.8675318       445.39531                                445.39531
              4       227.50164     0.023584226      0.10274682     0.010426345      0.14776376      -2.7362628    2.100583e-09      0.33347458       92.868773      0.12697524      0.66642876      0.24636112      0.24769462       2.2438867       7.1069585       447.26821       3.8675318        3.8675318       447.26821                                447.26821
              2       228.61487     0.023714303      0.10233493     0.010424176      0.26231488      -2.9138911    2.100583e-09      0.35165458       90.318147      0.12669342      0.64824327      0.24641372      0.24774741       2.2235009       7.0789761       449.49468       3.8675318        3.8675318       449.49468                                449.49468
              2        228.4913     0.023729537      0.10222849     0.010424601      0.25855521      -2.8878405    2.100583e-09      0.35179241       90.276023      0.12660222      0.64810533      0.24641987      0.24775359       2.2211314        7.075388       449.24754       3.8675318        3.8675318       449.24754                                449.24754
              1       229.91131     0.023726023      0.10198289     0.010424886      0.13412851      -2.5479569    2.100583e-09      0.33959915       91.837949      0.12635311      0.66030194      0.24641846      0.24775216       2.2216776       7.0759766       452.08756       3.8675318        3.8675318       452.08756                                452.08756
              2       230.07848     0.023625332      0.10268438     0.010424352      0.10706118      -2.5539575    2.100583e-09       0.3354033       92.575723       0.1269539      0.66449948      0.24637771      0.24771127        2.237415       7.1025697       452.42189       3.8675318        3.8675318       452.42189                                452.42189
              1       231.98469     0.023654297      0.10318726     0.010424901      0.11288235      -2.5642291    2.100583e-09      0.33881436       92.191682      0.12748574      0.66108784      0.24638943      0.24772303       2.2328712       7.1053791       456.23431       3.8675318        3.8675318       456.23431                                456.23431
              2       232.67755     0.023679917      0.10318859     0.010424765       0.1058014      -2.5564008    2.100583e-09      0.33724545       92.397391       0.1275127      0.66265721      0.24639981      0.24773344       2.2288634       7.1000858       457.62003       3.8675318        3.8675318       457.62003                                457.62003
              2       230.57808     0.023690993      0.10253102     0.010426614     0.063257843        -2.40589    2.100583e-09      0.33220574       92.969056      0.12686621       0.6676979      0.24640429      0.24773795        2.227134       7.0910761        453.4211       3.8675318        3.8675318        453.4211                                 453.4211
              1       229.05687     0.023526972      0.10222719     0.010425432      0.13054632       -2.485872    2.100583e-09      0.34555659       91.154429      0.12639835      0.65434279      0.24633809       0.2476715       2.2529465       7.1210847       450.37868       3.8675318        3.8675318       450.37868                                450.37868
              5       228.59788     0.023533084      0.10216754     0.010425633      0.13997391      -2.5070095    2.100583e-09      0.34632667        91.03999      0.12634482      0.65357245      0.24634055      0.24767397       2.2519767       7.1189368       449.46069       3.8675318        3.8675318       449.46069                                449.46069
              3       228.35468      0.02353385      0.10204264     0.010425369       0.1378171      -2.5042181    2.100583e-09      0.34527264       91.155519      0.12622068      0.65462669      0.24634085      0.24767428       2.2518552       7.1166176       448.97431       3.8675318        3.8675318       448.97431                                448.97431
              1       226.55031     0.023583178      0.10201488     0.010427009      0.15370021       -2.563439    2.100583e-09      0.34454051       91.230654      0.12624225      0.65535905       0.2463607      0.24769419        2.244052       7.1055554       445.36555       3.8675318        3.8675318       445.36555                                445.36555
              5       226.09712     0.023459814      0.10104844     0.010429436      0.21772247      -2.6173525    2.100583e-09      0.35457612       89.793989      0.12515245      0.64531962      0.24631104      0.24764436       2.2636417       7.1191631       444.45917       3.8675318        3.8675318       444.45917                                444.45917
              2        224.2064     0.023473576      0.10154885     0.010430949      0.19027276      -2.6545658    2.100583e-09      0.34524244         91.0882      0.12566662      0.65465645       0.2463166      0.24764993       2.2614441       7.1190209       440.67774       3.8675318        3.8675318       440.67774                                440.67774
             19       224.12681     0.023452197      0.10149572     0.010430896      0.20544375      -2.6880414    2.100583e-09      0.34701562       90.852534      0.12559211      0.65288269      0.24630797      0.24764127       2.2648594       7.1222015       440.51855       3.8675318        3.8675318       440.51855                                440.51855
              6       224.63357     0.023498757      0.10117212     0.010432383      0.19266077      -2.6649998    2.100583e-09      0.34258356       91.362196      0.12531507      0.65731583      0.24632674      0.24766012       2.2574308        7.108059       441.53207       3.8675318        3.8675318       441.53207                                441.53207
              1        224.7508     0.023536005      0.10104638     0.010432476      0.18853931      -2.6486596    2.100583e-09      0.34177701       91.433917      0.12522658      0.65812255      0.24634172      0.24767515       2.2515135       7.0993716       441.76653       3.8675318        3.8675318       441.76653                                441.76653
             17       224.82432     0.023564285      0.10097814     0.010431914      0.29211713      -2.9891787    2.100583e-09      0.34579514       90.879015      0.12518661       0.6541032      0.24635309      0.24768656        2.247036       7.0864038       441.91357       3.8675318        3.8675318       441.91357                                441.91357
              6       223.74875     0.023303908      0.10203022     0.010429949      0.27776599      -2.9329689    2.100583e-09      0.35337434       90.178684      0.12597832      0.64652243      0.24624722       0.2475803       2.2887589       7.1546292       439.76244       3.8675318        3.8675318       439.76244                                439.76244
              7       224.17923     0.023287291      0.10193878     0.010429442      0.26745215      -2.8818378    2.100583e-09      0.35398634       90.089487      0.12587026      0.64591016      0.24624033      0.24757339       2.2914603       7.1577728        440.6234       3.8675318        3.8675318        440.6234                                 440.6234
              2       224.19797     0.023289373      0.10176085         0.01043      0.28725572      -2.9169618    2.100583e-09      0.35609444       89.789202      0.12569441       0.6438013      0.24624119      0.24757426       2.2911216       7.1550025       440.66088       3.8675318        3.8675318       440.66088                                440.66088
             13       223.88502     0.023309861      0.10157049     0.010429396      0.29274748      -2.9247016    2.100583e-09      0.35616911       89.738145      0.12552454      0.64372646      0.24624968      0.24758278       2.2877924       7.1480168       440.03498       3.8675318        3.8675318       440.03498                                440.03498
              3       223.79734     0.023319577      0.10154283     0.010429389      0.28871193      -2.9155191    2.100583e-09      0.35547085       89.817948       0.1255066      0.64442492       0.2462537      0.24758681       2.2862161        7.145694       439.85961       3.8675318        3.8675318       439.85961                                439.85961
              1       223.94226     0.023313869      0.10193507     0.010428391       0.2713262      -2.8799711    2.100583e-09      0.35546973       89.891873      0.12589313      0.64442635      0.24625134      0.24758444       2.2871419          7.1529       440.14945       3.8675318        3.8675318       440.14945                                440.14945
              5       225.06797     0.023422946       0.1007702     0.010427394      0.20581102      -2.7412942    2.100583e-09      0.33989956        91.67205      0.12483734      0.66000024      0.24629611      0.24762938       2.2695447       7.1123412       442.40088       3.8675318        3.8675318       442.40088                                442.40088
              5       224.20064     0.023458565      0.10105387     0.010427392      0.21391431      -2.7651271    2.100583e-09      0.34187596       91.448069      0.12515663      0.65802351      0.24631054      0.24764385       2.2638414       7.1097898       440.66621       3.8675318        3.8675318       440.66621                                440.66621
              9       224.96137     0.023706951      0.10102883     0.010432549      0.33374832      -2.9651184    2.100583e-09      0.36004874       89.024915      0.12537997      0.63984557      0.24641075      0.24774443        2.224646       7.0666373       442.18768       3.8675318        3.8675318       442.18768                                442.18768
              1       224.65186     0.023638054      0.10147447     0.010432136      0.26137588      -2.9020814    2.100583e-09       0.3457305       90.955238      0.12575672      0.65416832      0.24638286      0.24771643       2.2354176       7.0815092       441.56865       3.8675318        3.8675318       441.56865                                441.56865
              1       224.70286     0.023638245      0.10134342     0.010432179       0.2620329      -2.8998485    2.100583e-09      0.34536878       90.978473      0.12562585      0.65453004      0.24638293      0.24771651       2.2353876        7.079555       441.67065       3.8675318        3.8675318       441.67065                                441.67065
              4       224.17744     0.023636456      0.10127148     0.010429266      0.24737077      -2.8709385    2.100583e-09      0.34359279       91.200507      0.12555212      0.65630649      0.24638221      0.24771579       2.2356683        7.078004       440.61981       3.8675318        3.8675318       440.61981                                440.61981
              7       224.41344     0.023665352      0.10122197     0.010429141      0.26211353      -2.9067219    2.100583e-09      0.34486671       91.013088      0.12553151      0.65503219      0.24639391      0.24772753       2.2311406       7.0715337       441.09182       3.8675318        3.8675318       441.09182                                441.09182
              4       224.54906     0.023659916        0.101282     0.010429704      0.23674473      -2.8444224    2.100583e-09      0.34231629       91.364518      0.12558611       0.6575834      0.24639171      0.24772532       2.2319912       7.0739863       441.36305       3.8675318        3.8675318       441.36305                                441.36305
              1       224.43862     0.023524921      0.10216326      0.01042965       0.1775808      -2.6745221    2.100583e-09      0.34327786       91.445336      0.12633237      0.65662214      0.24633726      0.24767068        2.253272       7.1161637       441.14217       3.8675318        3.8675318       441.14217                                441.14217
              3        224.4016     0.023553699      0.10157317     0.010428974       0.1818855      -2.6278358    2.100583e-09      0.34514988       91.078145      0.12577106      0.65474913      0.24634883      0.24768229       2.2487106         7.10422       441.06814       3.8675318        3.8675318       441.06814                                441.06814
              3       224.39787     0.023562438       0.1015008      0.01042921      0.18658012      -2.6310626    2.100583e-09      0.34583418       90.971658      0.12570743      0.65406457      0.24635235      0.24768582       2.2473282        7.101843       441.06068       3.8675318        3.8675318       441.06068                                441.06068
              1       224.40838     0.023497894      0.10098717     0.010429792      0.15670675      -2.5728242    2.100583e-09       0.3387165       91.847719      0.12512925      0.66118387      0.24632639      0.24765977       2.2575682        7.105603        441.0817       3.8675318        3.8675318        441.0817                                 441.0817
              1       223.99361     0.023459112      0.10165904     0.010431197      0.22450538      -2.8305334    2.100583e-09       0.3422585       91.509825      0.12576235      0.65764134      0.24631076      0.24764408        2.263754       7.1179839       440.25215       3.8675318        3.8675318       440.25215                                440.25215
              1       224.17338       0.0234393      0.10146104     0.010431062      0.21940507      -2.8098952    2.100583e-09      0.34136699       91.598967      0.12554453      0.65853294      0.24630275      0.24763603       2.2669235       7.1190383        440.6117       3.8675318        3.8675318        440.6117                                 440.6117
              7       224.21638     0.023541941      0.10067873     0.010430074      0.28984693      -2.8155732    2.100583e-09      0.35808837       89.257835      0.12486486      0.64180609      0.24634411      0.24767754       2.2505726       7.0949297        440.6977       3.8675318        3.8675318        440.6977                                 440.6977
              3       224.34736     0.023528739      0.10060377     0.010429975      0.27643503      -2.7823609    2.100583e-09      0.35631156       89.470606       0.1247767      0.64358334       0.2463388      0.24767222        2.252666       7.0964737       440.95966       3.8675318        3.8675318       440.95966                                440.95966
              6        224.3219     0.023521409       0.1006544     0.010429927      0.27398206      -2.7783677    2.100583e-09      0.35619787       89.496608         0.12482      0.64369711      0.24633585      0.24766926       2.2538297       7.0985994       440.90874       3.8675318        3.8675318       440.90874                                440.90874
              5       223.44054     0.023455304      0.10134513     0.010429398      0.30226251      -2.8918771    2.100583e-09      0.35990897       89.181893      0.12544463      0.63998545      0.24630922      0.24764253       2.2643625       7.1192375       439.14602       3.8675318        3.8675318       439.14602                                439.14602
              4       225.25854      0.02343917      0.10121078     0.010425249      0.22958275      -2.8420352    2.100583e-09      0.34205895       91.459496      0.12529415      0.65784057      0.24630269      0.24763598       2.2669443        7.113368       442.78201       3.8675318        3.8675318       442.78201                                442.78201
              6       225.98216     0.023388432      0.10141701     0.010424578      0.21377171      -2.8217702    2.100583e-09      0.34043474        91.73317      0.12544964      0.65946539      0.24628204      0.24761526       2.2750912       7.1256299       444.22925       3.8675318        3.8675318       444.22925                                444.22925
              1       227.84569     0.023438686     0.099761233     0.010428923      0.22184252      -2.7494925    2.100583e-09      0.33810392       91.718222      0.12384411      0.66179561       0.2463025      0.24763578       2.2670218       7.0946617       447.95632       3.8675318        3.8675318       447.95632                                447.95632
              2       228.10341     0.023444124     0.099728691     0.010428787      0.23601896      -2.7925622    2.100583e-09      0.33879461       91.616659      0.12381701      0.66110469       0.2463047      0.24763799       2.2661512       7.0923549       448.47175       3.8675318        3.8675318       448.47175                                448.47175
              3       224.62268     0.023614493       0.1005965     0.010427567      0.27198882      -2.8926827    2.100583e-09      0.34614354       90.745458      0.12485518      0.65375443      0.24637333      0.24770687       2.2391188       7.0726514        441.5103       3.8675318        3.8675318        441.5103                                 441.5103
              3       223.36563     0.023428501       0.1017249     0.010427099      0.24702513      -2.8564477    2.100583e-09      0.34860308       90.695684      0.12579759      0.65129494      0.24629837      0.24763164       2.2686539       7.1254349       438.99619       3.8675318        3.8675318       438.99619                                438.99619
              2       223.82611     0.023545325      0.10136701     0.010428643      0.20845948      -2.7708931    2.100583e-09      0.34080657        91.62095      0.12555653      0.65909354      0.24634547      0.24767891       2.2500365       7.0975534       439.91716       3.8675318        3.8675318       439.91716                                439.91716
              1       223.65631      0.02355968       0.1013316     0.010428932      0.21750682      -2.7790489    2.100583e-09      0.34256238        91.37443      0.12553547       0.6573372      0.24635124       0.2476847       2.2477642       7.0949331       439.57756       3.8675318        3.8675318       439.57756                                439.57756
              3       226.27051     0.023672357      0.10009753     0.010426524      0.24562588      -2.7696006    2.100583e-09      0.34527771       90.746591      0.12441408      0.65462016      0.24639674      0.24773037       2.2300448       7.0572247       444.80596       3.8675318        3.8675318       444.80596                                444.80596
              2       225.24312     0.023570857      0.10162574      0.01042573      0.23591376      -2.8962309    2.100583e-09      0.34136148       91.586183      0.12584079      0.65853869      0.24635574      0.24768922       2.2459974       7.0929342       442.75118       3.8675318        3.8675318       442.75118                                442.75118
              6       224.19135     0.023513779      0.10181212     0.010428214      0.21410458      -2.8469978    2.100583e-09      0.33927811       91.921049      0.12597009      0.66062277      0.24633278      0.24766618       2.2550417       7.1073897       440.64765       3.8675318        3.8675318       440.64765                                440.64765
              1       224.15768      0.02358542      0.10131229     0.010428462      0.22244936      -2.8197077    2.100583e-09      0.34076093       91.603395       0.1255419      0.65913918       0.2463616       0.2476951       2.2436983       7.0880133       440.58029       3.8675318        3.8675318       440.58029                                440.58029
              2       223.46884     0.023592238      0.10162431     0.010428186        0.258757      -2.8912458    2.100583e-09      0.34786311       90.718897      0.12586073      0.65203517      0.24636435      0.24769786       2.2426232       7.0921686       439.20262       3.8675318        3.8675318       439.20262                                439.20262
              6       223.10997     0.023572528      0.10162047     0.010429348      0.26471003      -2.8952857    2.100583e-09      0.34910518       90.563199      0.12583719      0.65079272      0.24635641      0.24768989       2.2457335       7.0965587       438.48488       3.8675318        3.8675318       438.48488                                438.48488
              1       223.10507     0.023581281      0.10145521     0.010429437       0.2695622      -2.8958039    2.100583e-09      0.34956253       90.470564      0.12568069      0.65033511      0.24635993      0.24769343       2.2443514       7.0927729       438.47508       3.8675318        3.8675318       438.47508                                438.47508
              1       223.31048     0.023580298      0.10145636     0.010429387       0.2490574      -2.8486604    2.100583e-09      0.34709261       90.792427      0.12568085      0.65280575      0.24635954      0.24769303       2.2445065       7.0930857        438.8859       3.8675318        3.8675318        438.8859                                 438.8859
             17       223.49457     0.023597448       0.1009586     0.010429374      0.25673072      -2.8185922    2.100583e-09      0.34902977       90.442344      0.12520024      0.65086763      0.24636645      0.24769997       2.2418021        7.084374       439.25407       3.8675318        3.8675318       439.25407                                439.25407
              6       224.01277     0.023440122      0.10182498     0.010427373      0.24548466       -2.936678    2.100583e-09      0.34233134       91.537455      0.12590929       0.6575686      0.24630308      0.24763637       2.2667918       7.1205887       440.29048       3.8675318        3.8675318       440.29048                                440.29048
              8       223.39097      0.02352368      0.10184628     0.010428446      0.23827819      -2.8719154    2.100583e-09      0.34465576       91.204121      0.12601415      0.65524359      0.24633677      0.24767018        2.253469       7.1075568       439.04688       3.8675318        3.8675318       439.04688                                439.04688
              3       223.33458     0.023533318      0.10162829     0.010430329       0.2344022      -2.8053855    2.100583e-09       0.3469788       90.854788       0.1258058       0.6529197      0.24634064      0.24767406       2.2519396       7.1056225        438.9341       3.8675318        3.8675318        438.9341                                 438.9341
              9       223.60938     0.023545119      0.10247489     0.010428393      0.27245044      -2.9831192    2.100583e-09      0.34970321       90.651688       0.1266642      0.65019518      0.24634538      0.24767883       2.2500691       7.1118756       439.48371       3.8675318        3.8675318       439.48371                                439.48371
              6       223.27409     0.023532894      0.10244011     0.010428846      0.28158904       -2.984165    2.100583e-09      0.35210767       90.339363       0.1266172      0.64778999      0.24634047      0.24767389        2.252007        7.114693       438.81311       3.8675318        3.8675318       438.81311                                438.81311
             17       224.93832     0.023744208      0.10141399     0.010429437      0.32500929      -2.9761694    2.100583e-09      0.35923318       89.183912      0.12580239      0.64066173      0.24642579      0.24775953       2.2188529       7.0635402       442.14158       3.8675318        3.8675318       442.14158                                442.14158
              6       227.99689     0.023814914       0.1012997     0.010429675      0.34567948      -2.9426414    2.100583e-09      0.36749765       88.132181       0.1257588      0.63239481      0.24645413      0.24778797       2.2079208       7.0529917       448.25871       3.8675318        3.8675318       448.25871                                448.25871
              5       227.22228     0.023788492      0.10172844     0.010430825      0.34367159      -2.9808585    2.100583e-09      0.36587629       88.412841      0.12616112      0.63401698      0.24644358      0.24777738       2.2119965       7.0625482       446.70951       3.8675318        3.8675318       446.70951                                446.70951
              4       226.35669      0.02358014      0.10155247     0.010431494      0.24176643      -2.6901085    2.100583e-09      0.35776414       89.445655      0.12577681      0.64213118      0.24635947      0.24769297       2.2445314       7.1033668       444.97832       3.8675318        3.8675318       444.97832                                444.97832
              2       226.20841     0.023530148      0.10016705     0.010429498       0.1113159      -2.4452386    2.100583e-09      0.33073004       92.782216      0.12434139      0.66917208      0.24633937      0.24767279       2.2524424       7.0880245       444.68176       3.8675318        3.8675318       444.68176                                444.68176
              2       226.64288     0.023545408     0.099854681     0.010427995      0.14230898      -2.4894744    2.100583e-09      0.33522612       92.093151      0.12404428      0.66467442       0.2463455      0.24767894       2.2500234       7.0811954        445.5507       3.8675318        3.8675318        445.5507                                 445.5507
              1       227.61836     0.023466626      0.10031751     0.010427999     0.064404374       -2.376527    2.100583e-09      0.32354443       93.857843      0.12442833      0.67635988      0.24631379      0.24764712       2.2625534       7.1002813       447.50165       3.8675318        3.8675318       447.50165                                447.50165
              2       227.37464     0.023455023      0.10076943      0.01042657     0.055796583      -2.3636444    2.100583e-09      0.32482561       93.763875      0.12486864      0.67507865      0.24630911      0.24764242       2.2644076       7.1092115       447.01421       3.8675318        3.8675318       447.01421                                447.01421
              2       228.94838       0.0233395      0.10184706     0.010432231     0.051656388      -2.2993319    2.100583e-09      0.33356073       92.771651      0.12583075      0.66634171      0.24626194      0.24759507       2.2829889       7.1535438        450.1617       3.8675318        3.8675318        450.1617                                 450.1617
              3       227.06211     0.023318799      0.10201373     0.010428225     0.056028468      -2.4279464    2.100583e-09      0.32669534       93.780329      0.12597672      0.67320922      0.24625338      0.24758649       2.2863422       7.1522777       446.38916       3.8675318        3.8675318       446.38916                                446.38916
              1        226.7228     0.023380253      0.10176848     0.010427838     0.049484573      -2.3899234    2.100583e-09      0.32623505        93.77832      0.12579292       0.6736695       0.2462787      0.24761189       2.2764085       7.1376722       445.71054       3.8675318        3.8675318       445.71054                                445.71054
              2       226.86762       0.0233863      0.10147591     0.010424943      0.14744162      -2.6773253    2.100583e-09      0.33210013       92.889042       0.1255064      0.66780249      0.24628117      0.24761438       2.2754345        7.127017       446.00018       3.8675318        3.8675318       446.00018                                446.00018
              1       225.97625     0.023418724      0.10144489     0.010425181      0.16732249      -2.7070767    2.100583e-09      0.33532881       92.423908      0.12550781      0.66457287       0.2462944      0.24762765       2.2702221       7.1210368       444.21743       3.8675318        3.8675318       444.21743                                444.21743
              1       227.03612     0.023171035      0.10230936     0.010424945      0.22981564       -2.863284    2.100583e-09      0.34782572       90.991463      0.12612459      0.65207279      0.24619205      0.24752494       2.3104948       7.1824548       446.33718       3.8675318        3.8675318       446.33718                                446.33718
              2       227.06578     0.023171182      0.10233756     0.010424889       0.2290005      -2.8630594    2.100583e-09      0.34777107       91.003764      0.12615293      0.65212747      0.24619211        0.247525       2.3104706       7.1828015        446.3965       3.8675318        3.8675318        446.3965                                 446.3965
              1       226.52636     0.023213473      0.10196517     0.010429139      0.25401974      -2.7992753    2.100583e-09      0.35705418        89.73097      0.12582283      0.64284138      0.24620967      0.24754262       2.3035188       7.1754919       445.31766       3.8675318        3.8675318       445.31766                                445.31766
              1       224.80911     0.023672879      0.10182835     0.010430551      0.28406191      -2.8764669    2.100583e-09      0.35695884       89.566348      0.12614542      0.64293702      0.24639696      0.24773058       2.2299633       7.0844337       441.88316       3.8675318        3.8675318       441.88316                                441.88316
              1       225.06495     0.023671109      0.10118665     0.010433271      0.29649098      -2.9417923    2.100583e-09      0.35123607       90.175688      0.12550195      0.64866094      0.24639624      0.24772987         2.23024       7.0728311       442.39484       3.8675318        3.8675318       442.39484                                442.39484
              4        226.6504     0.023768529     0.099804404     0.010431979      0.29305572      -2.8366699    2.100583e-09      0.35106477       89.909613      0.12421712      0.64883122      0.24643558      0.24776935       2.2150835       7.0377011       445.56573       3.8675318        3.8675318       445.56573                                445.56573
              6       226.73812     0.023774725      0.10026785     0.010433417      0.30449852      -2.8896506    2.100583e-09      0.35240302       89.822755      0.12468676      0.64749297      0.24643807      0.24777184       2.2141247       7.0425637       445.74117       3.8675318        3.8675318       445.74117                                445.74117
              1       226.47549     0.023819513      0.10051615     0.010431552      0.29420398      -2.8711367    2.100583e-09      0.35239195       89.855555      0.12497985      0.64750428      0.24645596       0.2477898       2.2072125       7.0376089       445.21592       3.8675318        3.8675318       445.21592                                445.21592
              9       226.61937     0.023826419      0.10046626      0.01043152      0.29523615      -2.8704774    2.100583e-09      0.35247222        89.83386      0.12493687      0.64742396      0.24645871      0.24779256       2.2061496       7.0356885       445.50368       3.8675318        3.8675318       445.50368                                445.50368
              1        226.6099     0.023825986      0.10046754     0.010431518      0.29524551      -2.8705674    2.100583e-09      0.35247707       89.833621      0.12493772       0.6474191      0.24645853      0.24779239       2.2062162       7.0357853       445.48474       3.8675318        3.8675318       445.48474                                445.48474
              3       224.35691     0.023711799      0.10136104      0.01042976      0.29313041      -2.9197916    2.100583e-09      0.35369759       89.880029      0.12571703      0.64619887      0.24641271      0.24774639       2.2238908       7.0681087       440.97875       3.8675318        3.8675318       440.97875                                440.97875
              9       225.21408     0.023760163      0.10137678      0.01042947      0.31483412      -2.9543337    2.100583e-09      0.35756663        89.37954      0.12578113      0.64232875      0.24643222      0.24776597        2.216379       7.0599278       442.69309       3.8675318        3.8675318       442.69309                                442.69309
              1       225.94061     0.023632015     0.099819038     0.010431396      0.22359203      -2.6347526    2.100583e-09      0.34699203       90.483163      0.12409524      0.65290506      0.24638041      0.24771398       2.2363654        7.066739       444.14615       3.8675318        3.8675318       444.14615                                444.14615
              1       225.80067     0.023608357      0.10000274     0.010429727      0.19291927      -2.5572972    2.100583e-09      0.34540479       90.733167      0.12425529      0.65449291      0.24637085      0.24770439       2.2400842        7.074637       443.86627       3.8675318        3.8675318       443.86627                                443.86627
              2       226.40006      0.02351162      0.10085276      0.01043181      0.19412165      -2.5519363    2.100583e-09      0.35073787       90.230547      0.12500858      0.64915887      0.24633192      0.24766531       2.2553848         7.10758       445.06505       3.8675318        3.8675318       445.06505                                445.06505
              1       226.72803     0.023545795      0.10025225     0.010431413      0.10214341      -2.4471995    2.100583e-09      0.32770229       93.220976      0.12444223       0.6722008      0.24634566       0.2476791       2.2499621       7.0854364       445.72099       3.8675318        3.8675318       445.72099                                445.72099
              1       225.63334     0.023484364      0.10137275     0.010427349      0.13144301      -2.6224736    2.100583e-09        0.329996       93.131493      0.12550131      0.66990723      0.24632095       0.2476543       2.2597233       7.1079854       443.53161       3.8675318        3.8675318       443.53161                                443.53161
              2       225.03414     0.023503976      0.10150466     0.010428563      0.16944871      -2.7328936    2.100583e-09      0.33305287       92.721416      0.12565283      0.66684959      0.24632884      0.24766222       2.2566004       7.1051445       442.33321       3.8675318        3.8675318       442.33321                                442.33321
              2       224.92587     0.023496237      0.10146232     0.010428427      0.16514268      -2.7122177    2.100583e-09      0.33320571       92.694764      0.12560275      0.66669666      0.24632573       0.2476591       2.2578319       7.1065064       442.11668       3.8675318        3.8675318       442.11668                                442.11668
              1       224.60273     0.023434179       0.1009464     0.010429759      0.23148732       -2.831612    2.100583e-09      0.34082169        91.57736      0.12502477      0.65907799      0.24630067      0.24763395       2.2677438       7.1116278        441.4704       3.8675318        3.8675318        441.4704                                 441.4704
              6       224.37987      0.02348978      0.10064668     0.010427405      0.28496332      -2.9351613    2.100583e-09      0.34755299       90.611856      0.12478066       0.6523445      0.24632313      0.24765649       2.2588603       7.0963874       441.02468       3.8675318        3.8675318       441.02468                                441.02468
             17       225.20631     0.023493392      0.10050803     0.010428122      0.27985648      -2.9450031    2.100583e-09      0.34424877        91.01847      0.12464562      0.65564959      0.24632458      0.24765795       2.2582851       7.0924384       442.67756       3.8675318        3.8675318       442.67756                                442.67756
              2        224.1916     0.023482035      0.10082894     0.010428935      0.23343901       -2.814917    2.100583e-09      0.34209665       91.368453      0.12495517      0.65780259      0.24632001      0.24765336       2.2600947       7.1015255       440.64814       3.8675318        3.8675318       440.64814                                440.64814
              5       225.00289     0.023432372      0.10027778     0.010428446      0.26799532      -2.8180463    2.100583e-09      0.34971257       90.281843      0.12435435      0.65018393      0.24629994      0.24763322       2.2680334       7.1060513       442.27071       3.8675318        3.8675318       442.27071                                442.27071
              2       224.47056      0.02352064      0.10030635      0.01042874      0.25167073      -2.7857814    2.100583e-09      0.34702054       90.607494      0.12447118      0.65287686      0.24633554      0.24766895       2.2539517       7.0895402       441.20606       3.8675318        3.8675318       441.20606                                441.20606
              6       224.52159     0.023512938      0.10027626     0.010428645      0.25704261      -2.7915868    2.100583e-09      0.34809639       90.464283      0.12443339      0.65180066      0.24633245      0.24766584       2.2551753       7.0908431       441.30812       3.8675318        3.8675318       441.30812                                441.30812
              1       224.95878     0.023514745      0.10025127     0.010427852      0.23240418      -2.7370153    2.100583e-09      0.34501003       90.862724      0.12441021      0.65488792      0.24633317      0.24766657       2.2548881       7.0900162        442.1825       3.8675318        3.8675318        442.1825                                 442.1825
              3       225.21764     0.023523826      0.10010069     0.010428176      0.22727531      -2.6996762    2.100583e-09      0.34553904       90.761851       0.1242687      0.65435863      0.24633682      0.24767023       2.2534458       7.0874992       442.70022       3.8675318        3.8675318       442.70022                                442.70022
             10       224.18136     0.023319431      0.10163316     0.010430495      0.25376912      -2.8712866    2.100583e-09      0.34852823        90.72489      0.12559679      0.65136965      0.24625364      0.24758675       2.2862397       7.1456653       440.62766       3.8675318        3.8675318       440.62766                                440.62766
              8       223.24128     0.023569431      0.10141444     0.010428934      0.26953483      -2.8490308    2.100583e-09      0.35326896       89.991129      0.12562807      0.64662755      0.24635516      0.24768864       2.2462228       7.0968449       438.74749       3.8675318        3.8675318       438.74749                                438.74749
              4       223.94443     0.023592067      0.10112875     0.010428754      0.21470904      -2.7590173    2.100583e-09      0.34209869       91.387593      0.12536501      0.65780088      0.24636428      0.24769779       2.2426501        7.086224       440.15379       3.8675318        3.8675318       440.15379                                440.15379
             19       223.83114     0.023515084      0.10065652     0.010431299      0.34239272      -2.9714716    2.100583e-09      0.36129905       88.865002      0.12481579      0.63859442      0.24633331      0.24766671       2.2548343       7.0974306       439.92721       3.8675318        3.8675318       439.92721                                439.92721
              1       225.37869      0.02344201      0.10016643     0.010428845      0.24127048      -2.7261269    2.100583e-09      0.34822383       90.450595      0.12425263      0.65167303      0.24630384      0.24763714       2.2664895       7.1045176       443.02231       3.8675318        3.8675318       443.02231                                443.02231
              2       229.16565     0.023549942     0.099571392     0.010432507      0.17568496      -2.6314779    2.100583e-09      0.33116293       92.600304      0.12376553       0.6687386      0.24634732      0.24768077       2.2493053        7.072196       450.59623       3.8675318        3.8675318       450.59623                                450.59623
              1       230.39324     0.023424671       0.0997985     0.010433464      0.18049176      -2.6585987    2.100583e-09      0.33193142       92.578999      0.12386736      0.66796996      0.24629681      0.24763008        2.269268        7.098912       453.05141       3.8675318        3.8675318       453.05141                                453.05141
              8       226.91582     0.023433685      0.10035367     0.010432601      0.20201009      -2.7090161    2.100583e-09      0.33762493       91.897745      0.12443155      0.66227522      0.24630047      0.24763375        2.267823       7.1058574       446.09658       3.8675318        3.8675318       446.09658                                446.09658
              3       226.93606     0.023420394      0.10029367      0.01043225      0.19994526      -2.6977338    2.100583e-09      0.33771862       91.878076      0.12435826      0.66218143      0.24629508      0.24762834       2.2699542       7.1077555       446.13705       3.8675318        3.8675318       446.13705                                446.13705
              5       228.25496      0.02347044      0.10312582     0.010435161      0.26664303      -2.9874307    2.100583e-09      0.34976759       90.787124      0.12724046      0.65013125      0.24631533      0.24764867       2.2619445       7.1372444       448.77486       3.8675318        3.8675318       448.77486                                448.77486
              3       226.17745      0.02335236      0.10243224     0.010433918      0.25829911      -2.9393264    2.100583e-09      0.34796385       90.934852      0.12642879      0.65193486      0.24626724      0.24760039       2.2809093       7.1500093       444.61985       3.8675318        3.8675318       444.61985                                444.61985
              4       225.09195     0.023484995      0.10173052     0.010432464       0.1759302      -2.6291943    2.100583e-09      0.34345401        91.35502       0.1258597      0.65644556       0.2463212      0.24765455       2.2596229       7.1197328       442.44884       3.8675318        3.8675318       442.44884                                442.44884
              1       225.08915       0.0234851      0.10172969     0.010432462      0.17599657      -2.6293614    2.100583e-09      0.34345616       91.354544      0.12585898      0.65644341      0.24632124       0.2476546       2.2596062       7.1196976       442.44323       3.8675318        3.8675318       442.44323                                442.44323
              2       225.34215     0.023510304      0.10163058     0.010432866      0.17334457      -2.6148029    2.100583e-09      0.34306642       91.379527      0.12578508       0.6568332      0.24633139      0.24766478        2.255594       7.1138635       442.94924       3.8675318        3.8675318       442.94924                                442.94924
              1       225.62879     0.023504567      0.10160544     0.010433262      0.16239237      -2.6023828    2.100583e-09      0.34050889       91.719293       0.1257542      0.65939146      0.24632908      0.24766246       2.2565063       7.1139685       443.52251       3.8675318        3.8675318       443.52251                                443.52251
              1       226.98085     0.023514126      0.10070707     0.010434241      0.16536262      -2.5229136    2.100583e-09       0.3427375       91.249408      0.12486539      0.65716148      0.24633292      0.24766632       2.2549866       7.1031317       446.22664       3.8675318        3.8675318       446.22664                                446.22664
              2       227.33231     0.023681544      0.10006928     0.010434157      0.18613882      -2.5477467    2.100583e-09      0.34301796       91.036649      0.12439502      0.65688056      0.24640046      0.24773411       2.2286092       7.0624858       446.92955       3.8675318        3.8675318       446.92955                                446.92955
              1       227.05906     0.023641318      0.10096764      0.01043485      0.19149323      -2.6759287    2.100583e-09      0.33899822       91.757779      0.12525315      0.66090218      0.24638418      0.24771776       2.2349056       7.0773334       446.38306       3.8675318        3.8675318       446.38306                                446.38306
              2       227.44467      0.02365672      0.10101306     0.010435545      0.22314268      -2.7332848    2.100583e-09      0.34406059       91.083583      0.12531397      0.65583836      0.24639041      0.24772402       2.2324917       7.0759313       447.15428       3.8675318        3.8675318       447.15428                                447.15428
              5       227.90322     0.023693224     0.099641147     0.010433657      0.32683849      -2.9570823    2.100583e-09      0.35061737       89.960964      0.12397856      0.64927855      0.24640519      0.24773885        2.226786       7.0466521       448.07138       3.8675318        3.8675318       448.07138                                448.07138
              8       228.82817     0.023691836     0.099251129     0.010433459      0.33244514      -2.9450378    2.100583e-09      0.35126004       89.806095      0.12358716      0.64863536      0.24640463      0.24773829       2.2270025        7.042001       449.92128       3.8675318        3.8675318       449.92128                                449.92128
              1       227.16768     0.023357885       0.1008007      0.01043377      0.21121908      -2.6788682    2.100583e-09         0.34536       90.971933      0.12480277      0.65453816      0.24626951      0.24760268       2.2800168       7.1308875        446.6003       3.8675318        3.8675318        446.6003                                 446.6003
              3       227.26098     0.023359246      0.10083378      0.01043396      0.21063034      -2.6804777    2.100583e-09      0.34517354       91.002238      0.12483721       0.6547247      0.24627007      0.24760324        2.279797       7.1310276        446.7869       3.8675318        3.8675318        446.7869                                 446.7869
              6       225.81526     0.023294947      0.10122789     0.010430511      0.18501217      -2.6481922    2.100583e-09      0.34324681       91.352733      0.12516703      0.65665226       0.2462435      0.24757658       2.2902152       7.1478896       443.89545       3.8675318        3.8675318       443.89545                                443.89545
              3       227.73132     0.023303618      0.10077957     0.010431119      0.15409753      -2.4982227    2.100583e-09      0.34335432       91.251424      0.12472738      0.65654437       0.2462471      0.24758018        2.288806        7.144164       447.72757       3.8675318        3.8675318       447.72757                                447.72757
              1       227.55853      0.02334487      0.10078102     0.010432382      0.14760754      -2.4867952    2.100583e-09      0.34180214       91.444779      0.12477008      0.65809704      0.24626415       0.2475973       2.2821201       7.1363088       447.38199       3.8675318        3.8675318       447.38199                                447.38199
              1       227.21252     0.023366965      0.10054647     0.010432065      0.14071048      -2.4813498    2.100583e-09      0.33883516         91.7925      0.12455763      0.66106472      0.24627324      0.24760642        2.278551       7.1275834       446.68997       3.8675318        3.8675318       446.68997                                446.68997
              1       227.62213     0.023371947      0.10045911     0.010432711      0.14490712      -2.4858259    2.100583e-09      0.33910091         91.7383      0.12447525      0.66079883      0.24627529      0.24760848       2.2777474       7.1256214        447.5092       3.8675318        3.8675318        447.5092                                 447.5092
              6       224.97554     0.023349199      0.10216246     0.010432822      0.27402032      -2.9726175    2.100583e-09      0.34890537       90.763556      0.12615585      0.65099285      0.24626593      0.24759909       2.2814202       7.1460774       442.21603       3.8675318        3.8675318       442.21603                                442.21603
              6       225.19499     0.023422594         0.10149     0.010429606      0.20994623      -2.6480297    2.100583e-09      0.35211989       90.200373      0.12555678       0.6477769      0.24629597      0.24762923       2.2696013       7.1305189       442.65491       3.8675318        3.8675318       442.65491                                442.65491
              4        223.7952     0.023426098      0.10192956     0.010430232      0.30772453       -2.922593    2.100583e-09      0.36227009       89.006276      0.12599985      0.63762409      0.24629739      0.24763066       2.2690392       7.1334532       439.85533       3.8675318        3.8675318       439.85533                                439.85533
              1       224.56502     0.023511001      0.10039356     0.010431583      0.26440213      -2.8006735    2.100583e-09       0.3495217       90.302161      0.12454875      0.65037502      0.24633167      0.24766506       2.2554833       7.0940862       441.39498       3.8675318        3.8675318       441.39498                                441.39498
              6       225.46897     0.023352714       0.1005355     0.010428795      0.24580129      -2.7975563    2.100583e-09      0.34620428       90.812949       0.1245324      0.65369341      0.24626738      0.24760054       2.2808521       7.1240296       443.20288       3.8675318        3.8675318       443.20288                                443.20288
              5       224.49493     0.023341351      0.10104527     0.010427925      0.25250593      -2.8405183    2.100583e-09      0.34790787       90.689233      0.12503081      0.65198973       0.2462627      0.24759584       2.2826893       7.1328155        441.2548       3.8675318        3.8675318        441.2548                                 441.2548
              1       224.32457     0.023282147       0.1014131     0.010427734      0.29573737      -2.9557019    2.100583e-09      0.35428276       89.957005      0.12533943      0.64561322       0.2462382      0.24757125       2.2922975       7.1492009       440.91408       3.8675318        3.8675318       440.91408                                440.91408
              2       226.32092     0.023235292      0.10103127     0.010427158      0.29340433      -2.8953715    2.100583e-09       0.3566382       89.604766      0.12491075      0.64325672      0.24621873      0.24755172       2.2999446       7.1549467       444.90677       3.8675318        3.8675318       444.90677                                444.90677
              3       226.21975     0.023243535      0.10101786     0.010427141      0.29545766      -2.8963015    2.100583e-09      0.35709382       89.542395      0.12490559      0.64280096      0.24622216      0.24755515       2.2985964       7.1533165       444.70444       3.8675318        3.8675318       444.70444                                444.70444
              2       229.03769     0.023200806      0.10079086      0.01042454       0.2666964      -2.8735142    2.100583e-09       0.3496693       90.460025      0.12463586      0.65022746      0.24620441      0.24753734       2.3055977       7.1552005       450.34031       3.8675318        3.8675318       450.34031                                450.34031
              3        230.9507     0.023059562      0.10114706     0.010426151      0.28707788      -2.9768314    2.100583e-09      0.34984673       90.550698      0.12485081      0.65005014      0.24614594      0.24747865       2.3289702        7.186065       454.16633       3.8675318        3.8675318       454.16633                                454.16633
              4        231.3473     0.023003287      0.10165425     0.010427348      0.24592988      -2.8678548    2.100583e-09        0.348727       90.809332      0.12530173      0.65117057      0.24612273      0.24745536       2.3383788       7.2068276       454.95953       3.8675318        3.8675318       454.95953                                454.95953
              1       225.92401     0.023260071       0.1014755     0.010431691      0.24310976      -2.8258447    2.100583e-09      0.34795318       90.790501      0.12537977      0.65194468      0.24622903      0.24756205       2.2958957       7.1560399       444.11295       3.8675318        3.8675318       444.11295                                444.11295
              6       225.31294      0.02325662      0.10194976     0.010431031      0.24024236      -2.8260883    2.100583e-09      0.34988887       90.627782      0.12585057      0.65000881       0.2462276      0.24756061        2.296459       7.1640223       442.89082       3.8675318        3.8675318       442.89082                                442.89082
              1       225.15663     0.023261525      0.10180078     0.010430791      0.25108757       -2.836407    2.100583e-09      0.35158964       90.379259      0.12570649      0.64830742      0.24622963      0.24756265       2.2956585       7.1613025       442.57821       3.8675318        3.8675318       442.57821                                442.57821
              4       224.02713      0.02359841      0.10124752      0.01043089      0.23753737      -2.7444446    2.100583e-09      0.35033608       90.326658      0.12549012      0.64956118      0.24636684      0.24770036       2.2416504       7.0910319       440.31919       3.8675318        3.8675318       440.31919                                440.31919
              6       224.61425      0.02366324      0.10086483     0.010430933      0.21045666      -2.6924383    2.100583e-09      0.34384222        91.08266      0.12517226      0.65605668      0.24639305      0.24772667        2.231471       7.0722205       441.49344       3.8675318        3.8675318       441.49344                                441.49344
              1       224.46913     0.023673828      0.10091383     0.010431504      0.25109844      -2.7930027    2.100583e-09      0.34824691       90.510415      0.12523185      0.65165075      0.24639734      0.24773097       2.2298149       7.0703835       441.20319       3.8675318        3.8675318       441.20319                                441.20319
              4       226.32579     0.023665506     0.099534451     0.010429478      0.28621926       -2.830455    2.100583e-09      0.34902336       90.155189      0.12384415      0.65087292      0.24639397      0.24772759       2.2311165       7.0516167       444.91651       3.8675318        3.8675318       444.91651                                444.91651
              9       226.42663     0.023673771     0.099512407     0.010429647      0.28964615      -2.8393574    2.100583e-09      0.34915521       90.131336      0.12383037      0.65074103      0.24639732      0.24773095       2.2298239       7.0496526       445.11821       3.8675318        3.8675318       445.11821                                445.11821
              4        226.7005     0.023715723     0.099439273     0.010430276      0.28269721      -2.7905964    2.100583e-09      0.35031491       89.954673      0.12379919      0.64958095      0.24641429      0.24774799         2.22328       7.0428356       445.66593       3.8675318        3.8675318       445.66593                                445.66593
              3       225.10336      0.02332978      0.10102177     0.010427091       0.2315371      -2.7846905    2.100583e-09      0.34611401       90.923426      0.12499574      0.65378409      0.24625792      0.24759105       2.2845625       7.1350691       442.47165       3.8675318        3.8675318       442.47165                                442.47165
              4       224.81418      0.02330447      0.10117346     0.010428203      0.24587737      -2.8367725    2.100583e-09      0.34698131       90.846459      0.12512213      0.65291663      0.24624745      0.24758054       2.2886676       7.1415247        441.8933       3.8675318        3.8675318        441.8933                                 441.8933
              3       224.27405     0.023286645      0.10162177     0.010429395      0.26720991       -2.918973    2.100583e-09      0.34921004       90.645146       0.1255526       0.6506876      0.24624006      0.24757312       2.2915655       7.1506942       440.81304       3.8675318        3.8675318       440.81304                                440.81304
              7       224.34592     0.023282137      0.10190676     0.010426953       0.2702098      -2.9729215    2.100583e-09      0.34817195       90.834426      0.12583309      0.65172622      0.24623819      0.24757124       2.2922991       7.1534067       440.95677       3.8675318        3.8675318       440.95677                                440.95677
              3       224.51665     0.023269318      0.10195983     0.010426841       0.2696276      -2.9764044    2.100583e-09      0.34811126       90.856471      0.12587333      0.65178696      0.24623287       0.2475659       2.2943875       7.1565253       441.29825       3.8675318        3.8675318       441.29825                                441.29825
              5       225.96724     0.023335268        0.101982     0.010424582      0.23211254      -2.9245022    2.100583e-09      0.34136755       91.731308      0.12596146      0.65853271      0.24626019      0.24759332       2.2836738       7.1420837       444.19941       3.8675318        3.8675318       444.19941                                444.19941
              1       226.61295     0.023617426      0.10035394      0.01042726      0.14460002      -2.4615779    2.100583e-09      0.34085218       91.400432      0.12461555      0.65904716      0.24637451      0.24770806       2.2386576       7.0776191       445.49083       3.8675318        3.8675318       445.49083                                445.49083
              5       226.08601     0.023628316      0.10078672     0.010427868      0.15629673      -2.5004107    2.100583e-09      0.34339938       91.138367      0.12505923      0.65649957      0.24637892      0.24771248       2.2369463       7.0817007       444.43695       3.8675318        3.8675318       444.43695                                444.43695
              3       226.46678     0.023648456      0.10095855     0.010428075      0.15672178      -2.4971214    2.100583e-09       0.3446042       91.004303       0.1252512      0.65529455      0.24638707      0.24772066       2.2337863       7.0809626       445.19851       3.8675318        3.8675318       445.19851                                445.19851
              1       224.47921     0.023689779      0.10144507     0.010427841       0.2893368      -2.9080388    2.100583e-09      0.35454831       89.794735      0.12577904      0.64534795       0.2464038      0.24773745       2.2273234       7.0734411       441.22336       3.8675318        3.8675318       441.22336                                441.22336
              4       224.31183     0.023629528      0.10029755     0.010430907      0.31427659       -2.924391    2.100583e-09      0.35401202       89.671128      0.12457127       0.6458834      0.24637941      0.24771297       2.2367559       7.0690233       440.88859       3.8675318        3.8675318       440.88859                                440.88859
              1       224.14313     0.023416752      0.10095164      0.01042846      0.25285198      -2.8685803    2.100583e-09      0.34480311       91.053888      0.12501258      0.65509539       0.2462936      0.24762685       2.2705387       7.1153536       440.55119       3.8675318        3.8675318       440.55119                                440.55119
              2       225.32437     0.023347202      0.10056373     0.010429092      0.31025285      -2.9816594    2.100583e-09      0.35125905       90.164239      0.12455512      0.64863717      0.24626511      0.24759826       2.2817431       7.1232121       442.91367       3.8675318        3.8675318       442.91367                                442.91367
              2        225.3623      0.02334676      0.10046592     0.010428069       0.3197507      -2.9732002    2.100583e-09      0.35459049       89.721708      0.12445687      0.64530465      0.24626493      0.24759808       2.2818145       7.1230972       442.98953       3.8675318        3.8675318       442.98953                                442.98953
             11       225.59696     0.023331411      0.10044496     0.010428062      0.32897358      -2.9845279    2.100583e-09      0.35647616       89.485256      0.12442057       0.6434184       0.2462586      0.24759172       2.2842983        7.126204       443.45887       3.8675318        3.8675318       443.45887                                443.45887
              4       225.45435     0.023335136      0.10046811     0.010428118      0.32967132      -2.9865785    2.100583e-09      0.35662514       89.469619      0.12444744       0.6432694      0.24626013      0.24759327       2.2836951       7.1258462       443.17364       3.8675318        3.8675318       443.17364                                443.17364
              1       224.80325     0.023395753       0.1006337     0.010426866      0.30549053      -2.9656747    2.100583e-09      0.35185617       90.084688      0.12467365      0.64803997      0.24628504      0.24761826        2.273913       7.1148858       441.87143       3.8675318        3.8675318       441.87143                                441.87143
              1       224.69606     0.023374774      0.10173813     0.010430477      0.16228029      -2.6526243    2.100583e-09      0.33847945       92.062674       0.1257571       0.6614215      0.24627645      0.24760964       2.2772916       7.1376782       441.65706       3.8675318        3.8675318       441.65706                                441.65706
              7       225.96201     0.023246661      0.10265313     0.010428531      0.16376197      -2.6970412    2.100583e-09      0.34155453       91.861064      0.12654398      0.65834614      0.24622346      0.24755646       2.2980855       7.1750038       444.18896       3.8675318        3.8675318       444.18896                                444.18896
              5       224.55866     0.023537044      0.10204087      0.01043028      0.16213609       -2.652513    2.100583e-09      0.33946749       91.930219      0.12622211      0.66043353      0.24634214      0.24767557       2.2513489       7.1113334       441.38227       3.8675318        3.8675318       441.38227                                441.38227
              2       224.41107     0.023404718       0.1024138      0.01042997      0.18541766      -2.7178736    2.100583e-09      0.34403521       91.431501      0.12646271      0.65586467       0.2462887      0.24762193       2.2724715       7.1419959       441.08708       3.8675318        3.8675318       441.08708                                441.08708
              1       226.60315     0.023582707      0.10300254     0.010430841      0.20882869       -2.784934    2.100583e-09      0.34809513       90.944728      0.12722944      0.65180418      0.24636051        0.247694       2.2441263       7.1166046       445.47124       3.8675318        3.8675318       445.47124                                445.47124
              1       226.60422     0.023583149      0.10302065     0.010430816      0.20688832       -2.787696    2.100583e-09      0.34739959       91.038883      0.12724799      0.65249994      0.24636069      0.24769418       2.2440566         7.11644       445.47338       3.8675318        3.8675318       445.47338                                445.47338
              4       226.87421     0.023718634       0.1019915     0.010426265      0.24905175      -2.8302674    2.100583e-09      0.35175862       90.240688      0.12635432      0.64813892      0.24641547      0.24774917        2.222827       7.0759184       446.01336       3.8675318        3.8675318       446.01336                                446.01336
             12       226.91486     0.023744718       0.1014513     0.010425961       0.2576252      -2.8216217    2.100583e-09       0.3520628        90.09421      0.12584021      0.64783423        0.246426      0.24775973       2.2187738       7.0637942       446.09466       3.8675318        3.8675318       446.09466                                446.09466
              5       224.97135      0.02354766      0.10162497      0.01042434      0.28642715       -2.952142    2.100583e-09      0.35267756       90.112402      0.12581682      0.64721928      0.24634641      0.24767985       2.2496666       7.0999614       442.20763       3.8675318        3.8675318       442.20763                                442.20763
              1       223.77251     0.023519862      0.10228466     0.010426809       0.2558892      -2.9081316    2.100583e-09      0.35002359       90.583808      0.12644871      0.64987454      0.24633523      0.24766863       2.2540753       7.1152532       439.80995       3.8675318        3.8675318       439.80995                                439.80995
              2       223.69481     0.023496762      0.10250984     0.010427018      0.26839869      -2.9416063    2.100583e-09      0.35248796        90.31536       0.1266508      0.64740961      0.24632594      0.24765931       2.2577484       7.1230973       439.65456       3.8675318        3.8675318       439.65456                                439.65456
              7       223.31991     0.023483293      0.10215447     0.010427041      0.28108791      -2.9310745    2.100583e-09      0.35523669       89.905117      0.12628196      0.64465979      0.24632051      0.24765387       2.2598941       7.1218948       438.90475       3.8675318        3.8675318       438.90475                                438.90475
              3       223.37258     0.023484542      0.10221194     0.010426962      0.28431014      -2.9414679    2.100583e-09      0.35573377       89.852322      0.12634067       0.6441626      0.24632102      0.24765437        2.259695       7.1224026        439.0101       3.8675318        3.8675318        439.0101                                 439.0101
              6       223.39414     0.023480604      0.10240415     0.010427133      0.29028162      -2.9676196    2.100583e-09      0.35653445       89.787573      0.12652895      0.64336185      0.24631943      0.24765278       2.2603229       7.1256482       439.05322       3.8675318        3.8675318       439.05322                                439.05322
              1       223.10803     0.023567043      0.10125283     0.010429855      0.27860696      -2.9201337    2.100583e-09       0.3492095         90.4836      0.12546407      0.65068806       0.2463542      0.24768768          2.2466       7.0920377         438.481       3.8675318        3.8675318         438.481                                  438.481
             14       223.10613     0.023568461      0.10124748     0.010429857      0.27954028      -2.9216473    2.100583e-09      0.34933721       90.465599      0.12546013      0.65056031      0.24635477      0.24768825        2.246376       7.0917101       438.47719       3.8675318        3.8675318       438.47719                                438.47719
              2       224.50723     0.023395846      0.10111529     0.010427827      0.18819753      -2.6695617    2.100583e-09      0.34216005       91.442613      0.12515533      0.65773934      0.24628508       0.2476183       2.2738981        7.125185       441.27939       3.8675318        3.8675318       441.27939                                441.27939
              2       224.71282      0.02333494      0.10149579     0.010427804      0.18535102      -2.6868761    2.100583e-09      0.34226955       91.519777      0.12547492      0.65763006      0.24626005      0.24759318        2.283727       7.1418197       441.69057       3.8675318        3.8675318       441.69057                                441.69057
              4       224.53763      0.02337675      0.10187335     0.010427412       0.1666747       -2.670971    2.100583e-09      0.33989797       91.894976      0.12589429      0.66000267      0.24627726      0.24761045        2.276973       7.1384398       441.34019       3.8675318        3.8675318       441.34019                                441.34019
              1       224.24044      0.02338069      0.10200917     0.010427515      0.18243658      -2.7282397    2.100583e-09       0.3408493       91.790642      0.12603405      0.65905118      0.24627887      0.24761207       2.2763382       7.1386792       440.74581       3.8675318        3.8675318       440.74581                                440.74581
              7       224.66579     0.023331169      0.10191368     0.010427387      0.18307021      -2.7384819    2.100583e-09      0.33995888       91.909796      0.12588904      0.65994173       0.2462585      0.24759162       2.2843375       7.1462242       441.59652       3.8675318        3.8675318       441.59652                                441.59652
              4       224.41689      0.02353411      0.10141437     0.010433496       0.2872233      -2.9164642    2.100583e-09      0.35221138       90.137795      0.12559267      0.64768542      0.24634096      0.24767438        2.251814       7.1028477       441.09872       3.8675318        3.8675318       441.09872                                441.09872
              3       224.46123     0.023571131      0.10120335     0.010433517      0.30441307      -2.9478277    2.100583e-09      0.35363833       89.904782      0.12541867       0.6462579      0.24635585      0.24768933       2.2459542       7.0927176        441.1874       3.8675318        3.8675318        441.1874                                 441.1874
              3       224.75713     0.023527886      0.10118644     0.010433927      0.31913455      -2.9959674    2.100583e-09      0.35427543       89.835026      0.12535852      0.64562056      0.24633846      0.24767187       2.2528013       7.0998991       441.77919       3.8675318        3.8675318       441.77919                                441.77919
              8        224.4835     0.023507095      0.10110489     0.010433257      0.30074376      -2.9589342    2.100583e-09      0.35141006       90.192336      0.12525617      0.64848669       0.2463301      0.24766348       2.2561042       7.1022356       441.23195       3.8675318        3.8675318       441.23195                                441.23195
              4        227.0038     0.023646315      0.10088668     0.010433853      0.22289355      -2.6318686    2.100583e-09      0.35216179       90.009943      0.12517718      0.64773467       0.2463862      0.24771979        2.234122       7.0817436       446.27255       3.8675318        3.8675318       446.27255                                446.27255
              4       226.47943     0.023648706     0.099802312     0.010429858      0.27354346      -2.7102613    2.100583e-09      0.35662169       89.244672      0.12409521      0.64327255      0.24638717      0.24772076       2.2337471       7.0650652       445.22379       3.8675318        3.8675318       445.22379                                445.22379
              2       225.32605      0.02362502      0.10038522     0.010432691      0.29716976      -2.8183447    2.100583e-09      0.35750798       89.249225      0.12465444      0.64238647      0.24637758      0.24771114        2.237464       7.0757624       442.91704       3.8675318        3.8675318       442.91704                                442.91704
              5       223.75304     0.023381916      0.10108331     0.010430524      0.30932161      -2.9370965    2.100583e-09      0.35695301       89.526496      0.12510942      0.64294199      0.24627938      0.24761258       2.2761405       7.1276249       439.77101       3.8675318        3.8675318       439.77101                                439.77101
             12       224.75121     0.023354168      0.10109505     0.010430027      0.27788239      -2.8199795    2.100583e-09      0.35708457        89.52132      0.12509341      0.64281038      0.24626798      0.24760114       2.2806172       7.1358589       441.76735       3.8675318        3.8675318       441.76735                                441.76735
              1       225.22295     0.023613609      0.10031428      0.01042989      0.27826734      -2.7543684    2.100583e-09      0.35731842        89.26353      0.12457208      0.64257602      0.24637297      0.24770651       2.2392579       7.0776951       442.71084       3.8675318        3.8675318       442.71084                                442.71084
             10       225.30535     0.023613821      0.10028575     0.010429945      0.27928475      -2.7536035    2.100583e-09      0.35753325       89.231384      0.12454377       0.6423611      0.24637306       0.2477066       2.2392245       7.0773946       442.87563       3.8675318        3.8675318       442.87563                                442.87563
              6       225.09556     0.023625387      0.10026267     0.010429953      0.27762941      -2.7600869    2.100583e-09      0.35628107       89.380034      0.12453225      0.64361364      0.24637773      0.24771129       2.2374063       7.0742058       442.45606       3.8675318        3.8675318       442.45606                                442.45606
              1       225.23066     0.023614055      0.10023004     0.010430109      0.27649238      -2.7507157    2.100583e-09      0.35654085       89.345121      0.12448828      0.64335375      0.24637315       0.2477067       2.2391877       7.0762897       442.72626       3.8675318        3.8675318       442.72626                                442.72626
              3       225.20148     0.023612289      0.10025093     0.010430102      0.27760589      -2.7538559    2.100583e-09      0.35675199       89.323107      0.12450741      0.64314256      0.24637244      0.24770598       2.2394655       7.0769098        442.6679       3.8675318        3.8675318        442.6679                                 442.6679
              3       224.46825     0.023329979      0.10182297     0.010429136      0.32716114      -2.9590611    2.100583e-09      0.36546677       88.628383      0.12579714      0.63442631        0.246258      0.24759113       2.2845302        7.150433       441.20144       3.8675318        3.8675318       441.20144                                441.20144
              3       224.68065     0.023345167      0.10188138     0.010429411      0.33355173      -2.9644375    2.100583e-09      0.36721739       88.422406      0.12587074      0.63267525      0.24626427      0.24759742       2.2820721       7.1489679       441.62623       3.8675318        3.8675318       441.62623                                441.62623
              1       224.87274     0.023656945      0.10114733       0.0104327      0.27961939      -2.8321743    2.100583e-09       0.3549261       89.703126      0.12544847      0.64496977       0.2463905      0.24772411       2.2324564       7.0788838       442.01042       3.8675318        3.8675318       442.01042                                442.01042
              1        224.9175     0.023605123      0.10209661     0.010432583      0.25201099      -2.8566191    2.100583e-09      0.34994922       90.530593      0.12634593      0.64994884      0.24636955      0.24770307       2.2405933       7.0992434       442.09993       3.8675318        3.8675318       442.09993                                442.09993
              3        224.5893     0.023553887      0.10177273     0.010432616      0.23431168      -2.8410119    2.100583e-09      0.34423877       91.235577      0.12597081      0.65566066      0.24634891      0.24768236       2.2486809       7.1025284       441.44353       3.8675318        3.8675318       441.44353                                441.44353
              2       223.63184     0.023517715      0.10126698     0.010431409      0.25131679      -2.8511477    2.100583e-09      0.34626575       90.886459      0.12542889      0.65363265      0.24633437      0.24766777       2.2544163       7.1024611       439.52861       3.8675318        3.8675318       439.52861                                439.52861
              3       224.57115     0.023388067      0.10171177     0.010433046      0.29363177      -2.9781572    2.100583e-09      0.35165767       90.311912      0.12574403      0.64823941       0.2462819      0.24761511         2.27515       7.1331318       441.40724       3.8675318        3.8675318       441.40724                                441.40724
              4       223.90107     0.023520353      0.10130685     0.010432635       0.3011937      -2.9759533    2.100583e-09      0.35142193       90.223717      0.12547139      0.64847499      0.24633543      0.24766883       2.2539973       7.1020143       440.06708       3.8675318        3.8675318       440.06708                                440.06708
              7       224.74953     0.023488339      0.10155645      0.01043305      0.28180075      -2.9765095    2.100583e-09      0.34690825       90.865722      0.12568898      0.65299018      0.24632255      0.24765591         2.25909       7.1100282       441.76399       3.8675318        3.8675318       441.76399                                441.76399
              4       225.08451     0.023595151       0.1014124     0.010431794       0.2361188      -2.8746842    2.100583e-09      0.34020621       91.693522      0.12565174      0.65969414      0.24636552      0.24769904       2.2421641       7.0870966       442.43395       3.8675318        3.8675318       442.43395                                442.43395
              1       230.82053     0.023624345      0.10102784     0.010432007      0.21750614       -2.925903    2.100583e-09       0.3285267       93.225926      0.12529637       0.6713768      0.24637731      0.24771087       2.2375701       7.0706652       453.90599       3.8675318        3.8675318       453.90599                                453.90599
              2       230.68669     0.023613992      0.10110142     0.010432438      0.23409427      -2.9690046    2.100583e-09      0.33046517       92.969616       0.1253596      0.66943781      0.24637313      0.24770667       2.2391976       7.0736146       453.63832       3.8675318        3.8675318       453.63832                                453.63832
              3       231.89607     0.023507765      0.10110867     0.010433509      0.20092374      -2.8925714    2.100583e-09      0.32672083       93.538547      0.12526062      0.67318318      0.24633037      0.24766375       2.2559978       7.0942955       456.05708       3.8675318        3.8675318       456.05708                                456.05708
              6       230.93093     0.023532095      0.10082798     0.010434372      0.20968791      -2.8591816    2.100583e-09      0.32993177       93.020415      0.12500426      0.66997109      0.24634015      0.24767357       2.2521336       7.0878529        454.1268       3.8675318        3.8675318        454.1268                                 454.1268
              1       230.74611     0.023648677      0.10166993     0.010434895    0.0074358997      -2.2510928    2.100583e-09      0.32122664       94.394505       0.1259628      0.67867951      0.24638716      0.24772075       2.2337517        7.089049       453.75715       3.8675318        3.8675318       453.75715                                453.75715
              1       231.45653     0.023703543      0.10120882     0.010431877    -0.066037034      -2.1135688    2.100583e-09      0.30850222       96.211788      0.12555655      0.69140735      0.24640937      0.24774304       2.2251768       7.0695333         455.178       3.8675318        3.8675318         455.178                                  455.178
              5        232.0124     0.023266236      0.10289442     0.010430589    -0.031053735      -2.3315513    2.100583e-09      0.31311698       95.981558      0.12680485      0.68679214      0.24623159      0.24756462         2.29489       7.1723106       456.28974       3.8675318        3.8675318       456.28974                                456.28974
              3       231.84578     0.023264134      0.10274726     0.010430668    -0.034123733      -2.3107367    2.100583e-09      0.31298095       95.974702      0.12665558      0.68692811      0.24623072      0.24756374       2.2952328       7.1710756        455.9565       3.8675318        3.8675318        455.9565                                 455.9565
              5       230.47403     0.023193747      0.10308169     0.010429319     0.019776871      -2.3940141    2.100583e-09      0.32469844       94.315244      0.12691963      0.67520741      0.24620148      0.24753439       2.3067574       7.1919699         453.213       3.8675318        3.8675318         453.213                                  453.213
              1       230.32972     0.023365444      0.10284328     0.010432799      0.15918717      -2.8563511    2.100583e-09      0.32767076       93.781607      0.12685292      0.67223417      0.24627262       0.2476058       2.2787964       7.1474289       452.92439       3.8675318        3.8675318       452.92439                                452.92439
              4       230.31534     0.023371385      0.10273868     0.010433144      0.16033265      -2.8484189    2.100583e-09      0.32788316       93.729421      0.12675426      0.67202164      0.24627506      0.24760824       2.2778381       7.1450943       452.89562       3.8675318        3.8675318       452.89562                                452.89562
              1        226.7276     0.023561784      0.10136091     0.010433217      0.20523333      -2.8147632    2.100583e-09      0.33510849       92.389887      0.12556688      0.66479329      0.24635209      0.24768555       2.2474316       7.0924616       445.72014       3.8675318        3.8675318       445.72014                                445.72014
              3       224.45196     0.023503487      0.10145401     0.010431497      0.27338986      -2.9787212    2.100583e-09      0.34398837       91.226426      0.12560168      0.65591084      0.24632864      0.24766203       2.2566782        7.104105       441.16886       3.8675318        3.8675318       441.16886                                441.16886
             12       224.85635     0.023461221      0.10140686      0.01043006      0.26925368      -2.9976763    2.100583e-09      0.34159409       91.551027      0.12551227      0.65830575      0.24631161      0.24764493        2.263417       7.1097724       441.97765       3.8675318        3.8675318       441.97765                                441.97765
              2       225.40308      0.02353803      0.10110853     0.010430663      0.24217901        -2.90665    2.100583e-09      0.33840261       91.899674      0.12529075      0.66149799      0.24634253      0.24767597       2.2511925       7.0918562        443.0711       3.8675318        3.8675318        443.0711                                 443.0711
             17       223.25128     0.023512512      0.10115611     0.010427662      0.29379209      -2.9731838    2.100583e-09      0.34989865        90.39462      0.12531281      0.64999859      0.24633227      0.24766567       2.2552431       7.0994125        438.7675       3.8675318        3.8675318        438.7675                                 438.7675
              1       223.55828     0.023390639      0.10145736     0.010429181      0.24393971      -2.8577043    2.100583e-09      0.34569041       91.039932      0.12549219      0.65420821      0.24628295      0.24761616        2.274736       7.1283275       439.38149       3.8675318        3.8675318       439.38149                                439.38149
              1       223.40602     0.023408962      0.10134086     0.010429452      0.24960315       -2.849665    2.100583e-09      0.34724779       90.807808      0.12539401       0.6526503      0.24629043      0.24762367       2.2717896         7.12404       439.07697       3.8675318        3.8675318       439.07697                                439.07697
              1       223.54576     0.023383366      0.10132613     0.010429453      0.25444096      -2.8529979    2.100583e-09        0.348482       90.652669      0.12535369      0.65141569      0.24627997      0.24761317        2.275907       7.1291309       439.35647       3.8675318        3.8675318       439.35647                                439.35647
              1       224.01701     0.023353856      0.10181939     0.010430444      0.22394616      -2.7982368    2.100583e-09      0.34616312       91.057306      0.12581743      0.65373563      0.24626785      0.24760101       2.2806675       7.1424357       440.29896       3.8675318        3.8675318       440.29896                                440.29896
              1        224.2124     0.023322851      0.10203963     0.010429309      0.20998883      -2.7871113    2.100583e-09      0.34447857       91.331046      0.12600667      0.65542082      0.24625506      0.24758817       2.2856852        7.150805       440.68973       3.8675318        3.8675318       440.68973                                440.68973
              5       224.87312     0.023255603      0.10263388     0.010429895      0.24618187      -2.9448216    2.100583e-09      0.34655156        91.18979      0.12653367      0.65334765      0.24622717      0.24756019       2.2966249       7.1698705       442.01118       3.8675318        3.8675318       442.01118                                442.01118
              3       225.09231     0.023320218       0.1025097     0.010431973      0.25515155      -2.9606121    2.100583e-09      0.34647801        91.15478      0.12647411      0.65342117      0.24625397      0.24758708       2.2861121       7.1557838       442.44957       3.8675318        3.8675318       442.44957                                442.44957
              4        224.3746     0.023390317      0.10231255     0.010431082      0.20639491      -2.7799409    2.100583e-09      0.34470847       91.328307      0.12634706      0.65519113      0.24628282      0.24761603       2.2747878       7.1424687       441.01413       3.8675318        3.8675318       441.01413                                441.01413
              4       224.55788     0.023372813      0.10230604      0.01043172      0.22446071      -2.8124169    2.100583e-09      0.34747825       90.968252      0.12632305      0.65242052      0.24627564      0.24760883       2.2776077       7.1462545       441.38069       3.8675318        3.8675318       441.38069                                441.38069
              4       224.50297      0.02328973      0.10144378       0.0104294      0.25682858      -2.8697157    2.100583e-09      0.34894476       90.645596       0.1253777      0.65095281      0.24624134      0.24757441       2.2910635       7.1485673       441.27087       3.8675318        3.8675318       441.27087                                441.27087
              4       224.64042     0.023444742      0.10240495     0.010431655      0.20783508      -2.7716031    2.100583e-09      0.34592081       91.166809      0.12649389      0.65397855      0.24630495      0.24763825       2.2660521       7.1341726       441.54578       3.8675318        3.8675318       441.54578                                441.54578
              1       227.72664     0.023469066      0.10318432     0.010434022      0.25694762      -2.8929407    2.100583e-09      0.35483158       90.147987      0.12729758      0.64506584      0.24631478      0.24764811       2.2621639       7.1418865       447.71822       3.8675318        3.8675318       447.71822                                447.71822
              2       228.00359     0.023445823      0.10369488     0.010432323      0.25058025       -2.906188    2.100583e-09      0.35528412       90.190288      0.12778489      0.64461355      0.24630539      0.24763868       2.2658792       7.1529821       448.27211       3.8675318        3.8675318       448.27211                                448.27211
              1        228.1933     0.023445602      0.10372439     0.010432456      0.25004911      -2.9069377    2.100583e-09       0.3551952       90.206955      0.12781418      0.64470253       0.2463053      0.24763859       2.2659145       7.1534331       448.65154       3.8675318        3.8675318       448.65154                                448.65154
              2       228.12674     0.023434347      0.10365196     0.010432723      0.25968213      -2.9171446    2.100583e-09      0.35688398       89.984045       0.1277305       0.6430132      0.24630074      0.24763402       2.2677169       7.1550439       448.51841       3.8675318        3.8675318       448.51841                                448.51841
              6       228.20207     0.023731666      0.10178596     0.010435266        0.288064      -2.8889174    2.100583e-09       0.3554426       89.730146      0.12616181      0.64445372      0.24642073      0.24775445       2.2208006       7.0733422       448.66907       3.8675318        3.8675318       448.66907                                448.66907
              3       229.03347     0.023691835       0.1005947     0.010437031      0.34302314      -2.9803602    2.100583e-09      0.35816084       89.184649      0.12493073      0.64173365      0.24640463      0.24773829       2.2270026       7.0636347       450.33189       3.8675318        3.8675318       450.33189                                450.33189
              2        226.2142     0.023471301      0.10257604     0.010429479      0.11428531      -2.5286267    2.100583e-09      0.33825958       92.216262      0.12669153      0.66164216      0.24631568      0.24764901       2.2618071       7.1335901       444.69334       3.8675318        3.8675318       444.69334                                444.69334
              4       226.15471      0.02349522      0.10197665     0.010426397      0.18466247      -2.6244339    2.100583e-09      0.34942747       90.612715      0.12611607      0.65047056      0.24632532      0.24765869       2.2579939       7.1219791       444.57435       3.8675318        3.8675318       444.57435                                444.57435
             17       226.44624     0.023600558      0.10211905     0.010424916      0.21175752      -2.7616946    2.100583e-09      0.34743092       90.863749       0.1263638       0.6524679       0.2463677      0.24770123       2.2413121       7.0993979       445.15741       3.8675318        3.8675318       445.15741                                445.15741
              2        225.6572     0.023659028      0.10203352     0.010427737      0.26390868      -2.8311802    2.100583e-09      0.35635333       89.684257      0.12633674      0.64354286      0.24639135      0.24772496       2.2321302        7.089896       443.57934       3.8675318        3.8675318       443.57934                                443.57934
              7       224.46846     0.023693718      0.10082255     0.010428972      0.27799986      -2.8326915    2.100583e-09      0.35340823       89.823736      0.12516046      0.64648785      0.24640539      0.24773905       2.2267088       7.0657731       441.20185       3.8675318        3.8675318       441.20185                                441.20185
              7       223.71165     0.023583011      0.10113374     0.010428346      0.26966231      -2.8187813    2.100583e-09      0.35431469        89.80224      0.12536095       0.6455813      0.24636063      0.24769413       2.2440785       7.0913565       439.68825       3.8675318        3.8675318       439.68825                                439.68825
              6       224.58995     0.023466816      0.10152038     0.010424617      0.27467118      -2.9144371    2.100583e-09       0.3517734       90.235677      0.12563138      0.64812355      0.24631387       0.2476472       2.2625232       7.1144133       441.44483       3.8675318        3.8675318       441.44483                                441.44483
              5       224.68205     0.023469398      0.10162182     0.010424926      0.24452211      -2.8792927    2.100583e-09       0.3458798       91.019172      0.12573541      0.65401896      0.24631491      0.24764824       2.2621109        7.113986       441.62903       3.8675318        3.8675318       441.62903                                441.62903
              5       224.69726     0.023469415      0.10153662     0.010424812      0.25570821      -2.9037656    2.100583e-09      0.34689208       90.870482      0.12565023      0.65300632      0.24631492      0.24764825       2.2621081       7.1125815       441.65946       3.8675318        3.8675318       441.65946                                441.65946
              5       225.21358     0.023430588      0.10167389     0.010424186      0.25446912      -2.9191675    2.100583e-09      0.34641593       90.971394      0.12574867      0.65348268      0.24629922      0.24763249       2.2683193       7.1212442        442.6921       3.8675318        3.8675318        442.6921                                 442.6921
              9       224.14492     0.023296171      0.10223017     0.010427749       0.2362921      -2.8822433    2.100583e-09      0.34655961       91.100569      0.12617053       0.6533393      0.24624401      0.24757709       2.2900162       7.1569129       440.55478       3.8675318        3.8675318       440.55478                                440.55478
              2       224.12844     0.023295113      0.10224521     0.010427717      0.23889451      -2.8908049    2.100583e-09      0.34677345       91.075609      0.12618451      0.65312541      0.24624357      0.24757665       2.2901882        7.157219       440.52182       3.8675318        3.8675318       440.52182                                440.52182
              7       225.34134     0.023476565      0.10065565     0.010426339      0.35812395      -2.9789978    2.100583e-09       0.3671152        88.17057       0.1247764      0.63277652       0.2463178      0.24765114       2.2609671       7.1053626       442.94762       3.8675318        3.8675318       442.94762                                442.94762
              9       226.35922     0.023377293      0.10116122     0.010426181      0.33443775      -2.9186149    2.100583e-09      0.36798013       88.190478       0.1251827      0.63191169      0.24627748      0.24761068       2.2768856       7.1331347       444.98337       3.8675318        3.8675318       444.98337                                444.98337
              2       228.75983     0.023525066      0.10012396      0.01042386      0.33622162      -2.8967395    2.100583e-09      0.36455801       88.366477      0.12429322      0.63533405      0.24633732      0.24767073        2.253249       7.0891069        449.7846       3.8675318        3.8675318        449.7846                                 449.7846
              1       227.24274     0.023493206      0.10059307      0.01042443      0.34812395      -2.9446298    2.100583e-09      0.36691485       88.177848      0.12473046      0.63297689      0.24632451      0.24765787       2.2583146       7.1015477       446.75041       3.8675318        3.8675318       446.75041                                446.75041
              8       227.04022      0.02350901      0.10027685     0.010425773      0.36444667      -2.9558289    2.100583e-09      0.36897212       87.869243      0.12443005      0.63091875      0.24633087      0.24766426       2.2557997       7.0951173       446.34538       3.8675318        3.8675318       446.34538                                446.34538
              6       226.98606     0.023506544      0.10027814     0.010425899      0.36384702      -2.9532654    2.100583e-09      0.36898255       87.869025      0.12442887      0.63090831      0.24632987      0.24766326       2.2561919       7.0957092       446.23705       3.8675318        3.8675318       446.23705                                446.23705
              1       225.44611      0.02352384      0.10047525     0.010425745        0.315562      -2.8957445    2.100583e-09      0.35957364       89.041846      0.12464328       0.6403202      0.24633683      0.24767024       2.2534436        7.092774       443.15715       3.8675318        3.8675318       443.15715                                443.15715
              1       225.46701     0.023493859      0.10064745     0.010425377      0.30964745      -2.8907088    2.100583e-09      0.35932033       89.114599       0.1247855      0.64057369      0.24632477      0.24765814       2.2582107       7.1007539       443.19896       3.8675318        3.8675318       443.19896                                443.19896
              2       225.46487      0.02351836      0.10083804     0.010424783      0.32774711      -2.9491023    2.100583e-09      0.36128766       88.898517      0.12500059      0.63860597      0.24633463      0.24766803       2.2543138       7.0979619       443.19467       3.8675318        3.8675318       443.19467                                443.19467
              1       224.57255        0.023423      0.10101524      0.01042611       0.2746473      -2.8418678    2.100583e-09      0.35458038       89.799417      0.12508243      0.64531529      0.24629614       0.2476294        2.269536       7.1188749       441.41004       3.8675318        3.8675318       441.41004                                441.41004
             16        223.6674     0.023395173      0.10233247     0.010426269      0.26182794      -2.9593047    2.100583e-09      0.34879078       90.794307      0.12637183      0.65110764       0.2462848      0.24761802       2.2740064       7.1380591       439.59974       3.8675318        3.8675318       439.59974                                439.59974
              3       223.64478     0.023393512      0.10235661     0.010426464      0.26086099      -2.9641556    2.100583e-09      0.34821742       90.874021      0.12639431      0.65168119      0.24628412      0.24761734       2.2742736       7.1384682        439.5545       3.8675318        3.8675318        439.5545                                 439.5545
              2       223.63548     0.023421078      0.10224136     0.010426567      0.25436368      -2.9448351    2.100583e-09      0.34697087       91.006641      0.12630663      0.65292803      0.24629535      0.24762861       2.2698443       7.1315048        439.5359       3.8675318        3.8675318        439.5359                                 439.5359
             12       223.72363     0.023416748       0.1022521     0.010426514       0.2514089      -2.9410322    2.100583e-09      0.34647387       91.075321      0.12631303      0.65342518      0.24629359      0.24762685       2.2705393       7.1323714       439.71219       3.8675318        3.8675318       439.71219                                439.71219
              7       223.71169     0.023409245      0.10224767     0.010426156      0.25944971      -2.9516963    2.100583e-09      0.34816044       90.856154      0.12630111      0.65173811      0.24629054      0.24762378       2.2717441       7.1340405       439.68832       3.8675318        3.8675318       439.68832                                439.68832
              1       224.23215     0.023505309      0.10059526     0.010427248      0.26460687        -2.84143    2.100583e-09      0.34853499       90.469397      0.12474476      0.65136219      0.24632938      0.24766276       2.2563884       7.0952779       440.72924       3.8675318        3.8675318       440.72924                                440.72924
              2       224.15522      0.02354253      0.10079442     0.010427887      0.21748868      -2.7036904    2.100583e-09      0.34599805       90.825334      0.12498114      0.65390007      0.24634434      0.24767778       2.2504793       7.0936027       440.57537       3.8675318        3.8675318       440.57537                                440.57537
              9        224.8054     0.023460329      0.10114639     0.010432874      0.28699552      -2.8397095    2.100583e-09      0.35738693       89.457971      0.12525091      0.64250806      0.24631125      0.24764457       2.2635594       7.1168136       441.87574       3.8675318        3.8675318       441.87574                                441.87574
              2       224.53461     0.023498176      0.10089062     0.010432673      0.24874121      -2.7776263    2.100583e-09      0.34907296        90.45695      0.12503299      0.65082429      0.24632651      0.24765988       2.2575234       7.1041636       441.33415       3.8675318        3.8675318       441.33415                                441.33415
             15       225.09441     0.023492591      0.10069149     0.010430952      0.29719983      -2.9965727    2.100583e-09      0.34571308       90.860105      0.12482828        0.654185      0.24632426      0.24765762       2.2584126       7.0954166       442.45376       3.8675318        3.8675318       442.45376                                442.45376
             10       224.88381     0.023479666      0.10070424     0.010430929      0.30102166      -2.9992539    2.100583e-09      0.34679069        90.72556       0.1248281      0.65310707      0.24631905       0.2476524       2.2604724       7.0983931       442.03256       3.8675318        3.8675318       442.03256                                442.03256
              2       224.60685     0.023495273      0.10232505     0.010428317      0.24396219      -2.9804162    2.100583e-09      0.34085267       91.810152      0.12646452      0.65904814      0.24632534      0.24765871       2.2579855       7.1160512       441.47864       3.8675318        3.8675318       441.47864                                441.47864
              3       223.85376     0.023509895       0.1019838     0.010426797      0.23073459      -2.8568934    2.100583e-09      0.34482164       91.212267      0.12613789      0.65507775      0.24633122      0.24766461       2.2556591       7.1120458       439.97245       3.8675318        3.8675318       439.97245                                439.97245
             10       223.79752      0.02338028      0.10202773     0.010429618      0.25745531      -2.9645107    2.100583e-09      0.34454695       91.300348       0.1260522      0.65535246      0.24627871      0.24761191       2.2764042       7.1358271       439.85997       3.8675318        3.8675318       439.85997                                439.85997
              3       223.80949     0.023357456      0.10235702     0.010429296      0.26272295      -2.9964403    2.100583e-09      0.34569716       91.216886      0.12635867      0.65420216      0.24626933       0.2476025       2.2800861       7.1446259       439.88392       3.8675318        3.8675318       439.88392                                439.88392
              8       223.70164     0.023362687        0.102344     0.010429252      0.26405845       -2.995843    2.100583e-09      0.34605558       91.165463      0.12635087      0.65384363      0.24627149      0.24760466       2.2792415       7.1435595       439.66821       3.8675318        3.8675318       439.66821                                439.66821
              9       223.29626     0.023400987      0.10216735     0.010428544      0.24694937      -2.9144676    2.100583e-09      0.34624006       91.095709      0.12621253      0.65365898      0.24628717       0.2476204       2.2730713        7.135236       438.85746       3.8675318        3.8675318       438.85746                                438.85746
              6       224.02376     0.023329879        0.102184     0.010430987      0.25697554      -2.9048339    2.100583e-09      0.34975208       90.664083      0.12615807      0.65014589      0.24625796      0.24759109       2.2845464        7.151371       440.31246       3.8675318        3.8675318       440.31246                                440.31246
              2       224.05823     0.023464759         0.10205     0.010432793      0.29656996      -2.9501017    2.100583e-09      0.35641242       89.743815      0.12615895      0.64348361      0.24631304      0.24764636       2.2628517       7.1256287       440.38139       3.8675318        3.8675318       440.38139                                440.38139
              4        223.8957     0.023473076       0.1024671     0.010432029      0.29484944      -2.9810526    2.100583e-09      0.35592787        89.87797      0.12658436      0.64396865       0.2463164      0.24764973       2.2615239       7.1288605       440.05634       3.8675318        3.8675318       440.05634                                440.05634
              1       224.97358     0.023348544      0.10112821     0.010429479      0.21450104       -2.687895    2.100583e-09      0.34859927       90.612335      0.12512094      0.65129819      0.24626566      0.24759882       2.2815261       7.1370866       442.21209       3.8675318        3.8675318       442.21209                                442.21209
              1       226.79846     0.023543659      0.10024446     0.010431832      0.11227374      -2.4729052    2.100583e-09      0.32855518       93.099127      0.12443231      0.67134764       0.2463448      0.24767824       2.2503004       7.0855437       445.86186       3.8675318        3.8675318       445.86186                                445.86186
              4        226.6112     0.023640207     0.099909898     0.010430661      0.12619199      -2.4684041    2.100583e-09      0.33125902       92.621674       0.1241943      0.66864282      0.24638373      0.24771731       2.2350797       7.0638448       445.48733       3.8675318        3.8675318       445.48733                                445.48733
              4       224.04732     0.023499034      0.10176647     0.010430426      0.18686062      -2.7357228    2.100583e-09      0.33898248       91.957572      0.12590969      0.66091844      0.24632685      0.24766023       2.2573868       7.1125879       440.35958       3.8675318        3.8675318       440.35958                                440.35958
              1       224.49254     0.023536345      0.10194061     0.010430514      0.17317802      -2.7114617    2.100583e-09      0.33755596       92.171638      0.12612115      0.66234554      0.24634186      0.24767529       2.2514597       7.1079803       441.25001       3.8675318        3.8675318       441.25001                                441.25001
              1       224.29099     0.023675006      0.10150106     0.010428984      0.25993254      -2.8921776    2.100583e-09      0.34689776        90.79477      0.12582026      0.65300078      0.24639782      0.24773145       2.2296307       7.0747116       440.84691       3.8675318        3.8675318       440.84691                                440.84691
              2       224.09169     0.023665595      0.10160776     0.010429074      0.26629786      -2.9067235    2.100583e-09       0.3482863       90.636372      0.12591754      0.65161191      0.24639401      0.24772762       2.2311025       7.0782044       440.44832       3.8675318        3.8675318       440.44832                                440.44832
              8       224.07438     0.023665771       0.1016568     0.010429185      0.26856325      -2.9111622    2.100583e-09      0.34886479        90.57017      0.12596676      0.65103329      0.24639408       0.2477277       2.2310749       7.0790138        440.4137       3.8675318        3.8675318        440.4137                                 440.4137
              3       223.46936     0.023571811      0.10194988      0.01042919      0.25924106      -2.9269442    2.100583e-09      0.34683896       90.919672      0.12616588      0.65305987      0.24635612       0.2476896       2.2458467       7.0997302       439.20366       3.8675318        3.8675318       439.20366                                439.20366
              3       223.17996     0.023499479       0.1020631      0.01042779      0.25456397      -2.8893349    2.100583e-09      0.34968767       90.593461      0.12620677      0.65021036      0.24632703      0.24766041       2.2573159       7.1165647       438.62487       3.8675318        3.8675318       438.62487                                438.62487
              6       223.16375     0.023473268       0.1016536     0.010427444      0.25456853      -2.8873486    2.100583e-09      0.34777089       90.775951      0.12577106      0.65212735      0.24631647      0.24764981       2.2614931       7.1149677       438.59243       3.8675318        3.8675318       438.59243                                438.59243
              6       223.46602     0.023491953      0.10187529     0.010427819      0.22253238      -2.8130469    2.100583e-09      0.34498467       91.176644      0.12601143      0.65491458        0.246324      0.24765737       2.2585142       7.1152647       439.19697       3.8675318        3.8675318       439.19697                                439.19697
              6       223.25496     0.023454954      0.10155735     0.010429784      0.23500587      -2.8277278    2.100583e-09      0.34547411       91.065533       0.1256565      0.65442471      0.24630908      0.24764239       2.2644185       7.1182402       438.77486       3.8675318        3.8675318       438.77486                                438.77486
             11       223.60259     0.023462477      0.10151007     0.010428715      0.20290527      -2.7563802    2.100583e-09      0.34137662       91.598991      0.12561674      0.65852337      0.24631212      0.24764544       2.2632162       7.1158925       439.47013       3.8675318        3.8675318       439.47013                                439.47013
              3        223.7531     0.023434408      0.10149921     0.010428456      0.19516045       -2.728261    2.100583e-09      0.34138454       91.605392       0.1255778      0.65851541      0.24630076      0.24763404       2.2677071       7.1216766       439.77113       3.8675318        3.8675318       439.77113                                439.77113
              5       223.87583     0.023461936       0.1012274     0.010428693      0.19356976      -2.7144977    2.100583e-09      0.34031984       91.688369      0.12533353      0.65958023       0.2463119      0.24764522       2.2633027       7.1125775        440.0166       3.8675318        3.8675318        440.0166                                 440.0166
              6       223.88506     0.023439664       0.1013684     0.010429522      0.18920982      -2.7054219    2.100583e-09      0.34037264       91.715182      0.12545226      0.65952751      0.24630289      0.24763618       2.2668652       7.1192837       440.03506       3.8675318        3.8675318       440.03506                                440.03506
              2       225.40563      0.02329258      0.10100414     0.010427831      0.24116609      -2.8103367    2.100583e-09       0.3468622       90.834471      0.12494092      0.65303563      0.24624252      0.24757559          2.2906       7.1418708        443.0762       3.8675318        3.8675318        443.0762                                 443.0762
              1       224.87214     0.023379182      0.10089468     0.010428492      0.19060327       -2.680158    2.100583e-09       0.3407253       91.599081      0.12491805      0.65917432      0.24627826      0.24761145       2.2765811       7.1246131       442.00921       3.8675318        3.8675318       442.00921                                442.00921
              3       224.42595     0.023424201      0.10139493     0.010427668      0.19808756      -2.7753712    2.100583e-09      0.33824817       92.012955      0.12546332      0.66165261      0.24629662      0.24762989       2.2693435       7.1195867       441.11683       3.8675318        3.8675318       441.11683                                441.11683
             15       222.92126     0.023487521      0.10172114      0.01042928       0.2521523      -2.8644614    2.100583e-09      0.34867161       90.666343      0.12585285      0.65122643      0.24632222      0.24765558       2.2592202       7.1146079       438.10745       3.8675318        3.8675318       438.10745                                438.10745
              1       227.31679     0.023535146      0.10131309     0.010431278      0.25800847      -2.6880434    2.100583e-09      0.36201332       88.890401      0.12549243      0.63788051      0.24634137       0.2476748       2.2516498       7.1103744       446.89852       3.8675318        3.8675318       446.89852                                446.89852
              2       227.43642     0.023453835      0.10156231     0.010428181      0.31556709      -2.8367518    2.100583e-09      0.37027891       87.963697      0.12566034      0.62961264      0.24630863      0.24764194       2.2645975       7.1277551       447.13777       3.8675318        3.8675318       447.13777                                447.13777
              4       227.24635     0.023423362      0.10177015     0.010428452      0.31485965      -2.8497477    2.100583e-09      0.37017505       88.023142      0.12583771      0.62971669      0.24629628      0.24762955        2.269478       7.1361487       446.75764       3.8675318        3.8675318       446.75764                                446.75764
              1       224.50191     0.023447968      0.10187194      0.01042804      0.30124696      -2.8853871    2.100583e-09      0.36347124       88.841476      0.12596409      0.63642257      0.24630626      0.24763956       2.2655359        7.129183       441.26876       3.8675318        3.8675318       441.26876                                441.26876
              2       224.46248     0.023394706      0.10137442     0.010430897       0.2866992       -2.841097    2.100583e-09       0.3592525       89.288508      0.12541332      0.64064208      0.24628461      0.24761783       2.2740814       7.1326343        441.1899       3.8675318        3.8675318        441.1899                                 441.1899
              2       224.71931     0.023383921      0.10128531     0.010430262      0.25016141      -2.7519484    2.100583e-09      0.35492172       89.818816      0.12531343      0.64497404       0.2462802       0.2476134       2.2758176       7.1337344       441.70355       3.8675318        3.8675318       441.70355                                441.70355
              3       225.49911     0.023435577      0.10106688     0.010431293      0.25868633      -2.7303748    2.100583e-09      0.35769258       89.413264      0.12514665      0.64220224      0.24630124      0.24763452       2.2675198       7.1228745       443.26317       3.8675318        3.8675318       443.26317                                443.26317
              2       224.49408     0.023511959      0.10077872     0.010431393      0.30260972      -2.8434459    2.100583e-09       0.3601135       89.034557      0.12493487      0.63978042      0.24633205      0.24766545       2.2553309       7.1024893        441.2531       3.8675318        3.8675318        441.2531                                 441.2531
              2        224.4949      0.02351166      0.10077979     0.010431371      0.30248375      -2.8429202    2.100583e-09      0.36013067       89.032728      0.12493565      0.63976325      0.24633193      0.24766532       2.2553784       7.1025748       441.25473       3.8675318        3.8675318       441.25473                                441.25473
              5        224.6949     0.023483466       0.1010772     0.010431138        0.152927      -2.5734885    2.100583e-09      0.33771331       92.005883      0.12520485      0.66218743      0.24632058      0.24765394       2.2598665       7.1095496       441.65474       3.8675318        3.8675318       441.65474                                441.65474
              1       225.47677     0.023495287      0.10131294     0.010432638      0.13977556      -2.5515486    2.100583e-09      0.33632742        92.23575      0.12545242      0.66357391      0.24632534      0.24765871       2.2579833        7.111013       443.21847       3.8675318        3.8675318       443.21847                                443.21847
              6       226.06257     0.023440836      0.10303165     0.010430665      0.23177432      -2.8026328    2.100583e-09      0.35449522       90.172552      0.12711667      0.64540215      0.24630337      0.24763666       2.2666776       7.1460711       444.39007       3.8675318        3.8675318       444.39007                                444.39007
              2       227.16005     0.023519893      0.10313338       0.0104306      0.22484033        -2.77941    2.100583e-09       0.3544608       90.168954      0.12729747      0.64543673      0.24633524      0.24766865       2.2540703       7.1328893       446.58503       3.8675318        3.8675318       446.58503                                446.58503
              4        225.6337     0.023614609      0.10221425     0.010430667      0.27097724      -2.8317208    2.100583e-09       0.3589141       89.410975      0.12647305      0.64098146      0.24637338      0.24770692       2.2391006       7.1026349       443.53234       3.8675318        3.8675318       443.53234                                443.53234
              1       224.02232     0.023618696      0.10049826      0.01043092      0.29990989      -2.8744415    2.100583e-09       0.3548032       89.611708      0.12476115      0.64509214      0.24637503      0.24770858       2.2384579       7.0754084       440.30957       3.8675318        3.8675318       440.30957                                440.30957
              1       224.48338     0.023678764      0.10086625     0.010432051      0.32122752      -2.9928453    2.100583e-09      0.35324545       89.857374       0.1251892      0.64665071      0.24639934      0.24773298       2.2290435       7.0661548        441.2317       3.8675318        3.8675318        441.2317                                 441.2317
              6       224.54886     0.023676835       0.1008703      0.01043219      0.31802943      -2.9859196    2.100583e-09      0.35281253       89.913866      0.12519133      0.64708375      0.24639856      0.24773219        2.229345       7.0666055       441.36265       3.8675318        3.8675318       441.36265                                441.36265
              3       225.25867     0.023427532      0.10277738     0.010432419      0.28851568      -2.9398791    2.100583e-09      0.35909198       89.552167       0.1268491      0.64080384      0.24629798      0.24763124       2.2688092       7.1441782       442.78228       3.8675318        3.8675318       442.78228                                442.78228
              2       224.66225     0.023426414      0.10260574     0.010430612      0.25799289      -2.8505449    2.100583e-09      0.35639901       89.859152      0.12667635      0.64349745      0.24629752      0.24763079       2.2689885       7.1424458       441.58943       3.8675318        3.8675318       441.58943                                441.58943
              1       224.73608     0.023436604      0.10258614     0.010430703       0.2569456       -2.843932    2.100583e-09      0.35642927         89.8484      0.12666694      0.64346717      0.24630165      0.24763494       2.2673552       7.1404085        441.7371       3.8675318        3.8675318        441.7371                                 441.7371
              6       225.38077     0.023589744      0.10098286     0.010430824      0.30916306      -2.8314974    2.100583e-09      0.36415888       88.550578       0.1252168      0.63573409      0.24636334      0.24769685       2.2430163       7.0924702       443.02648       3.8675318        3.8675318       443.02648                                443.02648
              3       224.42798     0.023529405      0.10106878     0.010429794      0.30447534      -2.8469307    2.100583e-09      0.36237592       88.803382      0.12524237       0.6375176      0.24633907      0.24767249       2.2525604       7.1035751        441.1209       3.8675318        3.8675318        441.1209                                 441.1209
              3       223.90401     0.023568996      0.10067866     0.010431359      0.29757317      -2.8636169    2.100583e-09      0.35606177       89.502634      0.12489185      0.64383331      0.24635499      0.24768846       2.2462915       7.0881604       440.07296       3.8675318        3.8675318       440.07296                                440.07296
              3       223.94449      0.02341229      0.10143084     0.010430845      0.31066555      -2.9086995    2.100583e-09      0.36142893        89.02379      0.12548732      0.63846507      0.24629178      0.24762503        2.271255       7.1292601       440.15392       3.8675318        3.8675318       440.15392                                440.15392
              3       223.98913     0.023401906      0.10157483     0.010430874      0.31481094       -2.923797    2.100583e-09      0.36232692       88.942935      0.12562093      0.63756693      0.24628755      0.24762078       2.2729235        7.133266        440.2432       3.8675318        3.8675318        440.2432                                 440.2432
              3       224.35598     0.023562295      0.10181944      0.01042859      0.29308125      -2.8718681    2.100583e-09      0.36109334       89.086564      0.12602593      0.63880122      0.24635229      0.24768576       2.2473506       7.1062939        440.9769       3.8675318        3.8675318        440.9769                                 440.9769
              4       226.33047     0.023656141      0.10206671     0.010428975      0.20299875      -2.6753522    2.100583e-09      0.35007681         90.4917      0.12636704      0.64982124      0.24639018      0.24772378       2.2325824       7.0925601       444.92588       3.8675318        3.8675318       444.92588                                444.92588
              2       226.86476     0.023675484      0.10211957     0.010429101      0.20719787      -2.6803057    2.100583e-09      0.35114343       90.357412      0.12643925      0.64875436      0.24639801      0.24773164       2.2295561       7.0900085       445.99445       3.8675318        3.8675318       445.99445                                445.99445
              2       228.39636     0.023819426      0.10142327      0.01043136      0.15694332      -2.5564184    2.100583e-09      0.34074736       91.547768      0.12588688      0.65915302      0.24645593      0.24778977       2.2072259       7.0531917       449.05766       3.8675318        3.8675318       449.05766                                449.05766
              2       228.74559     0.023815328      0.10101107     0.010432001      0.15747295      -2.4943826    2.100583e-09      0.34364809       91.085311      0.12547059      0.65625111       0.2464543      0.24778813       2.2078571       7.0515423       449.75612       3.8675318        3.8675318       449.75612                                449.75612
              4       226.62678     0.023662905      0.10064837     0.010432889      0.21898048      -2.6115353    2.100583e-09      0.35152489        90.04192      0.12495547      0.64837158      0.24639292      0.24772653       2.2315234       7.0753918        445.5185       3.8675318        3.8675318        445.5185                                 445.5185
              7       226.59987     0.023630697      0.10072303     0.010433277      0.21993088      -2.6178667    2.100583e-09      0.35172977       90.040074      0.12499792      0.64816667      0.24637988      0.24771345       2.2365722       7.0824561       445.46467       3.8675318        3.8675318       445.46467                                445.46467
              5       226.16189     0.023630364      0.10080396      0.01043318      0.21985762      -2.6347716    2.100583e-09       0.3507504       90.180791      0.12507852       0.6491464      0.24637975      0.24771331       2.2366245       7.0826947       444.58872       3.8675318        3.8675318       444.58872                                444.58872
              3        228.0077     0.023631452      0.10068571     0.010434889      0.18504597       -2.533252    2.100583e-09      0.34726048       90.610435      0.12496135      0.65263725      0.24638019      0.24771375       2.2364538       7.0827365       448.28034       3.8675318        3.8675318       448.28034                                448.28034
              2       228.14657     0.023620617      0.10068798     0.010435021      0.18565037      -2.5324772    2.100583e-09      0.34753888       90.578132      0.12495279      0.65235876       0.2463758      0.24770936       2.2381559       7.0849829       448.55807       3.8675318        3.8675318       448.55807                                448.55807
              2       227.46397     0.023497446      0.10154071     0.010430975      0.18806094      -2.5434582    2.100583e-09      0.35359229       89.996899      0.12568235      0.64630417      0.24632621      0.24765959       2.2576395       7.1208944       447.19287       3.8675318        3.8675318       447.19287                                447.19287
              2       228.90748     0.023493598      0.10114977     0.010430364     0.089708672      -2.2904397    2.100583e-09      0.34214489        91.41829      0.12528756      0.65775461      0.24632466      0.24765803       2.2582522       7.1183128        450.0799       3.8675318        3.8675318        450.0799                                 450.0799
              1       227.89336     0.023557502      0.10112253     0.010429755       0.1134425      -2.3574152    2.100583e-09      0.34365367       91.190965      0.12532422      0.65624541      0.24635036      0.24768382       2.2481088       7.1043801       448.05165       3.8675318        3.8675318       448.05165                                448.05165
              2       227.93624     0.023576058      0.10080546     0.010430128      0.12028784      -2.3554539    2.100583e-09      0.34408429       91.068472      0.12502571      0.65581442      0.24635783      0.24769132       2.2451759       7.0970031       448.13741       3.8675318        3.8675318       448.13741                                448.13741
              2       229.08417     0.023378706       0.1014432     0.010429962     0.035175248      -2.4329756    2.100583e-09      0.31646186        95.15278      0.12546609      0.68344531      0.24627806      0.24761126       2.2766578       7.1288503       450.43328       3.8675318        3.8675318       450.43328                                450.43328
              4       229.60462     0.023522405      0.10058648     0.010430605    -0.026014984       -2.201302    2.100583e-09      0.31114362       95.743537      0.12475308      0.68876459      0.24633625      0.24766966       2.2536714       7.0934036       451.47418       3.8675318        3.8675318       451.47418                                451.47418
              1       228.46383     0.023581959      0.10069217     0.010431118   -0.0023007152      -2.2380008    2.100583e-09      0.31543138        95.09059      0.12491832      0.68447569      0.24636021       0.2476937       2.2442444       7.0847648       449.19259       3.8675318        3.8675318       449.19259                                449.19259
              1       226.75245      0.02339493      0.10061578     0.010431367       0.1067352      -2.4264468    2.100583e-09      0.33335289       92.547933       0.1246549      0.66654869       0.2462847      0.24761792       2.2740454       7.1220718       445.76983       3.8675318        3.8675318       445.76983                                445.76983
              3       226.67793     0.023368704      0.10092161     0.010431337      0.10137806      -2.4358782    2.100583e-09      0.33272322       92.702734       0.1249345      0.66717877      0.24627396      0.24760714       2.2782705       7.1307603        445.6208       3.8675318        3.8675318        445.6208                                 445.6208
              4       228.22633     0.023445289      0.10016969      0.01043266     0.097231597      -2.3315978    2.100583e-09       0.3353463        92.17044      0.12425917      0.66455438      0.24630517      0.24763847       2.2659647       7.1104706       448.71759       3.8675318        3.8675318       448.71759                                448.71759
              8       228.02763     0.023499957      0.10027943     0.010433717     0.093723561      -2.3416863    2.100583e-09      0.33351779       92.425291      0.12442358      0.66638357      0.24632722       0.2476606       2.2572399       7.1008103       448.32019       3.8675318        3.8675318       448.32019                                448.32019
              2       227.25566     0.023539777      0.10101022     0.010432671     0.058836037      -2.2937899    2.100583e-09      0.33077664       92.933682      0.12519419      0.66912612      0.24634324      0.24767667       2.2509157       7.1030251       446.77626       3.8675318        3.8675318       446.77626                                446.77626
              1        226.1331      0.02346396      0.10102835     0.010427778     0.071658019      -2.3847623    2.100583e-09      0.32894727       93.221133       0.1251365      0.67095598      0.24631272      0.24764604       2.2629793       7.1127236       444.53114       3.8675318        3.8675318       444.53114                                444.53114
              2       225.56941     0.023479112      0.10115591     0.010427578     0.099202006      -2.4479557    2.100583e-09      0.33287271       92.688864      0.12527922      0.66702951      0.24631883      0.24765217       2.2605609       7.1115854       443.40376       3.8675318        3.8675318       443.40376                                443.40376
              5       227.20711     0.023498686      0.10131464     0.010427665     0.069733066      -2.3175017    2.100583e-09      0.33524665       92.383475      0.12545752      0.66465501      0.24632671      0.24766009       2.2574422       7.1147257       446.67916       3.8675318        3.8675318       446.67916                                446.67916
              3       227.66964     0.023603033      0.10079292     0.010426694      0.17342799      -2.5029496    2.100583e-09       0.3489884       90.415116      0.12504015      0.65090889       0.2463687      0.24770223       2.2409223       7.0885803       447.60421       3.8675318        3.8675318       447.60421                                447.60421
              1       227.08116     0.023748896      0.10007261     0.010431824      0.16124816       -2.482727    2.100583e-09      0.34104987        91.27731       0.1244657      0.65884929      0.24642768      0.24776142       2.2181256       7.0502914       446.42725       3.8675318        3.8675318       446.42725                                446.42725
              2       226.66363     0.023685161      0.10054156     0.010432314      0.12070882       -2.420994    2.100583e-09      0.33627486       92.033302      0.12487091      0.66362603      0.24640193      0.24773558       2.2280444       7.0681921        445.5922       3.8675318        3.8675318        445.5922                                 445.5922
             10       227.06074     0.023668301      0.10188023     0.010433858      0.21318959       -2.705102    2.100583e-09      0.34843161       90.666774      0.12619272      0.65146677       0.2463951      0.24772872       2.2306791       7.0877495       446.38642       3.8675318        3.8675318       446.38642                                446.38642
              9       225.52193     0.023466822      0.10197694     0.010431539      0.18950604      -2.6310329    2.100583e-09      0.34914666       90.658664      0.12608795      0.65075143      0.24631387       0.2476472       2.2625222       7.1286519        443.3088       3.8675318        3.8675318        443.3088                                 443.3088
              5       227.07388     0.023270786       0.1016306     0.010427534      0.10531841      -2.4738254    2.100583e-09      0.33610548       92.402439      0.12554558      0.66379599      0.24623348      0.24756652       2.2941481        7.158752        446.4127       3.8675318        3.8675318        446.4127                                 446.4127
              1       228.00891      0.02327628      0.10138323      0.01042677     0.077872719        -2.39587    2.100583e-09      0.33287958       92.800279       0.1253037      0.66702265      0.24623576       0.2475688       2.2932529       7.1546556       448.28275       3.8675318        3.8675318       448.28275                                448.28275
              1       227.84534     0.023288535      0.10152072     0.010425941     0.077778341       -2.433971    2.100583e-09      0.33073045       93.123261      0.12545345      0.66917253      0.24624085      0.24757391       2.2912578       7.1520464       447.95561       3.8675318        3.8675318       447.95561                                447.95561
              9       227.07855     0.023378247      0.10125836     0.010428088     0.044910399      -2.3651755    2.100583e-09      0.32401357       94.002012       0.1252808      0.67589125      0.24627787      0.24761107       2.2767318       7.1306917       446.42203       3.8675318        3.8675318       446.42203                                446.42203
              2       226.98399     0.023389037      0.10149373     0.010427588     0.047925407      -2.3966496    2.100583e-09      0.32379869       94.074705      0.12552696      0.67610638      0.24628229       0.2476155       2.2749939       7.1308646       446.23291       3.8675318        3.8675318       446.23291                                446.23291
              1       226.75898     0.023283588      0.10166733     0.010424776      0.17038856      -2.6809631    2.100583e-09        0.340183        91.84952      0.12559511      0.65971731      0.24623879      0.24757185       2.2920629       7.1525529       445.78289       3.8675318        3.8675318       445.78289                                445.78289
              3       226.34575     0.023278122      0.10229187     0.010425397      0.17631875      -2.6902119    2.100583e-09      0.34455564       91.382646      0.12621419      0.65534389      0.24623653      0.24756957        2.292953       7.1641744       444.95643       3.8675318        3.8675318       444.95643                                444.95643
              1         224.899     0.023464189      0.10072135     0.010430469       0.2973124      -2.8181841    2.100583e-09       0.3606869       88.968855      0.12482973      0.63920676      0.24631281      0.24764613       2.2629427       7.1113461       442.06294       3.8675318        3.8675318       442.06294                                442.06294
              7       227.91958     0.023328585      0.10189542     0.010426981      0.30372244       -2.842287    2.100583e-09      0.36877191       88.243783       0.1258682      0.63112027      0.24625743      0.24759055       2.2847561       7.1552339       448.10409       3.8675318        3.8675318       448.10409                                448.10409
              1       229.27456     0.023520736      0.10133151     0.010426676    0.0024708173      -2.1592786    2.100583e-09      0.32793476       93.403404      0.12549644      0.67196907      0.24633558      0.24766899       2.2539364        7.111691       450.81405       3.8675318        3.8675318       450.81405                                450.81405
             12        228.4348     0.023490161      0.10122597     0.010427604   -0.0016583026      -2.1599428    2.100583e-09      0.32595271       93.677228      0.12536032       0.6739516      0.24632328      0.24765664       2.2587996       7.1153831       449.13454       3.8675318        3.8675318       449.13454                                449.13454
              3        226.9567     0.023773954       0.1006713     0.010431768      0.14843865      -2.5232773    2.100583e-09      0.33686014       91.948192      0.12508945      0.66304075      0.24643776      0.24777153       2.2142439       7.0507055       446.17833       3.8675318        3.8675318       446.17833                                446.17833
              7       227.11735     0.023742084      0.10125249     0.010432652      0.16329934      -2.5556115    2.100583e-09      0.34182822       91.396827      0.12563876      0.65807165      0.24642494      0.24775867       2.2191826       7.0660986       446.49964       3.8675318        3.8675318       446.49964                                446.49964
              9        226.9355     0.023735993      0.10127624     0.010432307      0.17104626      -2.5665143    2.100583e-09      0.34356608       91.171823      0.12565642       0.6563333      0.24642248       0.2477562       2.2201284       7.0679102       446.13593       3.8675318        3.8675318       446.13593                                446.13593
              7       227.01889     0.023741209      0.10127758     0.010432521      0.17901354      -2.5845534    2.100583e-09      0.34447441       91.050057      0.12566298      0.65542471      0.24642458      0.24775831       2.2193185       7.0669331       446.30271       3.8675318        3.8675318       446.30271                                446.30271
              3       226.92435     0.023740895      0.10130966     0.010432271      0.17581476      -2.5821892    2.100583e-09      0.34392117       91.129327      0.12569475      0.65597813      0.24642446      0.24775819       2.2193671       7.0671766       446.11364       3.8675318        3.8675318       446.11364                                446.11364
              1        225.7715     0.023624952      0.10111913     0.010431394      0.15720552       -2.513533    2.100583e-09      0.34350165       91.188031      0.12538827      0.65639753      0.24637756      0.24771112       2.2374746       7.0876353       443.80794       3.8675318        3.8675318       443.80794                                443.80794
             14       226.29971     0.023463693     0.099915522     0.010431227      0.20596567      -2.6290088    2.100583e-09      0.34319877       91.055789      0.12402341      0.65669939      0.24631261      0.24764593       2.2630219       7.0981101       444.86435       3.8675318        3.8675318       444.86435                                444.86435
              6       226.05631     0.023433278      0.10010653     0.010430976      0.21341394      -2.6763572    2.100583e-09      0.34284732       91.148654        0.124184      0.65705107      0.24630031      0.24763358       2.2678881       7.1050031       444.37755       3.8675318        3.8675318       444.37755                                444.37755
              1       225.37311     0.023381433      0.10101911     0.010429965      0.14667804      -2.5873097    2.100583e-09      0.33512287       92.384401      0.12504473       0.6647785      0.24627918      0.24761238       2.2762184        7.126361       443.01116       3.8675318        3.8675318       443.01116                                443.01116
              1       225.43939     0.023385793      0.10092445      0.01042989      0.14370255      -2.5316086    2.100583e-09      0.33817928       91.946626      0.12495444      0.66172112      0.24628096      0.24761417       2.2755161       7.1269156       443.14371       3.8675318        3.8675318       443.14371                                443.14371
              4       225.17926     0.023613971      0.10187804     0.010432009      0.22487338      -2.7373993    2.100583e-09      0.35011512        90.46611       0.1261362      0.64978273      0.24637312      0.24770666       2.2392008       7.0972626       442.62346       3.8675318        3.8675318       442.62346                                442.62346
              4       225.15646     0.023568033      0.10202684     0.010431974      0.24264865      -2.7703684    2.100583e-09      0.35394919       90.017125      0.12623907      0.64594762       0.2463546      0.24768807       2.2464437       7.1087251       442.57785       3.8675318        3.8675318       442.57785                                442.57785
              2        224.5623     0.023532708      0.10199883     0.010431932       0.2700006      -2.8383231    2.100583e-09      0.35689052        89.65196      0.12617572      0.64300538      0.24634039      0.24767382       2.2520364       7.1145346       441.38953       3.8675318        3.8675318       441.38953                                441.38953
              1       226.38334     0.023496515      0.10177907     0.010429781      0.28182992      -2.7841046    2.100583e-09      0.36459162       88.672292      0.12591978      0.63530182      0.24632584      0.24765921       2.2577877       7.1221637       445.03161       3.8675318        3.8675318       445.03161                                445.03161
              4       227.10799       0.0236421      0.10192602     0.010427009      0.33632755      -2.9424265    2.100583e-09      0.36952303       88.057844      0.12621231      0.63036922      0.24638449      0.24771808       2.2347828       7.0938701       446.48092       3.8675318        3.8675318       446.48092                                446.48092
              1       226.42156     0.023583357      0.10206448     0.010427756      0.30131126       -2.866281    2.100583e-09      0.36563883       88.568266      0.12629203      0.63425462      0.24636077      0.24769427       2.2440237       7.1074124       445.10807       3.8675318        3.8675318       445.10807                                445.10807
              7       224.55822     0.023533422      0.10208531      0.01042817      0.32242367      -2.9488483    2.100583e-09      0.36567397       88.583997      0.12626292      0.63421945      0.24634068      0.24767411       2.2519231       7.1152972       441.38137       3.8675318        3.8675318       441.38137                                441.38137
              1       224.32536     0.023515608      0.10200116     0.010428897      0.31130575      -2.9173341    2.100583e-09      0.36419191       88.754735      0.12616096      0.63570186      0.24633352      0.24766692        2.254751       7.1178882       440.91567       3.8675318        3.8675318       440.91567                                440.91567
              5       223.83731      0.02353866      0.10201363     0.010429933      0.33967624      -2.9979923    2.100583e-09      0.36614057       88.512967      0.12619648      0.63375265      0.24634279      0.24767622       2.2510927       7.1128426       439.93955       3.8675318        3.8675318       439.93955                                439.93955
              1       225.79806     0.023576887     0.099771585     0.010431786       0.3403611      -2.9202496    2.100583e-09      0.35962009       88.889342      0.12399266      0.64027317      0.24635816      0.24769165       2.2450451       7.0742352       443.86106       3.8675318        3.8675318       443.86106                                443.86106
              1       225.80002     0.023576702     0.099771354     0.010431786      0.34031595      -2.9200117    2.100583e-09      0.35962535       88.888709      0.12399225      0.64026791      0.24635809      0.24769158       2.2450742       7.0742748       443.86499       3.8675318        3.8675318       443.86499                                443.86499
              2        225.0021     0.023515273      0.10007406     0.010431179       0.2956149      -2.8666571    2.100583e-09       0.3521139       89.908323      0.12423352      0.64778179      0.24633338      0.24766678       2.2548043       7.0881055       442.26915       3.8675318        3.8675318       442.26915                                442.26915
              4       224.62362     0.023438174      0.10036794     0.010428995      0.28080187      -2.8318914    2.100583e-09      0.35288594       89.889845       0.1244503      0.64700971      0.24630229      0.24763558       2.2671038       7.1073329       441.51218       3.8675318        3.8675318       441.51218                                441.51218
              3       224.89179     0.023413731      0.10035404     0.010428474      0.28487395      -2.8707512    2.100583e-09      0.35112261       90.120755      0.12441196      0.64877352      0.24629237      0.24762562       2.2710237        7.109944       442.04852       3.8675318        3.8675318       442.04852                                442.04852
              6       224.52638      0.02347914       0.1009818     0.010426857      0.19209711      -2.6857968    2.100583e-09       0.3412178       91.515735      0.12510514      0.65868183      0.24631884      0.24765219       2.2605563       7.1063857       441.31769       3.8675318        3.8675318       441.31769                                441.31769
              2       224.43566      0.02347764       0.1010203     0.010426976       0.1918232      -2.6871536    2.100583e-09       0.3412128       91.524137      0.12514214      0.65868685      0.24631824      0.24765158       2.2607956        7.107209       441.13626       3.8675318        3.8675318       441.13626                                441.13626
              2       224.27875      0.02349381      0.10105955      0.01042714      0.19459947      -2.6998251    2.100583e-09      0.34114909       91.534622      0.12519755      0.65875062      0.24632475      0.24765812       2.2582184       7.1044041       440.82243       3.8675318        3.8675318       440.82243                                440.82243
              2       224.29813     0.023494346      0.10105562     0.010427119      0.19416032      -2.6990772    2.100583e-09      0.34105713       91.546046      0.12519416      0.65884261      0.24632497      0.24765833       2.2581331       7.1042222       440.86119       3.8675318        3.8675318       440.86119                                440.86119
              2       224.55843       0.0235439      0.10086253       0.0104276      0.17547124      -2.6225426    2.100583e-09       0.3401227       91.618801      0.12505062       0.6597772      0.24634489      0.24767833       2.2502622       7.0938326        441.3818       3.8675318        3.8675318        441.3818                                 441.3818
              2       224.50549     0.023421042      0.10160349      0.01042692      0.17071753      -2.6549489    2.100583e-09      0.34083794        91.70282      0.12566873      0.65906224      0.24629534       0.2476286       2.2698501       7.1267787       441.27593       3.8675318        3.8675318       441.27593                                441.27593
              1       225.29745     0.023385639      0.10129672     0.010425463      0.20768912      -2.7714398    2.100583e-09       0.3416524       91.547979      0.12532655      0.65824727       0.2462809      0.24761411       2.2755409       7.1263295       442.85984       3.8675318        3.8675318       442.85984                                442.85984
              1       224.20764     0.023387871      0.10146615     0.010426904      0.23032139      -2.8455709    2.100583e-09      0.34320049       91.372157      0.12549822      0.65669886      0.24628181      0.24761503       2.2751815       7.1276383       440.68022       3.8675318        3.8675318       440.68022                                440.68022
              2         224.965     0.023466379      0.10062108     0.010426804      0.22108498      -2.7521091    2.100583e-09      0.34282733       91.237277      0.12473165      0.65707152      0.24631369      0.24764702       2.2625929       7.1027426       442.19493       3.8675318        3.8675318       442.19493                                442.19493
             20       224.31468      0.02359347      0.10070936     0.010427277      0.24923069       -2.812678    2.100583e-09      0.34639439       90.740605      0.12494702      0.65350358      0.24636484      0.24769836        2.242429       7.0801016       440.89429       3.8675318        3.8675318       440.89429                                440.89429
             10       225.35861     0.023640722      0.10133026     0.010425672      0.25866586       -2.823309    2.100583e-09      0.35209567       90.101962      0.12561518      0.64780117      0.24638394      0.24771752       2.2349991       7.0814429       442.98215       3.8675318        3.8675318       442.98215                                442.98215
              3       225.00841     0.023568885      0.10159573      0.01042611      0.22216523        -2.73629    2.100583e-09      0.34956657       90.500062      0.12580881      0.65033118      0.24635494      0.24768842       2.2463091       7.0998896       442.28175       3.8675318        3.8675318       442.28175                                442.28175
              4       225.30894     0.023599251      0.10127515     0.010425835      0.20719859      -2.7043738    2.100583e-09       0.3457282       90.931458      0.12551859      0.65417043      0.24636718       0.2477007        2.241518       7.0888517       442.88281       3.8675318        3.8675318       442.88281                                442.88281
              3       226.31688      0.02370378      0.10175672      0.01042619      0.22318786      -2.7984373    2.100583e-09      0.34520316       91.055098      0.12610469       0.6546961      0.24640946      0.24774314       2.2251399       7.0735783        444.8987       3.8675318        3.8675318        444.8987                                 444.8987
              2       226.17839     0.023704726      0.10173031     0.010426371      0.22696515      -2.7931806    2.100583e-09      0.34656736       90.870522      0.12607922      0.65333148      0.24640985      0.24774352       2.2249927       7.0737464       444.62171       3.8675318        3.8675318       444.62171                                444.62171
              2       226.97906     0.023805948      0.10063902     0.010430772      0.19456256      -2.6766029    2.100583e-09      0.33846424       91.713338      0.12508916      0.66143618      0.24645056      0.24778438       2.2093026       7.0407068       446.22305       3.8675318        3.8675318       446.22305                                446.22305
              1       225.26488     0.023578002      0.10102034     0.010431047      0.24151279      -2.8837899    2.100583e-09      0.33922058       91.758803      0.12524253      0.66067974      0.24635861       0.2476921        2.244869        7.083989        442.7947       3.8675318        3.8675318        442.7947                                 442.7947
              2        225.4136     0.023574522      0.10085648     0.010431004      0.23699416      -2.8622878    2.100583e-09      0.33866699       91.804079       0.1250752      0.66123336      0.24635721       0.2476907       2.2454184       7.0825868       443.09213       3.8675318        3.8675318       443.09213                                443.09213
              9       223.30212     0.023533349      0.10081828     0.010429503      0.29905594      -2.9480775    2.100583e-09      0.35104887       90.177025      0.12499582      0.64884777      0.24634065      0.24767408       2.2519347       7.0922434       438.86918       3.8675318        3.8675318       438.86918                                438.86918
              2        222.6382     0.023541896      0.10144914     0.010428844      0.31224989      -2.9715027    2.100583e-09      0.35688453       89.549501      0.12563523      0.64301093      0.24634409      0.24767753       2.2505798       7.1010409       437.54134       3.8675318        3.8675318       437.54134                                437.54134
              2       222.81499     0.023561781      0.10147311     0.010428411      0.31834571      -2.9794065    2.100583e-09      0.35829394        89.37105      0.12567908      0.64160114      0.24635208      0.24768555        2.247432        7.097852       437.89492       3.8675318        3.8675318       437.89492                                437.89492
              4       223.34382     0.023579874      0.10115922     0.010427649      0.29231853      -2.9084795    2.100583e-09      0.35436096       89.802087      0.12538329      0.64553503      0.24635937      0.24769286       2.2445735       7.0899408       438.95257       3.8675318        3.8675318       438.95257                                438.95257
              5       223.08711     0.023582646      0.10111935     0.010428788        0.303229      -2.9243093    2.100583e-09      0.35591512       89.597587      0.12534619      0.64398038      0.24636048      0.24769398        2.244136       7.0894302       438.43916       3.8675318        3.8675318       438.43916                                438.43916
              9       223.97024     0.023604039      0.10183622     0.010429187      0.26405126      -2.8398248    2.100583e-09      0.35445074       89.906759      0.12608445       0.6454458      0.24636911      0.24770264       2.2407639       7.0969678       440.20542       3.8675318        3.8675318       440.20542                                440.20542
              7        224.8989     0.023551504       0.1019653     0.010431069      0.32021374      -2.9243175    2.100583e-09      0.36546765       88.581549      0.12616099      0.63442574      0.24634795       0.2476814        2.249058       7.1115561       442.06275       3.8675318        3.8675318       442.06275                                442.06275
              9       224.68746     0.023532161      0.10210376     0.010430837      0.31937285      -2.9360025    2.100583e-09      0.36516319       88.649655      0.12628011      0.63473039      0.24634017       0.2476736       2.2521231       7.1166868       441.63986       3.8675318        3.8675318       441.63986                                441.63986
              9       224.60716     0.023532101      0.10207957     0.010431193        0.322302       -2.945485    2.100583e-09       0.3650696       88.656692      0.12625586      0.63482399      0.24634015      0.24767357       2.2521327       7.1162027       441.47926       3.8675318        3.8675318       441.47926                                441.47926
              6       224.63449     0.023556595      0.10204861     0.010431206      0.28714762      -2.8697436    2.100583e-09      0.36002009       89.262621       0.1262494      0.63987496         0.24635      0.24768346       2.2482524       7.1109697       441.53393       3.8675318        3.8675318       441.53393                                441.53393
              2       224.62113     0.023559284        0.102022     0.010431172      0.28214602      -2.8574041    2.100583e-09      0.35932161       89.343635      0.12622548      0.64057362      0.24635108      0.24768454        2.247827       7.1101016        441.5072       3.8675318        3.8675318        441.5072                                 441.5072
              2       224.71286     0.023576937      0.10197677     0.010431102      0.28554236      -2.8604917    2.100583e-09       0.3598168       89.268164       0.1261979      0.64007827      0.24635818      0.24769167       2.2450372       7.1062338       441.69066       3.8675318        3.8675318       441.69066                                441.69066
              4       224.30698      0.02363332      0.10212104     0.010431035      0.31664936      -2.9832232    2.100583e-09      0.36007441       89.243838      0.12639855      0.63982075      0.24638094      0.24771451       2.2361605       7.0948078       440.87889       3.8675318        3.8675318       440.87889                                440.87889
              2       223.61618     0.023597079      0.10216377     0.010430254      0.30465454      -2.9765227    2.100583e-09      0.35752562       89.581051      0.12640504      0.64237029       0.2463663      0.24769982       2.2418602       7.1012052       439.49729       3.8675318        3.8675318       439.49729                                439.49729
              9       223.71553     0.023604972      0.10211015     0.010430518      0.30965811      -2.9789408    2.100583e-09      0.35846448       89.451361      0.12635931      0.64143111      0.24636948      0.24770301        2.240617       7.0993375       439.69599       3.8675318        3.8675318       439.69599                                439.69599
              1       223.60982      0.02360221      0.10211444     0.010430193      0.31200375      -2.9857303    2.100583e-09      0.35876608       89.415438      0.12636084      0.64112943      0.24636837       0.2477019       2.2410519       7.0997859       439.48458       3.8675318        3.8675318       439.48458                                439.48458
              1       224.36952     0.023678002      0.10180415     0.010429846      0.28883347      -2.9125092    2.100583e-09      0.35554663       89.737957      0.12612635      0.64434963      0.24639903      0.24773267       2.2291626        7.081525       441.00397       3.8675318        3.8675318       441.00397                                441.00397
              2       226.30276     0.023588066      0.10294192     0.010428963       0.1918865      -2.8300403    2.100583e-09      0.33970007        92.04862      0.12717417      0.66020163      0.24636267      0.24769617        2.243281       7.1100733       444.87045       3.8675318        3.8675318       444.87045                                444.87045
              2       226.09655     0.023578613      0.10288423     0.010428934      0.18806784      -2.8177744    2.100583e-09      0.33923517       92.104226      0.12710704      0.66066661      0.24635886      0.24769235       2.2447725       7.1111277       444.45803       3.8675318        3.8675318       444.45803                                444.45803
             10       226.24796     0.023571229      0.10318156      0.01043118      0.24368332      -2.9356643    2.100583e-09      0.34782604       91.016405      0.12739698      0.65207348      0.24635589      0.24768937       2.2459387       7.1180508       444.76085       3.8675318        3.8675318       444.76085                                444.76085
             14        225.2625     0.023550165      0.10307688     0.010430542       0.2631735      -2.9979272    2.100583e-09      0.34855601       90.909052      0.12727123       0.6513432      0.24634741      0.24768086       2.2492701       7.1193762       442.78994       3.8675318        3.8675318       442.78994                                442.78994
              4       224.88146     0.023711716      0.10153402     0.010430496      0.28344704      -2.9631902    2.100583e-09      0.34804819       90.638506      0.12588993      0.65185006      0.24641267      0.24774636       2.2239037       7.0675859       442.02787       3.8675318        3.8675318       442.02787                                442.02787
             14       223.85946     0.023610523       0.1010715     0.010429298      0.22255797      -2.7362559    2.100583e-09      0.34578382       90.882539      0.12532621      0.65411464      0.24637173      0.24770526       2.2397434       7.0841702       439.98387       3.8675318        3.8675318       439.98387                                439.98387
              2       224.14678     0.023625777       0.1007515     0.010430235       0.2244278      -2.7204398    2.100583e-09      0.34557675       90.845065      0.12502147      0.65432153      0.24637789      0.24771145       2.2373451       7.0774656        440.5585       3.8675318        3.8675318        440.5585                                 440.5585
              5         224.098     0.023611111      0.10080956     0.010430693      0.22463026      -2.7177554    2.100583e-09      0.34611853       90.789613      0.12506486      0.65377962      0.24637196       0.2477055       2.2396509       7.0814509       440.46094       3.8675318        3.8675318       440.46094                                440.46094
              6       223.43817     0.023524233      0.10094652     0.010429482      0.24499733      -2.7810838    2.100583e-09      0.34867199       90.510716      0.12511495      0.65122545      0.24633699       0.2476704       2.2533813        7.098813       439.14128       3.8675318        3.8675318       439.14128                                439.14128
              7       224.19451     0.023568791      0.10082369      0.01042949      0.20533619      -2.7289992    2.100583e-09      0.33986049        91.63849      0.12503668      0.66003947       0.2463549      0.24768838       2.2463238       7.0863975       440.65395       3.8675318        3.8675318       440.65395                                440.65395
              2       224.45979     0.023577893      0.10071668     0.010430333      0.18020771      -2.6367534    2.100583e-09      0.33877675       91.761717      0.12493877      0.66112346      0.24635857      0.24769206       2.2448862       7.0853012       441.18451       3.8675318        3.8675318       441.18451                                441.18451
              8       225.09184     0.023577579      0.10055181     0.010432783      0.22376276      -2.7170559    2.100583e-09      0.34409051       91.019645      0.12477358        0.655808      0.24635844      0.24769193       2.2449358       7.0839743       442.44862       3.8675318        3.8675318       442.44862                                442.44862
              1       224.72559     0.023572543      0.10057511     0.010432255      0.22646941      -2.7092887    2.100583e-09      0.34584708       90.794231      0.12479185      0.65405093      0.24635641       0.2476899       2.2457311       7.0860229       441.71612       3.8675318        3.8675318       441.71612                                441.71612
              2       225.78821     0.023409471      0.10005965     0.010429668      0.31219794      -2.9323999    2.100583e-09      0.35262131       89.875654      0.12411332      0.64727413      0.24629063      0.24762388       2.2717079        7.106054       443.84136       3.8675318        3.8675318       443.84136                                443.84136
             22       225.53035     0.023387533      0.10019085     0.010429116      0.32736101      -2.9715671    2.100583e-09      0.35509663       89.593414      0.12422257      0.64479817      0.24628168      0.24761489        2.275236       7.1119587       443.32563       3.8675318        3.8675318       443.32563                                443.32563
              5       226.51817     0.023291531      0.10061527     0.010429479      0.28867936      -2.9478296    2.100583e-09       0.3477848        90.64165      0.12455099      0.65211243      0.24624209      0.24757516       2.2907705       7.1341697       445.30128       3.8675318        3.8675318       445.30128                                445.30128
              3       226.53113     0.023350067       0.1014483     0.010432052      0.22105001      -2.8631127    2.100583e-09      0.33777501       92.112571      0.12544256       0.6621259      0.24626629      0.24759945       2.2812799       7.1336427        445.3272       3.8675318        3.8675318        445.3272                                 445.3272
              2       226.62365     0.023347761      0.10145225     0.010432061      0.21962202      -2.8614763    2.100583e-09      0.33750616        92.15078       0.1254442      0.66239482      0.24626534      0.24759849       2.2816527       7.1340783       445.51223       3.8675318        3.8675318       445.51223                                445.51223
              1       226.50149     0.023324447      0.10175801     0.010432093       0.1859012       -2.775566    2.100583e-09      0.33586516       92.441237      0.12572665      0.66403652      0.24625572      0.24758883       2.2854266       7.1442333       445.26792       3.8675318        3.8675318       445.26792                                445.26792
              1       226.13895     0.023376884      0.10157721     0.010431283      0.16538003      -2.7257822    2.100583e-09      0.33261665       92.839312      0.12559829      0.66728588      0.24627731      0.24761051       2.2769515       7.1311963       444.54283       3.8675318        3.8675318       444.54283                                444.54283
              1       225.90639      0.02331792      0.10180635      0.01043041      0.18213615       -2.780415    2.100583e-09       0.3351172        92.55569      0.12576846      0.66478474      0.24625302      0.24758613       2.2864848       7.1453072       444.07772       3.8675318        3.8675318       444.07772                                444.07772
              3       224.92554     0.023504484      0.10267101     0.010428255      0.22071264      -2.7864179    2.100583e-09      0.35077618       90.562296      0.12681968      0.64912203      0.24632905      0.24766243       2.2565196       7.1270676       442.11601       3.8675318        3.8675318       442.11601                                442.11601
             22       224.92478     0.023504524      0.10267053     0.010428254      0.22073446      -2.7864382    2.100583e-09      0.35077852       90.561893      0.12681924      0.64911969      0.24632906      0.24766244       2.2565133       7.1270535        442.1145       3.8675318        3.8675318        442.1145                                 442.1145
              7       224.99932     0.023340937      0.10272112     0.010426029      0.23823713      -2.8547912    2.100583e-09      0.35229873       90.430213      0.12670624      0.64759895      0.24626253      0.24759567       2.2827564       7.1575414       442.26358       3.8675318        3.8675318       442.26358                                442.26358
              1       226.35267     0.023209554       0.1024587     0.010427582      0.19089863      -2.7221381    2.100583e-09      0.34708279       91.103307      0.12631245      0.65281608      0.24620804      0.24754098       2.3041617       7.1807413       444.97028       3.8675318        3.8675318       444.97028                                444.97028
              1       226.17758     0.023196278      0.10193599     0.010426852       0.2195346      -2.8013354    2.100583e-09      0.34686129       91.040246      0.12577646      0.65303722      0.24620253      0.24753545       2.3063415       7.1737223       444.62009       3.8675318        3.8675318       444.62009                                444.62009
              7       225.15603     0.023229878      0.10252922     0.010429225       0.2343242      -2.9082366    2.100583e-09      0.34553003       91.313912      0.12640329      0.65436937      0.24621648      0.24754946       2.3008306       7.1735628         442.577       3.8675318        3.8675318         442.577                                  442.577
              1       223.43429     0.023641035      0.10130603      0.01042947      0.32302812      -2.9676878    2.100583e-09      0.35913959       89.209472      0.12559126      0.64075517      0.24638406      0.24771765       2.2349499       7.0814983       439.13351       3.8675318        3.8675318       439.13351                                439.13351
              4       223.43377     0.023644783      0.10118279     0.010429213      0.32292965      -2.9679323    2.100583e-09      0.35845289        89.27118      0.12547176      0.64144197      0.24638558      0.24771917       2.2343621        7.078725       439.13248       3.8675318        3.8675318       439.13248                                439.13248
              1       223.37923     0.023631881       0.1011023     0.010429418        0.322863      -2.9581675    2.100583e-09      0.35878088       89.219887      0.12537837      0.64111381      0.24638036      0.24771393       2.2363864       7.0804419       439.02341       3.8675318        3.8675318       439.02341                                439.02341
              6       223.09592     0.023610659      0.10120806     0.010429377      0.33585549      -2.9970381    2.100583e-09      0.36034297       89.052453      0.12546291      0.63955133      0.24637178      0.24770532        2.239722       7.0855832       438.45677       3.8675318        3.8675318       438.45677                                438.45677
              9        224.9949     0.023705664      0.10101908     0.010429504      0.32820323      -2.9198292    2.100583e-09      0.36282216       88.682654      0.12536894      0.63707133      0.24641023       0.2477439       2.2248464       7.0680613       442.25473       3.8675318        3.8675318       442.25473                                442.25473
              7       224.60466     0.023661347      0.10143953       0.0104291      0.34055257      -2.9684331    2.100583e-09      0.36531933       88.469247      0.12574507      0.63457375      0.24639229       0.2477259       2.2317672       7.0818428       441.47426       3.8675318        3.8675318       441.47426                                441.47426
              5       224.62069     0.023594497      0.10175114     0.010426881      0.31967702      -2.9470503    2.100583e-09      0.36316771       88.808961      0.12598983      0.63672621      0.24636526      0.24769877       2.2422671       7.0977652       441.50632       3.8675318        3.8675318       441.50632                                441.50632
              7       224.46738     0.023633393      0.10191705     0.010427829      0.33279886      -2.9946272    2.100583e-09      0.36388041       88.739183      0.12619464      0.63601347      0.24638097      0.24771454       2.2361491       7.0921945       441.19969       3.8675318        3.8675318       441.19969                                441.19969
              2       226.39694     0.023646485      0.10169574     0.010424622      0.23769804      -2.8229716    2.100583e-09      0.34798567       90.698078      0.12598642      0.65191267      0.24638627      0.24771986       2.2340954       7.0835324       445.05881       3.8675318        3.8675318       445.05881                                445.05881
              2       224.70727     0.023532983      0.10152201     0.010425195      0.24096057      -2.8533067    2.100583e-09      0.34594613       90.970701      0.12569919      0.65395259      0.24634051      0.24767393       2.2519927       7.1011826       441.67947       3.8675318        3.8675318       441.67947                                441.67947
              1       224.77653     0.023544556      0.10233227     0.010425379      0.26336752       -2.922734    2.100583e-09       0.3516833       90.370287      0.12652102      0.64821441      0.24634516       0.2476786       2.2501583       7.1111272       441.81801       3.8675318        3.8675318       441.81801                                441.81801
             10       223.82715      0.02353689      0.10227516     0.010426704      0.27037029      -2.9291849    2.100583e-09      0.35265544       90.237769      0.12645624      0.64724193      0.24634208      0.24767551       2.2513732       7.1123776       439.91924       3.8675318        3.8675318       439.91924                                439.91924
              1       224.74384     0.023644921      0.10141384       0.0104267      0.24921875      -2.8733757    2.100583e-09      0.34538751       90.986857      0.12570295      0.65451137      0.24638564      0.24771922       2.2343405       7.0783116       441.75262       3.8675318        3.8675318       441.75262                                441.75262
              4       223.96917     0.023647292      0.10081763     0.010428311      0.27617349      -2.8690292    2.100583e-09      0.35021955       90.246079      0.12510911      0.64967743       0.2463866      0.24772019       2.2339689       7.0720007       440.20327       3.8675318        3.8675318       440.20327                                440.20327
              4       223.97663     0.023647074      0.10085317     0.010428201      0.27480396      -2.8680149    2.100583e-09      0.35010686       90.267256      0.12514444      0.64979018      0.24638651       0.2477201       2.2340029       7.0724837        440.2182       3.8675318        3.8675318        440.2182                                 440.2182
              7       223.94192     0.023644705      0.10078976     0.010428915      0.26934181      -2.8256534    2.100583e-09      0.35133685        90.09816      0.12507865      0.64855977      0.24638555      0.24771914       2.2343744       7.0737881       440.14878       3.8675318        3.8675318       440.14878                                440.14878
              1       224.29982     0.023549258      0.10122507     0.010429405       0.2215821      -2.6837373    2.100583e-09      0.35084844       90.272768      0.12541852      0.64904861      0.24634705       0.2476805       2.2494137        7.101299       440.86458       3.8675318        3.8675318       440.86458                                440.86458
              1       223.99449     0.023485786      0.10133457     0.010430566      0.25841459      -2.7760275    2.100583e-09      0.35526973       89.750248      0.12546455      0.64462606      0.24632152      0.24765487       2.2594968       7.1146485       440.25392       3.8675318        3.8675318       440.25392                                440.25392
              1       223.58878     0.023464924      0.10182413     0.010431656      0.29026769      -2.9041883    2.100583e-09      0.35720809       89.602644      0.12593325      0.64268752      0.24631311      0.24764643       2.2628253       7.1234458        439.4425       3.8675318        3.8675318        439.4425                                 439.4425
              8       223.75318     0.023324443      0.10225132     0.010429908      0.25462358       -2.895163    2.100583e-09      0.35048843       90.582979      0.12621995      0.64940938      0.24625572      0.24758883       2.2854272       7.1535631        439.7713       3.8675318        3.8675318        439.7713                                 439.7713
              5       223.56285     0.023380009      0.10222446     0.010430941      0.26440641      -2.9122647    2.100583e-09       0.3514391       90.436832      0.12624866      0.64845845       0.2462786      0.24761179       2.2764479       7.1427578       439.39065       3.8675318        3.8675318       439.39065                                439.39065
              1       224.10498     0.023352473      0.10231064      0.01043144      0.25637947      -2.9128734    2.100583e-09      0.34943037       90.721474      0.12630731      0.65046782      0.24626728      0.24760044        2.280891       7.1486592       440.47489       3.8675318        3.8675318       440.47489                                440.47489
              1       224.08827     0.023376609      0.10236069     0.010431577      0.25325881      -2.8972358    2.100583e-09      0.34984902       90.668262      0.12638149       0.6500491       0.2462772       0.2476104       2.2769958       7.1452674       440.44148       3.8675318        3.8675318       440.44148                                440.44148
              4       224.14262     0.023373236      0.10241233      0.01043156       0.2526375      -2.9001894    2.100583e-09      0.34973732       90.693342      0.12642976      0.65016088      0.24627582      0.24760901       2.2775395       7.1465408       440.55019       3.8675318        3.8675318       440.55019                                440.55019
              1       223.55921     0.023390002      0.10189177      0.01042963      0.23845217      -2.8062413    2.100583e-09      0.35040423       90.505807      0.12592596      0.64949337      0.24628269       0.2476159       2.2748385       7.1377601       439.38336       3.8675318        3.8675318       439.38336                                439.38336
              2       224.06946     0.023385339      0.10200505     0.010430041      0.27502363      -2.8556638    2.100583e-09      0.35821373       89.535948      0.12603458      0.64168167      0.24628078      0.24761399       2.2755892       7.1422682       440.40385       3.8675318        3.8675318       440.40385                                440.40385
              9       223.68971     0.023442713      0.10171672     0.010430304      0.29032627      -2.8752194    2.100583e-09      0.35944188       89.311627      0.12580362      0.64045297      0.24630413      0.24763742       2.2663769       7.1273358       439.64435       3.8675318        3.8675318       439.64435                                439.64435
              1       224.33672     0.023437166      0.10250316     0.010428878      0.30660741      -2.9454136    2.100583e-09      0.36360733       88.942041      0.12658452      0.63628696      0.24630188      0.24763517       2.2672653       7.1390068       440.93838       3.8675318        3.8675318       440.93838                                440.93838
              9       224.81571     0.023463082      0.10230878     0.010428318      0.29675769      -2.8959762    2.100583e-09      0.36350981       88.910531      0.12641606      0.63638436      0.24631236      0.24764569       2.2631196       7.1322693       441.89635       3.8675318        3.8675318       441.89635                                441.89635
              2       224.60019     0.023520941      0.10158459     0.010428622      0.28049798      -2.8161974    2.100583e-09      0.36060976       89.117219      0.12574972       0.6392847      0.24633566      0.24766907        2.253904        7.112043       441.46532       3.8675318        3.8675318       441.46532                                441.46532
              2       224.55789     0.023521685      0.10160814     0.010428428      0.27622491      -2.8110672    2.100583e-09      0.35987522       89.212156      0.12577401      0.64001948      0.24633596      0.24766937       2.2537857       7.1120016       441.38072       3.8675318        3.8675318       441.38072                                441.38072
              9       223.72507     0.023599495      0.10140286     0.010430153      0.27966106      -2.8445861    2.100583e-09      0.35625256        89.60153      0.12564655      0.64364309      0.24636727       0.2477008       2.2414795       7.0926799       439.71508       3.8675318        3.8675318       439.71508                                439.71508
              2       223.55288     0.023559486      0.10199902     0.010428455       0.3192731      -2.9731703    2.100583e-09      0.36203285       89.004248       0.1262027      0.63786157      0.24635116      0.24768462        2.247795        7.107265       439.37069       3.8675318        3.8675318       439.37069                                439.37069
              7       223.50645     0.023546577      0.10221556      0.01042773      0.28430513      -2.9374972    2.100583e-09       0.3555899       89.850624      0.12640633      0.64430657      0.24634597      0.24767941       2.2498381        7.110913       439.27785       3.8675318        3.8675318       439.27785                                439.27785
             10        223.4613     0.023548934      0.10221248     0.010427899      0.28560661      -2.9404085    2.100583e-09      0.35568341       89.837476      0.12640561      0.64421304      0.24634692      0.24768037       2.2494649       7.1104414       439.18753       3.8675318        3.8675318       439.18753                                439.18753
              1       223.68425     0.023502701      0.10249854     0.010427318      0.27866899      -2.9444578    2.100583e-09      0.35520743       89.964944      0.12664543      0.64468935      0.24632833      0.24766171       2.2568033       7.1228398       439.63344       3.8675318        3.8675318       439.63344                                439.63344
              5       224.08728     0.023512361      0.10233218     0.010426718      0.27998617      -2.9179871    2.100583e-09      0.35689639       89.718474      0.12648873      0.64299977      0.24633221      0.24766561        2.255267       7.1196989       440.43949       3.8675318        3.8675318       440.43949                                440.43949
              4       224.55253     0.023479667      0.10247719     0.010426017      0.28541625      -2.9326412    2.100583e-09      0.35853941       89.549689      0.12660104      0.64135637      0.24631905       0.2476524       2.2604722       7.1280645          441.37       3.8675318        3.8675318          441.37                                   441.37
              3        225.5444     0.023265509      0.10319147     0.010428743      0.24859484      -2.8952643    2.100583e-09      0.35449737        90.25995      0.12710117      0.64539998      0.24623129      0.24756432       2.2950085         7.17959       443.35375       3.8675318        3.8675318       443.35375                                443.35375
              1       224.30945     0.023387111      0.10215913     0.010430527      0.23099856      -2.7763768    2.100583e-09      0.35177493        90.37932      0.12619043      0.64812248       0.2462815      0.24761471       2.2753038       7.1435939       440.88383       3.8675318        3.8675318       440.88383                                440.88383
              2       224.18424      0.02334195      0.10135414     0.010427881      0.23664206      -2.8007301    2.100583e-09      0.34797348       90.737962      0.12534028      0.65192435      0.24626295      0.24759609       2.2825925        7.138031       440.63341       3.8675318        3.8675318       440.63341                                440.63341
              1       223.41491     0.023434593      0.10201447      0.01042696      0.24567293      -2.8672471    2.100583e-09      0.34896515       90.699978      0.12609326      0.65093299      0.24630084      0.24763412       2.2676775       7.1282316       439.09475       3.8675318        3.8675318       439.09475                                439.09475
              4       223.45112     0.023435336      0.10199262     0.010426837      0.24655877      -2.8667029    2.100583e-09      0.34918418       90.667258      0.12607215      0.65071389      0.24630114      0.24763442       2.2675584       7.1278396       439.16717       3.8675318        3.8675318       439.16717                                439.16717
              1        223.4059     0.023456681      0.10211533     0.010428722      0.24259775      -2.8260223    2.100583e-09        0.351289       90.410552       0.1262162      0.64860857      0.24630978      0.24764309       2.2641425       7.1277825       439.07674       3.8675318        3.8675318       439.07674                                439.07674
              5       223.15582     0.023478454      0.10166281     0.010429078      0.25913716      -2.8326097    2.100583e-09      0.35312394       90.085255      0.12578546      0.64677274      0.24631856      0.24765191       2.2606658       7.1179362       438.57657       3.8675318        3.8675318       438.57657                                438.57657
              1       222.87459     0.023451329      0.10176417     0.010428294      0.26460604      -2.8854508    2.100583e-09        0.351454       90.326667      0.12585969      0.64844323      0.24630761      0.24764092       2.2649983       7.1224176       438.01411       3.8675318        3.8675318       438.01411                                438.01411
              5       222.90798     0.023448725      0.10176101     0.010428252      0.26196464      -2.8792948    2.100583e-09      0.35114286       90.367028      0.12585392      0.64875446      0.24630656      0.24763986       2.2654149       7.1228781        438.0809       3.8675318        3.8675318        438.0809                                 438.0809
              4       222.91717     0.023455973      0.10191433     0.010428279      0.26799453      -2.9498218    2.100583e-09      0.34823585       90.769231      0.12601449      0.65166245      0.24630949       0.2476428       2.2642557       7.1210082       438.09929       3.8675318        3.8675318       438.09929                                438.09929
              1       222.89207     0.023467765      0.10134209     0.010428959      0.29919137      -2.9968691    2.100583e-09      0.35055344       90.359338      0.12545405      0.64934372      0.24631425      0.24764758       2.2623715       7.1106458       438.04909       3.8675318        3.8675318       438.04909                                438.04909
              4       222.91216     0.023573604      0.10109298     0.010429447      0.31264999      -2.9832214    2.100583e-09      0.35377872        89.86583      0.12531077      0.64611738      0.24635684      0.24769033       2.2455635        7.088747       438.08925       3.8675318        3.8675318       438.08925                                438.08925
              4       223.35176     0.023532587      0.10104763     0.010429816       0.2594088      -2.8654693    2.100583e-09      0.34673127        90.77971      0.12522441      0.65316683      0.24634035      0.24767377       2.2520555       7.0959423       438.96846       3.8675318        3.8675318       438.96846                                438.96846
              1       223.82284       0.0235787      0.10092655     0.010428284      0.24517544       -2.827997    2.100583e-09      0.34492508       90.979142      0.12514944      0.65497349      0.24635889      0.24769238       2.2447588        7.085259       439.91061       3.8675318        3.8675318       439.91061                                439.91061
              5       223.50832     0.023564775      0.10092905     0.010427837      0.27239696      -2.8747995    2.100583e-09      0.34968292       90.363147      0.12513802      0.65021424      0.24635329      0.24768676       2.2469586        7.088567       439.28157       3.8675318        3.8675318       439.28157                                439.28157
              1       223.35851     0.023529237      0.10137781     0.010426555      0.31665515      -2.9740166    2.100583e-09      0.35830937       89.362411      0.12555124       0.6415856        0.246339      0.24767242        2.252587       7.1022551       438.98196       3.8675318        3.8675318       438.98196                                438.98196
              1       223.47081     0.023535014      0.10131004     0.010426442      0.31895508      -2.9755072    2.100583e-09       0.3585256       89.321201      0.12548924      0.64136926      0.24634132      0.24767475       2.2516706       7.1002234       439.20656       3.8675318        3.8675318       439.20656                                439.20656
              3       223.49113     0.023552541      0.10100679     0.010427879       0.3476691      -2.9950838    2.100583e-09      0.36371648       88.620814      0.12520352      0.63617661      0.24634837      0.24768182       2.2488939       7.0946328       439.24721       3.8675318        3.8675318       439.24721                                439.24721
             15       224.67533     0.023528616      0.10245699     0.010429135      0.22359694      -2.7746756    2.100583e-09      0.35105929       90.478663       0.1266298      0.64883868      0.24633875      0.24767217       2.2526855       7.1201111        441.6156       3.8675318        3.8675318        441.6156                                 441.6156
              1       224.03919     0.023571369       0.1019457       0.0104307      0.21835374      -2.7717585    2.100583e-09      0.34626609       90.994227      0.12616126       0.6536329      0.24635594      0.24768942       2.2459165       7.1034889       440.34331       3.8675318        3.8675318       440.34331                                440.34331
              5         224.194     0.023601129      0.10179477     0.010429103       0.1968761       -2.737537    2.100583e-09      0.34192016       91.532643      0.12604009      0.65798001      0.24636793      0.24770146       2.2412222       7.0943912       440.65293       3.8675318        3.8675318       440.65293                                440.65293
              1       224.16351     0.023597976      0.10184759     0.010429163      0.19967715      -2.7464213    2.100583e-09        0.342353       91.485633      0.12608975      0.65754708      0.24636666      0.24770018       2.2417189       7.0957056       440.59196       3.8675318        3.8675318       440.59196                                440.59196
              7       224.15589     0.023552541      0.10200637     0.010427477      0.20797447      -2.7717816    2.100583e-09      0.34439239       91.258957       0.1262031      0.65550719      0.24634837      0.24768182       2.2488939        7.106224       440.57672       3.8675318        3.8675318       440.57672                                440.57672
              4       224.25379     0.023537034      0.10186612     0.010426778      0.20680373      -2.7587091    2.100583e-09       0.3445458       91.217871      0.12604734       0.6553536      0.24634213      0.24767556       2.2513504        7.107352       440.77252       3.8675318        3.8675318       440.77252                                440.77252
              1       223.89086     0.023505396      0.10203706     0.010425668      0.27621249      -2.9781985    2.100583e-09      0.34967358       90.588529      0.12618665      0.65022444      0.24632941       0.2476628       2.2563745       7.1125194       440.04666       3.8675318        3.8675318       440.04666                                440.04666
              3       223.98864     0.023493267      0.10215902     0.010425397      0.28163368       -2.999495    2.100583e-09      0.35046033       90.513201      0.12629648      0.64943754      0.24632453       0.2476579       2.2583049       7.1163292       440.24222       3.8675318        3.8675318       440.24222                                440.24222
              6       226.47227     0.023459813      0.10238358     0.010426783      0.31084371      -2.9079065    2.100583e-09      0.36778797       88.406343      0.12648758      0.63210502      0.24631104      0.24764436       2.2636418       7.1348654       445.20948       3.8675318        3.8675318       445.20948                                445.20948
              2        226.8877     0.023231736      0.10281654     0.010427287      0.25220085      -2.8337679    2.100583e-09      0.35890043        89.64824      0.12669247      0.64099531      0.24621726      0.24755023       2.3005265       7.1834006       446.04034       3.8675318        3.8675318       446.04034                                446.04034
              2        227.3292     0.023221158      0.10285065     0.010426394      0.25886774      -2.8514295    2.100583e-09      0.36001573       89.518946        0.126716      0.63987971      0.24621286      0.24754582       2.3022588       7.1857068       446.92333       3.8675318        3.8675318       446.92333                                446.92333
              2       229.97577     0.023663022      0.10081301     0.010425355      0.20237871      -2.5504794    2.100583e-09      0.35430807       89.717871      0.12512022      0.64558772      0.24639296      0.24772658       2.2315051       7.0782321       452.21648       3.8675318        3.8675318       452.21648                                452.21648
              1       230.48602     0.023743867      0.10064709     0.010427064       0.1943356      -2.5064794    2.100583e-09      0.35384171       89.720022      0.12503515      0.64605414      0.24642565      0.24775939       2.2189058       7.0625901       453.23698       3.8675318        3.8675318       453.23698                                453.23698
              1       228.00599     0.023546195      0.10077865     0.010431175      0.30269607      -2.7536857    2.100583e-09      0.36772083       88.097751      0.12496904      0.63217088      0.24634582      0.24767926       2.2498986       7.1015965       448.27691       3.8675318        3.8675318       448.27691                                448.27691
              2        226.7978     0.023630861     0.099592305     0.010431249      0.33118682      -2.8421968    2.100583e-09      0.36227677       88.512472      0.12386736       0.6376156      0.24637995      0.24771351       2.2365466       7.0647372       445.86054       3.8675318        3.8675318       445.86054                                445.86054
              1       227.10632     0.023553358     0.099507423     0.010431879      0.25786449      -2.6829297    2.100583e-09      0.35221466       89.777249      0.12370497      0.64768055       0.2463487      0.24768215       2.2487646       7.0782963       446.47758       3.8675318        3.8675318       446.47758                                446.47758
              4       225.86741      0.02365166      0.10027479     0.010430679      0.15302914      -2.4812312    2.100583e-09       0.3403893       91.436239      0.12457064      0.65951013      0.24638836      0.24772196       2.2332843       7.0704545       443.99977       3.8675318        3.8675318       443.99977                                443.99977
             16       224.85959     0.023681719      0.10075192     0.010430162      0.19444398      -2.6492429    2.100583e-09      0.34192808       91.309941      0.12507783      0.65797131      0.24640054      0.24773418       2.2285819       7.0673051       441.98411       3.8675318        3.8675318       441.98411                                441.98411
              1        225.2935     0.023705192       0.1006967     0.010430061      0.18358023      -2.6097295    2.100583e-09      0.34144209       91.356769      0.12504609      0.65845742      0.24641004      0.24774371       2.2249199       7.0629698       442.85194       3.8675318        3.8675318       442.85194                                442.85194
              2       225.92939     0.023657342      0.10001108     0.010430986       0.1710715      -2.5242137    2.100583e-09      0.34088029       91.318675      0.12431262      0.65901879      0.24639066      0.24772427       2.2323942       7.0649093       444.12371       3.8675318        3.8675318       444.12371                                444.12371
              1       226.61514     0.023679341      0.10021119     0.010432918      0.15071088         -2.4901    2.100583e-09      0.33790409       91.750586      0.12453473      0.66199606      0.24639957      0.24773321       2.2289534       7.0637584       445.49521       3.8675318        3.8675318       445.49521                                445.49521
              1       226.33892     0.023642681      0.10047059     0.010433027      0.15952611      -2.5021104    2.100583e-09       0.3411613         91.3726      0.12475746      0.65873806      0.24638473      0.24771831       2.2346917       7.0752772       444.94278       3.8675318        3.8675318       444.94278                                444.94278
              2       228.66704     0.023604707      0.10168179      0.01043532      0.11110511      -2.4833667    2.100583e-09      0.33395862       92.594798      0.12593069      0.66594378      0.24636938      0.24770291       2.2406588       7.0970071       449.59902       3.8675318        3.8675318       449.59902                                449.59902
              1       228.33081     0.023557605      0.10177411     0.010436019      0.17588657      -2.6441387    2.100583e-09      0.34124188       91.634337      0.12597591      0.65865843       0.2463504      0.24768386       2.2480925       7.1063513       448.92657       3.8675318        3.8675318       448.92657                                448.92657
              2       228.43343     0.023628713       0.1016251     0.010435879      0.18398555      -2.6916075    2.100583e-09      0.33883904       91.906854        0.125898      0.66106192      0.24637908      0.24771264       2.2368838       7.0886816        449.1318       3.8675318        3.8675318        449.1318                                 449.1318
              1       225.98166     0.023582159      0.10210291     0.010433781      0.21899319      -2.7795944    2.100583e-09      0.34584281       91.075307      0.12632926      0.65405644      0.24636029      0.24769378       2.2442128        7.104201       444.22825       3.8675318        3.8675318       444.22825                                444.22825
              2       227.39202     0.023632589      0.10179375      0.01043505       0.2491582      -2.7753616    2.100583e-09      0.35317685        90.05156      0.12607053      0.64672005      0.24638065      0.24771422       2.2362752       7.0938031       447.04899       3.8675318        3.8675318       447.04899                                447.04899
              2       226.23338     0.023652533      0.10120616     0.010434816      0.31141047      -2.9098235    2.100583e-09      0.35823682       89.299837      0.12550289      0.64165813      0.24638872      0.24772232       2.2331474       7.0805692       444.73169       3.8675318        3.8675318       444.73169                                444.73169
              1       226.32276     0.023574352      0.10058424     0.010431174      0.27689018      -2.7220972    2.100583e-09      0.36095554       88.874822      0.12480278      0.63893802      0.24635714      0.24769063       2.2454453       7.0915986       444.91046       3.8675318        3.8675318       444.91046                                444.91046
             10       224.26234      0.02342644      0.10109393     0.010429767      0.25368689      -2.7585178    2.100583e-09      0.35436794       89.839701      0.12516456      0.64552786      0.24629753       0.2476308       2.2689843       7.1224078       440.78962       3.8675318        3.8675318       440.78962                                440.78962
              1       225.15964     0.023333512      0.10133197     0.010429977       0.3183111       -2.903484    2.100583e-09      0.36427708       88.682925      0.12530967      0.63561594      0.24625946      0.24759259       2.2839581       7.1439477       442.58422       3.8675318        3.8675318       442.58422                                442.58422
              1       225.59319     0.023320227      0.10124978     0.010430023       0.3124991      -2.8819206    2.100583e-09      0.36382387       88.727483      0.12521419       0.6360692      0.24625397      0.24758708       2.2861107       7.1457101       443.45133       3.8675318        3.8675318       443.45133                                443.45133
              2       226.05157     0.023388039      0.10055571     0.010431372      0.34399229      -2.9221759    2.100583e-09      0.36588635       88.328925      0.12458794      0.63400557      0.24628188      0.24761509       2.2751546       7.1232319       444.36808       3.8675318        3.8675318       444.36808                                444.36808
              1       225.92814     0.023376065       0.1006322     0.010431114      0.34623669      -2.9328409    2.100583e-09      0.36624698       88.303242      0.12465246      0.63364489      0.24627698      0.24761017       2.2770835       7.1263809       444.12121       3.8675318        3.8675318       444.12121                                444.12121
              2       225.94775     0.023370899      0.10062772     0.010431119      0.34442086      -2.9306491    2.100583e-09      0.36584959       88.352051      0.12464282      0.63404239      0.24627486      0.24760804       2.2779163       7.1271996       444.16044       3.8675318        3.8675318       444.16044                                444.16044
              5        225.5024     0.023496761      0.10192996     0.010427896      0.10283878       -2.494916    2.100583e-09      0.33427144       92.634849      0.12607091      0.66563098      0.24632594      0.24765931       2.2577485       7.1184546       443.26974       3.8675318        3.8675318       443.26974                                443.26974
              2       228.22248     0.023120299      0.10269747     0.010429714      0.17631225      -2.7778967    2.100583e-09      0.33954846       92.183634      0.12646196      0.66035272      0.24617104      0.24750385       2.3188768       7.1981227        448.7099       3.8675318        3.8675318        448.7099                                 448.7099
              1       227.57302     0.023090455      0.10216843     0.010429129      0.27435365      -2.9479632    2.100583e-09      0.35307831       90.313372      0.12590307      0.64681848       0.2461587      0.24749146       2.3238283       7.1975059       447.41098       3.8675318        3.8675318       447.41098                                447.41098
              9       227.93007     0.023065824      0.10240022     0.010428788      0.27614148      -2.9690055    2.100583e-09      0.35348001       90.312802      0.12611023      0.64641683      0.24614852      0.24748125       2.3279265       7.2053141       448.12509       3.8675318        3.8675318       448.12509                                448.12509
              1       227.39972     0.023088189      0.10227317     0.010428297      0.27843355      -2.9595028    2.100583e-09      0.35423488       90.185761      0.12600555      0.64566166      0.24615776      0.24749052       2.3242049       7.1994106       447.06437       3.8675318        3.8675318       447.06437                                447.06437
              2       227.68326     0.023111563      0.10171975     0.010429266      0.27737547      -2.9159437    2.100583e-09       0.3538756       90.122061       0.1254755       0.6460206      0.24616742      0.24750022       2.3203247       7.1879312       447.63146       3.8675318        3.8675318       447.63146                                447.63146
              4       228.12207     0.023094835      0.10170936     0.010429094      0.27935794       -2.919807    2.100583e-09      0.35423356       90.080225      0.12544838      0.64566252      0.24616051      0.24749328       2.3231006       7.1910556       448.50907       3.8675318        3.8675318       448.50907                                448.50907
              8       228.38769     0.023083797      0.10170338     0.010428141      0.31731157      -2.9845767    2.100583e-09      0.36098534       89.236396      0.12543137      0.63890875      0.24615594       0.2474887       2.3249351       7.1939474       449.04032       3.8675318        3.8675318       449.04032                                449.04032
              3       228.78863     0.023051673      0.10298395     0.010428089      0.22687276      -2.9281036    2.100583e-09      0.34544671       91.469563      0.12667982      0.65445293      0.24614268      0.24747538       2.3302858       7.2143734        449.8422       3.8675318        3.8675318        449.8422                                 449.8422
              2       227.77372     0.023113298      0.10268737     0.010427396      0.19933552      -2.8418416    2.100583e-09      0.34210152       91.839528      0.12644486      0.65779891      0.24616814      0.24750094        2.320037       7.1982717       447.81237       3.8675318        3.8675318       447.81237                                447.81237
              4       227.21562        0.023137      0.10266324     0.010427831      0.20256187      -2.8495172    2.100583e-09      0.34211722       91.824835      0.12644443      0.65778321      0.24617795      0.24751078       2.3161126       7.1932359       446.69618       3.8675318        3.8675318       446.69618                                446.69618
              1       226.39464     0.023254259      0.10302506     0.010426413      0.17325417      -2.7522321    2.100583e-09      0.34272458       91.770264      0.12692351      0.65717604      0.24622662      0.24755963       2.2968444       7.1774643       445.05421       3.8675318        3.8675318       445.05421                                445.05421
              3         226.077     0.023332719      0.10231697     0.010430805       0.1219319      -2.5635785    2.100583e-09      0.33663281       92.437804      0.12629388       0.6632691      0.24625914      0.24759226       2.2840864       7.1554142       444.41893       3.8675318        3.8675318       444.41893                                444.41893
              3       228.34617     0.023269973      0.10290559     0.010430558     0.074202004      -2.4778076    2.100583e-09      0.33264746       93.122093      0.12681975        0.667256      0.24623314      0.24756618       2.2942806       7.1762284       448.95728       3.8675318        3.8675318       448.95728                                448.95728
              4       226.27566     0.023391186      0.10228897     0.010430169     0.090629008       -2.467192    2.100583e-09      0.33460109       92.692709      0.12632434      0.66530143      0.24628317      0.24761639       2.2746479       7.1451284       444.81626       3.8675318        3.8675318       444.81626                                444.81626
              3       226.56456       0.0235122      0.10107093     0.010431509     0.055566724      -2.3621893    2.100583e-09      0.32500023        93.77705      0.12522732      0.67490426      0.24633215      0.24766554       2.2552927       7.1041758       445.39405       3.8675318        3.8675318       445.39405                                445.39405
              4       226.60085     0.023500823      0.10109872     0.010431492     0.056375646      -2.3712241    2.100583e-09      0.32472476       93.826068      0.12524374      0.67517982      0.24632757      0.24766095        2.257102       7.1063435       445.46664       3.8675318        3.8675318       445.46664                                445.46664
              4       226.04232     0.023437572      0.10098746     0.010427842      0.13243306      -2.6060439    2.100583e-09      0.32953232       93.139513      0.12506923      0.67037072      0.24630205      0.24763533       2.2672003       7.1118031       444.34958       3.8675318        3.8675318       444.34958                                444.34958
              1       226.61187     0.023293932      0.10117095     0.010427488      0.16332141      -2.6842912    2.100583e-09      0.33432035       92.553814      0.12510907      0.66558131      0.24624308      0.24757615       2.2903801       7.1418764       445.48867       3.8675318        3.8675318       445.48867                                445.48867
              1       226.56241     0.023356243      0.10045213     0.010426686      0.21021769      -2.7219692    2.100583e-09      0.34148814       91.420963      0.12445256      0.65841087      0.24626883        0.247602        2.280282       7.1214855       445.38976       3.8675318        3.8675318       445.38976                                445.38976
              3       225.69397     0.023429819       0.1005969     0.010432319      0.27090476      -2.7654541    2.100583e-09      0.35574736       89.572658      0.12467091      0.64414762       0.2462989      0.24763218       2.2684426       7.1160171       443.65289       3.8675318        3.8675318       443.65289                                443.65289
              2       225.30684     0.023499667       0.1001516     0.010431709      0.31338064      -2.8609895    2.100583e-09      0.35852307       89.120516      0.12429546      0.64137078      0.24632711      0.24766048       2.2572859       7.0950851       442.87862       3.8675318        3.8675318       442.87862                                442.87862
              7       223.16474     0.023391811      0.10198514     0.010426455      0.30068657      -2.9911859    2.100583e-09      0.35606257       89.800237      0.12602114      0.64383345      0.24628343      0.24761664       2.2745474       7.1357882       438.59442       3.8675318        3.8675318       438.59442                                438.59442
              4       223.95784     0.023454552      0.10303388      0.01042869      0.28050828      -2.9909244    2.100583e-09      0.35497342       90.107632      0.12713262      0.64492382      0.24630892      0.24764223       2.2644829       7.1389632       440.18062       3.8675318        3.8675318       440.18062                                440.18062
              3       223.96574     0.023455227      0.10302666     0.010428704      0.27835905       -2.985994    2.100583e-09      0.35466042       90.145854      0.12712608      0.64523691      0.24630919       0.2476425       2.2643749       7.1387249       440.19642       3.8675318        3.8675318       440.19642                                440.19642
              1       225.95292     0.023558776      0.10246133     0.010429695      0.12977684      -2.6362755    2.100583e-09      0.33344481       92.828219       0.1266643      0.66645831      0.24635088      0.24768434       2.2479073       7.1109165       444.17077       3.8675318        3.8675318       444.17077                                444.17077
              3       226.05351     0.023555601       0.1025262     0.010429466      0.12459078      -2.6157895    2.100583e-09      0.33391339       92.776285      0.12672599      0.66598963       0.2463496      0.24768306       2.2484096       7.1130186       444.37195       3.8675318        3.8675318       444.37195                                444.37195
              1       225.68859     0.023540829       0.1026278     0.010428965      0.16061976      -2.6534138    2.100583e-09      0.34249046       91.630954      0.12681282      0.65741015      0.24634366      0.24767709       2.2507489       7.1196238       443.64211       3.8675318        3.8675318       443.64211                                443.64211
              6       223.88549     0.023440545       0.1013061     0.010427987      0.21229821      -2.7152721    2.100583e-09      0.34668419       90.864618      0.12539084      0.65321406      0.24630325      0.24763654       2.2667242       7.1200867       440.03592       3.8675318        3.8675318       440.03592                                440.03592
              1       224.04889     0.023449823      0.10090355      0.01042776      0.23230839      -2.7514095    2.100583e-09      0.34770044       90.653811      0.12499756      0.65219719      0.24630701      0.24764031       2.2652392       7.1121371       440.36272       3.8675318        3.8675318       440.36272                                440.36272
              4       223.56659     0.023406324      0.10118107     0.010428055      0.26433794        -2.84344    2.100583e-09      0.35174711       90.196523      0.12523158      0.64814952      0.24628935      0.24762259       2.2722135       7.1237957       439.39812       3.8675318        3.8675318       439.39812                                439.39812
              1       222.88886     0.023422104      0.10145665     0.010429852      0.28925195        -2.92748    2.100583e-09      0.35363162         90.0014      0.12552295      0.64626469      0.24629577      0.24762903       2.2696798         7.12397       438.04266       3.8675318        3.8675318       438.04266                                438.04266
              5       224.85185     0.023300095      0.10133421     0.010431028      0.29747734      -2.9084609    2.100583e-09       0.3572283       89.564964       0.1252785      0.64266676      0.24624564      0.24757872       2.2893783        7.147809       441.96864       3.8675318        3.8675318       441.96864                                441.96864
              7       224.56753     0.023550335      0.10085684     0.010432218      0.33261462      -2.9186171    2.100583e-09      0.36335086       88.638832      0.12505137       0.6365422      0.24634748      0.24768093        2.249243       7.0959871           441.4       3.8675318        3.8675318           441.4                                    441.4
              3       224.19527     0.023529267      0.10083093     0.010432009      0.34095124      -2.9521512    2.100583e-09      0.36318022       88.661766      0.12500439      0.63671286      0.24633901      0.24767243       2.2525822       7.0986293       440.65548       3.8675318        3.8675318       440.65548                                440.65548
              3       224.87145     0.023648828      0.10053273     0.010432814       0.3525105      -2.9839368    2.100583e-09      0.36179276       88.738443      0.12482575      0.63810057      0.24638722      0.24772081        2.233728       7.0709148       442.00783       3.8675318        3.8675318       442.00783                                442.00783
             12       224.90513     0.023628703      0.10031496     0.010432648      0.34945014      -2.9806392    2.100583e-09      0.36001644       88.923669      0.12458785      0.63987721      0.24637907      0.24771264       2.2368854       7.0709688        442.0752       3.8675318        3.8675318        442.0752                                 442.0752
             11       224.91215     0.023507506      0.10027428     0.010431993       0.2964609      -2.8864087    2.100583e-09      0.35168179       90.003376      0.12442598      0.64821419      0.24633026      0.24766365       2.2560389       7.0919436       442.08924       3.8675318        3.8675318       442.08924                                442.08924
              2       224.47454     0.023413009      0.10083791     0.010432004      0.29632494      -2.9143555    2.100583e-09      0.35288454       89.985433      0.12489511      0.64701147      0.24629207      0.24762532       2.2711396       7.1175973       441.21402       3.8675318        3.8675318       441.21402                                441.21402
              5       223.74497     0.023437109      0.10163947     0.010429742      0.20802488      -2.7843126    2.100583e-09      0.34129218       91.643097      0.12572078      0.65860791      0.24630186      0.24763514       2.2672743       7.1221577       439.75487       3.8675318        3.8675318       439.75487                                439.75487
              3       223.17894     0.023502992      0.10140449     0.010429655      0.25585763      -2.8140251    2.100583e-09      0.35192499       90.182929      0.12555168      0.64797186      0.24632844      0.24766183       2.2567569       7.1097949       438.62281       3.8675318        3.8675318       438.62281                                438.62281
              7       223.20883     0.023494475      0.10160517     0.010429214      0.23033873      -2.7886993    2.100583e-09      0.34740396       90.807843      0.12574384      0.65249436      0.24632502      0.24765839       2.2581125       7.1129007        438.6826       3.8675318        3.8675318        438.6826                                 438.6826
              1       223.62566     0.023520089      0.10097802     0.010429901      0.22378693      -2.7340697    2.100583e-09      0.34604382       90.861024       0.1251423      0.65385442      0.24633532      0.24766873       2.2540392       7.1002524       439.51626       3.8675318        3.8675318       439.51626                                439.51626
              2       223.49363     0.023563795      0.10072737     0.010430165      0.28762702      -2.8595326    2.100583e-09      0.35390062       89.786196      0.12493536      0.64599513      0.24635289      0.24768636       2.2471135       7.0886831        439.2522       3.8675318        3.8675318        439.2522                                 439.2522
              5       224.33558     0.023649895      0.10040375      0.01042971      0.27240449      -2.8387407    2.100583e-09      0.34885215       90.344963      0.12469783      0.65104489      0.24638765      0.24772124       2.2335608        7.066357        440.9361       3.8675318        3.8675318        440.9361                                 440.9361
              1       224.25268     0.023638204      0.10043637     0.010429672      0.26322212      -2.8142851    2.100583e-09      0.34824951       90.433024      0.12471877      0.65164773      0.24638292       0.2477165        2.235394        7.069345       440.77029       3.8675318        3.8675318       440.77029                                440.77029
             10       223.61636     0.023625977      0.10083689     0.010430191      0.28401865      -2.8629939    2.100583e-09       0.3528358        89.92141      0.12510706      0.64706041      0.24637797      0.24771153       2.2373136       7.0780181       439.49765       3.8675318        3.8675318       439.49765                                439.49765
              4       225.81196     0.023645292      0.10102864     0.010434069      0.28397143      -2.8245504    2.100583e-09       0.3559483       89.556294      0.12531812      0.64394717      0.24638579      0.24771937       2.2342824       7.0804475       443.88886       3.8675318        3.8675318       443.88886                                443.88886
              3       225.94543     0.023657465      0.10101702     0.010434102      0.28204527      -2.8188222    2.100583e-09      0.35569672       89.581842      0.12531868      0.64419883      0.24639071      0.24772432        2.232375       7.0780609        444.1558       3.8675318        3.8675318        444.1558                                 444.1558
              4       224.65842     0.023658136      0.10152649     0.010427595      0.32356994      -2.9512757    2.100583e-09      0.36231185       88.852456      0.12582882      0.63758219      0.24639099      0.24772459       2.2322699       7.0824411       441.58178       3.8675318        3.8675318       441.58178                                441.58178
              7       224.76002     0.023673059      0.10141304     0.010427993      0.31952442      -2.9314798    2.100583e-09      0.36186904       88.881407      0.12573029      0.63802504      0.24639703      0.24773066       2.2299351       7.0784881       441.78498       3.8675318        3.8675318       441.78498                                441.78498
              1       225.35594     0.023543551      0.10177906     0.010429791      0.31750336      -2.8888926    2.100583e-09      0.36689259       88.378518       0.1259668      0.63300022      0.24634475      0.24767819       2.2503176       7.1115234       442.97681       3.8675318        3.8675318       442.97681                                442.97681
              6       222.77128     0.023508796      0.10150692     0.010429364      0.28848557      -2.9067409    2.100583e-09      0.35510438       89.795164      0.12565991      0.64479162      0.24633078      0.24766417       2.2558337        7.109093        437.8075       3.8675318        3.8675318        437.8075                                 437.8075
              4       223.32273     0.023576477      0.10169819     0.010428318      0.25757375      -2.8862782    2.100583e-09      0.34833933        90.67573      0.12591886      0.65155886        0.246358      0.24769149       2.2451097       7.0965179       438.91039       3.8675318        3.8675318       438.91039                                438.91039
             11       223.38711     0.023578012      0.10165606      0.01042813      0.25532898      -2.8797929    2.100583e-09      0.34798021       90.714219      0.12587826      0.65191805      0.24635862      0.24769211       2.2448674       7.0955891       439.03915       3.8675318        3.8675318       439.03915                                439.03915
              1       223.31884     0.023571378      0.10173112     0.010428146      0.25813526      -2.8891052    2.100583e-09      0.34853689       90.657792      0.12594669      0.65136127      0.24635595      0.24768943       2.2459152       7.0979078       438.90261       3.8675318        3.8675318       438.90261                                438.90261
              1       224.39225      0.02364745      0.10173745     0.010426985      0.27262649      -2.9067321    2.100583e-09      0.35156501       90.242524       0.1260291      0.64833233      0.24638666      0.24772025       2.2339441       7.0840866       441.04944       3.8675318        3.8675318       441.04944                                441.04944
              1       224.36663     0.023576805      0.10143715     0.010425436      0.30045727      -2.9450713    2.100583e-09      0.35607144       89.638024      0.12565815      0.64382428      0.24635813      0.24769162        2.245058       7.0935805       440.99819       3.8675318        3.8675318       440.99819                                440.99819
              2       224.74877     0.023582488      0.10132731     0.010426001      0.28629528      -2.8644145    2.100583e-09      0.35744666        89.44351      0.12555399      0.64244857      0.24636042      0.24769392        2.244161       7.0935898       441.76249       3.8675318        3.8675318       441.76249                                441.76249
              2       224.57895     0.023594246      0.10163374     0.010426238      0.26535198      -2.8470812    2.100583e-09      0.35396692       89.934382      0.12587218      0.64592959      0.24636516      0.24769867       2.2423067       7.0947552       441.42284       3.8675318        3.8675318       441.42284                                441.42284
              2       225.67994     0.023585293      0.10210501     0.010425149      0.29361339      -2.9245756    2.100583e-09      0.35939204       89.341377      0.12633449      0.64050327      0.24636155      0.24769505       2.2437184       7.1030165       443.62482       3.8675318        3.8675318       443.62482                                443.62482
              1       226.04032     0.023557858      0.10215423     0.010424878      0.27927687       -2.884305    2.100583e-09      0.35868158       89.447739      0.12635628      0.64121395      0.24635051      0.24768397       2.2480525       7.1094789       444.34558       3.8675318        3.8675318       444.34558                                444.34558
              3       227.36539     0.023748831      0.10001618     0.010428774      0.12064138      -2.4362893    2.100583e-09      0.33280838       92.389809       0.1244092      0.66709317      0.24642766       0.2477614       2.2181357       7.0461407       446.99571       3.8675318        3.8675318       446.99571                                446.99571
              3       225.82762     0.023618549      0.10030761     0.010430946      0.12969011      -2.4913127    2.100583e-09      0.33261439       92.516131      0.12457035      0.66728734      0.24637497      0.24770852        2.238481        7.073395       443.92018       3.8675318        3.8675318       443.92018                                443.92018
              2        225.0472     0.023613848      0.10061003     0.010431083      0.16274849      -2.5859684    2.100583e-09      0.33663524       92.020871      0.12486807      0.66326554      0.24637307      0.24770661       2.2392202       7.0777061       442.35934       3.8675318        3.8675318       442.35934                                442.35934
              4       224.59858     0.023493252      0.10141953     0.010428334      0.13529186      -2.5525295    2.100583e-09      0.33659641       92.219656      0.12555697      0.66330493      0.24632453      0.24765789       2.2583073       7.1116729        441.4621       3.8675318        3.8675318        441.4621                                 441.4621
              4       225.25121     0.023584958      0.10197368     0.010427244      0.19364709       -2.806775    2.100583e-09      0.33712427       92.220359      0.12620283      0.66277742      0.24636141      0.24769491       2.2437712        7.095989       442.76736       3.8675318        3.8675318       442.76736                                442.76736
              1       224.97309     0.023643869      0.10116505     0.010428047      0.18581605      -2.7064366    2.100583e-09       0.3376851       91.972304      0.12545311      0.66221584      0.24638521       0.2477188       2.2345054       7.0762878       442.21112       3.8675318        3.8675318       442.21112                                442.21112
              1       225.85736     0.023750985      0.10122618     0.010429198      0.21409374      -2.7606284    2.100583e-09      0.34153574       91.428078      0.12562136       0.6583642      0.24642852      0.24776227       2.2178016       7.0577072       443.97966       3.8675318        3.8675318       443.97966                                443.97966
              1       225.15392     0.023700964      0.10132766     0.010430949      0.22006075      -2.7803062    2.100583e-09      0.34208966       91.389628      0.12567282      0.65781016      0.24640832        0.247742       2.2255789       7.0687133       442.57278       3.8675318        3.8675318       442.57278                                442.57278
              3       225.61646     0.023734386      0.10095062     0.010431758      0.21674543      -2.7041098    2.100583e-09      0.34478504        90.95049       0.1253292      0.65511371      0.24642183      0.24775555       2.2203779       7.0604844       443.49786       3.8675318        3.8675318       443.49786                                443.49786
              2       226.39788     0.023772333       0.1009948     0.010431078      0.18157112      -2.6277585    2.100583e-09      0.34043857        91.52489      0.12541133      0.65946153      0.24643711      0.24777088       2.2144947       7.0539869       445.06069       3.8675318        3.8675318       445.06069                                445.06069
              2       226.23364     0.023736378      0.10156663     0.010427834      0.20311716      -2.7057881    2.100583e-09      0.34484683       91.056087       0.1259472      0.65505241      0.24642263      0.24775636       2.2200685        7.067428       444.73221       3.8675318        3.8675318       444.73221                                444.73221
              3       225.56982     0.023719964      0.10149813     0.010427735      0.22628275      -2.7782176    2.100583e-09      0.34584628         90.9172      0.12586228       0.6540526      0.24641601      0.24774971         2.22262       7.0681406       443.40457       3.8675318        3.8675318       443.40457                                443.40457
              9       224.68319     0.023672962      0.10186951      0.01042844      0.24659397        -2.86795    2.100583e-09      0.34696225       90.855028      0.12618667      0.65293656      0.24639699      0.24773062       2.2299503       7.0806764       441.63132       3.8675318        3.8675318       441.63132                                441.63132
              1       224.26773     0.023619685      0.10224266     0.010428932      0.28608491      -2.9259433    2.100583e-09      0.35656514       89.708479      0.12650653      0.64333113      0.24637543      0.24770898       2.2383024       7.0984417       440.80039       3.8675318        3.8675318       440.80039                                440.80039
              2       223.70026     0.023495256      0.10281763     0.010428548      0.28696159      -2.9916807    2.100583e-09      0.35550788       89.987215      0.12695708      0.64438906      0.24632533       0.2476587       2.2579881       7.1282318       439.66545       3.8675318        3.8675318       439.66545                                439.66545
              2       222.54937     0.023481763      0.10208189     0.010429162       0.2961135      -2.9928511    2.100583e-09      0.35395982       90.054391      0.12620784      0.64593696       0.2463199      0.24765325       2.2601381        7.119923       437.36367       3.8675318        3.8675318       437.36367                                437.36367
              2        223.2861     0.023404399      0.10189014     0.010427659      0.27152729      -2.8848903    2.100583e-09      0.35469179       89.952063      0.12593873      0.64520456      0.24628857       0.2476218       2.2725229        7.134243       438.83713       3.8675318        3.8675318       438.83713                                438.83713
              1       223.14999     0.023480598      0.10139003     0.010429096      0.29275267       -2.885045    2.100583e-09      0.35772811       89.453163      0.12551482        0.642167      0.24631943      0.24765278       2.2603238        7.114271       438.56491       3.8675318        3.8675318       438.56491                                438.56491
              6        223.2543     0.023468233      0.10156796     0.010430346      0.25336403      -2.8195411    2.100583e-09      0.35158289        90.26841      0.12568038      0.64831416      0.24631444      0.24764777       2.2622968       7.1186236       438.77355       3.8675318        3.8675318       438.77355                                438.77355
              3        222.8731     0.023500814      0.10193724     0.010429148      0.27673841      -2.9063229    2.100583e-09      0.35402147       90.013817      0.12608224      0.64587519      0.24632757      0.24766095       2.2571035       7.1161974       438.01114       3.8675318        3.8675318       438.01114                                438.01114
             14       222.99497      0.02352994      0.10185207     0.010429506      0.26748462      -2.8836459    2.100583e-09       0.3523051       90.207549       0.1260262      0.64759202      0.24633928       0.2476727       2.2524755       7.1094287       438.25488       3.8675318        3.8675318       438.25488                                438.25488
              1       222.99629     0.023530179      0.10185222      0.01042951      0.26753899      -2.8836984    2.100583e-09      0.35231628       90.206065      0.12602659      0.64758084      0.24633938       0.2476728       2.2524375       7.1093895       438.25752       3.8675318        3.8675318       438.25752                                438.25752
              2       223.42853     0.023559944      0.10180731     0.010428148      0.27201684      -2.8741609    2.100583e-09      0.35443906       89.917494      0.12601145      0.64545742      0.24635135      0.24768481       2.2477225       7.1037694         439.122       3.8675318        3.8675318         439.122                                  439.122
             12       223.55637     0.023593766      0.10158967       0.0104282      0.26421067      -2.8515202    2.100583e-09      0.35249275       90.114319      0.12582763      0.64740415      0.24636496      0.24769848       2.2423823       7.0941208       439.37768       3.8675318        3.8675318       439.37768                                439.37768
              3       223.42627     0.023548038      0.10170743     0.010428703      0.23428679      -2.7952705    2.100583e-09      0.34855635       90.658655      0.12589966      0.65134176      0.24634656         0.24768       2.2496069       7.1043308       439.11748       3.8675318        3.8675318       439.11748                                439.11748
              3       224.81731     0.023605361      0.10239429     0.010430118      0.23147865      -2.8843441    2.100583e-09      0.34389498       91.378891      0.12664384      0.65600508      0.24636964      0.24770317       2.2405558       7.0997553       441.89955       3.8675318        3.8675318       441.89955                                441.89955
              2       225.24399     0.023628871      0.10270517     0.010428392      0.27936657      -2.9504393    2.100583e-09      0.35525819       89.954156      0.12697824      0.64463884      0.24637914      0.24771271        2.236859       7.1020127       442.75292       3.8675318        3.8675318       442.75292                                442.75292
              5       225.73784     0.023638619      0.10261572      0.01042836      0.25029137      -2.8626164    2.100583e-09      0.35281571       90.245536      0.12689853      0.64708197      0.24638309      0.24771666       2.2353288       7.0999354       443.74061       3.8675318        3.8675318       443.74061                                443.74061
              4       225.82387     0.023674502      0.10251012     0.010429734      0.28100126      -2.9164409    2.100583e-09      0.35680067       89.709244      0.12682881       0.6430958      0.24639761      0.24773124       2.2297095       7.0923997       443.91269       3.8675318        3.8675318       443.91269                                443.91269
              1       225.10992     0.023689264      0.10191756      0.01043154      0.32768347      -2.9847877    2.100583e-09      0.36185019       88.969685      0.12625102      0.63804434      0.24640359      0.24773724       2.2274038       7.0822428       442.48477       3.8675318        3.8675318       442.48477                                442.48477
             14       224.44338     0.023656016      0.10196887     0.010431499       0.3196671      -2.9867956    2.100583e-09      0.35964439       89.262236      0.12626908      0.64025079      0.24639013      0.24772373        2.232602       7.0882957        441.1517       3.8675318        3.8675318        441.1517                                 441.1517
             11       224.56898     0.023671913      0.10195096     0.010431405      0.30829414      -2.9681651    2.100583e-09      0.35749076       89.522264      0.12626706      0.64240504      0.24639656      0.24773019       2.2301144       7.0846358       441.40289       3.8675318        3.8675318       441.40289                                441.40289
              4       223.96336     0.023613202       0.1020765     0.010429989      0.26466731       -2.941078    2.100583e-09      0.34768171       90.818923      0.12633389      0.65221701      0.24637281      0.24770635       2.2393219       7.0939354       440.19166       3.8675318        3.8675318       440.19166                                440.19166
              1       226.11284     0.023504792      0.10262316     0.010432811      0.21102646      -2.8595472    2.100583e-09      0.34070089       91.882645      0.12677215      0.65920021      0.24632917      0.24766255       2.2564706       7.1222045       444.49061       3.8675318        3.8675318       444.49061                                444.49061
              5        227.9823     0.023624767      0.10246719     0.010434836      0.23656156      -2.8809963    2.100583e-09      0.34473316       91.274648      0.12673615      0.65516673      0.24637748      0.24771104       2.2375037       7.0988521       448.22954       3.8675318        3.8675318       448.22954                                448.22954
              7       228.14995     0.023617016      0.10241236     0.010435076      0.23244837       -2.872673    2.100583e-09      0.34381382       91.389094      0.12667357      0.65608629      0.24637435       0.2477079       2.2387221       7.0994463       448.56484       3.8675318        3.8675318       448.56484                                448.56484
              1       227.47207      0.02322464      0.10180765     0.010431933      0.19694046      -2.7921851    2.100583e-09      0.33860102       92.110265      0.12567648      0.66129982      0.24621431      0.24754727       2.3016883       7.1648807       447.20908       3.8675318        3.8675318       447.20908                                447.20908
              5       228.13978     0.023223932        0.101743     0.010432414      0.20312955      -2.8160839    2.100583e-09       0.3381352       92.161784      0.12561113      0.66176573      0.24621401      0.24754698       2.3018043       7.1635009        448.5445       3.8675318        3.8675318        448.5445                                 448.5445
              4       228.10728      0.02323276      0.10170717     0.010432047      0.19379116      -2.8043099    2.100583e-09      0.33611593       92.428433      0.12558412      0.66378557      0.24621768      0.24755066       2.3003589       7.1606739       448.47951       3.8675318        3.8675318       448.47951                                448.47951
              2       228.21065     0.023274124      0.10111065     0.010432489      0.27305216      -2.9768831    2.100583e-09      0.34282822        91.39352      0.12502896      0.65707087      0.24623487      0.24756791       2.2936042       7.1429713       448.68624       3.8675318        3.8675318       448.68624                                448.68624
              1       229.00054     0.023249966       0.1010045     0.010432649      0.27123625      -2.9635469    2.100583e-09       0.3427873       91.387184      0.12489866       0.6571117      0.24622483      0.24755784       2.2975455       7.1464229       450.26602       3.8675318        3.8675318       450.26602                                450.26602
              2       227.59811     0.023407376     0.099962601     0.010431153       0.3622411       -2.926317    2.100583e-09      0.36802771       87.957316      0.12401417      0.63186307      0.24628978      0.24762302       2.2720444       7.1119958       447.46115       3.8675318        3.8675318       447.46115                                447.46115
             10       227.27762     0.023622258     0.099217992     0.010431457      0.28583645      -2.7754587    2.100583e-09      0.35143774       89.799747      0.12348444      0.64845752      0.24637647      0.24771002        2.237898       7.0584114       446.82018       3.8675318        3.8675318       446.82018                                446.82018
              4       229.28028     0.023580685     0.099453705     0.010431197       0.3071695      -2.7201752    2.100583e-09       0.3646181       88.218419      0.12367858      0.63527341      0.24635969      0.24769319       2.2444455       7.0767339       450.82549       3.8675318        3.8675318       450.82549                                450.82549
              1       230.72329     0.023318106     0.099656575     0.010428479      0.25787781      -2.6538442    2.100583e-09      0.35737294        89.23113      0.12361887      0.64252067       0.2462531       0.2475862       2.2864546       7.1268683       453.71151       3.8675318        3.8675318       453.71151                                453.71151
              4       229.70874     0.023329189     0.099729444     0.010428511      0.27681026      -2.7146832    2.100583e-09      0.35853291       89.096588      0.12370282      0.64136042      0.24625768       0.2475908       2.2846582       7.1245483       451.68242       3.8675318        3.8675318       451.68242                                451.68242
              1       229.44106     0.023311665     0.099943694      0.01042806      0.27619509      -2.7231524    2.100583e-09      0.35898757       89.085561      0.12389955       0.6409058      0.24625043      0.24758353       2.2874995       7.1306799       451.14705       3.8675318        3.8675318       451.14705                                451.14705
              6       229.33413     0.023497998     0.099135084     0.010432371      0.28752549      -2.7177385    2.100583e-09      0.35673894       89.154726      0.12327727      0.64315456      0.24632644      0.24765981       2.2575516         7.08477        450.9332       3.8675318        3.8675318        450.9332                                 450.9332
             15       227.38639     0.023557809      0.10033432     0.010428197      0.37955184      -2.9454266    2.100583e-09      0.37421142       87.246797      0.12453632        0.625678      0.24635049      0.24768395       2.2480603       7.0899003       447.03772       3.8675318        3.8675318       447.03772                                447.03772
              4       225.09155     0.023656074      0.10056387     0.010429001      0.17397169      -2.6110068    2.100583e-09      0.33814505       91.792379      0.12486413      0.66175529      0.24639015      0.24772376       2.2325929       7.0685325       442.44804       3.8675318        3.8675318       442.44804                                442.44804
              2       224.87891     0.023538595      0.10069418     0.010429723       0.1465101      -2.5631158    2.100583e-09      0.33465486       92.334075      0.12487697      0.66524651      0.24634276      0.24767619        2.251103       7.0923482       442.02277       3.8675318        3.8675318       442.02277                                442.02277
              3       224.44135      0.02348492      0.10189354     0.010430216      0.16613916      -2.7016743    2.100583e-09      0.33625619       92.358239      0.12602265      0.66364562      0.24632117      0.24765452       2.2596348       7.1167144       441.14763       3.8675318        3.8675318       441.14763                                441.14763
              2       224.14483     0.023376492      0.10274215     0.010428396      0.21829022      -2.8521585    2.100583e-09      0.34582939       91.263976      0.12676283      0.65407021      0.24627715      0.24761035       2.2770146       7.1493027       440.55459       3.8675318        3.8675318       440.55459                                440.55459
              7       223.77009     0.023353863      0.10248688     0.010429824      0.24868784      -2.8821888    2.100583e-09      0.35092099       90.560388      0.12648493       0.6489769      0.24626786      0.24760102       2.2806664       7.1516767       439.80512       3.8675318        3.8675318       439.80512                                439.80512
              5       223.76036     0.023366076      0.10233127     0.010430041      0.24129398       -2.850835    2.100583e-09      0.35016744       90.625152      0.12634154      0.64973056      0.24627288      0.24760606       2.2786945       7.1475857       439.78565       3.8675318        3.8675318       439.78565                                439.78565
              7       223.99461     0.023461343      0.10088768     0.010430871      0.32615781      -2.9224062    2.100583e-09      0.36190187       88.850696      0.12499322      0.63799157      0.24631166      0.24764498       2.2633975       7.1121654       440.25415       3.8675318        3.8675318       440.25415                                440.25415
              2       223.91818     0.023453382      0.10088957     0.010431319       0.2661645      -2.8342886    2.100583e-09       0.3503735       90.303574      0.12498714      0.64952333      0.24630844      0.24764175       2.2646699       7.1113691       440.10129       3.8675318        3.8675318       440.10129                                440.10129
              8       224.05462     0.023435425      0.10162606     0.010430051      0.19286928      -2.6685208    2.100583e-09      0.34573167       91.050882      0.12570568      0.65416712      0.24630118      0.24763446       2.2675442       7.1269446       440.37418       3.8675318        3.8675318       440.37418                                440.37418
              4       223.80718     0.023464646      0.10178775       0.0104297      0.19551038      -2.6932427    2.100583e-09      0.34541002       91.113414      0.12589659      0.65448901      0.24631299      0.24764632       2.2628697       7.1227932        439.8793       3.8675318        3.8675318        439.8793                                 439.8793
              1       225.65786     0.023398836      0.10216508     0.010428109      0.12427325      -2.5288643    2.100583e-09      0.33967717       91.971831       0.1262081      0.66022378       0.2462863      0.24761952       2.2734171       7.1418802       443.58066       3.8675318        3.8675318       443.58066                                443.58066
              9       227.47427     0.023534808      0.10252502     0.010425067      0.15994434      -2.6321689    2.100583e-09      0.34446056       91.351641      0.12670402      0.65543938      0.24634124      0.24767467       2.2517033       7.1194743       447.21347       3.8675318        3.8675318       447.21347                                447.21347
              2       226.37896     0.023257079      0.10152395     0.010426805      0.25725567      -2.7899626    2.100583e-09      0.35678849       89.669183      0.12542522      0.64310683      0.24622779       0.2475608       2.2963841       7.1602319       445.02286       3.8675318        3.8675318       445.02286                                445.02286
             13       226.41181     0.023248685      0.10134525     0.010428818      0.17713692      -2.6281144    2.100583e-09      0.34374233       91.324397      0.12523813      0.65615666       0.2462243       0.2475573       2.2977549       7.1586648       445.08855       3.8675318        3.8675318       445.08855                                445.08855
              3       225.47324     0.023310852      0.10141274     0.010425428      0.23419236      -2.8337007    2.100583e-09       0.3457193       91.054585      0.12536778      0.65417922      0.24625009      0.24758319       2.2876314       7.1424779       443.21142       3.8675318        3.8675318       443.21142                                443.21142
              6       225.46637     0.023310506      0.10140557     0.010425439      0.23530721      -2.8356343    2.100583e-09      0.34586266       91.034492      0.12536027       0.6540358      0.24624995      0.24758305       2.2876876       7.1424569       443.19767       3.8675318        3.8675318       443.19767                                443.19767
              1       224.47014     0.023361412       0.1019309     0.010427237      0.17932677      -2.7135499    2.100583e-09      0.34078799       91.790849       0.1259365      0.65911242      0.24627096      0.24760413       2.2794473       7.1415048       441.20521       3.8675318        3.8675318       441.20521                                441.20521
              4        224.3342     0.023380811       0.1025435     0.010427947      0.20253788      -2.8365067    2.100583e-09      0.34134287       91.823526       0.1265685      0.65855788      0.24627892      0.24761212       2.2763187       7.1441698       440.93333       3.8675318        3.8675318       440.93333                                440.93333
             12       224.47321     0.023460496      0.10262945     0.010428954      0.18582848      -2.7638924    2.100583e-09       0.3417958       91.751518      0.12673413      0.65810495      0.24631132      0.24764464       2.2635327       7.1321598       441.21135       3.8675318        3.8675318       441.21135                                441.21135
              1       227.48127     0.023392762      0.10357848      0.01042643      0.19602151      -2.7857757    2.100583e-09      0.34941434       90.941488      0.12761544      0.65048489      0.24628382      0.24761703       2.2743943       7.1602913       447.22747       3.8675318        3.8675318       447.22747                                447.22747
              1       227.13656     0.023412321      0.10349594     0.010426224      0.21170162      -2.8186051    2.100583e-09      0.35108356       90.703493      0.12755245      0.64881514      0.24629179      0.24762504       2.2712501       7.1551985       446.53806       3.8675318        3.8675318       446.53806                                446.53806
              1       228.81644     0.023492137      0.10358115     0.010425422      0.16810994      -2.7397447    2.100583e-09      0.34445763       91.560176      0.12771748      0.65544312      0.24632408      0.24765744       2.2584849       7.1401076       449.89781       3.8675318        3.8675318       449.89781                                449.89781
              5         228.469     0.023486608      0.10325364     0.010424752      0.16158784      -2.7003903    2.100583e-09      0.34393476       91.571681      0.12738444      0.65596587      0.24632185      0.24765521       2.2593658        7.137011       449.20294       3.8675318        3.8675318       449.20294                                449.20294
              5       227.86568     0.023504481      0.10307672     0.010425093      0.16751953       -2.699449    2.100583e-09      0.34463133       91.440624      0.12722539      0.65526898      0.24632904      0.24766243       2.2565201       7.1314889        447.9963       3.8675318        3.8675318        447.9963                                 447.9963
              1       227.40492     0.023513634      0.10307106     0.010425665      0.17925127      -2.7219851    2.100583e-09      0.34617018       91.233028      0.12722888      0.65372968      0.24633273      0.24766612       2.2550647       7.1299105       447.07478       3.8675318        3.8675318       447.07478                                447.07478
              1        227.9629     0.023740438      0.10217196     0.010426186      0.21505251      -2.7741938    2.100583e-09      0.34679044       90.910737      0.12655659      0.65310871      0.24642427        0.247758       2.2194382       7.0736888       448.19073       3.8675318        3.8675318       448.19073                                448.19073
              1       225.67343     0.023721225      0.10156404     0.010430859      0.19819159      -2.7067907    2.100583e-09      0.34252257       91.369084      0.12592946      0.65737733      0.24641652      0.24775022       2.2224239       7.0701469        443.6118       3.8675318        3.8675318        443.6118                                 443.6118
              2       225.54719     0.023718738      0.10149523     0.010430749      0.19780625      -2.7025212    2.100583e-09      0.34240953       91.372199      0.12585816      0.65749035      0.24641551      0.24774921       2.2228108        7.069685       443.35932       3.8675318        3.8675318       443.35932                                443.35932
              1       224.73169     0.023690966      0.10122064     0.010431287      0.32537684      -2.9314304    2.100583e-09       0.3616801       88.863937      0.12555579      0.63821389      0.24640428      0.24773793       2.2271382       7.0733771       441.72831       3.8675318        3.8675318       441.72831                                441.72831
              1       224.86049     0.023699437      0.10117992     0.010431246      0.32362529      -2.9234538    2.100583e-09      0.36153908       88.871126      0.12552355      0.63835492      0.24640771      0.24774138       2.2258169       7.0713599       441.98592       3.8675318        3.8675318       441.98592                                441.98592
              1       224.93324     0.023676144      0.10117372     0.010432069      0.28477925      -2.8343207    2.100583e-09      0.35659079       89.492061      0.12549406      0.64330464      0.24639828      0.24773191        2.229453       7.0760939       442.13143       3.8675318        3.8675318       442.13143                                442.13143
              1       226.32564     0.023613665      0.10116304     0.010431764      0.29764775      -2.7970943    2.100583e-09      0.36406358       88.587112      0.12542089       0.6358296      0.24637299      0.24770654        2.239249       7.0916119       444.91623       3.8675318        3.8675318       444.91623                                444.91623
             12       226.97164     0.023633111      0.10133371     0.010432233      0.29799721      -2.7989934    2.100583e-09      0.36475508       88.527683      0.12561101      0.63513806      0.24638086      0.24771443       2.2361933       7.0906866       446.20822       3.8675318        3.8675318       446.20822                                446.20822
              5         224.454     0.023453711      0.10169498      0.01043018      0.30609812      -2.8807346    2.100583e-09      0.36378747       88.769013      0.12579288       0.6361061      0.24630858      0.24764189       2.2646174       7.1264865       441.17294       3.8675318        3.8675318       441.17294                                441.17294
              3        225.1271     0.023404807      0.10184378     0.010431245      0.31223817      -2.8966224    2.100583e-09      0.36516053       88.644783      0.12589278      0.63473272      0.24628873      0.24762197       2.2724572       7.1383752       442.51914       3.8675318        3.8675318       442.51914                                442.51914
              1       226.66685     0.023304782      0.10229918     0.010429381       0.3074941      -2.8908877    2.100583e-09      0.36764215       88.459526      0.12624815      0.63225068      0.24624758      0.24758067       2.2886171       7.1645598       445.59863       3.8675318        3.8675318       445.59863                                445.59863
              1       226.72166     0.023317502      0.10249045     0.010429446       0.3165567      -2.9199439    2.100583e-09      0.36909634       88.315089      0.12645214      0.63079624      0.24625285      0.24758595       2.2865526       7.1646899       445.70826       3.8675318        3.8675318       445.70826                                445.70826
              2       227.41966     0.023197996      0.10358971     0.010431021      0.26602599      -2.9610318    2.100583e-09      0.35656409       90.092503      0.12743189      0.64333293      0.24620324      0.24753616       2.3060592       7.1985007       447.10425       3.8675318        3.8675318       447.10425                                447.10425
              4       227.60142     0.023185582      0.10281616     0.010432672      0.26539991      -2.9167958    2.100583e-09      0.35507933       90.144724      0.12664593      0.64481749      0.24619809      0.24753099          2.3081       7.1906498       447.46777       3.8675318        3.8675318       447.46777                                447.46777
              2       226.27419     0.023232313      0.10234311     0.010430606      0.17671381      -2.7408073    2.100583e-09      0.33982506       92.041702      0.12621962      0.66007585       0.2462175      0.24755047       2.3004321       7.1723069       444.81332       3.8675318        3.8675318       444.81332                                444.81332
              4       226.98146     0.023201623      0.10229347     0.010430751      0.16917263      -2.7171215    2.100583e-09      0.33922831       92.123846      0.12613928      0.66067272      0.24620475      0.24753768       2.3054635       7.1779095       446.22786       3.8675318        3.8675318       446.22786                                446.22786
              1       226.07758     0.023277682      0.10190003     0.010429822      0.13235795      -2.5905988    2.100583e-09      0.33584548       92.486602      0.12582191      0.66405629      0.24623634      0.24756939       2.2930246       7.1588848       444.42011       3.8675318        3.8675318       444.42011                                444.42011
              1       226.79714     0.023317554        0.102583     0.010430948      0.14543608      -2.5842021    2.100583e-09      0.34356996       91.554203      0.12654474      0.65633012      0.24625287      0.24758597       2.2865441        7.164441       445.85921       3.8675318        3.8675318       445.85921                                445.85921
              1       226.61403     0.023336606      0.10254435      0.01043122      0.14628299      -2.5867583    2.100583e-09       0.3432565       91.582361      0.12652515      0.65664366      0.24626074      0.24759388       2.2834572        7.160114         445.493       3.8675318        3.8675318         445.493                                  445.493
              1       225.67893     0.023394176      0.10223354     0.010430947      0.18454239      -2.6399663    2.100583e-09      0.34877307       90.778759       0.1262719      0.65112528      0.24628439      0.24761761       2.2741668       7.1455451        443.6228       3.8675318        3.8675318        443.6228                                 443.6228
             10       225.07226     0.023486964      0.10192678     0.010430371       0.1467987      -2.5585337    2.100583e-09      0.34187073       91.602206      0.12605794      0.65802946      0.24632199      0.24765535       2.2593089       7.1225882       442.40945       3.8675318        3.8675318       442.40945                                442.40945
              2       225.00098     0.023505365      0.10175957     0.010429993      0.13404187      -2.5272738    2.100583e-09      0.33961073       91.869048      0.12590912      0.66029001       0.2463294      0.24766278       2.2563795       7.1165119       442.26689       3.8675318        3.8675318       442.26689                                442.26689
              9       223.63778     0.023515889      0.10140508     0.010429148      0.20471755      -2.7036477    2.100583e-09        0.345224       91.049784      0.12556516      0.65467482      0.24633363      0.24766703       2.2547064        7.107198       439.54049       3.8675318        3.8675318       439.54049                                439.54049
              1       223.63564     0.023515379      0.10141479     0.010429149      0.20455489      -2.7040323    2.100583e-09      0.34519879       91.055083      0.12557436      0.65470004      0.24633343      0.24766683       2.2547874       7.1074104       439.53623       3.8675318        3.8675318       439.53623                                439.53623
