#        weight    minuslogpost           ombh2           omch2       thetastar               w              wa              As             omm          hrdrag        omegamh2        omega_de             YHe             Y_p           DHBBN            zrei       chi2__BAO   minuslogprior minuslogprior__0            chi2 chi2__like_DESI_CMB_all.desi_bao_cmb_all
              6       4.5926811     0.022239996      0.11960744     0.010409541     -0.83284491      -1.5335009    2.100583e-09      0.26719999       107.60346      0.14249163        0.732731      0.24579988      0.24713133       2.4717691       7.6291444       1.4502987       3.8675318        3.8675318       1.4502987                                1.4502987
             18       5.3080525     0.022245751      0.11858767     0.010409672      -1.0295568      -2.1364895    2.100583e-09      0.20528529       122.54458      0.14147761      0.79466131      0.24580235      0.24713382       2.4707213       7.5956263       2.8810414       3.8675318        3.8675318       2.8810414                                2.8810414
              7       5.7914087     0.022261068      0.11843016     0.010409246      -1.2647746      -2.5481452    2.100583e-09      0.16266588       137.61937      0.14133542      0.83729176      0.24580893      0.24714042       2.4679355       7.5812696       3.8477538       3.8675318        3.8675318       3.8477538                                3.8477538
              8       6.2395722     0.022328565      0.11741673     0.010410576     -0.74538586      -2.5970618    2.100583e-09      0.22967852       115.58039      0.14038948      0.77026128       0.2458378       0.2471694       2.4557146       7.5604141       4.7440809       3.8675318        3.8675318       4.7440809                                4.7440809
              1       6.1033658     0.022247234      0.11754441     0.010413795     -0.34798696       -1.463318    2.100583e-09      0.37784278       90.162971      0.14043584      0.62205821      0.24580299      0.24713446       2.4704514       7.6313878       4.4716681       3.8675318        3.8675318       4.4716681                                4.4716681
              2       7.5450529     0.022242397      0.11693619     0.010414526     -0.31295412      -1.6386858    2.100583e-09      0.37121163       90.869706      0.13982278      0.62869067      0.24580091      0.24713237       2.4713319       7.6176626       7.3550421       3.8675318        3.8675318       7.3550421                                7.3550421
              5       7.7376092     0.022272923      0.11674552     0.010414869     -0.46611798      -1.3410429    2.100583e-09      0.34763467        93.85758      0.13966263      0.65227373      0.24581401      0.24714552       2.4657824        7.606338       7.7401549       3.8675318        3.8675318       7.7401549                                7.7401549
              4       9.7417777     0.022659203      0.11570874     0.010414321      -1.3999187      0.32445855    2.100583e-09      0.21633498       118.57723      0.13901214      0.78360775      0.24597924      0.24731135       2.3971451       7.4903895       11.748492       3.8675318        3.8675318       11.748492                                11.748492
              4        7.325554     0.022298426        0.116946     0.010414886     -0.30642135      -2.0070516    2.100583e-09       0.3474911       93.900395      0.13988862      0.65241748      0.24582493      0.24715648       2.4611604        7.591634       6.9160444       3.8675318        3.8675318       6.9160444                                6.9160444
              3       7.2700556      0.02229241      0.11698867      0.01041482      -0.3262102      -1.9769459    2.100583e-09      0.34447138       94.320415      0.13992527      0.65543802      0.24582235      0.24715389       2.4622496       7.5931725       6.8050477       3.8675318        3.8675318       6.8050477                                6.8050477
              1       6.4136481     0.022344949      0.11711392     0.010413865      -0.4202133      -2.0123927    2.100583e-09      0.31922282       97.980308      0.14010306      0.68069333      0.24584479      0.24717641       2.4527619       7.5760299       5.0922327       3.8675318        3.8675318       5.0922327                                5.0922327
              8       5.8876048     0.022310773      0.11871612     0.010414554    -0.081249963      -2.3326178    2.100583e-09      0.39859009        87.94113      0.14167109      0.60130637       0.2458302      0.24716177       2.4589272       7.6244617        4.040146       3.8675318        3.8675318        4.040146                                 4.040146
              1       5.4229488     0.022267447      0.11769132     0.010412446    -0.023170661      -1.5571506    2.100583e-09      0.47735134       80.230682      0.14060296      0.52252371      0.24581167      0.24714317       2.4667767       7.6691841       3.1108339       3.8675318        3.8675318       3.1108339                                3.1108339
              5       5.7854515     0.022315619      0.11969531     0.010406617     -0.48089751     -0.37276645    2.100583e-09      0.45209642       82.710506      0.14265512      0.54778695      0.24583227      0.24716385       2.4580517          7.7294       3.8358394       3.8675318        3.8675318       3.8358394                                3.8358394
             10       5.2585382     0.022327271      0.11964566     0.010407291      -0.6511162     -0.35569996    2.100583e-09      0.39134901       88.886664      0.14261712         0.60855      0.24583725      0.24716884        2.455948       7.6847413       2.7820128       3.8675318        3.8675318       2.7820128                                2.7820128
              2       5.3258552     0.022216995      0.11935906     0.010413612     -0.34659351      -1.1855453    2.100583e-09      0.41188805       86.638474      0.14222025      0.58800537      0.24578996      0.24712138       2.4759639       7.6845939       2.9166468       3.8675318        3.8675318       2.9166468                                2.9166468
              1       5.3009586     0.022264606      0.11923872     0.010413521     -0.21808564      -1.1724255    2.100583e-09      0.45569239       82.336192      0.14214752      0.54418963      0.24581045      0.24714194       2.4672926       7.6946764       2.8668536       3.8675318        3.8675318       2.8668536                                2.8668536
              2       5.1433366     0.022260115      0.11921671     0.010413316     -0.31524734     -0.90253724    2.100583e-09      0.44892646       82.952711      0.14212102       0.5509573      0.24580852      0.24714001       2.4681086       7.7044101       2.5516097       3.8675318        3.8675318       2.5516097                                2.5516097
              1       4.3659055     0.022193614      0.11961422     0.010410394     0.040701586      -1.6840954    2.100583e-09      0.49968817       78.701325      0.14245203      0.50018274      0.24577984      0.24711122       2.4802385       7.7148651      0.99674748       3.8675318        3.8675318      0.99674748                               0.99674748
             13       4.4872706     0.022184512      0.11958357     0.010410477      0.09318905      -1.6960941    2.100583e-09      0.51730091       77.348747      0.14241227      0.48256541      0.24577588      0.24710725       2.4819056       7.7248853       1.2394775       3.8675318        3.8675318       1.2394775                                1.2394775
              6       5.5297498     0.022398147      0.11828475     0.010413431     -0.60741785     0.034812556    2.100583e-09      0.44543158       83.097329      0.14132709      0.55445243       0.2458675      0.24719921       2.4432116       7.7304386       3.3244359       3.8675318        3.8675318       3.3244359                                3.3244359
              6       6.3872802     0.022442183      0.11790867     0.010415047      -0.6902683    -0.013605263    2.100583e-09      0.40209351       87.388435      0.14099504      0.59780154      0.24588634      0.24721812       2.4353491       7.6746648       5.0394968       3.8675318        3.8675318       5.0394968                                5.0394968
              1       6.5742299     0.022388246      0.11630701     0.010413168      -1.0315725       0.4742864    2.100583e-09      0.32766451       96.556058      0.13933945      0.67224895      0.24586327      0.24719496       2.4449847       7.6400659       5.4133962       3.8675318        3.8675318       5.4133962                                5.4133962
              3       7.1286983     0.022208918      0.11757132     0.010409955     -0.49699982      0.15022968    2.100583e-09      0.51887438       76.951146      0.14042443      0.48098963      0.24578647      0.24711788       2.4774394       7.8525193       6.5223329       3.8675318        3.8675318       6.5223329                                6.5223329
              6       6.8981553     0.022189189      0.11749893      0.01040837      -1.0172662      0.84391352    2.100583e-09      0.39482706       88.164432      0.14033231       0.6050694      0.24577791      0.24710929       2.4810489       7.7887484        6.061247       3.8675318        3.8675318        6.061247                                 6.061247
              2       6.4120413     0.022112868      0.11817023     0.010408071      -1.1038742        0.921697    2.100583e-09      0.37318492       90.834377      0.14092729      0.62671763      0.24574457      0.24707582       2.4950847       7.7946944        5.089019       3.8675318        3.8675318        5.089019                                 5.089019
              7       5.9731016     0.022252868       0.1190364     0.010405959     -0.62098163     0.044745211    2.100583e-09      0.44838748       82.979219      0.14193346      0.55149626      0.24580541      0.24713689       2.4694263        7.767419       4.2111396       3.8675318        3.8675318       4.2111396                                4.2111396
             10       6.9736758     0.022257497      0.11734734     0.010407791     -0.11966231      -0.9905409    2.100583e-09      0.50488965       77.968379      0.14024903      0.49497787       0.2458074      0.24713888       2.4685846       7.7143384        6.212288       3.8675318        3.8675318        6.212288                                 6.212288
              1       7.2063653     0.022273158       0.1172088     0.010407984    -0.029506358      -1.1046107    2.100583e-09      0.52603435       76.361851      0.14012615       0.4738275      0.24581411      0.24714562       2.4657398       7.7174812       6.6776671       3.8675318        3.8675318       6.6776671                                6.6776671
              7       7.7643026     0.022281456      0.11711694     0.010407146     0.062331451      -1.5757945    2.100583e-09      0.50511175        77.91218      0.14004258      0.49475551      0.24581767      0.24714919       2.4642346       7.6711599       7.7935417       3.8675318        3.8675318       7.7935417                                7.7935417
              8       7.0829148     0.022101853      0.11904699     0.010405106     0.077026002      -1.6156119    2.100583e-09      0.51910934       77.168837      0.14179303      0.48075592      0.24573973      0.24707097       2.4971201       7.7389604       6.4307659       3.8675318        3.8675318       6.4307659                                6.4307659
              6       5.8875465     0.022275228      0.11842578     0.010406155     -0.81716914    -0.049371679    2.100583e-09      0.35975496       92.532905       0.1413452      0.64015137        0.245815      0.24714651       2.4653642       7.6767437       4.0400295       3.8675318        3.8675318       4.0400295                                4.0400295
              7       6.0603814     0.022129824      0.11933774     0.010405687      -2.0592811        1.552747    2.100583e-09      0.17333029       133.59847      0.14211176      0.82662483        0.245752      0.24708329       2.4919563        7.659946       4.3856992       3.8675318        3.8675318       4.3856992                                4.3856992
              1       5.4103954     0.022148864      0.11947498     0.010406465      -2.1154222       1.6408809    2.100583e-09      0.16822989       135.62994      0.14226803      0.83172659      0.24576034      0.24709165       2.4884502       7.6568537       3.0857272       3.8675318        3.8675318       3.0857272                                3.0857272
              2       4.9909361      0.02217082      0.11907388     0.010407213      -1.8356363        1.346056    2.100583e-09      0.20158554       123.80537      0.14188889      0.79836217      0.24576992      0.24710127       2.4844163       7.6604315       2.2468085       3.8675318        3.8675318       2.2468085                                2.2468085
              4       5.8149995      0.02210394      0.11886707     0.010407647       -1.952407       1.0723057    2.100583e-09      0.16986723       134.85844       0.1416152      0.83008862      0.24574065      0.24707189       2.4967343       7.6476361       3.8949355       3.8675318        3.8675318       3.8949355                                3.8949355
              3       6.2693397      0.02208321      0.11905871      0.01040664      -1.7849163      0.66666915    2.100583e-09      0.18249904       130.16157      0.14178611      0.81745359      0.24573154      0.24706274       2.5005707       7.6541639       4.8036159       3.8675318        3.8675318       4.8036159                                4.8036159
              6       6.7407724     0.022094219      0.11904879     0.010405843      -2.0902383       1.2606212    2.100583e-09      0.15753055       140.08889       0.1417872      0.84242856      0.24573638       0.2470676       2.4985323       7.6493282       5.7464812       3.8675318        3.8675318       5.7464812                                5.7464812
              5       8.2521757     0.022102186      0.11786892     0.010405778      -1.5498519        1.117823    2.100583e-09      0.24539095       112.00953       0.1406153      0.75454483      0.24573988      0.24707112       2.4970585       7.6839501       8.7692879       3.8675318        3.8675318       8.7692879                                8.7692879
              1       7.9698365     0.022046333      0.11806278     0.010408462      -1.5848741    -0.075057814    2.100583e-09      0.18351849       129.59556       0.1407533      0.81643353      0.24571531      0.24704646       2.5074173       7.6394413       8.2046095       3.8675318        3.8675318       8.2046095                                8.2046095
              5       7.4285885     0.022075822      0.11778789      0.01041178    -0.090021401      -1.3977083    2.100583e-09      0.47163876        80.79143       0.1405079      0.52823771      0.24572829      0.24705948       2.5019402       7.7161368       7.1221135       3.8675318        3.8675318       7.1221135                                7.1221135
              2       5.2403836     0.022141905      0.12058828      0.01041171     -0.85571331      0.20162027    2.100583e-09      0.38393588       89.952728      0.14337438      0.61596557      0.24575729       0.2470886       2.4897309       7.7657906       2.7457035       3.8675318        3.8675318       2.7457035                                2.7457035
              1        7.280298     0.022055185      0.11979398     0.010414235      -1.8581071       1.2774462    2.100583e-09      0.19604885       125.75592      0.14249336      0.80390052       0.2457192      0.24705037       2.5057713       7.6925692       6.8255325       3.8675318        3.8675318       6.8255325                                6.8255325
              3        7.298298     0.021940639      0.11933526     0.010410809      -1.6253631      0.87810104    2.100583e-09      0.22043894       118.55743      0.14192009       0.7795039      0.24566888      0.24699986       2.5271993       7.7141516       6.8615324       3.8675318        3.8675318       6.8615324                                6.8615324
             15       7.6048284     0.022018062      0.12185828     0.010404629      -1.3540649     -0.81882211    2.100583e-09      0.21476813       120.58952      0.14452053      0.78517718      0.24570287      0.24703397       2.5126854       7.7078391       7.4745933       3.8675318        3.8675318       7.4745933                                7.4745933
              5       8.6909123     0.022040691      0.12296942     0.010406903     -0.42638469      -2.6592282    2.100583e-09      0.32420724       98.321201       0.1456543      0.67571084      0.24571282      0.24704396       2.5084673       7.7297455       9.6467611       3.8675318        3.8675318       9.6467611                                9.6467611
              5       10.283922     0.022081989      0.12294819     0.010403143      -1.0451053     -0.67939909    2.100583e-09      0.28419157        104.9938      0.14567437      0.71573664        0.245731       0.2470622        2.500797       7.7278341        12.83278       3.8675318        3.8675318        12.83278                                 12.83278
              4       5.3881274     0.022009646      0.12086397      0.01040741      -1.0754418     -0.35583921    2.100583e-09      0.28167192       105.12607      0.14351781      0.71825586      0.24569917      0.24703026       2.5142571       7.7185406       3.0411912       3.8675318        3.8675318       3.0411912                                3.0411912
              3       5.1586333     0.022049658      0.12044089     0.010407201      -0.9951285       -0.663384    2.100583e-09      0.28082918        105.1909      0.14313473      0.71909862      0.24571677      0.24704793        2.506799       7.6977646       2.5822031       3.8675318        3.8675318       2.5822031                                2.5822031
              2       6.6024674     0.021988828      0.11980416     0.010406445     -0.89997341      -1.3391148    2.100583e-09      0.26570821       108.05224      0.14243718      0.73422313      0.24569002      0.24702107       2.5181507       7.6897076       5.4698713       3.8675318        3.8675318       5.4698713                                5.4698713
              1       5.7926885     0.022123539      0.11877985     0.010406847    -0.063835589      -2.4433503    2.100583e-09      0.40018069       87.842527      0.14154758      0.59971526      0.24574925      0.24708052       2.4931152       7.6638904       3.8503133       3.8675318        3.8675318       3.8503133                                3.8503133
              1       6.3904634      0.02213978      0.11916223     0.010406121      -1.4295576     -0.81226625    2.100583e-09      0.18909055       127.86605       0.1419462      0.81086043      0.24575637      0.24708766       2.4901221       7.6315139       5.0458631       3.8675318        3.8675318       5.0458631                                5.0458631
              1       5.7368012     0.022105173      0.12093304     0.010409766      -1.4553641     -0.85169017    2.100583e-09      0.19178612       127.36614      0.14368241      0.80816475      0.24574119      0.24707243       2.4965063       7.6690293       3.7385388       3.8675318        3.8675318       3.7385388                                3.7385388
              2       5.6050309     0.022240794      0.12040215     0.010410334      -1.3959305     -0.92395448    2.100583e-09      0.19497895       126.13547      0.14328714      0.80497097      0.24580022      0.24713168       2.4716238       7.6301513       3.4749982       3.8675318        3.8675318       3.4749982                                3.4749982
              2       6.3391599     0.022281515      0.11895875     0.010413496      -1.4719758       -1.796979    2.100583e-09      0.15560508       140.82382      0.14188445      0.84435456      0.24581769      0.24714921       2.4642238       7.5870924       4.9432562       3.8675318        3.8675318       4.9432562                                4.9432562
              2       6.3397472     0.022281638      0.11895382       0.0104135       -1.474076      -1.7894322    2.100583e-09      0.15549959       140.87031      0.14187965      0.84446007      0.24581775      0.24714927       2.4642016        7.586988       4.9444307       3.8675318        3.8675318       4.9444307                                4.9444307
              6       5.7247907     0.022332389      0.11883473     0.010411741      -1.4612114      -1.7127084    2.100583e-09      0.15831916       139.55289      0.14181131      0.84163976      0.24583943      0.24717103        2.455025       7.5740977       3.7145178       3.8675318        3.8675318       3.7145178                                3.7145178
              9       5.8655608     0.022372099      0.11878785     0.010409602      -1.7406797     -0.80771957    2.100583e-09      0.14576887       145.40131      0.14180414       0.8541933      0.24585638      0.24718804       2.4478808       7.5648408        3.996058       3.8675318        3.8675318        3.996058                                 3.996058
              4       5.3606282     0.022212082      0.12007017     0.010411472      -1.3830369     -0.73307526    2.100583e-09      0.20107724        124.1525      0.14292644      0.79887099      0.24578784      0.24711925       2.4768612       7.6340382       2.9861929       3.8675318        3.8675318       2.9861929                                2.9861929
              2       4.9187332     0.022160966      0.11998889     0.010411023      -1.4779255    -0.081963679    2.100583e-09      0.20811281       122.04444      0.14279405      0.79183355      0.24576563      0.24709696       2.4862255       7.6515908       2.1024028       3.8675318        3.8675318       2.1024028                                2.1024028
             12       7.5137689     0.022281654      0.12109146     0.010412606      -1.6162544       1.5583617    2.100583e-09      0.27753816        105.6557      0.14401731      0.72239092      0.24581775      0.24714927       2.4641987       7.7432247       7.2924741       3.8675318        3.8675318       7.2924741                                7.2924741
             13       5.8960841      0.02226375      0.12078072     0.010411449      -1.5371295      0.98961072    2.100583e-09       0.2514231       111.13896      0.14368867       0.7485125      0.24581008      0.24714157       2.4674481       7.6845151       4.0571046       3.8675318        3.8675318       4.0571046                                4.0571046
              4        6.051082      0.02227436      0.12071634     0.010411751      -1.5552912      0.92557589    2.100583e-09      0.24270099       113.10116      0.14363489      0.75723683      0.24581463      0.24714614       2.4655216       7.6731573       4.3671005       3.8675318        3.8675318       4.3671005                                4.3671005
              2        4.998117     0.022179662      0.12040689     0.010411411      -1.1914598     -0.04084611    2.100583e-09      0.26800071       107.61557      0.14323074      0.73193043      0.24577377      0.24710514       2.4827946       7.6757263       2.2611704       3.8675318        3.8675318       2.2611704                                2.2611704
             13        5.161357     0.022226961      0.12048364     0.010410603      -1.0251884     -0.76927332    2.100583e-09       0.2671183       107.78637      0.14335479      0.73281312      0.24579426       0.2471257       2.4741451       7.6536929       2.5876504       3.8675318        3.8675318       2.5876504                                2.5876504
              2       4.5950709     0.022189913      0.12030573     0.010407503     -0.80287515     -0.50344903    2.100583e-09      0.33691993       95.959254      0.14313984      0.66299344      0.24577823      0.24710961       2.4809162       7.6887625       1.4550781       3.8675318        3.8675318       1.4550781                                1.4550781
              3       4.6295636     0.022143338      0.12064789     0.010408459       -0.687941      -0.1537439    2.100583e-09      0.40594425       87.488689      0.14343542      0.59395159      0.24575792      0.24708923       2.4894671       7.7581576       1.5240636       3.8675318        3.8675318       1.5240636                                1.5240636
              2       4.9604516     0.022160514      0.12093807     0.010409138     -0.25546935      -1.2944761    2.100583e-09      0.44328902        83.75761      0.14374278      0.55659749      0.24576543      0.24709676       2.4863087       7.7267688       2.1858396       3.8675318        3.8675318       2.1858396                                2.1858396
              2       5.4457432     0.022079605       0.1205553     0.010405713     -0.91888758     -0.31368609    2.100583e-09      0.32140522       98.334023      0.14327909      0.67851222      0.24572995      0.24706115       2.5012388       7.7147168       3.1564228       3.8675318        3.8675318       3.1564228                                3.1564228
              1       5.1441901     0.022173915       0.1200308     0.010406259      -1.1150926     -0.20919794    2.100583e-09      0.27560403       106.05536       0.1428489      0.72432497      0.24577127      0.24710262       2.4838484       7.6696401       2.5533167       3.8675318        3.8675318       2.5533167                                2.5533167
              2       4.8259605      0.02215659      0.12009349     0.010406939      -1.3724353      0.32228552    2.100583e-09      0.24770869       111.88758      0.14289427      0.75222751      0.24576372      0.24709504       2.4870297       7.6744263       1.9168574       3.8675318        3.8675318       1.9168574                                1.9168574
              3       4.8488763     0.022150812      0.11995407     0.010407772      -1.4933994     0.011703987    2.100583e-09      0.20977333       121.55826      0.14274907      0.79017258      0.24576119      0.24709251        2.488092       7.6541585        1.962689       3.8675318        3.8675318        1.962689                                 1.962689
              1        5.037304      0.02217396      0.12068598     0.010408002     -0.45658486       -2.105636    2.100583e-09      0.32938592       97.119441      0.14350413      0.67052961      0.24577129      0.24710264       2.4838403       7.6690546       2.3395444       3.8675318        3.8675318       2.3395444                                2.3395444
              1       4.7997074     0.022164565      0.12051614     0.010408118     -0.37030838      -2.1975886    2.100583e-09      0.34423187       94.978387      0.14332489      0.65567974       0.2457672      0.24709853       2.4855646        7.670941       1.8643513       3.8675318        3.8675318       1.8643513                                1.8643513
              9       4.8949656     0.022190216      0.12047349     0.010408371     -0.77527904      -1.4455614    2.100583e-09      0.28890389       103.65654       0.1433079      0.71102192      0.24577836      0.24710974       2.4808608       7.6594068       2.0548675       3.8675318        3.8675318       2.0548675                                2.0548675
              1       5.5811899     0.022008985      0.12103123     0.010410054      0.22634116      -2.7978376    2.100583e-09      0.47396321       81.065098      0.14368441      0.52591539      0.24569887      0.24702996       2.5143805       7.7381541       3.4273162       3.8675318        3.8675318       3.4273162                                3.4273162
              1       5.1636624     0.022225035      0.11911959     0.010413204     0.081616307      -2.8916508    2.100583e-09      0.41033857       86.763376      0.14198881      0.58955507      0.24579343      0.24712486       2.4744965       7.6445409       2.5922612       3.8675318        3.8675318       2.5922612                                2.5922612
              4       6.8419221      0.02210214       0.1185651     0.010413274      -1.2422658     -0.73378994    2.100583e-09      0.21693587       119.27351      0.14131143      0.78300763      0.24573986       0.2470711       2.4970671       7.6392452       5.9487807       3.8675318        3.8675318       5.9487807                                5.9487807
              1       6.9365015     0.022055611      0.11850353     0.010410379     -0.67205862      -2.6023833    2.100583e-09      0.24984146       111.15103      0.14120333      0.75009342      0.24571939      0.24705056       2.5056923       7.6427853       6.1379394       3.8675318        3.8675318       6.1379394                                6.1379394
              4       6.6241597     0.021924987      0.12154532     0.010407434     -0.12661872      -2.9731748    2.100583e-09      0.36998946       91.862513       0.1441145      0.62991606      0.24566202      0.24699298       2.5301489       7.7397673       5.5132558       3.8675318        3.8675318       5.5132558                                5.5132558
              1       6.3737602     0.021967351      0.12078115      0.01040882      -1.7827121    -0.069792871    2.100583e-09       0.1683895       135.96883       0.1433927      0.83156729      0.24568059      0.24701161       2.5221774       7.6970989       5.0124568       3.8675318        3.8675318       5.0124568                                5.0124568
              6       6.9038143     0.021966755      0.12083117     0.010410203      -1.8200484     -0.57565836    2.100583e-09      0.15189503       143.17358      0.14344211        0.848066      0.24568033      0.24701135       2.5222892       7.6924299        6.072565       3.8675318        3.8675318        6.072565                                 6.072565
              3       7.1164828      0.02196308      0.12164616      0.01040696      -1.6499163       -1.088766    2.100583e-09      0.16504828       137.54127      0.14425344      0.83490961      0.24567872      0.24700973       2.5229793       7.7068668        6.497902       3.8675318        3.8675318        6.497902                                 6.497902
              4       6.3601572     0.022004653      0.12110555     0.010406941      -1.2605675      -1.5245551    2.100583e-09      0.20318685       123.82851      0.14375439      0.79676113      0.24569697      0.24702805       2.5151901       7.6933105       4.9852508       3.8675318        3.8675318       4.9852508                                4.9852508
              5       5.9224993     0.022227731      0.11948729     0.010413092      -1.7627094     -0.15591356    2.100583e-09       0.1608793        138.6522      0.14235922      0.83907911      0.24579459      0.24712603       2.4740047       7.6154999        4.109935       3.8675318        3.8675318        4.109935                                 4.109935
              2       5.6704166     0.022309526      0.11957852     0.010409456      -1.6393618      -1.2482742    2.100583e-09      0.15153057       142.84011      0.14253224       0.8484303      0.24582967      0.24716124       2.4591527       7.5913672       3.6057695       3.8675318        3.8675318       3.6057695                                3.6057695
              2         5.75901     0.022313465      0.11956479     0.010408959      -1.3913642      -1.8186556    2.100583e-09      0.16841718       135.48458      0.14252245      0.83153933      0.24583135      0.24716292       2.4584408       7.5912993       3.7829565       3.8675318        3.8675318       3.7829565                                3.7829565
              4       6.2238463     0.022231455      0.12037802     0.010405865      -1.1791375     -0.91580941    2.100583e-09      0.23181452       115.68035      0.14325367      0.76812592       0.2457962      0.24712764       2.4733256       7.6392576       4.7126289       3.8675318        3.8675318       4.7126289                                4.7126289
              3       4.7702523     0.022259269      0.12010917     0.010408196     -0.87975767     -0.69429625    2.100583e-09      0.30263374       101.18671      0.14301263      0.69728838      0.24580816      0.24713965       2.4682624       7.6527964       1.8054409       3.8675318        3.8675318       1.8054409                                1.8054409
              4       4.8437876     0.022215179      0.12038795     0.010407634     -0.69365591      -1.0863746    2.100583e-09       0.3273662       97.352953      0.14324733      0.67254969      0.24578917      0.24712059       2.4762956         7.66775       1.9525116       3.8675318        3.8675318       1.9525116                                1.9525116
              1       4.7951943     0.022151947       0.1204598     0.010409926     -0.82779916      -1.2572952    2.100583e-09      0.28629727       104.14121      0.14325594      0.71362919      0.24576169        0.247093       2.4878833       7.6695096       1.8553251       3.8675318        3.8675318       1.8553251                                1.8553251
              2       4.4539342     0.022109712      0.12018039     0.010409716      -0.6485026      -1.1228859    2.100583e-09       0.3354781       96.176282       0.1429343      0.66443552      0.24574318      0.24707443       2.4956677       7.6909206       1.1728049       3.8675318        3.8675318       1.1728049                                1.1728049
              1       7.0673959     0.021949036       0.1213444     0.010411349      -0.8251399     -0.85569996    2.100583e-09      0.31434062        99.61912      0.14393762      0.68557901      0.24567256      0.24700355        2.525619       7.7427964       6.3997282       3.8675318        3.8675318       6.3997282                                6.3997282
              1        7.729462     0.021901816      0.12104888     0.010411141     -0.63133418      -1.9732069    2.100583e-09      0.29921133       102.07559      0.14359489      0.70071198      0.24565187      0.24698279        2.534525       7.7323248       7.7238605       3.8675318        3.8675318       7.7238605                                7.7238605
              1       8.3079232     0.021854057      0.12104369     0.010410071      -1.2703772     -0.96771977    2.100583e-09      0.21857517       119.45169      0.14354194      0.78136879      0.24563095       0.2469618       2.5435809       7.7335584       8.8807829       3.8675318        3.8675318       8.8807829                                8.8807829
              3       8.4500592     0.021850019      0.12094218      0.01041002      -1.2916744      -1.0817967    2.100583e-09      0.21091533       121.58259      0.14343639      0.78903055      0.24562918      0.24696002        2.544349       7.7305684       9.1650548       3.8675318        3.8675318       9.1650548                                9.1650548
             10       7.3191113     0.021978329      0.11936639     0.010411248      -2.1275786      0.87350722    2.100583e-09      0.14282239       147.27564      0.14198891      0.85714059      0.24568541      0.24701645        2.520118       7.6716765       6.9031591       3.8675318        3.8675318       6.9031591                                6.9031591
              5         6.91708     0.022428281      0.11699513     0.010412793      -1.3958211      -1.0331997    2.100583e-09      0.17456965        132.4236       0.1400676      0.82538449      0.24588039      0.24721214       2.4378271       7.5290242       6.0990964       3.8675318        3.8675318       6.0990964                                6.0990964
              2       5.4118659     0.022445023      0.11819125     0.010412927      -1.1419575      0.24187599    2.100583e-09       0.2842246       103.99075      0.14128047      0.71570136      0.24588756      0.24721934       2.4348433        7.604404       3.0886681       3.8675318        3.8675318       3.0886681                                3.0886681
              4       5.9713891     0.022229388      0.11945165     0.010405822     -0.90941421      -1.3412716    2.100583e-09      0.26057851       108.93768      0.14232523      0.73935411      0.24579531      0.24712675       2.4737024       7.6284241       4.2077147       3.8675318        3.8675318       4.2077147                                4.2077147
              4       7.1965101     0.022285322      0.12021006     0.010404436     -0.21313363      -1.8727563    2.100583e-09      0.40591101       87.376613      0.14313958      0.59398463      0.24581932      0.24715085       2.4635337        7.659063       6.6579567       3.8675318        3.8675318       6.6579567                                6.6579567
              2       6.7896123     0.022159381      0.12105056     0.010405003     -0.43685268      -2.6163143    2.100583e-09      0.31204542        99.84893      0.14385414      0.68787475      0.24576493      0.24709626       2.4865168       7.6699855        5.844161       3.8675318        3.8675318        5.844161                                 5.844161
              6       6.9441436     0.022114516      0.12125587     0.010405561     -0.94691531      -2.6220805    2.100583e-09      0.21946804       119.12334      0.14401458      0.78047588      0.24574529      0.24707655       2.4947804       7.6688417       6.1532237       3.8675318        3.8675318       6.1532237                                6.1532237
              1       6.8325091     0.022447765      0.11840076     0.010406783     -0.60477612       -0.721136    2.100583e-09      0.36557784        91.72507      0.14149271      0.63432707      0.24588874      0.24722052       2.4343552       7.6131127       5.9299547       3.8675318        3.8675318       5.9299547                                5.9299547
             11       6.5162455     0.022248066      0.11854973     0.010412047     -0.89239592      0.83442033    2.100583e-09      0.45198119       82.039044      0.14144199      0.54790121      0.24580335      0.24713482       2.4702999       7.8729416       5.2974275       3.8675318        3.8675318       5.2974275                                5.2974275
              1       5.4040158     0.022270934      0.11835844     0.010412206     -0.82384554      0.59097798    2.100583e-09      0.44371748       83.288858      0.14127356      0.55616693      0.24581316      0.24714467       2.4661436       7.8081946       3.0729681       3.8675318        3.8675318       3.0729681                                3.0729681
              8       4.9388748     0.022198769      0.11992107     0.010411886     -0.34099335      -0.6603735    2.100583e-09      0.47168865       81.044274      0.14276403      0.52818975      0.24578207      0.24711346       2.4792952       7.7545829        2.142686       3.8675318        3.8675318        2.142686                                 2.142686
              7       4.2375676      0.02220794      0.11874141     0.010410197     -0.35413676      -1.2666684    2.100583e-09      0.40012111       87.813094      0.14159354      0.59977489      0.24578604      0.24711745       2.4776181       7.6695186      0.74007169       3.8675318        3.8675318      0.74007169                               0.74007169
              2       4.2701726     0.022210851       0.1186809     0.010410135      -0.3409394      -1.3077495    2.100583e-09      0.40048215       87.763299      0.14153594      0.59941371       0.2457873      0.24711871       2.4770862         7.66699      0.80528167       3.8675318        3.8675318      0.80528167                               0.80528167
              5        4.153336     0.022226018      0.11895223     0.010410691     -0.24524991      -1.3615069    2.100583e-09      0.42786563       84.942918      0.14182244      0.57202335      0.24579385      0.24712529       2.4743171       7.6775424      0.57160839       3.8675318        3.8675318      0.57160839                               0.57160839
              1       4.2953072     0.022283117      0.11893891     0.010411445     -0.61697383      -1.0838799    2.100583e-09      0.33758551       95.604505      0.14186622      0.66232692      0.24581838       0.2471499       2.4639333        7.636304      0.85555074       3.8675318        3.8675318      0.85555074                               0.85555074
              5       4.2430013      0.02226695      0.11909344     0.010410923     -0.61805835        -1.24149    2.100583e-09      0.32822291       96.990609      0.14200458      0.67169203      0.24581145      0.24714295       2.4668668       7.6357825      0.75093903       3.8675318        3.8675318      0.75093903                               0.75093903
              2       4.3216896     0.022259853      0.11916671     0.010410915     -0.77346654      -1.0914682    2.100583e-09      0.29914647       101.61069      0.14207075      0.70077604      0.24580841       0.2471399       2.4681563       7.6317607      0.90831553       3.8675318        3.8675318      0.90831553                               0.90831553
              1       4.1629713     0.022131044      0.11995212     0.010408835     -0.91775495    -0.082097159    2.100583e-09      0.33427721       96.302994      0.14272735      0.66563659      0.24575254      0.24708382       2.4917315       7.7106275      0.59087901       3.8675318        3.8675318      0.59087901                               0.59087901
              3       4.6807968     0.022069081      0.11993854      0.01041003     -0.82746742     -0.60417406    2.100583e-09      0.32111143       98.280037      0.14265181      0.67880573      0.24572532      0.24705651       2.5031906       7.7022729         1.62653       3.8675318        3.8675318         1.62653                                  1.62653
              1       4.7819622     0.022087073       0.1198438     0.010411265      -1.0533894     0.076298853    2.100583e-09      0.30716484       100.46277      0.14257507      0.69275588      0.24573323      0.24706445       2.4998551       7.7108296       1.8288609       3.8675318        3.8675318       1.8288609                                1.8288609
              2       5.8669315     0.021996889      0.12087608     0.010410143      -1.7007307      0.72659063    2.100583e-09      0.20655056       122.77239      0.14351716      0.79339647      0.24569356      0.24702463       2.5166419       7.7127102       3.9987994       3.8675318        3.8675318       3.9987994                                3.9987994
              1       5.0716558     0.022109598      0.12045679     0.010411119      -1.5341284      0.59608101    2.100583e-09      0.22907983       116.44235      0.14321058       0.7708613      0.24574313      0.24707438       2.4956887       7.6890072        2.408248       3.8675318        3.8675318        2.408248                                 2.408248
              3       4.4549091     0.022128856      0.12015824     0.010409811      -1.3207272      0.19889311    2.100583e-09      0.25192771       110.97156      0.14293129      0.74800743      0.24575158      0.24708286       2.4921348       7.6815103       1.1747546       3.8675318        3.8675318       1.1747546                                1.1747546
              6       4.6579084     0.022101687      0.12022217     0.010408355      -2.1204428       1.8616351    2.100583e-09      0.17968266       131.42766      0.14296805      0.82027109      0.24573966       0.2470709       2.4971508       7.6928336       1.5807531       3.8675318        3.8675318       1.5807531                                1.5807531
              2       5.1226441     0.022069799      0.12079452       0.0104097      -1.1467706     -0.41391696    2.100583e-09      0.26158607        109.0477      0.14350851      0.73834684      0.24572564      0.24705682       2.5030574       7.6966983       2.5102247       3.8675318        3.8675318       2.5102247                                2.5102247
              6       5.9543823     0.022003565      0.12135263     0.010408685       -1.263733     -0.51771528    2.100583e-09      0.23754867        114.5711      0.14400038      0.76239062      0.24569649      0.24702757       2.5153934       7.7117907        4.173701       3.8675318        3.8675318        4.173701                                 4.173701
              4       5.1164573     0.022069181      0.12042102      0.01041052      -1.2231511     -0.24640728    2.100583e-09      0.25157387       111.12635      0.14313439      0.74836145      0.24572536      0.24705655       2.5031721       7.6906435        2.497851       3.8675318        3.8675318        2.497851                                 2.497851
              2       4.2536986     0.022170477      0.11895842     0.010409751      -1.0414811    -0.069802945    2.100583e-09      0.29523086       102.28282      0.14177309       0.7046925      0.24576977      0.24710112       2.4844792       7.6688284      0.77233369       3.8675318        3.8675318      0.77233369                               0.77233369
              9       4.1893879     0.022184343       0.1189652     0.010409846      -1.0316987     -0.11587159    2.100583e-09       0.2946005       102.38761      0.14179373      0.70532304      0.24577581      0.24710718       2.4819365       7.6641673      0.64371228       3.8675318        3.8675318      0.64371228                               0.64371228
              4       5.1690435     0.022206426      0.12026597      0.01041217     -0.93200687     -0.42400997    2.100583e-09      0.30619049       100.64582      0.14311659      0.69373078      0.24578539      0.24711679        2.477895       7.6750097       2.6030235       3.8675318        3.8675318       2.6030235                                2.6030235
              1       5.5087648      0.02227334      0.11983592     0.010413273     -0.68626843     -0.72737297    2.100583e-09       0.3482102       94.283194      0.14275345      0.65170003      0.24581419       0.2471457       2.4657068       7.6643741        3.282466       3.8675318        3.8675318        3.282466                                 3.282466
              3       5.2917105     0.022262157      0.11964755     0.010413372     -0.70943063     -0.44225839    2.100583e-09      0.36300038       92.316978       0.1425539      0.63690591       0.2458094      0.24714089       2.4677375       7.6810552       2.8483575       3.8675318        3.8675318       2.8483575                                2.8483575
              1       5.5034329     0.022149688      0.11837408     0.010412904      -1.4635704      0.90660531    2.100583e-09      0.25189795       110.62919      0.14116796      0.74803638       0.2457607      0.24709201       2.4882988       7.6775133       3.2718021       3.8675318        3.8675318       3.2718021                                3.2718021
              1        5.454015     0.022109169      0.11856336     0.010412126      -1.2586322      0.56043935    2.100583e-09      0.28072989       104.84592      0.14131672        0.719197      0.24574294      0.24707419       2.4957679       7.6934148       3.1729664       3.8675318        3.8675318       3.1729664                                3.1729664
              4       5.7385672     0.022124461      0.11845064      0.01041199      -1.3044256    -0.035201131    2.100583e-09      0.23433891       114.72602      0.14121929      0.76560002      0.24574965      0.24708093       2.4929451       7.6464617       3.7420709       3.8675318        3.8675318       3.7420709                                3.7420709
              2       6.0611242     0.022290128      0.11713761     0.010410496       -1.394833      0.19508389    2.100583e-09      0.22052637       117.91509      0.14007192      0.77941569      0.24582138      0.24715291       2.4626629       7.5885631       4.3871848       3.8675318        3.8675318       4.3871848                                4.3871848
              1       5.4735585     0.022386891      0.11743275      0.01041115      -1.4708096      0.32566308    2.100583e-09      0.21274236       120.06804      0.14046384       0.7872019      0.24586269      0.24719438       2.4452276       7.5709082       3.2120534       3.8675318        3.8675318       3.2120534                                3.2120534
              3       5.6163501      0.02235016      0.11778051     0.010413074    -0.050498312      -1.0879961    2.100583e-09      0.52073904       76.801877      0.14077486      0.47912483      0.24584702      0.24717864        2.451824       7.7065433       3.4976367       3.8675318        3.8675318       3.4976367                                3.4976367
              8       6.7960989     0.022397641      0.11707442     0.010414596     -0.20151883     -0.67584884    2.100583e-09      0.50922206       77.555019      0.14011626      0.49064419      0.24586729      0.24719899       2.4433023       7.7148357       5.8571342       3.8675318        3.8675318       5.8571342                                5.8571342
              2       8.4418764     0.022559812      0.11648517      0.01041568     -0.15477721       -1.007646    2.100583e-09       0.4796581       79.774873      0.13968917      0.52021553      0.24593678      0.24726873       2.4145323        7.624799       9.1486892       3.8675318        3.8675318       9.1486892                                9.1486892
              2       7.4560122     0.022551196      0.11670494     0.010414557     -0.91930689     -0.35132689    2.100583e-09      0.29223221       102.24704      0.13990033      0.70769092      0.24593309      0.24726503        2.416048       7.5470771       7.1769608       3.8675318        3.8675318       7.1769608                                7.1769608
              9       5.9620474     0.022346948      0.11736102     0.010413933     -0.11142418       -1.418722    2.100583e-09      0.45703088       81.921348      0.14035216      0.54284928      0.24584565      0.24717727        2.452402       7.6436629       4.1890311       3.8675318        3.8675318       4.1890311                                4.1890311
              5       7.5654318     0.022509611      0.11668235      0.01041534     -0.31495016      -1.3883058    2.100583e-09       0.3867497       88.890431      0.13983616      0.61314851      0.24591525      0.24724713       2.4233839       7.5684315          7.3958       3.8675318        3.8675318          7.3958                                   7.3958
              1       6.9377547     0.022475718      0.11685871      0.01041508     -0.49804512     -0.61717604    2.100583e-09      0.39841653       87.618289      0.13997862      0.60147873      0.24590072      0.24723254       2.4293873       7.6144525       6.1404458       3.8675318        3.8675318       6.1404458                                6.1404458
              7       6.9142837     0.022472123      0.11674257     0.010414877     -0.47840501     -0.64799851    2.100583e-09      0.40154057       87.260207      0.13985888      0.59835377      0.24589918        0.247231       2.4300253        7.614153       6.0935038       3.8675318        3.8675318       6.0935038                                6.0935038
              3       6.7262299     0.022255421      0.11705167     0.010411745      0.10093577      -1.4445731    2.100583e-09      0.53370137       75.795928      0.13995128      0.46615829      0.24580651      0.24713799        2.468962       7.7034831       5.7173963       3.8675318        3.8675318       5.7173963                                5.7173963
              2       7.2713493     0.021882268      0.12020199     0.010408739     -0.36149826      -1.8916207    2.100583e-09      0.36427725       92.385835      0.14272845      0.63562882      0.24564331       0.2469742       2.5382258       7.7389826        6.807635       3.8675318        3.8675318        6.807635                                 6.807635
              2        7.577856     0.021880098      0.12055459     0.010410807     -0.79204953     -0.78737158    2.100583e-09      0.32285742       98.193011      0.14307888      0.67705954      0.24564236      0.24697325       2.5386371       7.7509594       7.4206484       3.8675318        3.8675318       7.4206484                                7.4206484
              9       4.3281219     0.022133323      0.11937922     0.010408681      -1.0947199     0.071498306    2.100583e-09      0.29389438       102.60483      0.14215674      0.70602953      0.24575354      0.24708483       2.4913115       7.6861458      0.92118027       3.8675318        3.8675318      0.92118027                               0.92118027
              9       5.8599683     0.022341362      0.11914762     0.010407117     -0.40203396     -0.33648111    2.100583e-09      0.48604994       79.686234      0.14213318       0.5138242      0.24584326      0.24717488        2.453408       7.7506908        3.984873       3.8675318        3.8675318        3.984873                                 3.984873
              9       5.8662152       0.0224199       0.1197138     0.010409705     -0.80834672      -0.1206054    2.100583e-09      0.36109569       92.511363      0.14277789      0.63881123       0.2458768      0.24720854       2.4393228       7.6590663       3.9973668       3.8675318        3.8675318       3.9973668                                3.9973668
              2       5.5512961      0.02237048      0.11970665     0.010408195     -0.86927644     -0.58000352    2.100583e-09      0.30935741       99.967354      0.14272132      0.69056282      0.24585569      0.24718735       2.4481713       7.6273068       3.3675287       3.8675318        3.8675318       3.3675287                                3.3675287
              9       4.1607478     0.022286458       0.1191034     0.010408918      -1.0288549      0.13962376    2.100583e-09      0.31436747       99.098795      0.14203405      0.68555108      0.24581981      0.24715134       2.4633279       7.6630794      0.58643207       3.8675318        3.8675318      0.58643207                               0.58643207
              7       4.2387073     0.022318991      0.11885141      0.01040972     -0.65136137      -0.6805973    2.100583e-09      0.35722321       92.911996      0.14181459      0.64268409      0.24583371      0.24716529       2.4574426       7.6454247      0.74235098       3.8675318        3.8675318      0.74235098                               0.74235098
              3       4.4519039     0.022191133      0.12044945     0.010408595      -1.1192716      0.24813489    2.100583e-09      0.30549145        100.7986      0.14328478      0.69443008      0.24577876      0.24711014       2.4806928       7.6999334       1.1687441       3.8675318        3.8675318       1.1687441                                1.1687441
              5       4.6402167      0.02215081      0.12029533     0.010406988      -1.1276329      0.46297215    2.100583e-09      0.32043085       98.411248      0.14309033      0.67948674      0.24576119      0.24709251       2.4880924       7.7258737       1.5453697       3.8675318        3.8675318       1.5453697                                1.5453697
              2       5.3122273     0.021998021      0.12031266     0.010407961    -0.051998394      -2.1499962    2.100583e-09      0.43460317       84.557163      0.14295488      0.56528495      0.24569406      0.24702513       2.5164302       7.7295594        2.889391       3.8675318        3.8675318        2.889391                                 2.889391
              1       6.6105602     0.022039205      0.11874542      0.01041198     -0.26861965      -0.8471155    2.100583e-09      0.47157468       80.943363      0.14142882      0.52830261      0.24571217      0.24704331        2.508744       7.7647921       5.4860568       3.8675318        3.8675318       5.4860568                                5.4860568
              1       6.0626513     0.022221792      0.11846766     0.010414552      -1.0136871     -0.38668994    2.100583e-09      0.27788059       105.31641      0.14133364      0.72204705      0.24579203      0.24712346       2.4750883       7.6361611        4.390239       3.8675318        3.8675318        4.390239                                 4.390239
              4       5.8237084     0.022286659      0.11749487     0.010413324      -1.2999583     0.081349903    2.100583e-09      0.23501611       114.29526      0.14042572       0.7649223      0.24581989      0.24715142       2.4632915       7.5993762       3.9123532       3.8675318        3.8675318       3.9123532                                3.9123532
              3       5.9021797     0.022243096      0.11738192     0.010413052      -1.6612942       1.1866718    2.100583e-09      0.21902761       118.39084      0.14026921      0.78091493      0.24580121      0.24713267       2.4712046       7.6320158       4.0692958       3.8675318        3.8675318       4.0692958                                4.0692958
              1       5.9379577     0.022277995       0.1171027     0.010413106      -1.5989002       1.2070574    2.100583e-09      0.23339703       114.61601      0.14002489      0.76654162      0.24581619       0.2471477       2.4648623        7.633982       4.1408519       3.8675318        3.8675318       4.1408519                                4.1408519
              1       6.2766191     0.022361986      0.11649381     0.010412922      -1.0502467      0.65678705    2.100583e-09      0.34389144        94.29056      0.13949999      0.65601784      0.24585206      0.24718371       2.4496972       7.6765514       4.8181746       3.8675318        3.8675318       4.8181746                                4.8181746
              4       4.8024115     0.022284587      0.11798521     0.010412443     -0.47222446     -0.66774091    2.100583e-09      0.41058455       86.546745      0.14091399      0.58930822      0.24581901      0.24715053       2.4636669       7.6727843       1.8697595       3.8675318        3.8675318       1.8697595                                1.8697595
              1       4.4475085     0.022198127       0.1188904     0.010411662     -0.42766565     -0.70076728    2.100583e-09      0.42887693        84.84329      0.14173272      0.57101171      0.24578179      0.24711319       2.4794126       7.7116747       1.1599534       3.8675318        3.8675318       1.1599534                                1.1599534
              3        4.889431     0.022117394      0.11860644     0.010409957     -0.91525831      0.20133787    2.100583e-09       0.3529132       93.514661      0.14136802      0.64699493      0.24574655      0.24707782        2.494249       7.7247146       2.0437984       3.8675318        3.8675318       2.0437984                                2.0437984
              2       4.5557587     0.022161866      0.11873282     0.010408736     -0.89887408      0.29682208    2.100583e-09       0.3698043       91.357414      0.14153888      0.63009955      0.24576602      0.24709735       2.4860602        7.735696       1.3764538       3.8675318        3.8675318       1.3764538                                1.3764538
              3       4.6233208     0.022199996      0.11901332      0.01040797     -0.83470654      0.35984764    2.100583e-09      0.40415317       87.417464      0.14185751      0.59574198       0.2457826        0.247114       2.4790707       7.7655806       1.5115779       3.8675318        3.8675318       1.5115779                                1.5115779
              5        4.656476     0.022121427      0.11985765     0.010406985     -0.92377344     0.087483154    2.100583e-09      0.34707591       94.499187      0.14262327      0.65283453      0.24574832      0.24707959       2.4935049       7.7262842       1.5778884       3.8675318        3.8675318       1.5778884                                1.5778884
              1       5.3473679      0.02213472      0.12017799     0.010405814      -1.2169889       0.1126611    2.100583e-09      0.27164209       106.86986       0.1429569      0.72828798      0.24575415      0.24708544       2.4910539       7.6860292       2.9596723       3.8675318        3.8675318       2.9596723                                2.9596723
              1       5.1179138     0.022161702      0.11987897     0.010406044      -1.1660009      0.23545028    2.100583e-09      0.29007763       103.35403      0.14268486      0.70984755      0.24576595      0.24709728       2.4860904       7.6889342       2.5007641       3.8675318        3.8675318       2.5007641                                2.5007641
              3       4.6144103     0.022177599      0.11898561     0.010409127      -1.6912791      0.71589984    2.100583e-09      0.19835397       124.78745       0.1418074      0.80159456      0.24577288      0.24710423       2.4831727       7.6401361        1.493757       3.8675318        3.8675318        1.493757                                 1.493757
              1       5.0073658     0.022288083      0.11865087     0.010408967      -1.9067332      0.74721587    2.100583e-09       0.1639584       137.11314      0.14158315      0.83599898       0.2458205      0.24715204       2.4630333        7.596465        2.279668       3.8675318        3.8675318        2.279668                                 2.279668
              2        5.604717     0.022409154      0.11863192     0.010411067      -2.0138085      0.90670157    2.100583e-09      0.15312817       141.80496      0.14168527      0.84683206      0.24587221      0.24720393       2.4412427       7.5675572       3.4743704       3.8675318        3.8675318       3.4743704                                3.4743704
              2        5.016797     0.022414828      0.11857054     0.010411706     -0.74290415     -0.69408227    2.100583e-09      0.32730969       96.980318      0.14162956      0.67260526      0.24587463      0.24720636       2.4402288        7.607482       2.2985305       3.8675318        3.8675318       2.2985305                                2.2985305
              9       4.8071755      0.02236097      0.11903411     0.010411939     -0.76791478     -0.69086219    2.100583e-09      0.32361196       97.631963      0.14203927       0.6763042      0.24585163      0.24718327       2.4498798       7.6242589       1.8792874       3.8675318        3.8675318       1.8792874                                1.8792874
             11       5.7112949     0.022384378      0.11833476     0.010413807      0.23924191      -2.3236832    2.100583e-09       0.4975142       78.638804      0.14136333      0.50235628      0.24586162       0.2471933        2.445678       7.6351576       3.6875263       3.8675318        3.8675318       3.6875263                                3.6875263
              4       6.1758102     0.022298218      0.11831958     0.010414462      -1.1911111     -0.69195912    2.100583e-09       0.2251124       116.94458      0.14126199      0.77482896      0.24582484      0.24715639        2.461198       7.5944581       4.6165568       3.8675318        3.8675318       4.6165568                                4.6165568
              8       6.2317125     0.022198562      0.11883312     0.010415015      -1.0312654      0.27616616    2.100583e-09      0.32230216       97.860771      0.14167587      0.67761411      0.24578198      0.24711337        2.479333       7.6934052       4.7283614       3.8675318        3.8675318       4.7283614                                4.7283614
              2       7.3540543     0.022262347      0.11780235     0.010416277     -0.87344953    -0.068383321    2.100583e-09      0.33369574       95.979206      0.14070889      0.66621698      0.24580948      0.24714097        2.467703       7.6582055        6.973045       3.8675318        3.8675318        6.973045                                 6.973045
              3       6.6733973     0.022337887      0.11712685     0.010414514       -1.043469      0.90856664    2.100583e-09      0.38936392       88.617191      0.14010893      0.61053381      0.24584178      0.24717339       2.4540339       7.7591893       5.6117311       3.8675318        3.8675318       5.6117311                                5.6117311
              4          6.6896     0.022335131      0.11713918     0.010414472      -1.0370878       0.9055987    2.100583e-09      0.39185022       88.330275       0.1401185      0.60804686       0.2458406      0.24717221       2.4545307       7.7625699       5.6441364       3.8675318        3.8675318       5.6441364                                5.6441364
              1       6.5153399     0.022388615      0.11827885     0.010415173      -1.3606168      0.25128988    2.100583e-09      0.23390226       114.67607      0.14131165      0.76603682      0.24586343      0.24719512       2.4449186       7.5919307       5.2956162       3.8675318        3.8675318       5.2956162                                5.2956162
              2       6.2960319     0.022294393      0.11771535      0.01041316      -1.4353752     -0.97480501    2.100583e-09      0.17445291       132.70623      0.14065394      0.82550144       0.2458232      0.24715474       2.4618905       7.5706131       4.8570002       3.8675318        3.8675318       4.8570002                                4.8570002
              4       5.2220245     0.022107541      0.11975939     0.010408757      -1.9655869      0.36019204    2.100583e-09      0.15126851       143.12573      0.14251112      0.84869243      0.24574223      0.24707348       2.4960687       7.6468365       2.7089854       3.8675318        3.8675318       2.7089854                                2.7089854
              6       5.3585074     0.022068684      0.11982859     0.010408955      -1.7333282     0.045878144    2.100583e-09       0.1734287       133.70629      0.14254147      0.82652652      0.24572514      0.24705633       2.5032642        7.660674       2.9819513       3.8675318        3.8675318       2.9819513                                2.9819513
              5       5.4371639     0.022203442      0.11890091     0.010411095      -1.2300805      -2.1065247    2.100583e-09      0.17904984       131.30927      0.14174854      0.82090367       0.2457841       0.2471155       2.4784404       7.6062106       3.1392643       3.8675318        3.8675318       3.1392643                                3.1392643
              1       5.8862586     0.022085653      0.11985294     0.010411227      -1.6676673     -0.83903886    2.100583e-09      0.15888668       139.68715      0.14258278      0.84107231      0.24573261      0.24706382       2.5001182       7.6495577       4.0374536       3.8675318        3.8675318       4.0374536                                4.0374536
              1       5.3593192     0.022092925      0.11953839     0.010411196      -1.2111956     -0.79575564    2.100583e-09      0.22556072       117.17147      0.14227551      0.77438093      0.24573581      0.24706703       2.4987717       7.6579086       2.9835748       3.8675318        3.8675318       2.9835748                                2.9835748
              4        5.186682      0.02209584      0.11968522      0.01041123      -1.1514978      -0.6972541    2.100583e-09      0.24126925       113.32002      0.14242525       0.7586684      0.24573709      0.24706832       2.4982322       7.6646601       2.6383004       3.8675318        3.8675318       2.6383004                                2.6383004
              2       5.1570476     0.022057583       0.1198459      0.01041027     -0.88505162      -1.1435283    2.100583e-09      0.27647045       105.90601      0.14254767      0.72345817      0.24572026      0.24705143       2.5053257       7.6802034       2.5790316       3.8675318        3.8675318       2.5790316                                2.5790316
              2       5.3660033      0.02206239      0.11948404     0.010410492     -0.85218484      -1.3516789    2.100583e-09      0.27148295        106.8061      0.14219062      0.72844678      0.24572237      0.24705355       2.5044328       7.6701081       2.9969431       3.8675318        3.8675318       2.9969431                                2.9969431
              4       4.9528342     0.022150171      0.11835474     0.010410807      -0.6200846     -0.54357414    2.100583e-09      0.37636739       90.502507       0.1411491      0.62353448      0.24576091      0.24709223       2.4882098       7.6916606       2.1706048       3.8675318        3.8675318       2.1706048                                2.1706048
              6       6.5468961     0.022289789       0.1168954     0.010413844     -0.75827523      0.26449624    2.100583e-09      0.40820785       86.631131      0.13982939      0.59168472      0.24582123      0.24715277       2.4627242       7.7263967       5.3587286       3.8675318        3.8675318       5.3587286                                5.3587286
             11        5.805706     0.022233327      0.11752082     0.010413081     -0.67244504     0.032823635    2.100583e-09      0.41475654       86.058463      0.14039833      0.58513474        0.245797      0.24712845       2.4729843       7.7296956       3.8763485       3.8675318        3.8675318       3.8763485                                3.8763485
              6       6.1773111     0.022219543      0.11737558     0.010409432     -0.57263584    -0.061757557    2.100583e-09      0.44323058       83.231808      0.14023931       0.5566531      0.24579106      0.24712248       2.4754987       7.7474731       4.6195586       3.8675318        3.8675318       4.6195586                                4.6195586
              7       6.3117681      0.02224634      0.11703866     0.010409664     -0.72734212     0.031296088    2.100583e-09        0.391467       88.502073      0.13992919      0.60843004       0.2458026      0.24713407       2.4706141       7.6995351       4.8884726       3.8675318        3.8675318       4.8884726                                4.8884726
              2       6.5689792       0.0222714      0.11686988     0.010409378     -0.74306476     -0.18151942    2.100583e-09      0.36169323       92.036125      0.13978547      0.63821154      0.24581336      0.24714487        2.466059       7.6551358       5.4028949       3.8675318        3.8675318       5.4028949                                5.4028949
              7       5.8204763     0.022086804      0.11890398     0.010407731      -1.7101893       0.6734715    2.100583e-09      0.19383953       126.26115      0.14163498      0.80611011      0.24573312      0.24706433        2.499905        7.656123       3.9058891       3.8675318        3.8675318       3.9058891                                3.9058891
              2       6.1040661     0.022056171       0.1191088     0.010407078      -1.7829881      0.95048476    2.100583e-09      0.19381721       126.32878      0.14180916       0.8061325      0.24571964       0.2470508       2.5055882       7.6711148       4.4730687       3.8675318        3.8675318       4.4730687                                4.4730687
              2       6.0813941      0.02220323      0.11863017     0.010406567      -1.0709848      0.90803077    2.100583e-09      0.38785078       89.119626      0.14147759      0.61204833        0.245784       0.2471154       2.4784793       7.7922648       4.4277246       3.8675318        3.8675318       4.4277246                                4.4277246
             11       6.0054721      0.02218966      0.11858973     0.010406484      -1.0362799      0.79871184    2.100583e-09      0.38469695       89.524601      0.14142359      0.61520294      0.24577812       0.2471095       2.4809626       7.7814152       4.2758807       3.8675318        3.8675318       4.2758807                                4.2758807
             16       5.3847346     0.022004877      0.12053505     0.010407467     -0.39051551      -1.8941479    2.100583e-09      0.35817822        93.17491      0.14318411      0.64172972      0.24569707      0.24702815       2.5151481       7.7140643       3.0344056       3.8675318        3.8675318       3.0344056                                3.0344056
              3       5.7709723     0.022050464      0.11930702     0.010408499      -1.2973446     -0.62033643    2.100583e-09      0.21691859       119.45607      0.14200167      0.78302519      0.24571713      0.24704828        2.506649        7.662623        3.806881       3.8675318        3.8675318        3.806881                                 3.806881
              3       5.7347783     0.022055095      0.11936216     0.010406405     -0.92400729     0.091833404    2.100583e-09      0.34520271        94.70054      0.14206145      0.65470786      0.24571916      0.24705033        2.505788        7.733872        3.734493       3.8675318        3.8675318        3.734493                                 3.734493
              3        4.314313     0.022165889      0.11982762     0.010408673     -0.42285137     -0.59542792    2.100583e-09      0.44878241       83.084716       0.1426377       0.5511018      0.24576777      0.24709911       2.4853214       7.7471732      0.89356238       3.8675318        3.8675318      0.89356238                               0.89356238
              6        4.653119     0.022250464      0.11885181     0.010407881      -1.0194054     -0.29477325    2.100583e-09      0.28590029        103.8856      0.14174647      0.71402548      0.24580438      0.24713585       2.4698636        7.638659       1.5711745       3.8675318        3.8675318       1.5711745                                1.5711745
              4       4.5398555     0.022229792      0.11889322     0.010408032     -0.92749529     -0.43441959    2.100583e-09      0.30024533       101.38927       0.1417672      0.69967673      0.24579548      0.24712692       2.4736288       7.6465842       1.3446473       3.8675318        3.8675318       1.3446473                                1.3446473
              3       4.4754368     0.022199933      0.11891533     0.010408086      -1.4530285      0.80038798    2.100583e-09      0.25101585        110.9044      0.14175945      0.74891898      0.24578258      0.24711397       2.4790823       7.6659966       1.2158101       3.8675318        3.8675318       1.2158101                                1.2158101
              1       5.1503764     0.022051932      0.12046766     0.010406593      -1.3654211      0.62739333    2.100583e-09      0.26994989       107.29349      0.14316378      0.72998072      0.24571777      0.24704893        2.506376       7.7237073       2.5656891       3.8675318        3.8675318       2.5656891                                2.5656891
              5       4.8342419     0.022049793      0.11995483     0.010407704       -1.317763      0.75570027    2.100583e-09       0.2888226       103.63917      0.14264881      0.71110289      0.24571683      0.24704799       2.5067739       7.7367334       1.9334202       3.8675318        3.8675318       1.9334202                                1.9334202
              1       4.7724658     0.022073683      0.12009153      0.01040725      -1.2229566      0.43555374    2.100583e-09      0.29063053       103.33033      0.14280941      0.70929458      0.24572734      0.24705854       2.5023368        7.719542       1.8098681       3.8675318        3.8675318       1.8098681                                1.8098681
              4       4.1316543     0.022224493      0.11980203      0.01040904      -1.7301048       1.5785916    2.100583e-09         0.24338       112.76642      0.14267071      0.75655722       0.2457932      0.24712463       2.4745953       7.7037269      0.52824504       3.8675318        3.8675318      0.52824504                               0.52824504
              2       4.4192347     0.022261562      0.11928453     0.010409506      -2.1336699       1.7166851    2.100583e-09      0.16636303       136.28167      0.14219029      0.83359391      0.24580914      0.24714063       2.4678457       7.6309086       1.1034059       3.8675318        3.8675318       1.1034059                                1.1034059
              1       5.0705418     0.022230882      0.11860646     0.010408215       -1.554506      0.26694944    2.100583e-09      0.20221415       123.48312      0.14148154      0.79773325      0.24579595      0.24712739       2.4734301       7.6165437       2.4060199       3.8675318        3.8675318       2.4060199                                2.4060199
              7       5.3007271     0.022072408      0.11968658     0.010408396      -1.4962209     -0.22572315    2.100583e-09      0.19971003       124.56624      0.14240318      0.80023836      0.24572678      0.24705797       2.5025734       7.6624584       2.8663906       3.8675318        3.8675318       2.8663906                                2.8663906
              4       4.9246202     0.022221593      0.11934315     0.010410522      -1.5734821     -0.52078794    2.100583e-09      0.17627836       132.42833      0.14220894      0.82367602      0.24579194      0.24712337       2.4751246        7.615634       2.1141769       3.8675318        3.8675318       2.1141769                                2.1141769
              3       5.9500339     0.022302812      0.11761838     0.010411904      -1.7095474     -0.16517408    2.100583e-09      0.15954599       138.73925      0.14056538      0.84041223       0.2458268      0.24715836       2.4603668       7.5680881       4.1650041       3.8675318        3.8675318       4.1650041                                4.1650041
              1       5.7337481     0.022284016      0.11780421     0.010411702      -1.6500467     -0.23958335    2.100583e-09      0.16631073       135.94263      0.14073242      0.83364577      0.24581876      0.24715029       2.4637705       7.5765213       3.7324327       3.8675318        3.8675318       3.7324327                                3.7324327
              3       5.5658914     0.022264891      0.11842422      0.01041018      -1.5965758      -1.4119177    2.100583e-09      0.14810657       144.22135       0.1413333      0.85185486      0.24581057      0.24714207       2.4672409       7.5812477       3.3967192       3.8675318        3.8675318       3.3967192                                3.3967192
              1        5.665527     0.022247712      0.12007933     0.010408656      -1.6128253      -1.3965009    2.100583e-09      0.15408062       141.80993      0.14297124      0.84587972      0.24580319      0.24713466       2.4703644       7.6133848       3.5959904       3.8675318        3.8675318       3.5959904                                3.5959904
              2       5.4618334     0.022292492      0.11980161     0.010409645       -1.396464      -1.2199411    2.100583e-09       0.1836013        129.8249       0.1427383      0.81635136      0.24582239      0.24715393       2.4622347       7.6049478       3.1886031       3.8675318        3.8675318       3.1886031                                3.1886031
              4        5.582415     0.022209746      0.12040121     0.010410378      -1.5462826      -0.8895178    2.100583e-09      0.17501285       133.15285      0.14325515      0.82494219      0.24578683      0.24711824       2.4772881       7.6332217       3.4297664       3.8675318        3.8675318       3.4297664                                3.4297664
              3       6.6789811     0.022053512      0.12171982     0.010411144     -0.13740236       -2.138225    2.100583e-09      0.41737273       86.470543      0.14441753      0.58252091      0.24571847      0.24704963       2.5060824       7.7337291       5.6228987       3.8675318        3.8675318       5.6228987                                5.6228987
              4       6.4247089     0.021975719      0.12170605     0.010410019       -0.480115      -1.0771135    2.100583e-09      0.39593129       88.807478      0.14432596      0.60396775      0.24568426       0.2470153       2.5206073       7.7657001       5.1143543       3.8675318        3.8675318       5.1143543                                5.1143543
              2       6.1974726     0.021984693      0.12120965     0.010410832     -0.29805184      -1.5702105    2.100583e-09      0.40912927       87.287126      0.14383853      0.59076606       0.2456882      0.24701925       2.5189252       7.7498849       4.6598816       3.8675318        3.8675318       4.6598816                                4.6598816
              3       6.2235526      0.02200244      0.12098216     0.010411532       -0.306009      -1.3197631    2.100583e-09      0.42507043       85.595596      0.14362879      0.57482065        0.245696      0.24702708       2.5156037       7.7551245       4.7120415       3.8675318        3.8675318       4.7120415                                4.7120415
              7       5.6021881     0.022189253      0.11992917     0.010410836     0.043535336      -1.0001918    2.100583e-09      0.58626938       72.698328      0.14276261      0.41357949      0.24577794      0.24710932       2.4810371       7.8236909       3.4693126       3.8675318        3.8675318       3.4693126                                3.4693126
              1       5.1227743      0.02221577      0.11950615     0.010411221    -0.022027454     -0.99405489    2.100583e-09      0.55621955       74.574245      0.14236611      0.44363666      0.24578943      0.24712085       2.4761877       7.7878014        2.510485       3.8675318        3.8675318        2.510485                                 2.510485
              2        4.831586      0.02221171      0.11967859      0.01041102     -0.11838074     -0.93927157    2.100583e-09      0.52438999       76.828113      0.14253449      0.47547461      0.24578767      0.24711909       2.4769293       7.7686159       1.9281085       3.8675318        3.8675318       1.9281085                                1.9281085
              1       5.0178318     0.022191164      0.11970753     0.010410922    -0.015298655      -1.0748606    2.100583e-09      0.54926517       75.078249      0.14254288      0.45059302      0.24577877      0.24711015       2.4806872        7.782578       2.3006001       3.8675318        3.8675318       2.3006001                                2.3006001
              4       5.5122044     0.022102549      0.12063374      0.01041057     -0.24703087     -0.65389958    2.100583e-09      0.51556084       77.643921      0.14338048      0.48430683      0.24574004      0.24707128       2.4969913       7.8169849       3.2893453       3.8675318        3.8675318       3.2893453                                3.2893453
              2       5.8644607     0.022271494      0.12092387     0.010409268     -0.54907809     -0.37728489    2.100583e-09      0.43210874       84.793737      0.14383955       0.5677807       0.2458134      0.24714491       2.4660418       7.7381316       3.9938579       3.8675318        3.8675318       3.9938579                                3.9938579
              1       6.3694988      0.02227909      0.12099584     0.010409485     -0.46354881     -0.34234833    2.100583e-09        0.469596       81.346222      0.14391912      0.53028392      0.24581665      0.24714817       2.4646636       7.7680951       5.0039341       3.8675318        3.8675318       5.0039341                                5.0039341
              1       6.7575486     0.022421152      0.11971454     0.010412672     -0.55746447     -0.16319329    2.100583e-09      0.44617144       83.224946      0.14277988      0.55371356      0.24587734      0.24720908       2.4390994       7.7213641       5.7800336       3.8675318        3.8675318       5.7800336                                5.7800336
              1       6.8566739     0.022407331      0.11988137     0.010412643     -0.74434734      0.23408154    2.100583e-09      0.42561376       85.240146      0.14293289      0.57427666      0.24587143      0.24720315       2.4415687       7.7407578       5.9782843       3.8675318        3.8675318       5.9782843                                5.9782843
              9       7.9260543     0.022531633      0.11879229     0.010412786      0.14646829      -1.4685193    2.100583e-09      0.55668089       74.356888      0.14196811      0.44317481       0.2459247      0.24725661        2.419495       7.6780589        8.117045       3.8675318        3.8675318        8.117045                                 8.117045
              2       8.3323501     0.022538169      0.11880139     0.010413186      0.17840407      -1.4715669    2.100583e-09      0.56910663        73.53988      0.14198375      0.43074586       0.2459275      0.24725942       2.4183426       7.6858034       8.9296367       3.8675318        3.8675318       8.9296367                                8.9296367
              8       7.4711008      0.02239089      0.11933127     0.010414013      0.13015706      -1.2270044    2.100583e-09      0.58545952       72.614721      0.14236635      0.41438914       0.2458644      0.24719609       2.4445111        7.755258       7.2071381       3.8675318        3.8675318       7.2071381                                7.2071381
              3       7.3849988     0.022396622      0.11926673     0.010413817      0.18378262      -1.3288161    2.100583e-09       0.5936111        72.10477      0.14230755      0.40623539      0.24586685      0.24719855       2.4434846        7.751643        7.034934       3.8675318        3.8675318        7.034934                                 7.034934
              3       5.5502168     0.022350625      0.11739177     0.010409769      -1.2564059       1.2040556    2.100583e-09      0.34233335       94.288399      0.14038659      0.65757691      0.24584721      0.24717884       2.4517403       7.7430864       3.3653701       3.8675318        3.8675318       3.3653701                                3.3653701
              1        5.532211     0.022247297      0.11797403     0.010413206     -0.67498689      -1.3098813    2.100583e-09      0.30298169       100.76283      0.14086552      0.69693915      0.24580302      0.24713448       2.4704399       7.6152346       3.3293585       3.8675318        3.8675318       3.3293585                                3.3293585
              2       5.7536535     0.022292531      0.11773625     0.010413966     -0.31111984      -1.6935106    2.100583e-09      0.37234455       90.839967      0.14067297      0.62755803      0.24582241      0.24715395       2.4622276        7.617248       3.7722435       3.8675318        3.8675318       3.7722435                                3.7722435
              3       6.7188048     0.022368213       0.1172741     0.010415214     -0.47071961      -1.4314726    2.100583e-09      0.34245782       94.615697       0.1402865      0.65745234      0.24585472      0.24718638       2.4485785       7.5894431        5.702546       3.8675318        3.8675318        5.702546                                 5.702546
              3       5.8980889     0.022338359      0.11921776      0.01041414     -0.21923226      -1.6391449    2.100583e-09      0.41233415       86.527938      0.14220031      0.58755914      0.24584198      0.24717359        2.453949       7.6433675       4.0611143       3.8675318        3.8675318       4.0611143                                4.0611143
              1       5.9354789     0.022060665      0.12039155     0.010412308     -0.10166415       -1.437642    2.100583e-09      0.47864229       80.563381      0.14309641      0.52123461      0.24572162      0.24705279       2.5047532       7.7544676       4.1358942       3.8675318        3.8675318       4.1358942                                4.1358942
              2       6.2022218     0.022454265      0.11815295     0.010413363     -0.29413389     -0.50543184    2.100583e-09       0.4998962       78.404481       0.1412514      0.49997356      0.24589152      0.24722331       2.4331985       7.7187958         4.66938       3.8675318        3.8675318         4.66938                                  4.66938
              1       6.8763025     0.022486384      0.11656936     0.010413448    -0.047792049      -1.7287265    2.100583e-09      0.44385315       82.966804      0.13969994      0.55602992      0.24590529      0.24723713       2.4274956       7.5853773       6.0175415       3.8675318        3.8675318       6.0175415                                6.0175415
              5       5.9666635     0.022356899      0.11769734     0.010407801     -0.15042362      -1.6179238    2.100583e-09      0.42897639       84.603995      0.14069843       0.5709114      0.24584989      0.24718153       2.4506117       7.6235674       4.1982635       3.8675318        3.8675318       4.1982635                                4.1982635
              8       5.4249113     0.022306973      0.11810819     0.010407907     -0.16904425      -2.2749369    2.100583e-09      0.37647502       90.393436      0.14105935      0.62342676      0.24582858      0.24716014       2.4596142       7.6094425        3.114759       3.8675318        3.8675318        3.114759                                 3.114759
              6       6.8153562      0.02238926      0.11726057     0.010408473     -0.22265824     -0.55642837    2.100583e-09      0.52089594        76.70861      0.14029402      0.47896742      0.24586371      0.24719539        2.444803       7.7370938       5.8956489       3.8675318        3.8675318       5.8956489                                5.8956489
              1       5.4205869     0.022130465      0.12051768     0.010405769     -0.56084337     -0.45898029    2.100583e-09      0.41875814       86.125237      0.14329234      0.58113431      0.24575229      0.24708357       2.4918381       7.7494566       3.1061102       3.8675318        3.8675318       3.1061102                                3.1061102
              6       5.6106381     0.022133109      0.12058325     0.010405554     -0.47660252     -0.60687649    2.100583e-09      0.43355018       84.651761      0.14336055      0.56633852      0.24575344      0.24708473       2.4913508       7.7509837       3.4862127       3.8675318        3.8675318       3.4862127                                3.4862127
              6       6.1269293     0.022125353      0.12072171      0.01040577      -1.1459102      -1.2694517    2.100583e-09      0.22714908       116.98116      0.14349126      0.77279266      0.24575004      0.24708132       2.4927807        7.665133       4.5187949       3.8675318        3.8675318       4.5187949                                4.5187949
              6       8.2993884     0.021942336      0.12272504     0.010404877     -0.27926276       -2.471212    2.100583e-09      0.36790287       92.298021      0.14531157      0.63200395      0.24566962      0.24700061       2.5268797       7.7574977       8.8637133       3.8675318        3.8675318       8.8637133                                8.8637133
              1       7.7008152     0.021943254      0.12248541     0.010405686     -0.38358259      -2.3246107    2.100583e-09      0.34856188        94.78597      0.14507285       0.6513497      0.24567003      0.24700101       2.5267069        7.751182       7.6665668       3.8675318        3.8675318       7.6665668                                7.6665668
              4       7.3692731     0.022057477      0.12144122     0.010403729      -1.7725055       1.2504307    2.100583e-09      0.22160027       118.61368      0.14414289      0.77834315      0.24572021      0.24705138       2.5053455       7.7258002       7.0034826       3.8675318        3.8675318       7.0034826                                7.0034826
              2       4.3880027     0.022271921      0.11946891     0.010408179      -1.4035466      0.74466887    2.100583e-09      0.26165664       108.69745      0.14238502      0.73827573      0.24581358      0.24714509       2.4659644       7.6620238       1.0409419       3.8675318        3.8675318       1.0409419                                1.0409419
              7       4.1992988     0.022215691      0.11911542     0.010408652      -1.4661265       1.3443097    2.100583e-09      0.29599246       102.09299      0.14197531      0.70393082       0.2457894      0.24712082        2.476202       7.7360674      0.66353402       3.8675318        3.8675318      0.66353402                               0.66353402
              1       4.2369279     0.022262691      0.11917347     0.010409873      -1.5240742      0.59967057    2.100583e-09      0.22458042        117.2723      0.14208036       0.7753614      0.24580963      0.24714112       2.4676406       7.6342881      0.73879224       3.8675318        3.8675318      0.73879224                               0.73879224
              2       4.9292963     0.022388983      0.11822633     0.010409832      -1.2773151      0.18588397    2.100583e-09      0.24947692       111.02856       0.1412595      0.75045808      0.24586359      0.24719528       2.4448527       7.5953325        2.123529       3.8675318        3.8675318        2.123529                                 2.123529
              6       4.9793305     0.022396198      0.11814396     0.010409979      -1.3147274      0.26965863    2.100583e-09      0.24539631       111.92865      0.14118435      0.75453972      0.24586667      0.24719837       2.4435604       7.5928098       2.2235975       3.8675318        3.8675318       2.2235975                                2.2235975
              3       4.8809522     0.022379647      0.11827228     0.010409786      -1.3014614      0.19837025    2.100583e-09      0.24516685       112.01339      0.14129612      0.75476929       0.2458596      0.24719127       2.4465264       7.5962393       2.0268408       3.8675318        3.8675318       2.0268408                                2.0268408
              4       4.9991234     0.022387895      0.11735241      0.01041232      -1.1114021      0.65200148    2.100583e-09      0.32580564       97.008856      0.14038449      0.67410895      0.24586312      0.24719481       2.4450477       7.6612826       2.2631833       3.8675318        3.8675318       2.2631833                                2.2631833
             10       4.1299923     0.022166022      0.12010555     0.010409648      -1.3845353      0.95210114    2.100583e-09      0.28615316       104.09851      0.14291576      0.71377316      0.24576783      0.24709917        2.485297       7.7220016      0.52492111       3.8675318        3.8675318      0.52492111                               0.52492111
              8       4.0800997     0.022191559      0.11973139     0.010410649      -1.0236233      0.14605949    2.100583e-09      0.31981731       98.394583      0.14256714      0.68010013      0.24577894      0.24711032       2.4806149       7.6960791      0.42513588       3.8675318        3.8675318      0.42513588                               0.42513588
              7       3.9863213     0.022216681      0.11936657     0.010410655      -1.0265973      0.09991729    2.100583e-09      0.31317881       99.359713      0.14222745      0.68674015      0.24578982      0.24712124       2.4760212       7.6800301      0.23757895       3.8675318        3.8675318      0.23757895                               0.23757895
              4       3.9704552     0.022196841      0.11971388     0.010409725     -0.94685196     0.028803601    2.100583e-09      0.33281011       96.449884      0.14255491      0.66710397      0.24578124      0.24711263        2.479648       7.6971796      0.20584689       3.8675318        3.8675318      0.20584689                               0.20584689
              5        6.707009     0.021996767      0.12025677      0.01041278     -0.55547334     -0.68124101    2.100583e-09      0.39605888       88.568182      0.14289773      0.60383912       0.2456935      0.24702457       2.5166648       7.7556724       5.6789543       3.8675318        3.8675318       5.6789543                                5.6789543
              3       5.7517552     0.022041459       0.1195638     0.010411302     0.054026234      -1.6232999    2.100583e-09      0.51113866       77.856439      0.14224945       0.4887291      0.24571316       0.2470443       2.5083245       7.7566609       3.7684468       3.8675318        3.8675318       3.7684468                                3.7684468
              2       5.6556501     0.022039199      0.11962021     0.010411133     0.030587032      -1.6091943    2.100583e-09      0.50447592       78.377188       0.1423036      0.49539361      0.24571217      0.24704331       2.5087452       7.7549644       3.5762367       3.8675318        3.8675318       3.5762367                                3.5762367
              2        5.704642     0.022159762      0.11818243     0.010413089     -0.67078151     -0.47031418    2.100583e-09      0.36500872       91.868852      0.14098639        0.634896       0.2457651      0.24709643       2.4864468       7.6849851       3.6742205       3.8675318        3.8675318       3.6742205                                3.6742205
              4       5.9010205     0.022177745      0.11788926     0.010412789     -0.55041444       -1.221487    2.100583e-09      0.34045139       95.069105       0.1407112      0.65945957      0.24577294       0.2471043        2.483146       7.6431253       4.0669774       3.8675318        3.8675318       4.0669774                                4.0669774
              2       6.1039625     0.022137186      0.11795203     0.010412063     -0.67220735      -1.0650122    2.100583e-09      0.31928265       98.197008      0.14073341      0.68063385      0.24575523      0.24708652       2.4905998       7.6485227       4.4728614       3.8675318        3.8675318       4.4728614                                4.4728614
              1        5.739901     0.022156102      0.11812089     0.010411526     -0.73576125      -1.4291938    2.100583e-09      0.28438708       104.06988      0.14092119      0.71553865       0.2457635      0.24709483       2.4871194       7.6305615       3.7447384       3.8675318        3.8675318       3.7447384                                3.7447384
              1       5.7309052      0.02214889      0.11824049     0.010411691     -0.80196908      -1.3389763    2.100583e-09      0.27501729       105.85294      0.14103357      0.72491095      0.24576035      0.24709166       2.4884454       7.6325999       3.7267469       3.8675318        3.8675318       3.7267469                                3.7267469
              1       5.4150683     0.022190431      0.11823497     0.010412218     -0.99099051     -0.81725447    2.100583e-09      0.25968251       108.91412      0.14106959      0.74024974      0.24577845      0.24710983       2.4808215         7.62535        3.095073       3.8675318        3.8675318        3.095073                                 3.095073
              5       6.0817178     0.022085012       0.1206489     0.010406145      -1.5892083     -0.57625807    2.100583e-09      0.18035647       131.28761      0.14337811      0.81959724      0.24573233      0.24706354        2.500237       7.6673968        4.428372       3.8675318        3.8675318        4.428372                                 4.428372
             10       8.4197101     0.021866627      0.12098332     0.010404857      -1.2291209     -0.78147113    2.100583e-09      0.23350414       115.55229      0.14349414      0.76643597      0.24563646      0.24696732       2.5411929       7.7333087       9.1043567       3.8675318        3.8675318       9.1043567                                9.1043567
              3       5.6470712     0.022182328      0.11945133      0.01040607      -1.3988087    -0.058146803    2.100583e-09      0.22160798       118.15107      0.14227785       0.7783347      0.24577493       0.2471063       2.4823059       7.6420096       3.5590789       3.8675318        3.8675318       3.5590789                                3.5590789
              1       5.6462787     0.022312051      0.11814088     0.010410916       -1.785768     -0.63721645    2.100583e-09      0.14168661       147.35216      0.14109712      0.85827643      0.24583075      0.24716232       2.4586963       7.5676035       3.5574939       3.8675318        3.8675318       3.5574939                                3.5574939
              1       4.9425369     0.022215893      0.11914456     0.010409388      -1.9474329      0.35797153    2.100583e-09      0.15029167       143.37552      0.14200465      0.84966938      0.24578948       0.2471209       2.4761651        7.612369       2.1500102       3.8675318        3.8675318       2.1500102                                2.1500102
              5       4.9638832     0.022206653      0.11934187     0.010409396      -2.0134212       0.3849241    2.100583e-09      0.14396444       146.54745      0.14219271       0.8559983      0.24578549      0.24711689       2.4778534       7.6160135       2.1927028       3.8675318        3.8675318       2.1927028                                2.1927028
              7       5.2094725     0.022185712      0.11950951     0.010408479      -1.8542072     -0.27928751    2.100583e-09      0.14831068         144.438      0.14233941      0.85165097       0.2457764      0.24710778       2.4816857       7.6208787       2.6838814       3.8675318        3.8675318       2.6838814                                2.6838814
              1       5.0676689     0.022268493      0.11938152      0.01040954      -1.7775126     -0.18750137    2.100583e-09      0.15845305       139.66143      0.14229421      0.84150597      0.24581211      0.24714362       2.4665867       7.6032053       2.4002743       3.8675318        3.8675318       2.4002743                                2.4002743
              1       4.6381135     0.022218326      0.11947606     0.010408892      -2.0993569       1.3018599    2.100583e-09      0.15805696        139.8873      0.14233858      0.84190217      0.24579053      0.24712196       2.4757208       7.6295445       1.5411633       3.8675318        3.8675318       1.5411633                                1.5411633
              3       4.3358257     0.022328445      0.11823668       0.0104102     -0.70422691     -0.26252753    2.100583e-09      0.37373911       90.736001      0.14120932      0.62616349      0.24583775      0.24716934       2.4557364       7.6627552      0.93658777       3.8675318        3.8675318      0.93658777                               0.93658777
              1       4.0719627     0.022261202      0.11938842     0.010409975      -0.4814476     -0.80911303    2.100583e-09      0.40280713       87.598276      0.14229381      0.59708869      0.24580899      0.24714048       2.4679111       7.6831881      0.40886185       3.8675318        3.8675318      0.40886185                               0.40886185
              3       4.0748936     0.022259034       0.1194109     0.010409991     -0.49225678     -0.73813552    2.100583e-09      0.40598216       87.259199      0.14231413      0.59391285      0.24580806      0.24713954       2.4683052       7.6886102      0.41472355       3.8675318        3.8675318      0.41472355                               0.41472355
              7       4.3171649     0.022122922       0.1200531     0.010408038      -1.4479461       1.0206404    2.100583e-09      0.27462781       106.26964      0.14282021      0.72530142      0.24574898      0.24708025        2.493229        7.724573      0.89926618       3.8675318        3.8675318      0.89926618                               0.89926618
              6       5.5470911     0.022271756      0.11948664     0.010406764      -1.3649236     -0.28216929    2.100583e-09      0.21819957       119.03417      0.14240259      0.78174404      0.24581351      0.24714502       2.4659943       7.6189259       3.3591187       3.8675318        3.8675318       3.3591187                                3.3591187
              1       5.0424376     0.022327405      0.11910188     0.010408174     -0.64497439      -1.5647661    2.100583e-09      0.30357972       100.82716      0.14207348      0.69634164      0.24583731       0.2471689       2.4559239       7.6100953       2.3498117       3.8675318        3.8675318       2.3498117                                2.3498117
              3       5.0199191     0.022319264      0.11933894      0.01040828     -0.66068784      -1.6060517    2.100583e-09      0.29917637       101.61119       0.1423024      0.70074626      0.24583383      0.24716541       2.4573933       7.6139554       2.3047747       3.8675318        3.8675318       2.3047747                                2.3047747
             10       4.0242096     0.022211486      0.11961085     0.010409854     -0.50509853     -0.79753333    2.100583e-09      0.39778104       88.201376      0.14246653      0.60211621      0.24578758      0.24711899       2.4769702        7.694782      0.31335562       3.8675318        3.8675318      0.31335562                               0.31335562
              1       4.0245289      0.02221224       0.1196102     0.010409863     -0.50548778     -0.79907707    2.100583e-09      0.39750511       88.231614      0.14246663      0.60239221       0.2457879      0.24711932       2.4768324       7.6944109      0.31399423       3.8675318        3.8675318      0.31399423                               0.31399423
              4       4.1516043      0.02219158      0.11990359     0.010409459     -0.37949324     -0.96877907    2.100583e-09      0.42550269       85.329402      0.14273936       0.5743876      0.24577895      0.24711033       2.4806111        7.710162      0.56814503       3.8675318        3.8675318      0.56814503                               0.56814503
              9       4.4156608      0.02225904      0.11996047     0.010408962     -0.39882555      -1.2800825    2.100583e-09      0.39261181       88.815941       0.1428637      0.60728705      0.24580806      0.24713955        2.468304       7.6710969        1.096258       3.8675318        3.8675318        1.096258                                 1.096258
              5       5.1042099     0.022080075      0.12026437     0.010407196     -0.64284028      -1.6935771    2.100583e-09      0.30591432       100.74299      0.14298863      0.69400695      0.24573016      0.24706136       2.5011516       7.6823234       2.4733562       3.8675318        3.8675318       2.4733562                                2.4733562
              2       4.6727311     0.022178252      0.11956809     0.010409383     -0.86262857      -1.6822336    2.100583e-09      0.25522298       110.11958      0.14239053      0.74471106      0.24577316      0.24710452       2.4830531       7.6385653       1.6103987       3.8675318        3.8675318       1.6103987                                1.6103987
             12       5.1098231     0.022067309      0.12071529     0.010408482     -0.18350422      -2.8921816    2.100583e-09      0.35386715       93.745385       0.1434268      0.64604205      0.24572454      0.24705572       2.5035195       7.6919319       2.4845826       3.8675318        3.8675318       2.4845826                                2.4845826
              2       5.2843795     0.022348778      0.11948706     0.010409054      -1.1146412     -0.78450725    2.100583e-09      0.24285487       112.79499      0.14248003      0.75708241      0.24584643      0.24717805       2.4520727       7.6039889       2.8336954       3.8675318        3.8675318       2.8336954                                2.8336954
              2       5.2853022     0.022349044       0.1194853     0.010409057      -1.1134635     -0.78677348    2.100583e-09      0.24297359       112.76697      0.14247854      0.75696365      0.24584654      0.24717817       2.4520248       7.6039123       2.8355409       3.8675318        3.8675318       2.8355409                                2.8355409
              2       4.3739864     0.022325421      0.11913246     0.010409159     -0.89661232      -0.2095716    2.100583e-09      0.32456177       97.519511      0.14210207      0.67535417      0.24583646      0.24716805       2.4562818       7.6471973       1.0129092       3.8675318        3.8675318       1.0129092                                1.0129092
              1       5.3480803     0.022312005      0.11810795     0.010413952      -1.7278435       1.2703388    2.100583e-09      0.21246619       120.32355      0.14106415      0.78747838      0.24583073       0.2471623       2.4587046       7.6247039       2.9610969       3.8675318        3.8675318       2.9610969                                2.9610969
              4       5.3546783     0.022313126      0.11809862     0.010413961      -1.7280496       1.2715273    2.100583e-09      0.21244297       120.32762      0.14105593       0.7875016      0.24583121      0.24716278        2.458502       7.6243766       2.9742929       3.8675318        3.8675318       2.9742929                                2.9742929
             11       4.7509999     0.022348307      0.11862619     0.010412571      -1.9123152       1.6656322    2.100583e-09      0.19990279       124.13698      0.14161869      0.80004526      0.24584623      0.24717785       2.4521574       7.6291167       1.7669363       3.8675318        3.8675318       1.7669363                                1.7669363
              3       4.7118909     0.022335868      0.11868235     0.010412784       -1.949346       1.9043966    2.100583e-09      0.20659081       121.99209      0.14166241      0.79335552      0.24584092      0.24717252       2.4543979       7.6541938       1.6887182       3.8675318        3.8675318       1.6887182                                1.6887182
              6       4.8076867     0.022342447      0.11872041     0.010413133      -1.6548873       1.4418698    2.100583e-09      0.24500304       112.14548      0.14170705      0.75493333      0.24584372      0.24717534       2.4532126       7.6616306       1.8803098       3.8675318        3.8675318       1.8803098                                1.8803098
              2       4.7553279     0.022367641      0.11882919     0.010412534      -1.5717232       1.2832945    2.100583e-09      0.25436726       110.07761      0.14184102      0.74556674      0.24585448      0.24718613       2.4486812       7.6565497       1.7755922       3.8675318        3.8675318       1.7755922                                1.7755922
              3       5.7246021     0.022367782      0.11752262     0.010414305     -0.75127884      0.18015949    2.100583e-09      0.40187842       87.379254      0.14053459      0.59801634      0.24585454      0.24718619       2.4486558       7.7019843       3.7141406       3.8675318        3.8675318       3.7141406                                3.7141406
             15       4.6441172     0.022227879      0.11871566     0.010412026     -0.53179366     -0.19253364    2.100583e-09      0.44845212       82.935897      0.14158773      0.55143132      0.24579466      0.24712609       2.4739777       7.7528563       1.5531707       3.8675318        3.8675318       1.5531707                                1.5531707
              5       5.0371305     0.022212527      0.11873144     0.010412011     -0.52117996    -0.035152694    2.100583e-09      0.47679374       80.440311      0.14158816      0.52308233      0.24578803      0.24711944         2.47678       7.7976313       2.3391974       3.8675318        3.8675318       2.3391974                                2.3391974
              1       4.8882702     0.022115944      0.11923056     0.010408795     -0.58393378       -1.798904    2.100583e-09      0.30721252       100.33766      0.14199069      0.69270785      0.24574592      0.24707718       2.4945167       7.6577855       2.0414768       3.8675318        3.8675318       2.0414768                                2.0414768
              2        5.485539     0.022164747      0.11977035     0.010405683     -0.14475055      -2.2018448    2.100583e-09      0.39999009       87.998235      0.14257929      0.59990666      0.24576728      0.24709861       2.4855311       7.6726347       3.2360145       3.8675318        3.8675318       3.2360145                                3.2360145
              3         5.89814     0.022114011      0.12072343     0.010405275     -0.25493523       -2.295837    2.100583e-09      0.37036453       91.617442      0.14348164      0.62954048      0.24574507      0.24707633       2.4948736       7.6897255       4.0612164       3.8675318        3.8675318       4.0612164                                4.0612164
              5       5.9201189     0.022124639      0.12073172     0.010405252     -0.22378752      -2.3463196    2.100583e-09       0.3754475       90.992455      0.14350055      0.62445621      0.24574973      0.24708101       2.4929123       7.6880389       4.1051742       3.8675318        3.8675318       4.1051742                                4.1051742
              1       7.6765585     0.022051293      0.12040082     0.010403382     -0.72479405      -1.4772959    2.100583e-09      0.30059663       101.66577       0.1430963      0.69932606      0.24571749      0.24704865       2.5064949       7.6910672       7.6180534       3.8675318        3.8675318       7.6180534                                7.6180534
              1       7.1085604      0.02224349      0.12104558     0.010409735     -0.27434396     -0.36051698    2.100583e-09      0.55011003       75.175137      0.14393326      0.44974931      0.24580138      0.24713284       2.4711329       7.8492472       6.4820572       3.8675318        3.8675318       6.4820572                                6.4820572
              2       7.9954188     0.022182666      0.12153815     0.010409012     -0.27247464     -0.27144555    2.100583e-09      0.57030271       73.911799      0.14436501       0.4295519      0.24577508      0.24710645       2.4822438       7.8967551       8.2557741       3.8675318        3.8675318       8.2557741                                8.2557741
              4       7.2962314     0.022123398      0.12091197      0.01041105     0.060003289     -0.87482462    2.100583e-09      0.61887764       70.894447      0.14367956      0.38096384      0.24574919      0.24708046       2.4931411       7.8922171       6.8573992       3.8675318        3.8675318       6.8573992                                6.8573992
              5       4.8111086     0.022167505      0.12019046     0.010409123     -0.42320001     -0.30418263    2.100583e-09      0.48789071       79.734016      0.14300215      0.51198373      0.24576848      0.24709982       2.4850248       7.8035153       1.8871537       3.8675318        3.8675318       1.8871537                                1.8871537
              5       5.0283329     0.022165866       0.1203196     0.010409271     -0.34987968     -0.40051359    2.100583e-09      0.50609266       78.304739      0.14312966      0.49377721      0.24576776       0.2470991       2.4853256       7.8130287       2.3216022       3.8675318        3.8675318       2.3216022                                2.3216022
             10       5.1113499      0.02211173      0.12038731     0.010408024    -0.040795122      -1.1474396    2.100583e-09      0.53471328       76.205926      0.14314323      0.46514924      0.24574407      0.24707532       2.4952949       7.7893786       2.4876362       3.8675318        3.8675318       2.4876362                                2.4876362
              4       5.3621111     0.022166186       0.1201258     0.010409117     -0.10918301     -0.73244858    2.100583e-09      0.56106109       74.345446      0.14293618      0.43879445       0.2457679      0.24709924        2.485267        7.831269       2.9891586       3.8675318        3.8675318       2.9891586                                2.9891586
              2       5.5528029     0.022149419      0.12038583      0.01041015     0.090645808      -1.2041231    2.100583e-09      0.58012086       73.151279      0.14317944      0.41973003      0.24576058       0.2470919       2.4883481       7.8127454       3.3705422       3.8675318        3.8675318       3.3705422                                3.3705422
              2       4.7987202     0.022253946      0.12013592      0.01041093     -0.59203506      -1.3210417    2.100583e-09      0.33609343       96.024338      0.14303406      0.66382009      0.24580587      0.24713735       2.4692303       7.6550747       1.8623768       3.8675318        3.8675318       1.8623768                                1.8623768
              4       5.0955566     0.022280949      0.12002929     0.010411155     -0.53461908      -1.8326858    2.100583e-09      0.31981754       98.408743      0.14295443      0.68010013      0.24581745      0.24714897       2.4643265       7.6362793       2.4560496       3.8675318        3.8675318       2.4560496                                2.4560496
              4       5.0061042     0.022301418      0.11976565     0.010411286     -0.56646522      -1.7476579    2.100583e-09      0.31514889        99.08223      0.14271126      0.68476984      0.24582621      0.24715776       2.4606189       7.6275299       2.2771448       3.8675318        3.8675318       2.2771448                                2.2771448
              4       5.0986675     0.022341863      0.11980181     0.010410631     -0.49060273      -1.4967653    2.100583e-09      0.34914217       94.125575      0.14278787      0.65076784      0.24584348      0.24717509       2.4533176       7.6316597       2.4622713       3.8675318        3.8675318       2.4622713                                2.4622713
             11       4.6580213     0.022225256      0.12035657     0.010409839      0.28013002      -2.9917662    2.100583e-09      0.47024534        81.21996      0.14322601      0.52963383      0.24579353      0.24712496       2.4744562       7.6754243        1.580979       3.8675318        3.8675318        1.580979                                 1.580979
              5       5.1630851     0.022140473      0.12077672     0.010409984     -0.18058636      -2.8848626    2.100583e-09      0.35431563       93.667677      0.14356139      0.64559354      0.24575667      0.24708797       2.4899944       7.6767484       2.5911067       3.8675318        3.8675318       2.5911067                                2.5911067
             14       5.5929209     0.022148333      0.12100486     0.010411047     0.083277472      -2.9909653    2.100583e-09      0.41747041       86.322818      0.14379739      0.58242274      0.24576011      0.24709142       2.4885479       7.6904005       3.4507783       3.8675318        3.8675318       3.4507783                                3.4507783
              8       7.6740395     0.022153373        0.120475     0.010414683      0.24943587      -2.1793197    2.100583e-09      0.52842346       76.656499      0.14327257       0.4714408      0.24576231      0.24709363       2.4876211       7.7318222       7.6130154       3.8675318        3.8675318       7.6130154                                7.6130154
              4       7.6103194     0.022222851      0.12007204     0.010415237      0.13764032      -1.9800455    2.100583e-09      0.50557931       78.293281      0.14293908      0.49429051      0.24579249      0.24712392        2.474895       7.7080818       7.4855752       3.8675318        3.8675318       7.4855752                                7.4855752
              1       6.6284844     0.022192856      0.12047368     0.010413768    -0.061454505      -2.6156493    2.100583e-09      0.39708199       88.415577      0.14331073      0.60281604      0.24577951      0.24711089       2.4803773       7.6726436       5.5219053       3.8675318        3.8675318       5.5219053                                5.5219053
              4       6.7243825     0.022158248      0.12114229     0.010412658    -0.037912132        -2.55822    2.100583e-09       0.4121329       86.896613      0.14394473      0.58776173      0.24576444      0.24709577        2.486725       7.6945062       5.7137014       3.8675318        3.8675318       5.7137014                                5.7137014
              1       5.1643135     0.022308455       0.1198963     0.010411976     -0.32048041      -1.4555018    2.100583e-09      0.40084209       87.872159      0.14284894      0.59905464      0.24582921      0.24716078       2.4593462       7.6589449       2.5935634       3.8675318        3.8675318       2.5935634                                2.5935634
              3       5.1809976     0.022253086      0.11859502      0.01041153     -0.87248862      -2.0786734    2.100583e-09      0.23213788        115.2372       0.1414923      0.76780174       0.2458055      0.24713698       2.4693866       7.5995662       2.6269316       3.8675318        3.8675318       2.6269316                                2.6269316
              8       5.7018664     0.022135625      0.11906551     0.010412197     -0.72104022      -2.2519461    2.100583e-09      0.25610235       109.85468      0.14184533      0.74383121      0.24575455      0.24708584       2.4908873       7.6371642       3.6686692       3.8675318        3.8675318       3.6686692                                3.6686692
              3        5.204251     0.022224308      0.11929441     0.010413047     -0.43682821       -2.003564    2.100583e-09      0.32937898        96.87046      0.14216291      0.67053575      0.24579312      0.24712455       2.4746291       7.6385423       2.6734385       3.8675318        3.8675318       2.6734385                                2.6734385
              1       6.1629425     0.022272337      0.11909271     0.010414451     -0.15827954      -2.8240759    2.100583e-09       0.3502634       93.887299      0.14200924      0.64964583      0.24581376      0.24714527       2.4658889        7.621497       4.5908213       3.8675318        3.8675318       4.5908213                                4.5908213
              5       5.8596476     0.022280217      0.11950445     0.010413625     -0.31967763      -2.5017231    2.100583e-09      0.33125747        96.60821      0.14242886      0.66865694      0.24581714      0.24714866       2.4644591       7.6249091       3.9842316       3.8675318        3.8675318       3.9842316                                3.9842316
              6       5.8714569     0.022278781      0.11935142     0.010413727     -0.43334044      -2.3636298    2.100583e-09      0.31101802        99.67651       0.1422744      0.68890153      0.24581652      0.24714804       2.4647196       7.6198537       4.0078502       3.8675318        3.8675318       4.0078502                                4.0078502
              5       5.9736724     0.022351993      0.11871893     0.010413672     -0.48122528      -2.5812426    2.100583e-09      0.28631938       103.74307      0.14171512      0.71360627       0.2458478      0.24717943       2.4514941       7.5871056       4.2122812       3.8675318        3.8675318       4.2122812                                4.2122812
              9        5.831561     0.022334852      0.11876411     0.010413587     -0.29510886      -2.9558008    2.100583e-09      0.30956149       99.787231      0.14174316      0.69035813      0.24584048      0.24717209       2.4545809        7.593406       3.9280583       3.8675318        3.8675318       3.9280583                                3.9280583
              2       7.8460901     0.022284771      0.11675398     0.010415028      0.18427133      -2.7914439    2.100583e-09      0.43171604       84.220446      0.13968294      0.56817022      0.24581909      0.24715061       2.4636335       7.6031592       7.9571167       3.8675318        3.8675318       7.9571167                                7.9571167
              6       7.6259097     0.022255594      0.11687878     0.010414632     -0.17357159      -2.0670871    2.100583e-09      0.38005096       89.792925      0.13977857      0.61984898      0.24580658      0.24713806       2.4689306       7.6085558       7.5167559       3.8675318        3.8675318       7.5167559                                7.5167559
              3       7.6075553     0.022248205      0.11692285     0.010414582     -0.18861187      -2.0686418    2.100583e-09      0.37597884       90.287548      0.13981524      0.62392219      0.24580341      0.24713488       2.4702746       7.6095647        7.480047       3.8675318        3.8675318        7.480047                                 7.480047
              4        6.167767     0.022299046      0.11710779      0.01041294     -0.31405523      -1.9592706    2.100583e-09      0.35009241       93.577185      0.14005103      0.64981559      0.24582519      0.24715674       2.4610481       7.5948669       4.6004705       3.8675318        3.8675318       4.6004705                                4.6004705
              1       4.9701562     0.022300675      0.11813668      0.01041344      -1.0973224       0.2140674    2.100583e-09      0.29444635       102.21976      0.14108155      0.70547684      0.24582589      0.24715744       2.4607533       7.6404596       2.2052488       3.8675318        3.8675318       2.2052488                                2.2052488
              1       5.4394955     0.022135521      0.11902176     0.010413297     -0.81297168     -0.06005991    2.100583e-09      0.36198855       92.394335      0.14180147       0.6379175       0.2457545      0.24708579       2.4909065       7.7184449       3.1439274       3.8675318        3.8675318       3.1439274                                3.1439274
              4       5.8743538     0.022167405      0.11857489     0.010413997     -0.71383555     0.018065437    2.100583e-09      0.40259486       87.532147      0.14138649      0.59730034      0.24576843      0.24709978       2.4850432       7.7429416        4.013644       3.8675318        3.8675318        4.013644                                 4.013644
              4       5.1544975     0.022183842       0.1186214     0.010412995     -0.54676582     -0.37216969    2.100583e-09      0.41968301        85.73276      0.14144943      0.58020779      0.24577559      0.24710696       2.4820284       7.7254593       2.5739314       3.8675318        3.8675318       2.5739314                                2.5739314
              1       4.7077805      0.02222333      0.12028401     0.010411042     -0.55872555     -0.69794346    2.100583e-09      0.39284228       88.851723      0.14315154      0.60705673      0.24579269      0.24712413       2.4748076       7.7025094       1.6804974       3.8675318        3.8675318       1.6804974                                1.6804974
              1       4.5767445     0.022256875      0.12004223     0.010410852     -0.70069638     -0.17442424    2.100583e-09      0.39428654       88.640247      0.14294329      0.60561195      0.24580713      0.24713861       2.4686975       7.7181322       1.4184254       3.8675318        3.8675318       1.4184254                                1.4184254
              2       4.4765842     0.022231811      0.12002564     0.010409703     -0.41856079     -0.57364171    2.100583e-09      0.45330799       82.674636      0.14290164      0.54657527      0.24579635       0.2471278       2.4732607       7.7398829       1.2181049       3.8675318        3.8675318       1.2181049                                1.2181049
              4       5.6506753     0.022150653      0.11988041     0.010405873      -1.3391647      -0.2126247    2.100583e-09      0.22853944       116.44601      0.14267525      0.77140161      0.24576112      0.24709244       2.4881213       7.6558663        3.566287       3.8675318        3.8675318        3.566287                                 3.566287
              8       8.2087501     0.021923926      0.12222853     0.010405499       -1.563834      -1.0969264    2.100583e-09       0.1788415       132.28127      0.14479665      0.82111304      0.24566156      0.24699251       2.5303491         7.72766       8.6824367       3.8675318        3.8675318       8.6824367                                8.6824367
              5       8.4559978     0.021817682      0.12197878     0.010405532      -1.3998315      0.28393125    2.100583e-09      0.25205575       111.42784      0.14444065      0.74788003      0.24561501      0.24694579        2.550511       7.7792804       9.1769321       3.8675318        3.8675318       9.1769321                                9.1769321
              3       8.4102192     0.021827636      0.12203317     0.010405319      -1.4137346      0.28185281    2.100583e-09      0.24936728       112.03249      0.14450499      0.75056921      0.24561937      0.24695017       2.5486119       7.7766022       9.0853748       3.8675318        3.8675318       9.0853748                                9.0853748
              5       6.3220617     0.021975693      0.12128052     0.010409057     -0.65721204      -2.2804486    2.100583e-09      0.28191218       105.16993       0.1439004      0.71801572      0.24568425      0.24701529       2.5206122        7.713171       4.9090598       3.8675318        3.8675318       4.9090598                                4.9090598
              1       5.7211822     0.022008658      0.12095518     0.010408594     -0.60285354      -2.2164198    2.100583e-09      0.29382843       102.94471      0.14360803      0.70609628      0.24569873      0.24702982       2.5144416       7.7028863       3.7073008       3.8675318        3.8675318       3.7073008                                3.7073008
              4       4.7370378     0.022138839      0.11921445     0.010409632     -0.41800082      -2.3191557    2.100583e-09      0.31819655       98.578698      0.14199748      0.68172098      0.24575595      0.24708725       2.4902953       7.6500637       1.7390119       3.8675318        3.8675318       1.7390119                                1.7390119
              5       4.8135136     0.022133004       0.1192074     0.010409521     -0.42522941       -2.361077    2.100583e-09      0.31444969       99.165428      0.14198459       0.6854688       0.2457534      0.24708469       2.4913702        7.650104       1.8919636       3.8675318        3.8675318       1.8919636                                1.8919636
              3       4.7679687     0.022160657      0.11895675     0.010409691     -0.32321921      -2.5441961    2.100583e-09       0.3270064       97.189997       0.1417616       0.6729087      0.24576549      0.24709682       2.4862823       7.6410093       1.8008738       3.8675318        3.8675318       1.8008738                                1.8008738
              7       4.8733725     0.022208517      0.11876683     0.010411189     -0.33707038      -2.7532503    2.100583e-09      0.31147283       99.532039      0.14161954      0.68844623      0.24578629       0.2471177       2.4775126       7.6228893       2.0116815       3.8675318        3.8675318       2.0116815                                2.0116815
              5       5.3305571     0.022228014      0.11824868     0.010412039     -0.32476776      -2.7609266    2.100583e-09       0.3103763       99.610556      0.14112088      0.68954276      0.24579471      0.24712615       2.4739531       7.6102188       2.9260507       3.8675318        3.8675318       2.9260507                                2.9260507
              1       5.2858264     0.022023803      0.12005671     0.010409377      -1.6749161      0.73794485    2.100583e-09      0.20783573        122.2085      0.14272471      0.79211068      0.24570539      0.24703651       2.5116144       7.6952017       2.8365893       3.8675318        3.8675318       2.8365893                                2.8365893
              2       4.7000809      0.02237766      0.11765392     0.010411507      -1.6382126       1.4120649    2.100583e-09      0.24216172       112.57876      0.14067577      0.75777492      0.24585875      0.24719042       2.4468828       7.6372126       1.6650982       3.8675318        3.8675318       1.6650982                                1.6650982
              1       5.4269445     0.022348546      0.11708423     0.010411495     -0.80677513      0.30587557    2.100583e-09      0.39544289       88.026629      0.14007697      0.60445322      0.24584633      0.24717795       2.4521145       7.7051464       3.1188253       3.8675318        3.8675318       3.1188253                                3.1188253
              1        5.488673     0.022341865      0.11706578     0.010411231     -0.84223713       0.3924962    2.100583e-09      0.39336263       88.258355      0.14005184        0.606534      0.24584348      0.24717509       2.4533173       7.7118057       3.2422824       3.8675318        3.8675318       3.2422824                                3.2422824
              5       4.8127646     0.022327997      0.11839226     0.010408593     -0.60169214     -0.13492461    2.100583e-09      0.42660588       84.950941      0.14136445      0.57328306      0.24583756      0.24716915       2.4558172       7.7119242       1.8904657       3.8675318        3.8675318       1.8904657                                1.8904657
              1       5.2937929     0.022271897      0.11853659     0.010408246     -0.57055779     0.088957807    2.100583e-09      0.47466883       80.573361      0.14145268      0.52520767      0.24581357      0.24714508       2.4659687       7.7909324       2.8525222       3.8675318        3.8675318       2.8525222                                2.8525222
              1       5.1471814     0.022249637      0.11876764     0.010407959     -0.48803552     -0.11286751    2.100583e-09      0.48048358       80.123807      0.14166147      0.51939159      0.24580402      0.24713549        2.470014       7.7833516       2.5592991       3.8675318        3.8675318       2.5592991                                2.5592991
              2       4.7145439     0.022376725      0.11888285     0.010409554     -0.48926128     -0.79698141    2.100583e-09      0.39785438       88.024085      0.14190376      0.60204244      0.24585835      0.24719002       2.4470506       7.6493068       1.6940243       3.8675318        3.8675318       1.6940243                                1.6940243
              4       5.0552962     0.022166326       0.1200501     0.010407766      -1.6988497      0.12279548    2.100583e-09      0.18142914       130.72227      0.14286062      0.81852412      0.24576796       0.2470993       2.4852413       7.6446663       2.3755289       3.8675318        3.8675318       2.3755289                                2.3755289
              3       5.4488994     0.022101012      0.12059402     0.010407206      -1.8218481      0.36393099    2.100583e-09      0.17398708       133.64792      0.14333922      0.82596825      0.24573936       0.2470706       2.4972755       7.6677758       3.1627352       3.8675318        3.8675318       3.1627352                                3.1627352
              5       5.3006628     0.022077032      0.12034787     0.010407174      -1.7990001      0.65412153    2.100583e-09      0.18554165       129.37821      0.14306909      0.81441062      0.24572882      0.24706002       2.5017158       7.6762848       2.8662621       3.8675318        3.8675318       2.8662621                                2.8662621
              2       5.4209432     0.022078962      0.11999615     0.010407395      -1.8928644      0.58270826    2.100583e-09       0.1679768       135.89192       0.1427193      0.83197988      0.24572967      0.24706087       2.5013579       7.6635563       3.1068229       3.8675318        3.8675318       3.1068229                                3.1068229
              1       5.3950524      0.02208274      0.11984205     0.010407407      -1.8514953      0.58564063    2.100583e-09      0.17317507       133.79957      0.14256899      0.82678023      0.24573133      0.24706254       2.5006579       7.6620636       3.0550412       3.8675318        3.8675318       3.0550412                                3.0550412
              5       6.2494626     0.022470944      0.11787783      0.01041249      -1.2489399     -0.66669145    2.100583e-09      0.21328215       119.96836      0.14099297      0.78666218      0.24589867      0.24723049       2.4302345       7.5460595       4.7638616       3.8675318        3.8675318       4.7638616                                4.7638616
              1       6.7369979     0.022510125      0.11715992     0.010414031     -0.10790422      -1.8925836    2.100583e-09      0.41324703       86.065184      0.14031423      0.58664458      0.24591547      0.24724735        2.423293       7.5715751       5.7389323       3.8675318        3.8675318       5.7389323                                5.7389323
              3        5.771541     0.022476646      0.11774369     0.010412307    -0.065772911      -1.8664313    2.100583e-09      0.43303241       84.172955      0.14086453      0.56685445      0.24590112      0.24723294       2.4292225       7.5943391       3.8080185       3.8675318        3.8675318       3.8080185                                3.8080185
              2        6.401954     0.022501499      0.11744568      0.01041358     -0.22499491      -1.8325412    2.100583e-09      0.38433401       89.291409      0.14059137      0.61556538      0.24591178      0.24724364       2.4248187       7.5685943       5.0688444       3.8675318        3.8675318       5.0688444                                5.0688444
              2        5.656758     0.022447773      0.11773044     0.010412381     -0.31257102      -2.0705197    2.100583e-09      0.34643573       94.115655       0.1408224      0.65347373      0.24588874      0.24722052       2.4343537        7.568856       3.5784524       3.8675318        3.8675318       3.5784524                                3.5784524
              1       4.6659975     0.022284757      0.11823656     0.010410972     -0.58870867      -1.5767447    2.100583e-09      0.31063519       99.544042      0.14116551      0.68928382      0.24581908      0.24715061       2.4636361       7.6088271       1.5969315       3.8675318        3.8675318       1.5969315                                1.5969315
              2       4.4618188     0.022275028      0.11844831     0.010410607     -0.55473224      -1.5318691    2.100583e-09      0.32295128       97.667136      0.14136753      0.67696464      0.24581491      0.24714643       2.4654005       7.6181565        1.188574       3.8675318        3.8675318        1.188574                                 1.188574
              1       4.5198279     0.022255512      0.11840318     0.010411502     -0.22839128       -1.965473    2.100583e-09      0.38171489       89.835452      0.14130288      0.61818569      0.24580654      0.24713803       2.4689455       7.6323901       1.3045922       3.8675318        3.8675318       1.3045922                                1.3045922
              9        4.867286       0.0222809      0.11803404     0.010412032     -0.19642992      -2.1312205    2.100583e-09      0.37678314       90.354411      0.14095913      0.62311849      0.24581743      0.24714895       2.4643354       7.6173525       1.9995085       3.8675318        3.8675318       1.9995085                                1.9995085
              2       6.2212913     0.022229788      0.11802164     0.010414371      0.25033536      -2.9005104    2.100583e-09      0.45193673       82.515687      0.14089562      0.54794522      0.24579548      0.24712692       2.4736296       7.6376755        4.707519       3.8675318        3.8675318        4.707519                                 4.707519
              1       6.1220124     0.022318613      0.11799173     0.010415038     -0.36611205     -0.97950187    2.100583e-09      0.41525859       86.047321      0.14095454      0.58463299      0.24583355      0.24716513       2.4575109       7.6546353       4.5089613       3.8675318        3.8675318       4.5089613                                4.5089613
              6       4.5042644     0.022197637      0.11848506     0.010411486     -0.73536789     -0.37301904    2.100583e-09      0.35533996       93.144846      0.14132689      0.64456751      0.24578158      0.24711297       2.4795024       7.6784277       1.2734653       3.8675318        3.8675318       1.2734653                                1.2734653
              2       4.7802758     0.022053941      0.12013695     0.010408114     -0.71311748     -0.87658657    2.100583e-09      0.33510786       96.244245      0.14283509       0.6648058      0.24571866      0.24704982       2.5060026       7.7071349       1.8254879       3.8675318        3.8675318       1.8254879                                1.8254879
              1       6.2206025     0.022114328      0.12130158     0.010405419     -0.62154405      -1.4760322    2.100583e-09      0.32910034       97.286406       0.1440601      0.67081558      0.24574521      0.24707647        2.494815       7.6981894       4.7061414       3.8675318        3.8675318       4.7061414                                4.7061414
             14       5.8785753      0.02213365      0.12112004     0.010405623     -0.37183447      -1.6820206    2.100583e-09      0.38015329       90.483558      0.14389788      0.61974949      0.24575368      0.24708497       2.4912511       7.7021992        4.022087       3.8675318        3.8675318        4.022087                                 4.022087
              7       5.5394756     0.022143239      0.12106917     0.010406201     -0.31699114      -1.5036754    2.100583e-09      0.40826626       87.301763       0.1438566      0.59162929      0.24575788      0.24708918       2.4894852       7.7118509       3.3438876       3.8675318        3.8675318       3.3438876                                3.3438876
              1       5.5039866     0.022241194       0.1205261     0.010406609    -0.086449233      -1.7702776    2.100583e-09      0.45466832       82.617948      0.14341149      0.54521501      0.24580039      0.24713185        2.471551       7.6928527       3.2729095       3.8675318        3.8675318       3.2729095                                3.2729095
              1       7.8830694     0.022235638      0.12047555     0.010403466     -0.54750926      -1.5177693    2.100583e-09      0.34011049         95.5178      0.14335538      0.65980219        0.245798      0.24712945       2.4725631       7.6604022       8.0310752       3.8675318        3.8675318       8.0310752                                8.0310752
              5        6.933917     0.022321138      0.11969776     0.010405207     -0.93597719     -0.91604125    2.100583e-09      0.27588959       105.87673      0.14266309      0.72403924      0.24583463      0.24716621       2.4570549       7.6201892       6.1327704       3.8675318        3.8675318       6.1327704                                6.1327704
              3       7.3967898     0.022115347      0.11950183     0.010404433      -1.6083021     -0.16337674    2.100583e-09      0.18452877       129.52533      0.14226137      0.81542349      0.24574566      0.24707692       2.4946269        7.645365       7.0585161       3.8675318        3.8675318       7.0585161                                7.0585161
              3       7.2092749     0.022194896      0.11910306     0.010404945      -1.7084389     -0.15153641    2.100583e-09      0.16854901       135.38966      0.14194215      0.83140729      0.24578039      0.24711178        2.480004       7.6170832       6.6834862       3.8675318        3.8675318       6.6834862                                6.6834862
              1       6.8899132     0.022113844      0.11922093     0.010405509      -1.6197875     -0.32591304    2.100583e-09      0.17656529       132.35104      0.14197896      0.82338894        0.245745      0.24707625       2.4949044       7.6382547       6.0447628       3.8675318        3.8675318       6.0447628                                6.0447628
              4       6.5334555      0.02210767      0.11970682     0.010405733      -1.7218087     -0.54251984    2.100583e-09      0.15981356       139.23421      0.14245868      0.84014515      0.24574229      0.24707353       2.4960449       7.6426082       5.3318475       3.8675318        3.8675318       5.3318475                                5.3318475
             12       5.9484509     0.022293403      0.11844766     0.010407177      -1.1883323     -0.89333248    2.100583e-09      0.22048637       118.19339      0.14138525      0.77945624      0.24582278      0.24715432       2.4620697       7.5928009       4.1618381       3.8675318        3.8675318       4.1618381                                4.1618381
              7       5.5290707     0.022207618      0.11938777     0.010406638       -1.561896    -0.030797793    2.100583e-09      0.19430692       126.15204      0.14223958      0.80564281       0.2457859      0.24711731        2.477677       7.6271525       3.3230779       3.8675318        3.8675318       3.3230779                                3.3230779
              1       7.1114761     0.022455244      0.11936583     0.010406957      -1.1340215      0.31133194    2.100583e-09      0.29938806         101.524      0.14246527       0.7005346      0.24589194      0.24722373       2.4330244       7.6267266       6.4878885       3.8675318        3.8675318       6.4878885                                6.4878885
              5       6.8098172     0.022455209      0.11921181     0.010407278      -1.3649297      0.72132312    2.100583e-09      0.26768956       107.33852      0.14231121      0.73224122      0.24589193      0.24722372       2.4330307       7.6216561       5.8845709       3.8675318        3.8675318       5.8845709                                5.8845709
              2       6.7058056     0.022374738      0.11989718     0.010406788      -1.8943467       1.1998516    2.100583e-09      0.18719745       128.54982      0.14291611      0.81275435       0.2458575      0.24718917       2.4474072       7.6132939       5.6765476       3.8675318        3.8675318       5.6765476                                5.6765476
              2       5.6835115     0.022367414      0.12001078     0.010409787      -1.8138341       1.2943367    2.100583e-09      0.20579211       122.63203      0.14302238      0.79415493      0.24585438      0.24718603        2.448722       7.6313609       3.6319594       3.8675318        3.8675318       3.6319594                                3.6319594
              1       5.6348732     0.022150425      0.12107627     0.010409061     -0.64463321      -2.2673846    2.100583e-09       0.2826926       104.91313      0.14387089      0.71723508      0.24576102      0.24709234       2.4881631       7.6702061       3.5346829       3.8675318        3.8675318       3.5346829                                3.5346829
              3       5.2048489     0.022248781      0.12034355     0.010407633      -1.0130196     -0.72773559    2.100583e-09      0.27178125       106.82282      0.14323653      0.72814892      0.24580365      0.24713512       2.4701699       7.6478846       2.6746341       3.8675318        3.8675318       2.6746341                                2.6746341
              1       4.9486652     0.022232945      0.12033196     0.010407409      -0.6531741      -1.0880713    2.100583e-09      0.33737352       95.882152      0.14320909      0.66253978      0.24579684      0.24712829       2.4730539       7.6661353       2.1622668       3.8675318        3.8675318       2.1622668                                2.1622668
              3        5.443647     0.022405668      0.11909602     0.010412564     -0.51335162     -0.76582478    2.100583e-09      0.39289902       88.599534      0.14214588      0.60699926      0.24587072      0.24720243       2.4418661       7.6454902       3.1522305       3.8675318        3.8675318       3.1522305                                3.1522305
              6       5.9601668     0.021945729      0.12060062     0.010409071      -0.5755792      -1.3462399    2.100583e-09      0.34409361       95.096422      0.14319054      0.65581795      0.24567111       0.2470021       2.5262411       7.7329979       4.1852701       3.8675318        3.8675318       4.1852701                                4.1852701
              3       5.4152873     0.022003746      0.12021031     0.010409134     -0.26910041      -0.9170507    2.100583e-09      0.47303707       81.033229      0.14285825      0.52684107      0.24569657      0.24702765       2.5153596       7.7849024       3.0955111       3.8675318        3.8675318       3.0955111                                3.0955111
              2       5.6355772     0.022058026      0.11991428      0.01041252      -1.1869055      0.69450824    2.100583e-09      0.32061811       98.355889       0.1426165      0.67929915      0.24572045      0.24705162       2.5052434       7.7583922       3.5360909       3.8675318        3.8675318       3.5360909                                3.5360909
              5       5.5660437     0.022065305      0.11977146     0.010412573      -1.1896377       0.5931319    2.100583e-09      0.30936531       100.10137      0.14248095      0.69055478      0.24572366      0.24705484       2.5038915       7.7402105       3.3970238       3.8675318        3.8675318       3.3970238                                3.3970238
              3       5.0111778     0.022058394      0.11918076     0.010409821     -0.94631129      0.16533117    2.100583e-09      0.34285357       94.993505      0.14188334       0.6570575      0.24572062      0.24705178        2.505175       7.7347583        2.287292       3.8675318        3.8675318        2.287292                                 2.287292
              1       5.3613067     0.022061398      0.11893863     0.010409842     -0.48143218      -1.1852036    2.100583e-09      0.37026878       91.369933      0.14164422      0.62963502      0.24572194      0.24705311       2.5046169        7.694996       2.9875498       3.8675318        3.8675318       2.9875498                                2.9875498
              3       6.5049783     0.022065685      0.11870686     0.010407869      -1.1619942     -0.88695978    2.100583e-09      0.22770798       116.46394      0.14141674      0.77223276      0.24572382      0.24705501        2.503821        7.649992       5.2748929       3.8675318        3.8675318       5.2748929                                5.2748929
              1       7.0968489     0.021926723      0.12029517     0.010408871       -1.620636     -0.52602184    2.100583e-09      0.17586711       132.95928      0.14286608      0.82408759      0.24566278      0.24699374       2.5298215       7.6977422       6.4586342       3.8675318        3.8675318       6.4586342                                6.4586342
              2       6.5392081     0.021980007      0.12055283     0.010411143      -1.0689297       -1.125192    2.100583e-09      0.24452545       112.78309      0.14317703       0.7554117      0.24568614      0.24701719       2.5198034       7.7014691       5.3433527       3.8675318        3.8675318       5.3433527                                5.3433527
              2       6.0156922     0.022044494      0.11995977     0.010412779       -1.711549       1.4874659    2.100583e-09      0.24138822       113.36273      0.14264846      0.75854951       0.2457145      0.24704564       2.5077596       7.7400031       4.2963208       3.8675318        3.8675318       4.2963208                                4.2963208
              3       6.5457433     0.021954127      0.12154122     0.010410265      -1.2138481       0.2800616    2.100583e-09      0.28979471       103.78451      0.14413954       0.7101313      0.24567479      0.24700579       2.5246616       7.7604949        5.356423       3.8675318        3.8675318        5.356423                                 5.356423
              3       6.3353945      0.02196599      0.12140836     0.010410332      -1.1646424       0.1416036    2.100583e-09      0.29226427       103.31695      0.14401854      0.70766105      0.24567999      0.24701101       2.5224328       7.7530493       4.9357254       3.8675318        3.8675318       4.9357254                                4.9357254
              1       6.3707306     0.021920039       0.1212896     0.010409039     -0.68914935     -0.93501825    2.100583e-09      0.34489039       95.107385      0.14385383      0.65502138      0.24565985       0.2469908       2.5310824       7.7566867       5.0063975       3.8675318        3.8675318       5.0063975                                5.0063975
              3       6.3584736     0.021920705      0.12128741     0.010409013     -0.69457591     -0.93275888    2.100583e-09      0.34358126       95.287789      0.14385231      0.65633084      0.24566015      0.24699109       2.5309568       7.7560876       4.9818836       3.8675318        3.8675318       4.9818836                                4.9818836
              2       5.4837386     0.021992151      0.12053523     0.010408825     -0.70582456      -1.3602311    2.100583e-09      0.31042843       100.08998      0.14317157      0.68949177      0.24569148      0.24702254       2.5175286       7.7117193       3.2324137       3.8675318        3.8675318       3.2324137                                3.2324137
              2       5.4052624     0.022005128      0.12067245     0.010409521     -0.37013192      -2.0171635    2.100583e-09      0.35615613       93.460718      0.14332177      0.64375242      0.24569718      0.24702826       2.5151012        7.714572       3.0754612       3.8675318        3.8675318       3.0754612                                3.0754612
              2       5.5288099     0.022011737      0.12123487     0.010408203     -0.42746526      -1.9188503    2.100583e-09      0.35119255       94.205863       0.1438908      0.64871763      0.24570008      0.24703118       2.5138665       7.7213097       3.3225562       3.8675318        3.8675318       3.3225562                                3.3225562
              1       7.9417109     0.022185445      0.11922447     0.010403437     -0.11911525      -1.4473307    2.100583e-09      0.46687539       81.368332      0.14205411      0.53300366      0.24577629      0.24710766       2.4817346        7.702374       8.1483582       3.8675318        3.8675318       8.1483582                                8.1483582
             14       8.0202681     0.022180154      0.11924896     0.010403344      -0.1146906      -1.4768542    2.100583e-09      0.46575845       81.471024      0.14207331       0.5341209      0.24577399      0.24710535       2.4827043       7.7021872       8.3054726       3.8675318        3.8675318       8.3054726                                8.3054726
              1       8.8467407      0.02230711       0.1179889     0.010404081     -0.11387379      -1.6520382    2.100583e-09      0.44124804       83.478245       0.1409402      0.55863674      0.24582864       0.2471602       2.4595894       7.6411835       9.9584178       3.8675318        3.8675318       9.9584178                                9.9584178
              2       7.7368292      0.02232191      0.11843129     0.010404611    -0.035181148      -2.2454386    2.100583e-09      0.42000249       85.624048      0.14139739      0.57988819      0.24583496      0.24716654       2.4569156       7.6227521       7.7385948       3.8675318        3.8675318       7.7385948                                7.7385948
              1       8.4802964     0.022320249       0.1185173     0.010403887    -0.038543937      -2.2696165    2.100583e-09      0.41798267       85.844008      0.14148174       0.5819086      0.24583425      0.24716583       2.4572154       7.6231368       9.2255292       3.8675318        3.8675318       9.2255292                                9.2255292
              2       6.6761114     0.022408791      0.11848904      0.01040721     -0.59375723      -2.1901864    2.100583e-09      0.28068361       104.71381      0.14154202      0.71924341      0.24587205      0.24720377       2.4413076       7.5712676       5.6171593       3.8675318        3.8675318       5.6171593                                5.6171593
              1       6.8155533     0.022195234      0.12112557     0.010405677     -0.45314194      -2.7826965    2.100583e-09      0.30117229        101.6333      0.14396499      0.69875072      0.24578054      0.24711193       2.4799422       7.6603148        5.896043       3.8675318        3.8675318        5.896043                                 5.896043
              1        6.640968     0.022186184      0.12108407     0.010405794     -0.42577834      -2.8727496    2.100583e-09      0.30276856       101.36169      0.14391444      0.69715401      0.24577661      0.24710798       2.4815992       7.6614753       5.5468724       3.8675318        3.8675318       5.5468724                                5.5468724
              5       6.4817997     0.022189432      0.12109071     0.010406071     -0.39198321      -2.8464357    2.100583e-09      0.31098365       100.01372      0.14392434      0.68893683      0.24577802       0.2471094       2.4810043       7.6624143       5.2285358       3.8675318        3.8675318       5.2285358                                5.2285358
              5       6.3920921     0.022167807      0.12119154     0.010405989     -0.27866191      -2.9258818    2.100583e-09      0.33306957       96.665857      0.14400354       0.6668453      0.24576861      0.24709995       2.4849693       7.6721541       5.0491205       3.8675318        3.8675318       5.0491205                                5.0491205
              4       5.1205181     0.022348293      0.11956571     0.010411382     0.051019612      -2.7934552    2.100583e-09      0.41085892       86.731321      0.14255819      0.58903501      0.24584622      0.24717785       2.4521599       7.6247883       2.5059727       3.8675318        3.8675318       2.5059727                                2.5059727
              4       4.7678778      0.02232953      0.11957554     0.010410559       0.1160325      -2.7752596    2.100583e-09      0.43123053       84.665883      0.14254926      0.56865814      0.24583821      0.24716981       2.4555407       7.6340816       1.8006921       3.8675318        3.8675318       1.8006921                                1.8006921
              2       5.1489992     0.022277354      0.12042696     0.010409619    -0.011094202      -2.6441491    2.100583e-09      0.40978324       86.997655       0.1433485      0.59011156      0.24581591      0.24714743       2.4649785       7.6546573       2.5629349       3.8675318        3.8675318       2.5629349                                2.5629349
              2       5.0090841       0.0222601      0.12041967     0.010409824       -0.133351       -2.405775    2.100583e-09      0.39151293       89.009582      0.14332396      0.60838653      0.24580851         0.24714       2.4681114       7.6570644       2.2831046       3.8675318        3.8675318       2.2831046                                2.2831046
              4       4.4757782     0.022294804      0.11859874     0.010409524     -0.81310556     -0.95659705    2.100583e-09       0.2944149        102.3093      0.14153774      0.70550855      0.24582338      0.24715492        2.461816       7.6158443       1.2164929       3.8675318        3.8675318       1.2164929                                1.2164929
              2        4.679306     0.022332977      0.11841645     0.010409154     -0.93463632     -0.52269317    2.100583e-09      0.28947316       103.13045      0.14139362       0.7104515      0.24583968      0.24717129        2.454919       7.6110174       1.6235483       3.8675318        3.8675318       1.6235483                                1.6235483
              1       5.5015111     0.022467495      0.11800492     0.010411995     -0.59551934     -0.91732446    2.100583e-09       0.3487975       93.833827       0.1411166      0.65111153      0.24589719        0.247229       2.4308471       7.5915577       3.2679587       3.8675318        3.8675318       3.2679587                                3.2679587
              1       5.5984183     0.022395153      0.11824482     0.010413073     -0.48692706    -0.099370434    2.100583e-09      0.47788964       80.221167      0.14128417      0.52198588      0.24586622      0.24719792       2.4437476       7.7497612        3.461773       3.8675318        3.8675318        3.461773                                 3.461773
              2       6.5492998     0.022329772      0.11991782     0.010411346     -0.28148901     -0.31118561    2.100583e-09      0.54838037       75.123309      0.14289178      0.45147839      0.24583832      0.24716991        2.455497       7.8266732        5.363536       3.8675318        3.8675318        5.363536                                 5.363536
              8       5.8164545     0.022190519      0.12018322     0.010409462     0.048219473      -0.9436784    2.100583e-09      0.59876014       71.966819      0.14301793      0.40108578      0.24577849      0.24710987       2.4808053       7.8424519       3.8978454       3.8675318        3.8675318       3.8978454                                3.8978454
             24       5.4417342     0.022146255      0.11970433      0.01040836      0.06560898       -1.089336    2.100583e-09       0.5825408       72.915394      0.14249478      0.41730874       0.2457592      0.24709051       2.4889302       7.8178734       3.1484048       3.8675318        3.8675318       3.1484048                                3.1484048
              1        5.863889     0.022153418      0.11979256     0.010407846      0.10947846      -1.0782282    2.100583e-09      0.60389455       71.623348      0.14259017      0.39594959      0.24576233      0.24709365       2.4876127       7.8377716       3.9927144       3.8675318        3.8675318       3.9927144                                3.9927144
              2       6.0580087     0.022163924      0.11965939     0.010407784    -0.018779802     -0.75883479    2.100583e-09      0.59608058       72.071768      0.14246751      0.40376544      0.24576692      0.24709825       2.4856823       7.8599383       4.3809538       3.8675318        3.8675318       4.3809538                                4.3809538
              4       6.2125406     0.022128488      0.12031574     0.010406376     -0.28526099     -0.37236522    2.100583e-09      0.54074227       75.765481      0.14308842      0.45911865      0.24575142       0.2470827       2.4922025       7.8555341       4.6900176       3.8675318        3.8675318       4.6900176                                4.6900176
              4       5.6056597     0.022165464      0.12004276     0.010406711    -0.021758235       -1.065404    2.100583e-09      0.55118292       74.998291      0.14285242      0.44867508      0.24576759      0.24709893       2.4853996        7.791522       3.4762558       3.8675318        3.8675318       3.4762558                                3.4762558
              3       5.9530837     0.022171907      0.11991799     0.010406531     0.015580029      -1.0274346    2.100583e-09       0.5714981       73.635623      0.14273409      0.42835454       0.2457704      0.24710175       2.4842168       7.8088779       4.1711039       3.8675318        3.8675318       4.1711039                                4.1711039
              4       6.6356823     0.022223116      0.11730026     0.010408392     -0.30295658        -1.13524    2.100583e-09      0.42051743        85.43756      0.14016756      0.57937216       0.2457926      0.24712403       2.4748467       7.6605353       5.5363011       3.8675318        3.8675318       5.5363011                                5.5363011
              2       6.5780672     0.022218303      0.11737151     0.010408289     -0.29820658      -1.1144843    2.100583e-09      0.42459918       85.038161      0.14023401      0.57528939      0.24579052      0.24712195       2.4757251       7.6654144       5.4210708       3.8675318        3.8675318       5.4210708                                5.4210708
              3       6.3357506     0.022214213      0.11744137     0.010408282     -0.62102645     -0.53325854    2.100583e-09      0.37223114       90.835855      0.14029978      0.62767122      0.24578876      0.24712017        2.476472       7.6632595       4.9364375       3.8675318        3.8675318       4.9364375                                4.9364375
              1       6.1357091     0.022180878      0.11808161     0.010406936     -0.99898025    -0.017528175    2.100583e-09      0.30628573        100.2636      0.14090668      0.69363427       0.2457743      0.24710567       2.4825717       7.6615514       4.5363546       3.8675318        3.8675318       4.5363546                                4.5363546
              2       6.4194274     0.022376718      0.11727665     0.010408399      -1.1624017     -0.24837812    2.100583e-09      0.24692435       111.42222      0.14029756      0.75301088      0.24585835      0.24719002       2.4470517       7.5734924       5.1037912       3.8675318        3.8675318       5.1037912                                5.1037912
              2       5.5367427     0.022430066       0.1169875     0.010412105      -1.8793893       1.8469501    2.100583e-09      0.21050547       120.37656      0.14006176      0.78943922      0.24588116      0.24721291       2.4375086       7.6182955       3.3384218       3.8675318        3.8675318       3.3384218                                3.3384218
              4       5.5816855     0.022413387      0.11770755     0.010411577      -1.9982476       1.1949359    2.100583e-09      0.16031744       138.36481      0.14076513      0.83964065      0.24587402      0.24720575       2.4404861       7.5604087       3.4283074       3.8675318        3.8675318       3.4283074                                3.4283074
              4       7.0175209      0.02218652      0.11694578     0.010410065       -1.116489      0.81143454    2.100583e-09      0.34357748       94.472354      0.13977649      0.65633206      0.24577676      0.24710813       2.4815377       7.7291013       6.2999782       3.8675318        3.8675318       6.2999782                                6.2999782
             10       6.8184127     0.021985503      0.11906972     0.010411765     -0.76867202      -0.2388329    2.100583e-09      0.36122929       92.555772      0.14169942      0.63867689      0.24568856      0.24701961       2.5187734       7.7422872       5.9017617       3.8675318        3.8675318       5.9017617                                5.9017617
              3        6.375329     0.022084291      0.11823882     0.010410909     -0.82463339      -1.1299995    2.100583e-09      0.28114707       104.71983       0.1409673      0.71877953      0.24573201      0.24706322       2.5003705        7.651123       5.0155944       3.8675318        3.8675318       5.0155944                                5.0155944
              1       5.8769645     0.022113165      0.11846003     0.010411889     -0.93897378     -0.90145304    2.100583e-09      0.26836878       107.21243      0.14121738      0.73156128       0.2457447      0.24707595       2.4950298       7.6475009       4.0188654       3.8675318        3.8675318       4.0188654                                4.0188654
              3       5.4809845     0.022103415      0.11873799     0.010411815     -0.67321554       -1.090492    2.100583e-09      0.32215608       97.904821       0.1414856      0.67776013      0.24574042      0.24707166       2.4968314       7.6679985       3.2269054       3.8675318        3.8675318       3.2269054                                3.2269054
              3       5.3447873     0.022093785      0.11903903     0.010411766     -0.67067815        -1.13602    2.100583e-09       0.3217617       98.019553      0.14177701      0.67815478      0.24573618      0.24706741       2.4986126       7.6736196       2.9545111       3.8675318        3.8675318       2.9545111                                2.9545111
              1       5.1730443     0.022044887      0.11942278     0.010409576     -0.94141581     -0.50488033    2.100583e-09      0.29592427       102.29691      0.14211186       0.7039991      0.24571467      0.24704582       2.5076864        7.692595        2.611025       3.8675318        3.8675318        2.611025                                 2.611025
              3       4.9757556     0.022074004      0.11955206     0.010409717     -0.96737527     -0.85743286    2.100583e-09      0.27123402       106.86248      0.14227026      0.72869581      0.24572749      0.24705868       2.5022773        7.673843       2.2164476       3.8675318        3.8675318       2.2164476                                2.2164476
              4       4.7768644     0.022150173      0.11931605     0.010407799      -1.3844295      0.16998193    2.100583e-09      0.23346872       115.09917      0.14211042      0.76647082      0.24576091      0.24709223       2.4882095       7.6556284       1.8186653       3.8675318        3.8675318       1.8186653                                1.8186653
              4       4.6885842     0.022231858      0.11966141      0.01040905      -2.1887099        1.475214    2.100583e-09       0.1519245       142.72009      0.14253746      0.84803627      0.24579637      0.24712782       2.4732521       7.6291095       1.6421048       3.8675318        3.8675318       1.6421048                                1.6421048
              2       4.7739816     0.022265237      0.11964608     0.010409555      -2.2338962       1.5773387    2.100583e-09      0.14871111       144.23041      0.14255551       0.8512505      0.24581072      0.24714221        2.467178       7.6216251       1.8128997       3.8675318        3.8675318       1.8128997                                1.8128997
              2       4.7590466      0.02231145      0.11838321     0.010413178      -1.7312403       1.4636832    2.100583e-09      0.22586401        116.7535      0.14133885      0.77407718      0.24583049      0.24716206       2.4588048       7.6480447       1.7830297       3.8675318        3.8675318       1.7830297                                1.7830297
              3        4.616595     0.022403742       0.1183934     0.010410378      -1.4204343       1.1299247    2.100583e-09      0.28219497        104.4148      0.14144134       0.7177316      0.24586989      0.24720161       2.4422106       7.6594653       1.4981263       3.8675318        3.8675318       1.4981263                                1.4981263
              1       4.3309971     0.022316258      0.11918905      0.01040898      -1.5170386       1.0830939    2.100583e-09      0.25558461        109.9083       0.1421495      0.74434922      0.24583255      0.24716412       2.4579361       7.6603336      0.92693063       3.8675318        3.8675318      0.92693063                               0.92693063
              1       4.9436253     0.022364515      0.11938525      0.01040939      -1.8903397        1.594372    2.100583e-09      0.20422922       122.96935      0.14239395        0.795718      0.24585314      0.24718479       2.4492427       7.6340209       2.1521871       3.8675318        3.8675318       2.1521871                                2.1521871
              2       4.8323076     0.022356323      0.11951587      0.01040953      -1.7415786       1.4720742    2.100583e-09      0.22996791        115.9119      0.14251638       0.7699727      0.24584965      0.24718128       2.4507153       7.6536588       1.9295516       3.8675318        3.8675318       1.9295516                                1.9295516
              2       4.7563943     0.022350914      0.11950609      0.01040984      -1.7429011       1.4303172    2.100583e-09      0.22659108       116.77453       0.1425012       0.7733504      0.24584734      0.24717897       2.4516883       7.6499347        1.777725       3.8675318        3.8675318        1.777725                                 1.777725
              7       4.7603172     0.022351829      0.11950001     0.010409851      -1.7415333       1.4275488    2.100583e-09      0.22668274        116.7493      0.14249603      0.77325872      0.24584773      0.24717936       2.4515236        7.649614       1.7855708       3.8675318        3.8675318       1.7855708                                1.7855708
              6       6.0625267     0.021999414      0.12144883     0.010407158      -1.5363306      0.20167445    2.100583e-09      0.21795681       119.63106      0.14409243      0.78198753      0.24569467      0.24702574       2.5161696       7.7162071       4.3899898       3.8675318        3.8675318       4.3899898                                4.3899898
              4       6.0568484     0.022020405      0.12148146     0.010406997      -1.6351733      0.37676326    2.100583e-09      0.20772046       122.53943      0.14414606      0.79222651       0.2457039        0.247035       2.5122482       7.7106771       4.3786332       3.8675318        3.8675318       4.3786332                                4.3786332
              3       6.4539646      0.02204252      0.11974333     0.010406141      -1.0316733      -1.5462968    2.100583e-09      0.23222641       115.54196      0.14243004      0.76771358      0.24571363      0.24704477       2.5081269       7.6676605       5.1728657       3.8675318        3.8675318       5.1728657                                5.1728657
              3       8.4707082     0.022093266      0.11979226     0.010403118      -1.1022909      -1.1646774    2.100583e-09      0.23466009       114.92699      0.14252972      0.76527932      0.24573596      0.24706718       2.4987085       7.6593677       9.2063528       3.8675318        3.8675318       9.2063528                                9.2063528
              2       9.0222817      0.02197991      0.12029652     0.010403508      -1.5494992      -1.5822957    2.100583e-09      0.16097944       138.94143      0.14292062      0.83897911       0.2456861      0.24701714       2.5198216       7.6777607         10.3095       3.8675318        3.8675318         10.3095                                  10.3095
             10       8.6558775     0.022187364      0.12214621      0.01040944      -1.2736656      -2.4726124    2.100583e-09      0.18097664       131.33786      0.14497776      0.81897742      0.24577712       0.2471085       2.4813831       7.6626232       9.5766914       3.8675318        3.8675318       9.5766914                                9.5766914
              2       9.0179433     0.022213265      0.12210701     0.010410081      -1.3208371       -2.238821    2.100583e-09      0.17978715       131.74902      0.14496447      0.82016721      0.24578835      0.24711976       2.4766451       7.6565983       10.300823       3.8675318        3.8675318       10.300823                                10.300823
              2        8.856919     0.022220787      0.12201834     0.010409999      -1.3305066      -2.2654868    2.100583e-09      0.17754535       132.55444      0.14488332      0.82240955       0.2457916      0.24712302       2.4752717       7.6530267       9.9787745       3.8675318        3.8675318       9.9787745                                9.9787745
              1       7.2494675     0.022285727      0.12114468     0.010409473       -1.604602     -0.67075198    2.100583e-09      0.17617497       132.83871      0.14407459      0.82378003       0.2458195      0.24715102       2.4634602       7.6292159       6.7638715       3.8675318        3.8675318       6.7638715                                6.7638715
              1       5.9055775     0.022015034      0.12041711     0.010407173     -0.64407903      -2.4178891    2.100583e-09      0.27428013       106.45014      0.14307634      0.72564932      0.24570153      0.24703263       2.5132507       7.6877256       4.0760915       3.8675318        3.8675318       4.0760915                                4.0760915
              2       6.5593701     0.022097749      0.11913468     0.010406375     -0.68823207      -2.5827541    2.100583e-09      0.25213684       110.74545      0.14187662      0.74779775      0.24573793      0.24706916       2.4978792        7.643275       5.3836766       3.8675318        3.8675318       5.3836766                                5.3836766
             12       6.2441628     0.022161208       0.1183171     0.010410203      -1.5436086      -1.6590954    2.100583e-09      0.14894935       143.84657       0.1411225      0.85101181      0.24576573      0.24709706       2.4861812       7.6021744       4.7532621       3.8675318        3.8675318       4.7532621                                4.7532621
              3       5.5072479     0.022293193      0.11950278     0.010410677      -1.7884476      -0.7974389    2.100583e-09       0.1437333       146.65405      0.14244017      0.85622957      0.24582269      0.24715423       2.4621078        7.594003       3.2794323       3.8675318        3.8675318       3.2794323                                3.2794323
              5       5.3177829     0.022248003      0.11907745     0.010409667      -1.5186352       -1.684953    2.100583e-09      0.15421351       141.50587      0.14196964      0.84574652      0.24580332      0.24713479       2.4703115        7.596049       2.9005022       3.8675318        3.8675318       2.9005022                                2.9005022
              9       5.3109836     0.022188871      0.11954488     0.010409196      -1.0530414      -2.8756565    2.100583e-09      0.18737772       128.50777      0.14237794      0.81257385      0.24577778      0.24710915        2.481107       7.6188695       2.8869037       3.8675318        3.8675318       2.8869037                                2.8869037
              4       5.7570145     0.022302309      0.11853029     0.010412184      -1.4432039      -1.7722867    2.100583e-09      0.15784492       139.70602      0.14147679      0.84211402      0.24582659      0.24715814       2.4604578        7.575577       3.7789654       3.8675318        3.8675318       3.7789654                                3.7789654
              4       5.6634236       0.0223554      0.11825559     0.010412315      -1.0315142      -1.8390996    2.100583e-09      0.21118635       120.69743      0.14125519      0.78875863      0.24584925      0.24718089       2.4508812       7.5687387       3.5917837       3.8675318        3.8675318       3.5917837                                3.5917837
              1       5.6374625      0.02233549      0.11900827     0.010412887      -1.6117214     -0.03427135    2.100583e-09      0.18257788       129.98874      0.14198795       0.8173748      0.24584076      0.24717236        2.454466       7.5905585       3.5398614       3.8675318        3.8675318       3.5398614                                3.5398614
              7       5.6697998     0.022336441      0.11899782     0.010412944      -1.6135123    -0.039904985    2.100583e-09      0.18206713        130.1681      0.14197845      0.81788568      0.24584116      0.24717277       2.4542946       7.5899958        3.604536       3.8675318        3.8675318        3.604536                                 3.604536
              1        6.353406     0.022085132      0.12086111     0.010412115       -1.245554     -0.62040556    2.100583e-09      0.23273991       115.61395      0.14359043      0.76720044      0.24573238      0.24706359       2.5002147        7.684029       4.9717485       3.8675318        3.8675318       4.9717485                                4.9717485
              5       5.4679696     0.022044815      0.12091341     0.010408591      -1.0967725      -1.0556878    2.100583e-09      0.24444542       112.84044      0.14360241      0.75549194      0.24571464      0.24704579       2.5076999       7.6923469       3.2008757       3.8675318        3.8675318       3.2008757                                3.2008757
              2       5.3849044     0.022060938      0.12078675     0.010408612      -1.1569288      -1.0477006    2.100583e-09      0.23306984       115.52897      0.14349188      0.76687038      0.24572174      0.24705291       2.5047024       7.6841553       3.0347452       3.8675318        3.8675318       3.0347452                                3.0347452
              4       5.4387389     0.022050215      0.12071909     0.010407924      -1.1650144      -1.0104351    2.100583e-09       0.2329393       115.55317      0.14341349      0.76700092      0.24571702      0.24704817       2.5066953       7.6856324       3.1424142       3.8675318        3.8675318       3.1424142                                3.1424142
              2       5.8245756     0.022016331      0.12103255      0.01040768      -1.1917197      -1.0062266    2.100583e-09       0.2303072       116.28946      0.14369308      0.76963382      0.24570211      0.24703321       2.5130086        7.697756       3.9140876       3.8675318        3.8675318       3.9140876                                3.9140876
              1       5.8751481     0.022107278      0.12072671     0.010405897      -1.6389796      0.23563164    2.100583e-09      0.19820835       125.24093      0.14347818      0.80174081      0.24574211      0.24707336       2.4961174       7.6742923       4.0152325       3.8675318        3.8675318       4.0152325                                4.0152325
              1       4.2016959     0.022300803       0.1190475     0.010410138      -1.4464484      0.67780354    2.100583e-09      0.24444832       112.36386       0.1419925      0.75548833      0.24582594       0.2471575       2.4607301       7.6375407      0.66832824       3.8675318        3.8675318      0.66832824                               0.66832824
              4       4.9146709     0.022343849      0.11938137     0.010410851      -1.5778907      0.57955385    2.100583e-09      0.21352475       120.27325      0.14236941      0.78642005      0.24584432      0.24717594       2.4529601        7.613758       2.0942782       3.8675318        3.8675318       2.0942782                                2.0942782
              1       5.1652359     0.022295618      0.12032315     0.010410595      -1.6774902        1.358233    2.100583e-09      0.24103751       113.40425      0.14326296      0.75890057      0.24582373      0.24715527       2.4616686        7.680505       2.5954082       3.8675318        3.8675318       2.5954082                                2.5954082
              2        4.467156      0.02222371      0.12030247     0.010409687      -1.6386645       1.3775971    2.100583e-09      0.25302086        110.7123      0.14317037       0.7469141      0.24579286      0.24712429       2.4747381       7.7069554       1.1992484       3.8675318        3.8675318       1.1992484                                1.1992484
             15       4.5004046      0.02222127      0.12036285      0.01040963       -1.552153       1.2641411    2.100583e-09      0.26720701       107.74644      0.14322831      0.73272433      0.24579181      0.24712323       2.4751834       7.7142644       1.2657457       3.8675318        3.8675318       1.2657457                                1.2657457
              9       4.9481813     0.022037701      0.12068488     0.010408065      -1.6771124        1.497175    2.100583e-09      0.25620367       110.16628      0.14336677      0.74373056      0.24571151      0.24704264       2.5090242       7.7613807        2.161299       3.8675318        3.8675318        2.161299                                 2.161299
              1       5.2092624     0.022084492      0.12074234     0.010410133      -1.4309601       1.3589188    2.100583e-09      0.31722699       98.833171      0.14347102      0.68269164       0.2457321      0.24706331       2.5003333       7.8081193       2.6834613       3.8675318        3.8675318       2.6834613                                2.6834613
              1       4.9691249     0.022031652      0.11976156     0.010409803      -1.3805067       1.0378837    2.100583e-09      0.29431726       102.63975       0.1424374      0.70560669      0.24570885      0.24703997        2.510151       7.7602811       2.2031863       3.8675318        3.8675318       2.2031863                                2.2031863
              1       4.8930791     0.022172157       0.1188651     0.010408526      -1.7327988      0.75598973    2.100583e-09       0.1924955       126.64864      0.14168145       0.8074545      0.24577051      0.24710186        2.484171       7.6374813       2.0510947       3.8675318        3.8675318       2.0510947                                2.0510947
              1       5.1083852     0.022227478       0.1184114     0.010407486      -1.2364822      0.39868188    2.100583e-09      0.27476049       105.89995      0.14128307      0.72516794      0.24579448      0.24712592       2.4740508       7.6528756       2.4817067       3.8675318        3.8675318       2.4817067                                2.4817067
              1       5.0056642     0.022329399      0.11749985     0.010409853      -1.2269272      0.58611801    2.100583e-09      0.28544845       103.69122      0.14047344      0.71447677      0.24583816      0.24716975       2.4555643       7.6361049       2.2762649       3.8675318        3.8675318       2.2762649                                2.2762649
              4       4.8896034     0.022308741      0.11776149     0.010410951     -0.59709042         -1.1947    2.100583e-09      0.32880502       96.665495      0.14071442      0.67110899      0.24582934       0.2471609       2.4592946       7.6082472       2.0441432       3.8675318        3.8675318       2.0441432                                2.0441432
              2       5.2918797     0.022298922      0.11755114     0.010411457     -0.65104093      -1.3213078    2.100583e-09      0.30600211       100.16961      0.14049425      0.69391774      0.24582514      0.24715669       2.4610705        7.597796       2.8486958       3.8675318        3.8675318       2.8486958                                2.8486958
              4       4.9168371     0.022294015      0.12010548     0.010408222     -0.66651703      -0.6622277    2.100583e-09      0.36202946       92.500908      0.14304369      0.63787739      0.24582304      0.24715458       2.4619588       7.6698249       2.0986105       3.8675318        3.8675318       2.0986105                                2.0986105
              4       5.4076981     0.022219596      0.12072434     0.010410189     -0.43455096     -0.42129572    2.100583e-09      0.46959517        81.32874      0.14358813      0.53028447      0.24579108      0.24712251       2.4754891        7.772809       3.0803327       3.8675318        3.8675318       3.0803327                                3.0803327
              1        5.398098     0.022219832      0.12071894     0.010410213     -0.43278576     -0.43085151    2.100583e-09      0.46906084       81.374228      0.14358296      0.53081893      0.24579118      0.24712261        2.475446       7.7715496       3.0611325       3.8675318        3.8675318       3.0611325                                3.0611325
              1       6.1006335     0.022067962      0.12190484     0.010408811     -0.77157444     -0.46872843    2.100583e-09      0.35797721       93.392394        0.144617      0.64193169      0.24572483      0.24705601       2.5033982       7.7485834       4.4662035       3.8675318        3.8675318       4.4662035                                4.4662035
              8        5.941554     0.022073638      0.12176443     0.010408991     -0.59912894      -1.1333797    2.100583e-09      0.35776969       93.395291      0.14448226      0.64213918      0.24572732      0.24705852       2.5023451       7.7289463       4.1480444       3.8675318        3.8675318       4.1480444                                4.1480444
              1       5.2328938     0.022131488      0.12112386     0.010409946     -0.38774241      -1.0311297    2.100583e-09      0.42443785        85.63446      0.14389954       0.5754536      0.24575273      0.24708402       2.4916496       7.7364467        2.730724       3.8675318        3.8675318        2.730724                                 2.730724
              4       5.1813898     0.022103788      0.12115166     0.010409547     -0.39470154     -0.94088449    2.100583e-09      0.43091331       85.002246      0.14389963      0.56897649      0.24574058      0.24707182       2.4967624       7.7493656        2.627716       3.8675318        3.8675318        2.627716                                 2.627716
              5       4.6965909      0.02216437       0.1206968     0.010408618     -0.39874548      -1.6155654    2.100583e-09       0.3733739       91.224543      0.14350536      0.62653034      0.24576711      0.24709845       2.4856005       7.6890187       1.6581182       3.8675318        3.8675318       1.6581182                                1.6581182
              3       6.3203016     0.022355287      0.12018532     0.010411301      -1.0269611      -1.0770252    2.100583e-09      0.25032979       111.22757       0.1431848      0.74960587       0.2458492      0.24718084       2.4509015       7.6128551       4.9055396       3.8675318        3.8675318       4.9055396                                4.9055396
              2       6.5109744     0.022355353      0.12025334     0.010411664     -0.91720991      -1.2509137    2.100583e-09      0.26481871       108.15446      0.14325288      0.73511325      0.24584923      0.24718087       2.4508897       7.6158991       5.2868853       3.8675318        3.8675318       5.2868853                                5.2868853
              2       5.9673554     0.022312907      0.12046668     0.010410041     -0.62423467      -2.0037443    2.100583e-09      0.29371663       102.75116      0.14342378      0.70620801      0.24583111      0.24716269       2.4585416       7.6282326       4.1996472       3.8675318        3.8675318       4.1996472                                4.1996472
              2       5.9256065     0.022322923      0.12027575     0.010410758     -0.61981394      -2.0410455    2.100583e-09      0.29153519       103.09727      0.14324286      0.70838991      0.24583539      0.24716698       2.4567328       7.6224222       4.1161494       3.8675318        3.8675318       4.1161494                                4.1161494
              1       5.7885964     0.022216116      0.12065275      0.01040979     -0.83907552       -2.520258    2.100583e-09      0.23463935       115.04268      0.14351306      0.76530048      0.24578958        0.247121       2.4761245       7.6392808       3.8421292       3.8675318        3.8675318       3.8421292                                3.8421292
              2       5.2218087     0.022257592      0.11973521     0.010409186      -0.9095484      -2.3645724    2.100583e-09      0.22309894       117.77674      0.14263699      0.77684349      0.24580744      0.24713892       2.4685672       7.6136809       2.7085539       3.8675318        3.8675318       2.7085539                                2.7085539
              2       5.7609914     0.022449648      0.11745717     0.010410614       -1.539884      0.59902559    2.100583e-09      0.21223296       120.18682      0.14055101      0.78771147      0.24588954      0.24722133         2.43402       7.5631795       3.7869193       3.8675318        3.8675318       3.7869193                                3.7869193
              3       7.0516283     0.022525648       0.1171416     0.010412919      -1.8434625      0.77345977    2.100583e-09      0.16569549        135.9052      0.14031144      0.83426105      0.24592213      0.24725403        2.420551       7.5235885        6.368193       3.8675318        3.8675318        6.368193                                 6.368193
              2       7.3953012     0.022503472      0.11637953     0.010410616     -0.10689671      -2.1950348    2.100583e-09      0.38700641       88.815882       0.1395272      0.61289151      0.24591262      0.24724449       2.4244696       7.5459777       7.0555389       3.8675318        3.8675318       7.0555389                                7.0555389
              1       6.8960007     0.022467934      0.11653167     0.010410605    -0.086396518      -2.0272848    2.100583e-09      0.40682103       86.661357       0.1396438      0.59307175      0.24589738      0.24722919       2.4307692       7.5654905       6.0569379       3.8675318        3.8675318       6.0569379                                6.0569379
              6       6.6133347     0.022455724      0.11815734     0.010407631    -0.075943946      -1.5229088    2.100583e-09      0.46520716       81.275179      0.14125726      0.53467163      0.24589215      0.24722394       2.4329391       7.6276795       5.4916058       3.8675318        3.8675318       5.4916058                                5.4916058
              4       6.5815804     0.022458906      0.11820715     0.010407753    -0.081754687      -1.4624844    2.100583e-09      0.46942284       80.915348      0.14131025       0.5304549      0.24589351      0.24722531       2.4323734       7.6322026       5.4280973       3.8675318        3.8675318       5.4280973                                5.4280973
              2       4.7017355     0.022377627      0.11856832     0.010410732    -0.013527402      -2.1801141    2.100583e-09      0.42997986       84.625758      0.14159014      0.56990838      0.24585874      0.24719041       2.4468888        7.618572       1.6684073       3.8675318        3.8675318       1.6684073                                1.6684073
              1       5.3481743     0.022202269      0.11886812     0.010406993     -0.43925859      -2.0229119    2.100583e-09      0.32735405       97.107105      0.14171458      0.67256094      0.24578359      0.24711499        2.478655       7.6348117       2.9612851       3.8675318        3.8675318       2.9612851                                2.9612851
              3       5.0807873     0.022154392      0.11915799     0.010406985     -0.36050696      -1.7773025    2.100583e-09      0.36444742       92.096623      0.14195657       0.6354581      0.24576275      0.24709408       2.4874338       7.6628754       2.4265111       3.8675318        3.8675318       2.4265111                                2.4265111
              2       5.0628888     0.022092786      0.12052521     0.010407299     -0.87288969      -1.1697881    2.100583e-09      0.28234765       104.90413      0.14326218      0.71757982      0.24573575      0.24706697       2.4987974       7.6832296       2.3907141       3.8675318        3.8675318       2.3907141                                2.3907141
              3       4.6453037     0.022144062      0.12018536     0.010407043     -0.54361921     -0.99253842    2.100583e-09      0.37443371       91.023852      0.14297362      0.62546991      0.24575824      0.24708954       2.4893338       7.6995287       1.5555438       3.8675318        3.8675318       1.5555438                                1.5555438
              1       4.4438787     0.022158969      0.11974473     0.010407541     -0.47824953      -1.1617638    2.100583e-09      0.37789676       90.532238      0.14254789      0.62200567      0.24576475      0.24709608       2.4865924       7.6872413       1.1526938       3.8675318        3.8675318       1.1526938                                1.1526938
              6       4.9405564     0.022200263      0.12049144     0.010407335     -0.58303571     -0.33571783    2.100583e-09      0.42291628       85.672527      0.14333589      0.57697513      0.24578272      0.24711411       2.4790218        7.744215       2.1460493       3.8675318        3.8675318       2.1460493                                2.1460493
              5       7.0826364     0.022028456      0.12140036     0.010404199     -0.33870077     -0.79802933    2.100583e-09       0.4688956       81.546204      0.14407301      0.53098462      0.24570744      0.24703856       2.5107467       7.7948722       6.4302093       3.8675318        3.8675318       6.4302093                                6.4302093
              2       6.8178917     0.022005737      0.12149268     0.010404703     -0.34631512      -2.1869548    2.100583e-09      0.35904248       93.213117       0.1441426      0.64086586      0.24569745      0.24702853       2.5149874       7.7246654       5.9007197       3.8675318        3.8675318       5.9007197                                5.9007197
              1        6.110637     0.022101936      0.12062256      0.01040502     -0.44738101      -2.0275748    2.100583e-09      0.33692101       96.045287      0.14336869      0.66299251      0.24573977      0.24707101       2.4971048       7.6861271       4.4862104       3.8675318        3.8675318       4.4862104                                4.4862104
              3       6.0228138     0.022265951      0.12108823      0.01040921      0.13862091      -2.7419001    2.100583e-09      0.45057967       83.062447      0.14399838      0.54930518      0.24581102      0.24714252       2.4670482       7.6756327        4.310564       3.8675318        3.8675318        4.310564                                 4.310564
              3       6.3650847      0.02231748      0.12040264     0.010406961      0.20785021      -2.0009672    2.100583e-09      0.53246866       76.304248      0.14336431      0.46739465      0.24583307      0.24716465       2.4577154       7.6997911       4.9951058       3.8675318        3.8675318       4.9951058                                4.9951058
              7       6.7549808     0.022279322      0.12101797     0.010407432     -0.18465146     -0.88401783    2.100583e-09      0.51299052       77.832518      0.14394148      0.48687832      0.24581675      0.24714827       2.4646216       7.7611462       5.7748981       3.8675318        3.8675318       5.7748981                                5.7748981
              1        4.780909     0.022324168      0.11886942     0.010408657      -1.4551479       0.3671943    2.100583e-09       0.2255072       116.94073      0.14183778      0.77443429      0.24583592      0.24716751        2.456508         7.61122       1.8267545       3.8675318        3.8675318       1.8267545                                1.8267545
              1       4.8157927     0.022324274      0.11887248     0.010408396      -1.5048653      0.56155001    2.100583e-09      0.22517843       117.02663      0.14184094      0.77476314      0.24583597      0.24716756       2.4564889       7.6154018       1.8965219       3.8675318        3.8675318       1.8965219                                1.8965219
              2       6.3404107     0.021910707        0.120689     0.010408562      -1.4350643      0.81245628    2.100583e-09      0.26659681       108.06941       0.1432439      0.73333469      0.24565577       0.2469867       2.5328445        7.764303       4.9457578       3.8675318        3.8675318       4.9457578                                4.9457578
              5       5.4053745     0.022006081      0.11976085     0.010408903      -1.0754664     -0.16332732    2.100583e-09      0.28631296       104.07654      0.14241112      0.71361305       0.2456976      0.24702868       2.5149232       7.7097794       3.0756855       3.8675318        3.8675318       3.0756855                                3.0756855
              6       5.2462221     0.022118511       0.1194051     0.010412335      -1.1265977     -0.28749812    2.100583e-09      0.26387594       108.29518       0.1421678      0.73605575      0.24574704      0.24707831       2.4940428       7.6686756       2.7573807       3.8675318        3.8675318       2.7573807                                2.7573807
              4        5.247475     0.022118176      0.11942845     0.010412329      -1.1196998     -0.31173562    2.100583e-09       0.2642398       108.22507      0.14219082      0.73569181       0.2457469      0.24707816       2.4941048       7.6687846       2.7598864       3.8675318        3.8675318       2.7598864                                2.7598864
              7       5.4891202     0.022074898      0.11985285     0.010412218      -1.0378496     -0.34002098    2.100583e-09      0.28388442       104.50776      0.14257194       0.7160423      0.24572788      0.24705907       2.5021115       7.6915835       3.2431768       3.8675318        3.8675318       3.2431768                                3.2431768
              1         5.76808     0.022051879      0.12012668     0.010412318     -0.99053525     -0.32170992    2.100583e-09      0.29805112       102.05114      0.14282275      0.70187208      0.24571775      0.24704891        2.506386       7.7068232       3.8010964       3.8675318        3.8675318       3.8010964                                3.8010964
              1       6.3719967     0.021927939      0.12077714     0.010409437      -1.7359943       1.0465612    2.100583e-09      0.21438304       120.52277      0.14334927      0.78556192      0.24566332      0.24699428       2.5295921         7.73778       5.0089298       3.8675318        3.8675318       5.0089298                                5.0089298
              1       6.8339597     0.021912968       0.1204016     0.010410415      -1.4623428      0.65988403    2.100583e-09      0.24858434       111.86065      0.14295876      0.75135167      0.24565676      0.24698769       2.5324174       7.7443083       5.9328558       3.8675318        3.8675318       5.9328558                                5.9328558
              1       7.9300018      0.02198191       0.1206064     0.010413236      -1.3095735     -0.56036225    2.100583e-09      0.22257588       118.22337       0.1432325      0.77736693      0.24568698      0.24701803       2.5194468       7.7017539         8.12494       3.8675318        3.8675318         8.12494                                  8.12494
              2       5.6143157      0.02209887      0.11981522     0.010412339     -0.80855401      -1.3856317    2.100583e-09       0.2801579       105.18343      0.14255828      0.71976978      0.24573842      0.24706965       2.4976718        7.669209       3.4935677       3.8675318        3.8675318       3.4935677                                3.4935677
              4       5.9590855     0.022136074      0.12018684     0.010413414     -0.66938723     -0.95594928    2.100583e-09      0.33953213       95.591104       0.1429671      0.66038047      0.24575474      0.24708604       2.4908046       7.6908364       4.1831074       3.8675318        3.8675318       4.1831074                                4.1831074
              1       5.9471254     0.022136157      0.12019991     0.010413377     -0.69165943     -0.93028774    2.100583e-09      0.33537135       96.184359      0.14298026      0.66454233      0.24575478      0.24708607       2.4907892       7.6900355       4.1591873       3.8675318        3.8675318       4.1591873                                4.1591873
              4       5.0364265     0.022148687      0.12033988     0.010411828     -0.51106708      -1.2409408    2.100583e-09      0.36478846       92.241855      0.14313276      0.63511775      0.24576026      0.24709157       2.4884829       7.6926211       2.3377894       3.8675318        3.8675318       2.3377894                                2.3377894
              6       5.1048664      0.02214607      0.12027875     0.010412006     -0.69021808     -0.96605663    2.100583e-09      0.33424201       96.355738      0.14306901      0.66567201      0.24575912      0.24709043       2.4889642       7.6874065       2.4746692       3.8675318        3.8675318       2.4746692                                2.4746692
              5       5.7073787       0.0220587      0.12104802     0.010410656     -0.95593099     -0.90151646    2.100583e-09      0.27956505       105.53302      0.14375091      0.72036337      0.24572075      0.24705192       2.5051181       7.7021367       3.6796939       3.8675318        3.8675318       3.6796939                                3.6796939
              1       5.6445699     0.022064278      0.12107236     0.010410482     -0.98455733     -0.83953628    2.100583e-09      0.27658905       106.10118      0.14378083      0.72334015      0.24572321      0.24705438       2.5040821       7.7011315       3.5540761       3.8675318        3.8675318       3.5540761                                3.5540761
              1       6.3196836      0.02208535      0.12158973     0.010410798      -1.1449131     -0.15275391    2.100583e-09      0.27947172       105.63542      0.14431927      0.72045701      0.24573248      0.24706369       2.5001742        7.715918       4.9043035       3.8675318        3.8675318       4.9043035                                4.9043035
              2       6.4779346     0.022082355      0.12141598     0.010411722      -1.1222132    -0.065088008    2.100583e-09      0.28867962       103.90798      0.14414253      0.71124667      0.24573116      0.24706237       2.5007292       7.7200775       5.2208056       3.8675318        3.8675318       5.2208056                                5.2208056
             11       5.5235043     0.022040754      0.12119059     0.010410207      -1.5322172       1.0154347    2.100583e-09      0.25799326       109.89097      0.14387554      0.74194074      0.24571285      0.24704399       2.5084557       7.7444804       3.3119449       3.8675318        3.8675318       3.3119449                                3.3119449
              1       5.0816744     0.022076675      0.12105693     0.010409753      -1.3818701      0.77376641    2.100583e-09       0.2779883       105.82565       0.1437778      0.72194054      0.24572866      0.24705986       2.5017819       7.7379395       2.4282853       3.8675318        3.8675318       2.4282853                                2.4282853
              3        5.081812     0.022088706      0.12101051     0.010410023      -1.4105317      0.78504655    2.100583e-09      0.27106878       107.15415       0.1437434      0.72886182      0.24573395      0.24706517       2.4995527       7.7305982       2.4285605       3.8675318        3.8675318       2.4285605                                2.4285605
              2       5.2554625     0.022066861       0.1206689     0.010408132      -1.8654209      0.74786185    2.100583e-09      0.17983367       131.49256      0.14337996      0.82012017      0.24572434      0.24705552       2.5036026       7.6828039       2.7758614       3.8675318        3.8675318       2.7758614                                2.7758614
              6       5.6741641      0.02218685      0.11970353     0.010406214      -1.2455958     -0.77832713    2.100583e-09      0.22195216       118.10826      0.14253457      0.77799054       0.2457769      0.24710827       2.4814773       7.6374908       3.6132647       3.8675318        3.8675318       3.6132647                                3.6132647
              3       5.3776772     0.022185099      0.11965068     0.010407345      -1.4862781     -0.75536483    2.100583e-09      0.18430191       129.60112      0.14247997      0.81565049      0.24577614      0.24710751       2.4817981       7.6286731       3.0202907       3.8675318        3.8675318       3.0202907                                3.0202907
              2       4.4752703     0.022291907      0.11923853     0.010411519      -1.5504016      0.74120782    2.100583e-09      0.22617272       116.85794      0.14217462      0.77376873      0.24582214      0.24715368       2.4623406       7.6338427       1.2154769       3.8675318        3.8675318       1.2154769                                1.2154769
              6       4.4843583      0.02219227      0.11992977     0.010409136      -1.8044728      0.94116137    2.100583e-09       0.1923072       126.93174      0.14276623      0.80764323      0.24577925      0.24711063       2.4804846       7.6520787       1.2336531       3.8675318        3.8675318       1.2336531                                1.2336531
              4       4.4118491     0.022236138       0.1188227     0.010410045     -0.44011712      -2.0033888    2.100583e-09      0.32673544       97.178011      0.14170303       0.6731797      0.24579821      0.24712967        2.472472       7.6273333       1.0886346       3.8675318        3.8675318       1.0886346                                1.0886346
              1       4.6787069     0.022266921      0.11838541     0.010410202     -0.53369824      -1.8907376    2.100583e-09      0.30777908       100.03787      0.14129652      0.69214075      0.24581144      0.24714294       2.4668721       7.6104332       1.6223501       3.8675318        3.8675318       1.6223501                                1.6223501
              3       4.7159635     0.022256747      0.11850148     0.010409925     -0.60739192      -1.8875007    2.100583e-09      0.29204886       102.72147      0.14140241      0.70787513      0.24580708      0.24713856        2.468721       7.6107453       1.6968634       3.8675318        3.8675318       1.6968634                                1.6968634
              2       5.0225766     0.022321569      0.11828407     0.010410866     -0.47688331      -2.5041211    2.100583e-09      0.28927976       103.14605      0.14124983      0.71064487      0.24583481       0.2471664       2.4569771         7.58749       2.3100896       3.8675318        3.8675318       2.3100896                                2.3100896
              5       5.0294996     0.022313574      0.11833702     0.010410615     -0.50523358      -2.5383483    2.100583e-09      0.28224966       104.43566      0.14129479      0.71767683       0.2458314      0.24716297       2.4584211       7.5884607       2.3239357       3.8675318        3.8675318       2.3239357                                2.3239357
              3       5.2996993     0.022343665       0.1180539     0.010409387     -0.50471906      -2.2047705    2.100583e-09      0.29634314       101.85979      0.14104176      0.70357954      0.24584424      0.24717586       2.4529932       7.5824692        2.864335       3.8675318        3.8675318        2.864335                                 2.864335
              1       5.2916937     0.022344958      0.11806227     0.010409406     -0.50121394      -2.2116565    2.100583e-09        0.296818       101.77923      0.14105142      0.70310455       0.2458448      0.24717642       2.4527603        7.582362       2.8483238       3.8675318        3.8675318       2.8483238                                2.8483238
              3       4.2343712     0.022264638      0.11866935     0.010410372    -0.062815054      -1.9882525    2.100583e-09       0.4313699       84.542694      0.14157818      0.56851797      0.24581046      0.24714196       2.4672867       7.6493106      0.73367875       3.8675318        3.8675318      0.73367875                               0.73367875
             16       4.3455439     0.022271182      0.11853656     0.010410163     0.088811579       -2.263758    2.100583e-09      0.45609234       82.198425      0.14145193      0.54378899      0.24581327      0.24714477       2.4660985       7.6481424      0.95602421       3.8675318        3.8675318      0.95602421                               0.95602421
              9       4.3669324     0.022294807      0.11880274     0.010411357     0.049153495        -2.10547    2.100583e-09      0.45766026       82.087338      0.14174174      0.54222091      0.24582338      0.24715492       2.4618155       7.6512942      0.99880123       3.8675318        3.8675318      0.99880123                               0.99880123
              5       5.7928554     0.022388466      0.11762851     0.010409634     -0.15271771     -0.78330451    2.100583e-09      0.51938293       76.869924      0.14066116      0.48048118      0.24586337      0.24719505       2.4449454       7.7184416       3.8506472       3.8675318        3.8675318       3.8506472                                3.8506472
              8       5.8732575     0.022397458      0.11760899      0.01040967     -0.17950701     -0.69809096    2.100583e-09      0.51998522       76.820006      0.14065064      0.47987872      0.24586721      0.24719891        2.443335        7.724571       4.0114514       3.8675318        3.8675318       4.0114514                                4.0114514
              8        4.648805     0.022228141      0.11971233     0.010408865     -0.99079507      0.73390105    2.100583e-09      0.39907491       88.056791      0.14258466      0.60082209      0.24579477      0.24712621       2.4739298       7.7930276       1.5625465       3.8675318        3.8675318       1.5625465                                1.5625465
              5       4.6325623     0.022229579      0.11971085     0.010408796     -0.98897459      0.72275841    2.100583e-09       0.3980062       88.175895      0.14258462      0.60189107      0.24579539      0.24712683       2.4736676       7.7906403       1.5300611       3.8675318        3.8675318       1.5300611                                1.5300611
              1       5.7059815     0.022236995      0.12038945     0.010406005      -1.6850875       1.1630934    2.100583e-09      0.22840808       116.53938      0.14327064      0.77153325      0.24579858      0.24713004       2.4723159       7.6743232       3.6768995       3.8675318        3.8675318       3.6768995                                3.6768995
              2       5.5276843     0.022249448      0.12028671     0.010406432      -1.7398321       1.2042107    2.100583e-09      0.21854808       119.11243      0.14318035      0.78139574      0.24580394      0.24713541       2.4700485       7.6652304        3.320305       3.8675318        3.8675318        3.320305                                 3.320305
              5       7.0937307     0.022347533      0.12085113     0.010407547     -0.98988902     -0.53593176    2.100583e-09      0.28930555       103.58428      0.14384286      0.71062043       0.2458459      0.24717752       2.4522966       7.6419866       6.4523978       3.8675318        3.8675318       6.4523978                                6.4523978
              1       7.3825764     0.022311125      0.12128869     0.010407856      -1.0758372     -0.57500257    2.100583e-09      0.27056377       107.20679      0.14424401      0.72936719      0.24583035      0.24716192       2.4588636       7.6498629       7.0300892       3.8675318        3.8675318       7.0300892                                7.0300892
              2       4.6341137     0.022146698      0.12039302     0.010408556      -0.8767224      -1.0214504    2.100583e-09      0.28744573       103.92342      0.14318391      0.71248039      0.24575939       0.2470907       2.4888488       7.6724528       1.5331638       3.8675318        3.8675318       1.5331638                                1.5331638
              5       4.6284092     0.022147208      0.12038622     0.010408548     -0.87089004      -1.0293723    2.100583e-09      0.28830459       103.76709      0.14317762      0.71162131      0.24575961      0.24709093       2.4887549       7.6723725       1.5217549       3.8675318        3.8675318       1.5217549                                1.5217549
              1        5.225549     0.022275555       0.1188446     0.010407662     -0.90466383      -1.3084233    2.100583e-09      0.25884843       109.16672      0.14176434      0.74108437      0.24581514      0.24714665       2.4653048       7.6089465       2.7160345       3.8675318        3.8675318       2.7160345                                2.7160345
              4       5.4067253     0.022321618      0.11911885     0.010409294      -1.0834226      -1.9613488    2.100583e-09      0.20466551       122.80455      0.14208466      0.79528148      0.24583483      0.24716642       2.4569683       7.5879112        3.078387       3.8675318        3.8675318        3.078387                                 3.078387
              2       5.9826541     0.022430293      0.11889546      0.01041226     -0.70841375      -1.7158479    2.100583e-09      0.27884487       105.12297      0.14196995      0.72108285      0.24588125      0.24721301       2.4374682       7.5775021       4.2302446       3.8675318        3.8675318       4.2302446                                4.2302446
             10       5.0666296     0.022172411      0.11985126      0.01041243    -0.073909954      -2.4966225    2.100583e-09      0.39813265       88.212711      0.14266787      0.60176465      0.24577062      0.24710197       2.4841244       7.6692263       2.3981957       3.8675318        3.8675318       2.3981957                                2.3981957
              4       5.1226949     0.022142633      0.11918267     0.010411967     -0.42198755      -2.2001467    2.100583e-09      0.32245736       97.918386       0.1419695      0.67745905      0.24575761      0.24708892       2.4895969       7.6512424       2.5103263       3.8675318        3.8675318       2.5103263                                2.5103263
              3       5.4064653     0.022136968      0.11916477      0.01041232     -0.43198764      -2.3326537    2.100583e-09      0.31311871       99.367088      0.14194593      0.68680011      0.24575513      0.24708643       2.4906398       7.6491062        3.077867       3.8675318        3.8675318        3.077867                                 3.077867
              4       5.1647225     0.022202766      0.11824472     0.010408926     -0.71947999      -1.2858094    2.100583e-09      0.29689351       101.85697      0.14109168      0.70302905       0.2457838       0.2471152        2.478564       7.6266731       2.5943813       3.8675318        3.8675318       2.5943813                                2.5943813
              6       5.1956209     0.022192422      0.11826741     0.010408858     -0.68438121      -1.3171379    2.100583e-09      0.30366663       100.72283      0.14110403      0.69625417      0.24577932       0.2471107       2.4804569       7.6308386       2.6561783       3.8675318        3.8675318       2.6561783                                2.6561783
              1       5.9897687     0.022276893      0.11697502     0.010410699      -1.4090248      0.80275369    2.100583e-09      0.25122451       110.45059      0.13989611       0.7487094      0.24581571      0.24714723       2.4650622       7.6263354       4.2444738       3.8675318        3.8675318       4.2444738                                4.2444738
              1       5.3108189     0.022383468      0.11728577     0.010409685      -1.5885592       1.4543556    2.100583e-09      0.25888098        108.7713      0.14031343      0.74105112      0.24586123      0.24719291       2.4458412       7.6512785       2.8865742       3.8675318        3.8675318       2.8865742                                2.8865742
              4       5.0921121     0.022404931      0.11730735     0.010410811      -1.4762277       1.3378572    2.100583e-09      0.28147536       104.30248      0.14035647      0.71845084       0.2458704      0.24720212       2.4419979       7.6629553       2.4491606       3.8675318        3.8675318       2.4491606                                2.4491606
              7       5.8376422     0.021991617      0.12105271     0.010410239      -1.6604619       1.0796943    2.100583e-09       0.2322104       115.82763      0.14368852      0.76773012      0.24569124       0.2470223       2.5176286       7.7389738       3.9402209       3.8675318        3.8675318       3.9402209                                3.9402209
              1       5.6210394     0.022076014      0.12096757     0.010407198      -1.9455624      0.79860494    2.100583e-09      0.17132978       134.77939      0.14368777      0.82862633      0.24572837      0.24705957       2.5019045       7.6826304       3.5070151       3.8675318        3.8675318       3.5070151                                3.5070151
              3       5.8346758      0.02204988       0.1204837     0.010406052      -1.5867174      0.25787568    2.100583e-09      0.20673626       122.60893      0.14317777       0.7932106      0.24571687      0.24704802       2.5067577       7.6866815        3.934288       3.8675318        3.8675318        3.934288                                 3.934288
              9       5.2435984     0.022038336      0.12089525     0.010407636     -0.55589726      -1.6798763    2.100583e-09      0.33095056       96.977819      0.14357778      0.66896461      0.24571179      0.24704292       2.5089058       7.7077905       2.7521331       3.8675318        3.8675318       2.7521331                                2.7521331
              1       5.1481993     0.022053487      0.12061013     0.010408883      -1.3179766     -0.28599432    2.100583e-09      0.23278396       115.56882      0.14330781      0.76715626      0.24571846      0.24704962        2.506087       7.6901449        2.561335       3.8675318        3.8675318        2.561335                                 2.561335
              3       5.6100769     0.021996827      0.12049678     0.010407575      -1.3553688    -0.045434397    2.100583e-09      0.23614175       114.74883       0.1431378      0.76379754      0.24569353       0.2470246       2.5166536       7.7052179       3.4850902       3.8675318        3.8675318       3.4850902                                3.4850902
              2       6.6390512     0.021942027      0.12162913      0.01040634      -1.6086394      0.60987411    2.100583e-09      0.22332283       118.24892      0.14421535      0.77662018      0.24566949      0.24700047       2.5269378         7.74022       5.5430388       3.8675318        3.8675318       5.5430388                                5.5430388
              1       6.8097025     0.021902111      0.12130413     0.010406873      -2.0079523       1.5876975    2.100583e-09      0.19278779       127.22063      0.14385043      0.80716289        0.245652      0.24698292       2.5344691       7.7523612       5.8843415       3.8675318        3.8675318       5.8843415                                5.8843415
             13       6.1020342     0.021964847      0.12128477     0.010409029      -2.1228503       1.8109143    2.100583e-09      0.18193517       130.92147      0.14389381       0.8180183      0.24567949      0.24701051       2.5226475       7.7379642       4.4690048       3.8675318        3.8675318       4.4690048                                4.4690048
              1       6.3373599     0.021995316      0.12087475     0.010411381      -1.9634469       1.4835393    2.100583e-09      0.19241225       127.20355      0.14351426      0.80753841      0.24569287      0.24702393       2.5169363       7.7235214       4.9396561       3.8675318        3.8675318       4.9396561                                4.9396561
             14       6.9867849     0.021973676      0.12122688     0.010411558      -2.1101867        1.754838    2.100583e-09      0.18068581       131.35601      0.14384474      0.81926796      0.24568337       0.2470144       2.5209904       7.7334765       6.2385063       3.8675318        3.8675318       6.2385063                                6.2385063
              4       5.9972497     0.022023249      0.12115568     0.010410229     -0.80595613      0.32777537    2.100583e-09      0.42368159       85.753329      0.14382312      0.57620999      0.24570515      0.24703626       2.5117177       7.8409191       4.2594359       3.8675318        3.8675318       4.2594359                                4.2594359
              2       6.1294899     0.022166616      0.12147186     0.010409561      -1.5772566      0.47371644    2.100583e-09      0.22031196       118.91277      0.14428266      0.77963185      0.24576809      0.24709943        2.485188       7.6840812       4.5239161       3.8675318        3.8675318       4.5239161                                4.5239161
              4       5.4662042     0.022313703       0.1203955     0.010410237      -1.2708057      0.29592342    2.100583e-09      0.26876509       107.40159       0.1433534      0.73116591      0.24583145      0.24716303       2.4583978       7.6541928       3.1973448       3.8675318        3.8675318       3.1973448                                3.1973448
              2       5.9357103      0.02215879       0.1198066     0.010412246      -1.3893073      -1.6034231    2.100583e-09      0.17474513       133.14766      0.14260958      0.82520978      0.24576468        0.247096       2.4866254       7.6324474       4.1363571       3.8675318        3.8675318       4.1363571                                4.1363571
              4       5.7312464     0.022162678      0.11980516     0.010411849      -1.2471453      -1.9294532    2.100583e-09      0.18550832       129.22497      0.14261203      0.81444381      0.24576637      0.24709771       2.4859112       7.6321594       3.7274292       3.8675318        3.8675318       3.7274292                                3.7274292
              1        5.873035     0.022009591      0.12039808     0.010407887      -1.7430765     0.031410438    2.100583e-09      0.17476403       133.35614      0.14305187      0.82519101      0.24569914      0.24703023       2.5142673        7.683292       4.0110064       3.8675318        3.8675318       4.0110064                                4.0110064
              4        5.996297     0.021963243      0.12111585     0.010407872      -1.1644444     -0.52139488    2.100583e-09      0.25579682       110.38309      0.14372329      0.74413768      0.24567879      0.24700981       2.5229486       7.7222198       4.2575304       3.8675318        3.8675318       4.2575304                                4.2575304
              4        5.786962     0.021987265      0.12119495     0.010408536       -1.106118     -0.58126001    2.100583e-09      0.26504996       108.44294      0.14382641      0.73488222      0.24568933      0.24702039       2.5184434       7.7200369       3.8388603       3.8675318        3.8675318       3.8388603                                3.8388603
              7       5.8030945      0.02218704      0.11874096      0.01040714      -1.3533189     -0.59823338    2.100583e-09      0.20522155        122.6253      0.14157219       0.7947251      0.24577698      0.24710836       2.4814424       7.6197099       3.8711254       3.8675318        3.8675318       3.8711254                                3.8711254
              1       5.7936616     0.022172694      0.11923967     0.010406774      -1.4174584     -0.81583414    2.100583e-09      0.19079172       127.29459      0.14205656      0.80915885      0.24577074      0.24710209       2.4840725       7.6258215       3.8522596       3.8675318        3.8675318       3.8522596                                3.8522596
              6       5.1645593     0.022183807      0.11971531     0.010407102      -1.2471118     -0.70327391    2.100583e-09      0.22431859       117.48743      0.14254331       0.7756235      0.24577558      0.24710694       2.4820347       7.6397862       2.5940551       3.8675318        3.8675318       2.5940551                                2.5940551
              3       5.2677819     0.022065683      0.12017599     0.010406388     -0.91363636     -0.55929441    2.100583e-09      0.30454298       100.96032      0.14288587      0.69537858      0.24572382        0.247055       2.5038213       7.6999589       2.8005002       3.8675318        3.8675318       2.8005002                                2.8005002
              5       5.8638569     0.022032933      0.12161019     0.010406741       -1.428492      0.64143824    2.100583e-09      0.26182689       109.16417      0.14428731      0.73810633      0.24570941      0.24704054       2.5099123       7.7388011       3.9926502       3.8675318        3.8675318       3.9926502                                3.9926502
              1       5.3501826     0.022366895      0.11975597     0.010410561      -1.2845328      0.17420281    2.100583e-09      0.25490657       110.13877      0.14276705      0.74502772      0.24585416      0.24718581       2.4488152       7.6239362       2.9653017       3.8675318        3.8675318       2.9653017                                2.9653017
              2       6.5356544     0.022331236      0.12048818     0.010411891      -1.3093991    -0.036740719    2.100583e-09      0.24247034       113.08505      0.14346361      0.75746746      0.24583894      0.24717054       2.4552329       7.6333765       5.3362453       3.8675318        3.8675318       5.3362453                                5.3362453
              1       5.7621635     0.022340915      0.12013006     0.010411867     -0.37348103      -1.2915545    2.100583e-09      0.39891514       88.107603      0.14311517      0.60098227      0.24584307      0.24717469       2.4534885       7.6584334       3.7892635       3.8675318        3.8675318       3.7892635                                3.7892635
              1       5.7864606     0.022313362      0.12014048     0.010412441     -0.34575065      -1.6227508    2.100583e-09      0.38214947       90.031231      0.14309804      0.61775224      0.24583131      0.24716288       2.4584593       7.6513821       3.8378576       3.8675318        3.8675318       3.8378576                                3.8378576
              2       6.4612077     0.022327876      0.12046684      0.01041224     -0.29918699      -1.9351492    2.100583e-09      0.37576311       90.838015      0.14343891      0.62414048      0.24583751       0.2471691        2.455839       7.6457017       5.1873519       3.8675318        3.8675318       5.1873519                                5.1873519
              6       6.2762824     0.022277059      0.12019732     0.010413529    -0.041943078      -2.2116964    2.100583e-09      0.42848286       85.045065      0.14311857      0.57140696      0.24581578       0.2471473        2.465032       7.6638494       4.8175011       3.8675318        3.8675318       4.8175011                                4.8175011
             10       6.9953605     0.022255153      0.12045043      0.01041399  -0.00052727417      -2.6898458    2.100583e-09      0.40845785       87.150063      0.14334978      0.59143728      0.24580639      0.24713787       2.4690108       7.6601533       6.2556574       3.8675318        3.8675318       6.2556574                                6.2556574
              9       6.4272531     0.022172433      0.12009853     0.010413975     -0.31624764      -2.2178951    2.100583e-09      0.35197267       93.858512      0.14291515      0.64793669      0.24577063      0.24710198       2.4841203       7.6656637       5.1194427       3.8675318        3.8675318       5.1194427                                5.1194427
              1       5.3197886     0.022176794       0.1188822     0.010412494     -0.85913401      -1.4004778    2.100583e-09      0.26324773       108.30115      0.14170318       0.7366839      0.24577253      0.24710388       2.4833204       7.6328808       2.9045137       3.8675318        3.8675318       2.9045137                                2.9045137
              1       5.8681048     0.022159513       0.1189229     0.010412842     -0.85967428      -1.9088115    2.100583e-09      0.24246903       112.86213      0.14172661      0.75746801      0.24576499      0.24709632       2.4864925       7.6290666        4.001146       3.8675318        3.8675318        4.001146                                 4.001146
              4       5.3976859      0.02214429       0.1191727     0.010411736     -0.76264179        -2.14143    2.100583e-09      0.25326487        110.4848      0.14196118      0.74666948      0.24575834      0.24708964       2.4892918         7.63697       3.0603082       3.8675318        3.8675318       3.0603082                                3.0603082
              6       4.7171717     0.022180245      0.11957856     0.010410442      -1.2250226     -0.82452645    2.100583e-09      0.22200319        118.0726        0.142403      0.77793943      0.24577403      0.24710539       2.4826877       7.6375372       1.6992799       3.8675318        3.8675318       1.6992799                                1.6992799
              2        4.864874     0.022166549       0.1197699     0.010411234      -1.2659864     -0.53166604    2.100583e-09      0.22678867       116.86498      0.14258064      0.77315279      0.24576806       0.2470994       2.4852002       7.6477207       1.9946844       3.8675318        3.8675318       1.9946844                                1.9946844
              3       4.9946818     0.022077173      0.12018017     0.010409406      -1.6262061      0.29906167    2.100583e-09      0.19917787       124.83525      0.14290153      0.80077084      0.24572888      0.24706008       2.5016897       7.6745951       2.2543001       3.8675318        3.8675318       2.2543001                                2.2543001
              1        4.131946     0.022202115      0.11974778     0.010410524      -1.0868859     0.042781433    2.100583e-09      0.29499138       102.44977      0.14259408      0.70493249      0.24578352      0.24711492       2.4786832       7.6760436      0.52882839       3.8675318        3.8675318      0.52882839                               0.52882839
             10       4.7589999     0.022338383      0.11773605     0.010411349      -1.5662667      0.97638743    2.100583e-09      0.22876109       115.87181      0.14071863      0.77117908      0.24584199       0.2471736       2.4539445       7.6135354       1.7829363       3.8675318        3.8675318       1.7829363                                1.7829363
              3       4.0528489     0.022231582      0.11880231     0.010411073        -1.46579       1.0040136    2.100583e-09      0.26075342       108.77858      0.14167809      0.73917885      0.24579625       0.2471277       2.4733025       7.6754638       0.3706343       3.8675318        3.8675318       0.3706343                                0.3706343
              3       4.3918203      0.02236427      0.11812557     0.010410801      -1.6555598       1.5146127    2.100583e-09      0.24898667       111.09368      0.14113403       0.7509484      0.24585304      0.24718469       2.4492868       7.6581922       1.0485771       3.8675318        3.8675318       1.0485771                                1.0485771
              4       5.8342747     0.022301607      0.11824408     0.010407575      -2.0795567       1.2791577    2.100583e-09      0.15508688       140.87342      0.14118988      0.84487269      0.24582629      0.24715784       2.4605847       7.5905862       3.9334859       3.8675318        3.8675318       3.9334859                                3.9334859
              5       5.8342283     0.022301891      0.11824057     0.010407582      -2.0775593       1.2745942    2.100583e-09      0.15520168        140.8203      0.14118666      0.84475786      0.24582641      0.24715796       2.4605333        7.590455       3.9333929       3.8675318        3.8675318       3.9333929                                3.9333929
              1       5.9708513     0.022281808      0.11863685     0.010406791      -2.0785828       1.2084757    2.100583e-09      0.15486341       141.08214      0.14156285      0.84509633      0.24581782      0.24714934       2.4641708       7.5994133       4.2066389       3.8675318        3.8675318       4.2066389                                4.2066389
              8       6.6335542     0.022344581      0.11838977     0.010406512      -2.1769608       1.4564711    2.100583e-09      0.14805463       144.19149      0.14137854      0.85190683      0.24584464      0.24717626       2.4528282       7.5823456       5.5320447       3.8675318        3.8675318       5.5320447                                5.5320447
              2       6.7102436     0.022344728      0.11836066     0.010406413      -2.1699369       1.4757462    2.100583e-09      0.14947682       143.49659      0.14134958      0.85048426       0.2458447      0.24717632       2.4528017        7.582933       5.6854236       3.8675318        3.8675318       5.6854236                                5.6854236
             15       6.8568761     0.022352557      0.11830633     0.010406387      -2.1757032       1.4420711    2.100583e-09      0.14746398       144.45447      0.14130308      0.85249762      0.24584804      0.24717967       2.4513927       7.5787798       5.9786886       3.8675318        3.8675318       5.9786886                                5.9786886
              1       5.6536704     0.022337969      0.12032143     0.010409494     -0.41211635      -0.7576478    2.100583e-09      0.43661449       84.246252      0.14330359      0.56327338      0.24584181      0.24717342       2.4540192       7.6987236       3.5722771       3.8675318        3.8675318       3.5722771                                3.5722771
              2       6.1328313     0.022242916      0.12123947     0.010409296     -0.51927735     -0.47459838    2.100583e-09       0.4342292       84.641449      0.14412658      0.56565992      0.24580113      0.24713259       2.4712374       7.7436151        4.530599       3.8675318        3.8675318        4.530599                                 4.530599
              2       7.6698626     0.022257141      0.12173101     0.010407677     -0.40418433     -0.54254593    2.100583e-09      0.47284754       81.173612      0.14463234      0.52703214      0.24580724      0.24713873       2.4686493         7.76753       7.6046616       3.8675318        3.8675318       7.6046616                                7.6046616
              4       7.8852221     0.022266393       0.1218981     0.010407563     -0.63314565     -0.55140344    2.100583e-09       0.3923752       89.131169      0.14480869      0.60752508      0.24581121      0.24714271       2.4669681       7.7175015       8.0353807       3.8675318        3.8675318       8.0353807                                8.0353807
              1        5.859911      0.02202169       0.1206542     0.010408378       -1.320881      -1.2752946    2.100583e-09      0.19869083       125.11733      0.14332008      0.80125815      0.24570446      0.24703557       2.5120086       7.6825793       3.9847585       3.8675318        3.8675318       3.9847585                                3.9847585
              2       6.5386456     0.021980313      0.12076842     0.010406406      -1.5307974     -0.58611923    2.100583e-09      0.18931742       128.22391      0.14339292      0.81063399      0.24568628      0.24701732        2.519746       7.6952375       5.3422277       3.8675318        3.8675318       5.3422277                                5.3422277
              1       5.2534486     0.022095477      0.12026868     0.010408085      -1.5736691     -0.37616255    2.100583e-09      0.18587088       129.23647      0.14300835      0.81408129      0.24573693      0.24706816       2.4982993       7.6616853       2.7718336       3.8675318        3.8675318       2.7718336                                2.7718336
              3       5.6313393     0.022136132      0.11992814     0.010407125      -1.8820299     -0.20108224    2.100583e-09      0.14910494       144.18508      0.14270846      0.85085661      0.24575477      0.24708606        2.490794       7.6392251        3.527615       3.8675318        3.8675318        3.527615                                 3.527615
              4       5.8823959     0.022129159      0.12002254     0.010406593      -1.9169389     -0.16392941    2.100583e-09      0.14649555       145.49112       0.1427959       0.8534667      0.24575171      0.24708299       2.4920788       7.6418447       4.0297281       3.8675318        3.8675318       4.0297281                                4.0297281
              1       7.7221169      0.02211795      0.12211042      0.01040704      -1.8754581     -0.48229602    2.100583e-09      0.15315091       142.80366      0.14487256      0.84681019       0.2457468      0.24707806       2.4941464       7.6788235       7.7091702       3.8675318        3.8675318       7.7091702                                7.7091702
              2       5.4708386     0.022306213      0.11955481     0.010409293      -1.5566441     -0.92440615    2.100583e-09      0.16878634       135.33804      0.14250521      0.83117007      0.24582826      0.24715982       2.4597516       7.5961837       3.2066136       3.8675318        3.8675318       3.2066136                                3.2066136
              3       4.5207032     0.022212739      0.11936062     0.010409948      -1.4178144     -0.18799239    2.100583e-09      0.21139411       120.93796      0.14221755      0.78855119      0.24578812      0.24711953       2.4767412       7.6298811       1.3063428       3.8675318        3.8675318       1.3063428                                1.3063428
              6       4.7586398     0.022190127      0.11928805     0.010408676      -1.6013808     0.094067253    2.100583e-09      0.19142894        127.0841      0.14212237      0.80852149      0.24577832       0.2471097       2.4808771       7.6303522        1.782216       3.8675318        3.8675318        1.782216                                 1.782216
              2       4.6502674     0.022201901       0.1193278     0.010408366      -1.3076963     -0.31324936    2.100583e-09      0.22641893       116.85503      0.14217389      0.77352246      0.24578343      0.24711483       2.4787224       7.6346311       1.5654711       3.8675318        3.8675318       1.5654711                                1.5654711
              1       6.4890007     0.021978941      0.12029498     0.010408028      -1.0110846      -2.3417468    2.100583e-09      0.21272158       120.86818      0.14291811      0.78722364      0.24568568      0.24701672       2.5200032       7.6844206       5.2429378       3.8675318        3.8675318       5.2429378                                5.2429378
              2         7.12968     0.021922702      0.12027375     0.010409567      -0.7949047       -2.162017    2.100583e-09      0.25457135       110.50897      0.14284064      0.74536306      0.24566102      0.24699197         2.53058       7.7050346       6.5242965       3.8675318        3.8675318       6.5242965                                6.5242965
              4       6.4552906     0.021911714      0.12056236     0.010408602     -0.83452718     -0.77171778    2.100583e-09      0.31367492        99.60822      0.14311827      0.68624442      0.24565621      0.24698714       2.5326542       7.7403251       5.1755177       3.8675318        3.8675318       5.1755177                                5.1755177
              1       6.8205484      0.02190558      0.12037927     0.010409369      -1.0669739      -0.4667697    2.100583e-09      0.27495651       106.36015      0.14292904      0.72497269      0.24565352      0.24698445       2.5338133       7.7314304       5.9060333       3.8675318        3.8675318       5.9060333                                5.9060333
              3       6.6657659     0.021916429      0.12012359     0.010408858      -1.1562841     -0.14565372    2.100583e-09      0.27092897       107.09635      0.14268421      0.72900115      0.24565827      0.24698921       2.5317639       7.7294052       5.5964682       3.8675318        3.8675318       5.5964682                                5.5964682
             10       5.8935407     0.021967116      0.12025721     0.010410256      -1.0810248       0.6560822    2.100583e-09      0.35553686        93.49032      0.14286852      0.64437156      0.24568049      0.24701151       2.5222215       7.8086859       4.0520179       3.8675318        3.8675318       4.0520179                                4.0520179
              1       5.3565938     0.022416543      0.11822884     0.010408834      -0.3833667      -1.0061357    2.100583e-09      0.40974448       86.625741      0.14128958       0.5901488      0.24587537       0.2472071       2.4399223       7.6299996        2.978124       3.8675318        3.8675318        2.978124                                 2.978124
              3       5.2932323     0.022378119      0.11874478     0.010407872     -0.51146872     -0.60407711    2.100583e-09      0.40867125       86.830216      0.14176709      0.59122266      0.24585895      0.24719062       2.4468004       7.6615486        2.851401       3.8675318        3.8675318        2.851401                                 2.851401
              3       5.7506728     0.022077971      0.11865985     0.010410884      -1.4968577      0.50053057    2.100583e-09      0.22330873       117.59008      0.14138201      0.77663315      0.24572923      0.24706043       2.5015417       7.6655347       3.7662819       3.8675318        3.8675318       3.7662819                                3.7662819
              2       5.3943495     0.022118239      0.11854647     0.010411285      -1.6016893      0.78464582    2.100583e-09      0.21570911       119.60049       0.1413089      0.78423471      0.24574692      0.24707819       2.4940932         7.65816       3.0536354       3.8675318        3.8675318       3.0536354                                3.0536354
              5       6.0834509      0.02215865      0.12006186     0.010413597     -0.67985406      -1.3361486    2.100583e-09      0.31258826       99.595366      0.14286471      0.68733121      0.24576461      0.24709594       2.4866512       7.6688999       4.4318381       3.8675318        3.8675318       4.4318381                                4.4318381
              3        5.824414     0.022214781      0.11956264     0.010413789     -0.60936867      -1.6233188    2.100583e-09      0.31026588       99.859354      0.14242162      0.68965395        0.245789      0.24712042       2.4763681       7.6445499       3.9137645       3.8675318        3.8675318       3.9137645                                3.9137645
              2       6.8228809     0.022337293      0.11970708     0.010414152     -0.80493898      -1.4270482    2.100583e-09      0.27637871       105.77776      0.14268857      0.72355001      0.24584153      0.24717313       2.4541411       7.6131723       5.9106982       3.8675318        3.8675318       5.9106982                                5.9106982
              8       6.7637017     0.022347551      0.11956861       0.0104142     -0.78065287      -1.4801479    2.100583e-09      0.27819178       105.40316      0.14256035       0.7217364       0.2458459      0.24717753       2.4522936       7.6086918       5.7923398       3.8675318        3.8675318       5.7923398                                5.7923398
              4       4.6881834      0.02219415      0.11926277     0.010410828     -0.82250816      -1.6303811    2.100583e-09      0.26302569       108.41015      0.14210111      0.73690619      0.24578007      0.24711145       2.4801405       7.6325422       1.6413031       3.8675318        3.8675318       1.6413031                                1.6413031
              8       6.0232904     0.022479525      0.11780412     0.010412013     -0.97029507     -0.88269834    2.100583e-09      0.25708389       109.25365      0.14092784      0.74284898      0.24590235      0.24723418       2.4287117       7.5533814       4.3115173       3.8675318        3.8675318       4.3115173                                4.3115173
              2       5.2976545     0.022415285      0.11781882     0.010413107     -0.52863289     -0.87858438    2.100583e-09      0.37068661       91.010889       0.1408783      0.62921655      0.24587483      0.24720656        2.440147       7.6118763       2.8602455       3.8675318        3.8675318       2.8602455                                2.8602455
              1       4.2059828     0.022233927      0.11869178     0.010409796     -0.59143876     -0.99081799    2.100583e-09      0.35055946       93.797472       0.1415699      0.64934941      0.24579726      0.24712871        2.472875       7.6502224      0.67690198       3.8675318        3.8675318      0.67690198                               0.67690198
              9        4.041468     0.022182653      0.11945036     0.010410274     -0.70871245      -0.6015038    2.100583e-09      0.35061822       93.931629       0.1422772      0.64929108      0.24577507      0.24710644       2.4822462       7.6830754      0.34787233       3.8675318        3.8675318      0.34787233                               0.34787233
              7       4.1744825     0.022271586      0.11920717     0.010410729     -0.72194836     -0.86450198    2.100583e-09      0.32605779       97.329284      0.14212294      0.67385778      0.24581344      0.24714495       2.4660252       7.6429283      0.61390141       3.8675318        3.8675318      0.61390141                               0.61390141
              8       5.4507586     0.022277038      0.12006831     0.010410563     -0.42011509     -0.21965256    2.100583e-09      0.50028785       78.688343      0.14298954      0.49958339      0.24581578      0.24714729       2.4650358       7.7989607       3.1664537       3.8675318        3.8675318       3.1664537                                3.1664537
              9       5.4840703     0.022265725      0.12012105     0.010410901     -0.35456882     -0.35914283    2.100583e-09      0.50806358       78.094497      0.14303096      0.49180569      0.24581093      0.24714242       2.4670894       7.7961835        3.233077       3.8675318        3.8675318        3.233077                                 3.233077
              2       4.9788169     0.022268519      0.11998363      0.01041075     -0.35549111     -0.52444457    2.100583e-09      0.48343271       80.039614      0.14289634      0.51644278      0.24581213      0.24714363       2.4665819       7.7583042       2.2225703       3.8675318        3.8675318       2.2225703                                2.2225703
              1       5.0710762     0.022221365      0.11988806     0.010411046     -0.14847561     -0.81669046    2.100583e-09      0.52949334       76.481314      0.14275362      0.47037015      0.24579185      0.24712327       2.4751661       7.7823472       2.4070887       3.8675318        3.8675318       2.4070887                                2.4070887
              1       4.8151096     0.022272557      0.11791076     0.010410946     -0.68107776      -1.0379951    2.100583e-09      0.31804886       98.326305      0.14082751      0.68186803      0.24581386      0.24714536       2.4658489       7.6176746       1.8951557       3.8675318        3.8675318       1.8951557                                1.8951557
              2        5.101952      0.02214164      0.11880553     0.010408002     -0.97962842     -0.56051744    2.100583e-09      0.28016808       104.98103      0.14159136       0.7197591      0.24575718      0.24708848       2.4897797       7.6544951       2.4688405       3.8675318        3.8675318       2.4688405                                2.4688405
              1       4.6324033     0.022158858      0.11898772     0.010408671     -0.93330334     -0.68574166    2.100583e-09      0.28460883        104.1842      0.14179077       0.7153173      0.24576471      0.24709603       2.4866128       7.6528473       1.5297431       3.8675318        3.8675318       1.5297431                                1.5297431
              1       4.8012146     0.022170173      0.11952675     0.010407336      -1.1645145     -0.33128667    2.100583e-09      0.25533055       110.09223      0.14234112      0.74460344      0.24576964      0.24710099        2.484535       7.6537058       1.8673656       3.8675318        3.8675318       1.8673656                                1.8673656
              1       4.6276209     0.022187503      0.11939021     0.010407491       -1.194845    -0.021491216    2.100583e-09      0.26408932       108.21823      0.14222191      0.73584234      0.24577718      0.24710856       2.4813576       7.6571351       1.5201783       3.8675318        3.8675318       1.5201783                                1.5201783
              6       4.5977517     0.022145036      0.11969931     0.010407484      -1.2416615      0.12521807    2.100583e-09      0.26360735        108.3932      0.14248854      0.73632457      0.24575866      0.24708997       2.4891545       7.6741962       1.4604398       3.8675318        3.8675318       1.4604398                                1.4604398
              1       7.1876715     0.022495215      0.11644701     0.010412394      -1.6948623      0.70338478    2.100583e-09      0.18376311       128.90984      0.13958641      0.81618844      0.24590908      0.24724093       2.4259312       7.5271768       6.6402795       3.8675318        3.8675318       6.6402795                                6.6402795
              2       5.8345754     0.022447829      0.11798742      0.01041391      -1.8856536       1.6426946    2.100583e-09      0.20055423       123.74808      0.14107944      0.79939345      0.24588876      0.24722054       2.4343439        7.600036       3.9340873       3.8675318        3.8675318       3.9340873                                3.9340873
              1       4.4535082      0.02231112       0.1187789     0.010412458      -1.5919611       1.2286691    2.100583e-09      0.24465525       112.25916      0.14173422      0.75528122      0.24583035      0.24716192       2.4588645       7.6566715       1.1719528       3.8675318        3.8675318       1.1719528                                1.1719528
              4       4.8479623     0.022289019      0.11867468      0.01041325      -1.6161986       1.1079156    2.100583e-09      0.22988304       115.79997      0.14160789      0.77005721       0.2458209      0.24715244       2.4628637       7.6430261        1.960861       3.8675318        3.8675318        1.960861                                 1.960861
              5         4.79468     0.022301021      0.11805023     0.010412765      -1.5463158      0.97168785    2.100583e-09      0.23426833       114.58172      0.14099544      0.76567052      0.24582604      0.24715759       2.4606908       7.6299844       1.8542964       3.8675318        3.8675318       1.8542964                                1.8542964
              3        5.015013     0.022302889      0.11809848     0.010412908      -1.6819778      0.98605856    2.100583e-09       0.2066654       122.00322      0.14104556      0.79328068      0.24582683      0.24715839       2.4603528       7.6120918       2.2949624       3.8675318        3.8675318       2.2949624                                2.2949624
              5       7.3396184     0.022395426      0.11970482     0.010412443       0.1860621      -1.3056727    2.100583e-09      0.60054718        71.74125      0.14274444      0.39929799      0.24586634      0.24719804       2.4436987       7.7632344       6.9441733       3.8675318        3.8675318       6.9441733                                6.9441733
              1       7.2997545     0.022425332       0.1200585     0.010412568     -0.63093388      -1.2550468    2.100583e-09      0.32813443        97.10144      0.14312802       0.6717812      0.24587913      0.24721087       2.4383533       7.6150952       6.8644455       3.8675318        3.8675318       6.8644455                                6.8644455
              2       7.4560473     0.022477661      0.11957246      0.01041283     -0.63082863      -1.2208286    2.100583e-09      0.32707747       97.157088      0.14269432      0.67283818      0.24590155      0.24723338       2.4290424       7.5968853       7.1770311       3.8675318        3.8675318       7.1770311                                7.1770311
              5       7.5995245     0.022484569      0.11967223     0.010412437     -0.62228204      -1.2134003    2.100583e-09      0.33040526       96.680327      0.14280099      0.66950959      0.24590451      0.24723635       2.4278173       7.5979137       7.4639853       3.8675318        3.8675318       7.4639853                                7.4639853
              3        6.742827     0.022349258      0.12015973     0.010413225      -1.3347616      0.25177672    2.100583e-09      0.24951748       111.40636      0.14315318      0.75041838      0.24584663      0.24717826       2.4519863       7.6336351       5.7505905       3.8675318        3.8675318       5.7505905                                5.7505905
              3       5.6621041     0.022304872      0.12026752      0.01041114      -1.6377836      0.57427171    2.100583e-09      0.20667864       122.45334      0.14321658      0.79326825      0.24582768      0.24715924       2.4599941       7.6321223       3.5891446       3.8675318        3.8675318       3.5891446                                3.5891446
              5       6.0108886     0.022245308      0.12040972     0.010411834      -1.6067185     -0.17387097    2.100583e-09      0.18603643       129.13077      0.14329922      0.81391579      0.24580216      0.24713363       2.4708019       7.6322849       4.2867136       3.8675318        3.8675318       4.2867136                                4.2867136
              3       5.0361758     0.022176981      0.12064891     0.010409562      -1.5018135      0.16296663    2.100583e-09      0.21697118       119.65339      0.14347008      0.78297317      0.24577261      0.24710396       2.4832861       7.6635521       2.3372881       3.8675318        3.8675318       2.3372881                                2.3372881
              2       6.2062948     0.022036854      0.12159746     0.010408293      -2.1907436       1.3467446    2.100583e-09      0.15675054       141.08027       0.1442785      0.84320947      0.24571114      0.24704227       2.5091819       7.7024161       4.6775259       3.8675318        3.8675318       4.6775259                                4.6775259
              1       6.2006519     0.022005012      0.12134373     0.010408103      -2.1487412      0.97177971    2.100583e-09      0.15122914       143.59012      0.14399293      0.84873221      0.24569713      0.24702821       2.5151228       7.6998528       4.6662402       3.8675318        3.8675318       4.6662402                                4.6662402
              1       6.1628374     0.021999676      0.12135434     0.010408131      -2.0842716      0.98782762    2.100583e-09       0.1598062       139.68924      0.14399821      0.84015296      0.24569478      0.24702586       2.5161206       7.7042582       4.5906113       3.8675318        3.8675318       4.5906113                                4.5906113
             11       5.4903066      0.02203703      0.12049699     0.010408985      -2.0213691       0.8680616    2.100583e-09      0.16075186       139.05462      0.14317821      0.83920682      0.24571121      0.24704235        2.509149       7.6816579       3.2455496       3.8675318        3.8675318       3.2455496                                3.2455496
              2       5.5020611     0.022038306      0.12050244     0.010408952      -2.0389128      0.86521395    2.100583e-09      0.15840046       140.08349      0.14318493      0.84155882      0.24571177      0.24704291       2.5089114       7.6806076       3.2690585       3.8675318        3.8675318       3.2690585                                3.2690585
              3        5.026568      0.02213328      0.11939878     0.010408426      -1.6089679     0.014976343    2.100583e-09      0.18846056       128.13502      0.14217625      0.81149066      0.24575352      0.24708481       2.4913193       7.6431339       2.3180725       3.8675318        3.8675318       2.3180725                                2.3180725
              2       6.6412642     0.022016591      0.12149433     0.010410472      -1.4773442     -0.26996965    2.100583e-09      0.20972408       121.95724      0.14415511      0.79022238      0.24570222      0.24703332         2.51296       7.7063834       5.5474649       3.8675318        3.8675318       5.5474649                                5.5474649
              3       7.7553402     0.021983114      0.12277152     0.010406501      -1.4600328       0.7788899    2.100583e-09      0.26942051       107.84597      0.14539883       0.7305113      0.24568751      0.24701856       2.5192211       7.7741826       7.7756168       3.8675318        3.8675318       7.7756168                                7.7756168
              3       6.4650734     0.021957607      0.12189394     0.010406854      -1.6353808       1.1352121    2.100583e-09      0.24643475       112.61021      0.14449573      0.75350248      0.24567632      0.24700732       2.5240074       7.7676299       5.1950831       3.8675318        3.8675318       5.1950831                                5.1950831
              2       7.3330256     0.021900938      0.12217384     0.010406688      -1.9186757       1.4915453    2.100583e-09      0.20871588       122.44922      0.14471897      0.79123105      0.24565149      0.24698241        2.534691       7.7716729       6.9309876       3.8675318        3.8675318       6.9309876                                6.9309876
             11       7.3752513     0.021900425      0.12219112     0.010406639      -1.9164727       1.4467939    2.100583e-09      0.20702009       122.95357      0.14473573      0.79292727      0.24565126      0.24698218        2.534788       7.7695241        7.015439       3.8675318        3.8675318        7.015439                                 7.015439
              4       6.3969253     0.022077139      0.12187805     0.010407659      -1.9422264       1.2095224    2.100583e-09      0.18970284       128.28217      0.14459938      0.81024887      0.24572886      0.24706006        2.501696       7.7097472        5.058787       3.8675318        3.8675318        5.058787                                 5.058787
              3       6.3547236     0.022098991      0.12181148     0.010407891      -1.7561193      0.73094757    2.100583e-09      0.20170691        124.3814      0.14455466      0.79824174      0.24573847      0.24706971       2.4976495       7.7007643       4.9743837       3.8675318        3.8675318       4.9743837                                4.9743837
              3       6.5728724     0.022098229      0.12190071     0.010408593      -1.6462527      0.39301791    2.100583e-09      0.20762935       122.61334      0.14464313      0.79231782      0.24573814      0.24706937       2.4977904       7.6998612       5.4106813       3.8675318        3.8675318       5.4106813                                5.4106813
              3         7.97627     0.022090777      0.12250032     0.010408867      -1.9555378      0.94245533    2.100583e-09      0.18067134        131.5787      0.14523529      0.81928288      0.24573486      0.24706608       2.4991693       7.7081408       8.2174764       3.8675318        3.8675318       8.2174764                                8.2174764
              1       7.0584804     0.022147109      0.12170481     0.010410864      -1.7857462      0.69574843    2.100583e-09      0.19397829       126.78726      0.14449611      0.80597231      0.24575957      0.24709088       2.4887731       7.6855327       6.3818972       3.8675318        3.8675318       6.3818972                                6.3818972
              9       6.3105332     0.022179436      0.12134831     0.010410312      -1.7322331      0.57060697    2.100583e-09      0.19643322       125.90038      0.14417194      0.80351664      0.24577367      0.24710504       2.4828359       7.6719376       4.8860029       3.8675318        3.8675318       4.8860029                                4.8860029
              4       6.0827675      0.02228611      0.12070691     0.010411106      -1.5728953      0.59708765    2.100583e-09      0.22183388       118.29359      0.14363721      0.77810928      0.24581966      0.24715119       2.4633908       7.6496989       4.4304715       3.8675318        3.8675318       4.4304715                                4.4304715
              6        5.979921     0.022187686      0.11906903     0.010410313     -0.40623414    0.0043699989    2.100583e-09      0.54374152       75.375313      0.14190091      0.45611746      0.24577726      0.24710864       2.4813241       7.8801258       4.2247784       3.8675318        3.8675318       4.2247784                                4.2247784
              2       4.8640374     0.022321554      0.11753993     0.010410028      -1.2025774      0.66824648    2.100583e-09      0.29997525       101.15959      0.14050567      0.69994618      0.24583481      0.24716639       2.4569799       7.6546433       1.9930113       3.8675318        3.8675318       1.9930113                                1.9930113
              1        4.756081     0.022328238      0.11763497     0.010410186      -1.2027083      0.57315913    2.100583e-09      0.29184916       102.57265       0.1406074      0.70807445      0.24583766      0.24716926       2.4557737       7.6422923       1.7770985       3.8675318        3.8675318       1.7770985                                1.7770985
              4       6.9988536     0.022171785      0.12020474     0.010403891      -1.9611054       1.6599898    2.100583e-09      0.19967331       124.63628      0.14302072      0.80027531      0.24577034      0.24710169       2.4842392       7.6834446       6.2626435       3.8675318        3.8675318       6.2626435                                6.2626435
              4        4.335208     0.022145129      0.11979628      0.01040813      -1.6713904       1.6132655    2.100583e-09       0.2621144       108.55761       0.1425856      0.73781794      0.24575871      0.24709001       2.4891375       7.7455292      0.93535242       3.8675318        3.8675318      0.93535242                               0.93535242
              3       5.2561471     0.022108752      0.12124254     0.010407737       -1.666977       1.4501894    2.100583e-09      0.25736536       109.99645      0.14399548      0.74256886      0.24574276      0.24707401        2.495845       7.7497589       2.7772307       3.8675318        3.8675318       2.7772307                                2.7772307
              2       5.1938545     0.022120883      0.12119597       0.0104077      -1.6056805       1.2514276    2.100583e-09      0.25706752       110.05284      0.14396105      0.74286677      0.24574808      0.24707935       2.4936052       7.7357987       2.6526455       3.8675318        3.8675318       2.6526455                                2.6526455
              4       4.9402956     0.022132566       0.1209935     0.010407994      -1.5471877       1.2519785    2.100583e-09      0.27165286       107.01447      0.14377026       0.7282776      0.24575321      0.24708449       2.4914509       7.7431938       2.1455276       3.8675318        3.8675318       2.1455276                                2.1455276
              1       5.3244775     0.022114508      0.12083321     0.010406139      -1.6056431       1.2459497    2.100583e-09      0.25532662       110.36271      0.14359191      0.74460794      0.24574529      0.24707655       2.4947818       7.7306329       2.9138915       3.8675318        3.8675318       2.9138915                                2.9138915
              3       5.1944087     0.022270843      0.11981458     0.010406562      -1.3570285       1.0430555    2.100583e-09      0.30217424       101.20591      0.14272961      0.69774785      0.24581312      0.24714463         2.46616       7.7137373       2.6537539       3.8675318        3.8675318       2.6537539                                2.6537539
              5       4.0677764      0.02217564      0.11914826     0.010409091      -1.3660333      0.87545042    2.100583e-09      0.27998846       105.06206      0.14196809      0.71993896      0.24577202      0.24710338       2.4835321       7.6995499      0.40048928       3.8675318        3.8675318      0.40048928                               0.40048928
              2       5.1059787     0.022207398      0.11817585     0.010411198      -1.7513121      0.86986435    2.100583e-09      0.19003206       127.29685      0.14102744      0.80991835      0.24578581      0.24711722       2.4777173       7.6214021       2.4768939       3.8675318        3.8675318       2.4768939                                2.4768939
              2       5.4246211     0.022198038      0.11819857     0.010413197      -1.4577505      0.73861115    2.100583e-09      0.24107884       113.02774       0.1410408      0.75885825      0.24578176      0.24711315       2.4794289       7.6502394       3.1141787       3.8675318        3.8675318       3.1141787                                3.1141787
              5       5.5340962     0.022165267      0.11912392     0.010413397       -1.803458       1.1856994    2.100583e-09      0.19848057       124.78358      0.14193338      0.80146796       0.2457675      0.24709884       2.4854357         7.65737       3.3331289       3.8675318        3.8675318       3.3331289                                3.3331289
              3       5.2500571     0.022218715       0.1180021     0.010410355      -1.2249781     -0.34798251    2.100583e-09      0.23333892       114.83825      0.14086501      0.76660012       0.2457907      0.24712213       2.4756499       7.6130084       2.7650506       3.8675318        3.8675318       2.7650506                                2.7650506
              4       5.8917006     0.022215837      0.11743666     0.010411479      -1.3467011      0.33792176    2.100583e-09      0.23919898       113.31243      0.14029669      0.76073828      0.24578946      0.24712088       2.4761754       7.6217387       4.0483377       3.8675318        3.8675318       4.0483377                                4.0483377
              1       5.0614563      0.02206921      0.11961744     0.010407052      -1.2026753      0.74298355    2.100583e-09      0.32048752       98.321412      0.14233084      0.67942961      0.24572538      0.24705656       2.5031667       7.7529576        2.387849       3.8675318        3.8675318        2.387849                                 2.387849
              2       4.8974159     0.022069728      0.11983056     0.010407128      -1.3366155      0.82418941    2.100583e-09      0.28862927       103.64338      0.14254448      0.71129621       0.2457256      0.24705679       2.5030705       7.7340144       2.0597682       3.8675318        3.8675318       2.0597682                                2.0597682
              1       5.7145721     0.021958105        0.120335     0.010407965      -1.2235501      0.45652244    2.100583e-09       0.2937556       102.87066       0.1429373      0.70616876      0.24567654      0.24700754        2.523914       7.7516856       3.6940807       3.8675318        3.8675318       3.6940807                                3.6940807
              5       6.4610511     0.021943551      0.12120923     0.010406668    -0.030281166      -1.4095818    2.100583e-09      0.51472674       77.833301      0.14379697      0.48514153      0.24567016      0.24700114       2.5266511       7.8086073       5.1870386       3.8675318        3.8675318       5.1870386                                5.1870386
              1       6.8367439     0.021936119      0.12158316     0.010406083     0.087232535      -1.7098812    2.100583e-09      0.52841358       76.869454      0.14416347      0.47145153       0.2456669      0.24699787       2.5280506       7.8087629       5.9384243       3.8675318        3.8675318       5.9384243                                5.9384243
              8       7.1187344     0.021878601      0.12120091     0.010406247      0.14310247      -2.9215912    2.100583e-09      0.44372823       83.850486      0.14372371      0.55615814      0.24564171      0.24697259       2.5389209       7.7603983       6.5024053       3.8675318        3.8675318       6.5024053                                6.5024053
              1       6.5339418     0.022049458      0.12112909     0.010405135     -0.43662598      -2.5830639    2.100583e-09      0.31477655       99.472849      0.14382274       0.6851429      0.24571668      0.24704784       2.5068361       7.6969743         5.33282       3.8675318        3.8675318         5.33282                                  5.33282
              3       6.4874381     0.022056608       0.1211428     0.010405131     -0.40732018      -2.5641667    2.100583e-09      0.32218923       98.321276       0.1438436      0.67772834      0.24571983        0.247051       2.5055068       7.6970249       5.2398127       3.8675318        3.8675318       5.2398127                                5.2398127
              2       6.3172974     0.022045369      0.12145703     0.010406014     -0.58119613      -2.2118797    2.100583e-09      0.30223443       101.57369      0.14414659      0.69768841      0.24571488      0.24704603       2.5075968       7.7035452       4.8995312       3.8675318        3.8675318       4.8995312                                4.8995312
              4       5.1983546     0.022142989      0.12025876     0.010410833     -0.40685648      -2.8737528    2.100583e-09      0.30028061       101.65651      0.14304594      0.69964213      0.24575777      0.24708907       2.4895312       7.6585893       2.6616457       3.8675318        3.8675318       2.6616457                                2.6616457
              7       4.8128096     0.022269642      0.11953399     0.010411525      -1.2006683     -0.49447389    2.100583e-09      0.23872553         113.812      0.14244782      0.76121279      0.24581261      0.24714411       2.4663781       7.6249725       1.8905557       3.8675318        3.8675318       1.8905557                                1.8905557
              1       4.9913379     0.022231372      0.12022878     0.010409856       -1.097273      -1.0016923    2.100583e-09      0.24142892        113.3249      0.14310435      0.75850899      0.24579616      0.24712761       2.4733407       7.6393823       2.2476123       3.8675318        3.8675318       2.2476123                                2.2476123
              3       6.7300432      0.02239077      0.11827143      0.01040726      -1.5454117     -0.31296535    2.100583e-09      0.18155117       130.16109      0.14130639      0.81840155      0.24586435      0.24719604       2.4445326       7.5629773       5.7250229       3.8675318        3.8675318       5.7250229                                5.7250229
              4       7.0535836     0.022377883      0.11830603     0.010406466        -1.67658      0.20343385    2.100583e-09      0.17880895       131.17004      0.14132811      0.82114449      0.24585885      0.24719052       2.4468428       7.5699587       6.3721036       3.8675318        3.8675318       6.3721036                                6.3721036
              3       7.4839267     0.022146636      0.11877344      0.01040457     -0.70868222      -1.2798687    2.100583e-09      0.30447691       100.69551      0.14156426      0.69544393      0.24575936      0.24709067       2.4888602       7.6483845       7.2327899       3.8675318        3.8675318       7.2327899                                7.2327899
              4       7.4302374     0.022185396      0.11840382     0.010405012      -0.7535685       -1.172012    2.100583e-09       0.2973862       101.80778       0.1412334      0.70253631      0.24577627      0.24710764       2.4817436        7.633703       7.1254112       3.8675318        3.8675318       7.1254112                                7.1254112
              1       5.2452888     0.022099262      0.11937731     0.010411649       -1.549239      0.43790746    2.100583e-09      0.21356603       120.38055      0.14212076      0.78637867      0.24573859      0.24706983       2.4975993       7.6656815       2.7555141       3.8675318        3.8675318       2.7555141                                2.7555141
              9       5.3705074     0.022084461      0.11934673     0.010411742      -1.4573608      0.36124228    2.100583e-09      0.22748824       116.63971      0.14207538      0.77245284      0.24573209       0.2470633       2.5003389       7.6731294       3.0059512       3.8675318        3.8675318       3.0059512                                3.0059512
              3       5.3881947     0.022108517      0.11969081     0.010412769      -1.3724501      0.58609518    2.100583e-09      0.25944284       109.27439      0.14244351      0.74049013      0.24574266      0.24707391       2.4958884       7.6953875       3.0413259       3.8675318        3.8675318       3.0413259                                3.0413259
              6       6.6408186     0.022220627      0.12086506     0.010412155     -0.58723484      -2.3553645    2.100583e-09      0.28792854       103.88792      0.14372988      0.71199774      0.24579153      0.24712295       2.4753008       7.6519864       5.5465737       3.8675318        3.8675318       5.5465737                                5.5465737
              5       9.8393522     0.022224637      0.12190704     0.010412912     -0.53839727      -2.8850003    2.100583e-09      0.28182677       105.18893      0.14477587      0.71810159      0.24579326      0.24712469       2.4745691       7.6639209       11.943641       3.8675318        3.8675318       11.943641                                11.943641
              8       7.9974703     0.022438082      0.11994517     0.010411387      -1.2488515      -2.2704773    2.100583e-09      0.17635037       132.42113      0.14302744      0.82360425      0.24588459      0.24721635       2.4360796       7.5700991        8.259877       3.8675318        3.8675318        8.259877                                 8.259877
              1       8.0058185     0.022387384       0.1193645     0.010414736     -0.92093473      -2.6541284    2.100583e-09      0.20834898         121.733      0.14239608      0.79159717       0.2458629      0.24719459       2.4451392       7.5761293       8.2765734       3.8675318        3.8675318       8.2765734                                8.2765734
              1       4.6277636     0.022112726      0.11985215     0.010410415      -1.0259834     -0.59493799    2.100583e-09      0.27294845       106.56421      0.14260907      0.72698111      0.24574451      0.24707576       2.4951108       7.6740559       1.5204636       3.8675318        3.8675318       1.5204636                                1.5204636
              1       4.6773735     0.022155113      0.11903327     0.010410807     -0.96928128     -0.80884713    2.100583e-09      0.26963398       107.04821      0.14183257      0.73029605      0.24576307      0.24709439       2.4873011       7.6481564       1.6196834       3.8675318        3.8675318       1.6196834                                1.6196834
              1       4.5709074     0.022232271      0.11893033     0.010411753     -0.95529689     -0.78711212    2.100583e-09       0.2725218       106.42726      0.14180679      0.72740747      0.24579655      0.24712799       2.4731769        7.630818       1.4067511       3.8675318        3.8675318       1.4067511                                1.4067511
              3       4.7951259     0.022260415      0.11923206     0.010410033      -1.1856251      -1.1387181    2.100583e-09      0.21540701       119.75653      0.14213666      0.78453722      0.24580865      0.24714014       2.4680541       7.6100956       1.8551883       3.8675318        3.8675318       1.8551883                                1.8551883
              2       4.7674343     0.022253537      0.11933404     0.010409927      -1.1750958       -1.124049    2.100583e-09      0.21826026       118.99531      0.14223177      0.78168327       0.2458057      0.24713718       2.4693047        7.613975       1.7998051       3.8675318        3.8675318       1.7998051                                1.7998051
              2       5.0567171     0.022377516      0.11900489     0.010410762     -0.63489553      -1.6246038    2.100583e-09      0.30105929       101.21092       0.1420266       0.6988627      0.24585869      0.24719036       2.4469086        7.596818       2.3783707       3.8675318        3.8675318       2.3783707                                2.3783707
              1       6.1628275     0.022432835       0.1192259     0.010409726     -0.93632953      -1.3249046    2.100583e-09      0.25239094       110.55644      0.14230293      0.74754378      0.24588234       0.2472141       2.4370149       7.5787749       4.5905913       3.8675318        3.8675318       4.5905913                                4.5905913
              2       5.7441442     0.022140221      0.12089382     0.010412093      -1.1305149      0.41358447    2.100583e-09      0.31705451       99.038587      0.14367823      0.68286428      0.24575656      0.24708786       2.4900409       7.7326456       3.7532248       3.8675318        3.8675318       3.7532248                                3.7532248
              7       5.6966709      0.02195607       0.1207207     0.010408945      -1.0045721     -0.10547085    2.100583e-09      0.31365523       99.619935      0.14332096      0.68626423      0.24567564      0.24700665       2.5242964       7.7484565       3.6582781       3.8675318        3.8675318       3.6582781                                3.6582781
              6       5.8410484     0.022033882      0.12054803     0.010407222     -0.82321434      -2.2397349    2.100583e-09      0.24822149       111.91459       0.1432261      0.75171473      0.24570983      0.24704096       2.5097354       7.6820167       3.9470331       3.8675318        3.8675318       3.9470331                                3.9470331
              3       5.8247485     0.022032942      0.12049719     0.010407337     -0.82316487      -2.2541347    2.100583e-09        0.247405       112.08987      0.14317433      0.75253141      0.24570941      0.24704054       2.5099106       7.6812171       3.9144334       3.8675318        3.8675318       3.9144334                                3.9144334
              2       6.5537655     0.021991488      0.12129059     0.010407808     -0.98416893      -2.5894197    2.100583e-09      0.21495789        120.4345      0.14392627      0.78498715      0.24569119      0.24702225       2.5176528       7.6974734       5.3724674       3.8675318        3.8675318       5.3724674                                5.3724674
              3       5.9460033     0.022029645      0.12003938     0.010408227     -0.95255111      -2.3509159    2.100583e-09      0.21982668       118.82229      0.14271322      0.78011664      0.24570796      0.24703909        2.510525       7.6696851       4.1569431       3.8675318        3.8675318       4.1569431                                4.1569431
              3       5.1112194     0.022192472      0.11946521         0.01041      -1.0196729      -2.3331307    2.100583e-09      0.20566573       122.64273      0.14230187      0.79428108      0.24577934      0.24711072       2.4804476       7.6213475       2.4873751       3.8675318        3.8675318       2.4873751                                2.4873751
              1       4.7579595     0.022201897      0.11930768     0.010411271      -0.7044749      -1.8893929    2.100583e-09      0.27569884         105.894      0.14215377      0.72422979      0.24578343      0.24711483        2.478723        7.632288       1.7808554       3.8675318        3.8675318       1.7808554                                1.7808554
              3       4.7434922      0.02218852      0.11915983     0.010410991     -0.90759694      -1.4104428    2.100583e-09      0.25502114       110.08144      0.14199254      0.74491277      0.24577762        0.247109       2.4811713        7.632226       1.7519208       3.8675318        3.8675318       1.7519208                                1.7519208
              3       4.6874467     0.022193529      0.11908258     0.010410733     -0.91408611       -1.368113    2.100583e-09      0.25518591       110.02903       0.1419203      0.74474791       0.2457798      0.24711118       2.4802541       7.6302375       1.6398298       3.8675318        3.8675318       1.6398298                                1.6398298
              3       4.6996372     0.022184504      0.11910898     0.010410719      -1.0189978      -1.1064641    2.100583e-09      0.24605926       112.06021      0.14193767      0.75387694      0.24577588      0.24710725       2.4819071       7.6328022       1.6642109       3.8675318        3.8675318       1.6642109                                1.6642109
              3       4.4603529     0.022350624      0.11840939     0.010409381      -0.9892891      0.47969386    2.100583e-09      0.35558356       93.042937      0.14140421      0.64432389      0.24584721      0.24717884       2.4517404       7.6926835       1.1856422       3.8675318        3.8675318       1.1856422                                1.1856422
              1        4.846704      0.02238208      0.11903634     0.010409347      -1.7420095       1.4379091    2.100583e-09      0.22512356        117.0451      0.14206261      0.77481812      0.24586064      0.24719232         2.44609       7.6365503       1.9583444       3.8675318        3.8675318       1.9583444                                1.9583444
             17       4.9468459     0.022405425      0.11888826     0.010409609       -1.693512       1.4380412    2.100583e-09      0.23603129        114.2663      0.14193787      0.76390752      0.24587061      0.24720233       2.4419095       7.6395489       2.1586283       3.8675318        3.8675318       2.1586283                                2.1586283
              7       4.9121811     0.022402573      0.11887222     0.010409501      -1.6966322       1.5312018    2.100583e-09      0.24287535        112.6262      0.14191899      0.75706167      0.24586939       0.2472011       2.4424196       7.6517728       2.0892986       3.8675318        3.8675318       2.0892986                                2.0892986
              4       6.0065535     0.022421455      0.11919199     0.010409791       -1.409898     -0.32487501    2.100583e-09      0.20583078       122.42229      0.14225764      0.79411598      0.24587747      0.24720921       2.4390452       7.5778066       4.2780435       3.8675318        3.8675318       4.2780435                                4.2780435
              2       6.1633922     0.022490919      0.11817462     0.010411023      -1.3727801    -0.011262109    2.100583e-09      0.21925837       118.37361      0.14130973      0.78068452      0.24590724      0.24723909        2.426692       7.5558174       4.5917207       3.8675318        3.8675318       4.5917207                                4.5917207
              3       6.0555911     0.022477443      0.11781492     0.010410267      -1.8116588       1.0074991    2.100583e-09      0.18289061       129.53574      0.14093655      0.81706164      0.24590146      0.24723329       2.4290811       7.5558891       4.3761186       3.8675318        3.8675318       4.3761186                                4.3761186
              2        9.918485     0.022700979      0.11590882     0.010412108      -1.6766783       1.1480778    2.100583e-09      0.20503525       121.82376      0.13925399      0.79491056      0.24599699      0.24732916       2.3898914       7.5023822       12.101906       3.8675318        3.8675318       12.101906                                12.101906
              4       10.035876      0.02270769      0.11592882     0.010411966      -1.6751073       1.1652854    2.100583e-09       0.2064504       121.40654       0.1392807      0.79349505      0.24599983      0.24733202       2.3887292        7.502989       12.336689       3.8675318        3.8675318       12.336689                                12.336689
              5        9.315811     0.022654327      0.11595451     0.010410762      -1.2057679       0.4007325    2.100583e-09      0.26717355       106.74936      0.13925303      0.73275584      0.24597717      0.24730927       2.3979938       7.5264272       10.896558       3.8675318        3.8675318       10.896558                                10.896558
              7       8.2830181     0.022566939      0.11625845     0.010414552       -0.786977      -1.1061717    2.100583e-09      0.27644719       105.03648      0.13946958      0.72347987      0.24593983       0.2472718       2.4132793       7.5149822       8.8309727       3.8675318        3.8675318       8.8309727                                8.8309727
              2       8.7588434     0.022582457      0.11675917     0.010415949     -0.66914442      -1.2091163    2.100583e-09       0.3007814       100.78046      0.13998582      0.69913953      0.24594648      0.24727847       2.4105548       7.5257439       9.7826232       3.8675318        3.8675318       9.7826232                                9.7826232
              1       8.6165042     0.022539325      0.11660422     0.010416478     -0.53706719      -1.1646967    2.100583e-09        0.337511       95.129363      0.13978774      0.66240014        0.245928      0.24725992       2.4181388       7.5471856       9.4979449       3.8675318        3.8675318       9.4979449                                9.4979449
              1       6.1233841     0.022457903      0.11770126     0.010414434     -0.62706193     -0.50844568    2.100583e-09      0.37067364       90.978267      0.14080336      0.62922947      0.24589308      0.24722488       2.4325516       7.6162471       4.5117047       3.8675318        3.8675318       4.5117047                                4.5117047
              5       5.9195076     0.022434924      0.11792112     0.010414384     -0.62230914     -0.42406546    2.100583e-09      0.38164453       89.703648      0.14100024      0.61825585      0.24588324        0.247215       2.4366425       7.6346191       4.1039517       3.8675318        3.8675318       4.1039517                                4.1039517
             19        6.308106     0.022412574      0.11835718     0.010414932     -0.46785552     -0.88177038    2.100583e-09      0.39214002       88.570033      0.14141394      0.60775792      0.24587367       0.2472054       2.4406315       7.6306083       4.8811483       3.8675318        3.8675318       4.8811483                                4.8811483
              1       5.7144068     0.022257305      0.11902018      0.01041416      -0.7749071      -1.0588524    2.100583e-09      0.29880884       101.64355      0.14192168      0.70111367      0.24580731       0.2471388       2.4686194       7.6313838         3.69375       3.8675318        3.8675318         3.69375                                  3.69375
              5       4.7846368     0.022386253      0.11884313      0.01041157      -1.9658361       1.9159187    2.100583e-09      0.20461144       122.60764      0.14187357      0.79533548      0.24586242      0.24719411        2.445342       7.6425113       1.8342099       3.8675318        3.8675318       1.8342099                                1.8342099
              2       4.1203455     0.022228704      0.11938466     0.010408899      -1.5753517      0.98381391    2.100583e-09      0.23624783       114.39705      0.14225756      0.76369105      0.24579501      0.24712645       2.4738272       7.6630671       0.5056275       3.8675318        3.8675318       0.5056275                                0.5056275
              2       4.1021116     0.022254262        0.119285     0.010408948      -1.4061071      0.73700054    2.100583e-09      0.25944418       109.13349      0.14218345      0.74048867      0.24580601      0.24713749       2.4691728       7.6621267      0.46915958       3.8675318        3.8675318      0.46915958                               0.46915958
              2       4.1054774     0.022254614      0.11928006     0.010408948      -1.4071786      0.73361177    2.100583e-09      0.25892987       109.24075      0.14217886      0.74100311      0.24580616      0.24713764       2.4691088       7.6615043      0.47589123       3.8675318        3.8675318      0.47589123                               0.47589123
              3       4.0856417     0.022260424      0.11869492     0.010409375       -1.367961      0.81453503    2.100583e-09      0.27169016       106.53457      0.14159953      0.72823923      0.24580865      0.24714014       2.4680524       7.6660896      0.43621986       3.8675318        3.8675318      0.43621986                               0.43621986
              1       4.8028147     0.022105736      0.11941123     0.010407305     -0.97470048      0.19835135    2.100583e-09      0.33877046       95.583633      0.14216115      0.66114184      0.24574144      0.24707268       2.4964024       7.7247234       1.8705658       3.8675318        3.8675318       1.8705658                                1.8705658
              6       4.1935416     0.022189812      0.12019628     0.010409293     -0.95011257       0.1101085    2.100583e-09      0.34167986       95.270836      0.14303028      0.65823222      0.24577819      0.24710956       2.4809348       7.7137437      0.65201959       3.8675318        3.8675318      0.65201959                               0.65201959
              5       4.1797798     0.022235886       0.1195534     0.010410864      -1.3957642      0.61248959    2.100583e-09      0.25477707       110.18744      0.14243348       0.7451571      0.24579811      0.24712956        2.472518       7.6627182        0.624496       3.8675318        3.8675318        0.624496                                 0.624496
              4       4.2475522     0.022229876      0.11964281      0.01041091      -1.3886377       0.5433738    2.100583e-09      0.25269192       110.66059      0.14251688      0.74724282      0.24579552      0.24712696       2.4736136       7.6617572      0.76004083       3.8675318        3.8675318      0.76004083                               0.76004083
              1       4.2621982     0.022258266      0.11985084      0.01040965      -1.2540264      0.41680212    2.100583e-09      0.27825143       105.48097       0.1427533      0.72167684      0.24580773      0.24713921       2.4684448       7.6681773      0.78933289       3.8675318        3.8675318      0.78933289                               0.78933289
              1       4.2275684      0.02225296      0.11984848     0.010409517      -1.2788999      0.48704367    2.100583e-09      0.27682466        105.7543      0.14274563      0.72310397      0.24580545      0.24713693       2.4694095       7.6710276       0.7200732       3.8675318        3.8675318       0.7200732                                0.7200732
              4       4.0428375     0.022273294      0.11940194     0.010409663       -1.161521      0.39656411    2.100583e-09       0.2987907       101.70679      0.14231943      0.70113204      0.24581417      0.24714568       2.4657152       7.6712522      0.35061149       3.8675318        3.8675318      0.35061149                               0.35061149
              2       4.6486751     0.022114277      0.11913044     0.010408656      -1.2814672      0.41062581    2.100583e-09      0.26838025       107.33376      0.14188891      0.73155014      0.24574519      0.24707644       2.4948246       7.6844091       1.5622867       3.8675318        3.8675318       1.5622867                                1.5622867
              1        5.579511     0.021972722      0.12098601     0.010407578     -0.45392416      -1.2853014    2.100583e-09      0.38435811       90.026387      0.14360292      0.61554339      0.24568295      0.24701398       2.5211695       7.7461727       3.4239584       3.8675318        3.8675318       3.4239584                                3.4239584
              4       5.5445016     0.022027109      0.11977108     0.010410039      0.20889971      -1.9950942    2.100583e-09       0.5305342       76.451667      0.14244238      0.46932873      0.24570685      0.24703797       2.5109977       7.7565056       3.3539397       3.8675318        3.8675318       3.3539397                                3.3539397
              6       7.9230394      0.02257253      0.11781979     0.010408576     -0.21854061      -1.4854029    2.100583e-09      0.41755485       85.697202      0.14103651      0.58233619      0.24594223       0.2472742       2.4122972       7.5780907       8.1110152       3.8675318        3.8675318       8.1110152                                8.1110152
              8       7.8505895     0.022564137      0.11774978     0.010408372     -0.33040426      -1.2971314    2.100583e-09      0.39764223       87.808968      0.14095811      0.60225396      0.24593863      0.24727059       2.4137719       7.5760801       7.9661155       3.8675318        3.8675318       7.9661155                                7.9661155
              1       6.2407528     0.022464739      0.11816298     0.010408326     -0.15977258      -1.7503808    2.100583e-09      0.41672316       85.870858      0.14127191      0.58316828      0.24589601      0.24722782       2.4313367       7.5982625        4.746442       3.8675318        3.8675318        4.746442                                 4.746442
              2       5.8316633     0.022468835      0.11768582     0.010409749     -0.29449993      -1.3861309    2.100583e-09      0.40122358       87.439927      0.14079885      0.59867154      0.24589777      0.24722958       2.4306091       7.5950536       3.9282629       3.8675318        3.8675318       3.9282629                                3.9282629
              2       5.4859562      0.02236872      0.11769491     0.010408356     -0.80236722      -0.2170515    2.100583e-09      0.34378688       94.501823      0.14070782       0.6561232      0.24585494      0.24718659       2.4484875       7.6299633       3.2368487       3.8675318        3.8675318       3.2368487                                3.2368487
              3       5.1783268     0.022349221      0.11790639     0.010409023      -1.0424181     -0.35280538    2.100583e-09      0.27110103       106.46661       0.1408998      0.72882816      0.24584662      0.24717824       2.4519929       7.5963926       2.6215901       3.8675318        3.8675318       2.6215901                                2.6215901
              2       4.6816004     0.022264807      0.11852779     0.010408368     -0.22935401      -1.2714839    2.100583e-09      0.43954233       83.732531      0.14143679       0.5603433      0.24581053      0.24714203       2.4672561       7.6712899       1.6281373       3.8675318        3.8675318       1.6281373                                1.6281373
              4       4.3011239     0.022284574      0.11860677     0.010410954    -0.044202932      -1.9521627    2.100583e-09      0.43952665        83.73876      0.14153554      0.56035907        0.245819      0.24715053       2.4636692       7.6479399      0.86718419       3.8675318        3.8675318      0.86718419                               0.86718419
              2       4.3641634     0.022288878      0.11848055     0.010410978    -0.042783515      -1.8712241    2.100583e-09      0.44607711       83.102067      0.14141362       0.5538068      0.24582084      0.24715238       2.4628894        7.649777      0.99326322       3.8675318        3.8675318      0.99326322                               0.99326322
              9       4.4390217     0.022283705      0.11848539     0.010411236      0.06416386       -2.032755    2.100583e-09      0.46714898       81.208559      0.14141328      0.53272944      0.24581863      0.24715016       2.4638267       7.6547616       1.1429798       3.8675318        3.8675318       1.1429798                                1.1429798
              2       4.6792883     0.022201634      0.11977273     0.010410987      -0.2261062     -0.81278632    2.100583e-09        0.497622       78.883328      0.14261856      0.50224959      0.24578331      0.24711471       2.4787711       7.7605691        1.623513       3.8675318        3.8675318        1.623513                                 1.623513
              4       4.6777837     0.022201827      0.11977407     0.010410988     -0.22672801     -0.81317913    2.100583e-09      0.49733018       78.906587      0.14262009      0.50254149       0.2457834      0.24711479       2.4787359       7.7602959       1.6205038       3.8675318        3.8675318       1.6205038                                1.6205038
              3       4.4582486     0.022223105       0.1194381     0.010411014     -0.32929705     -0.63124774    2.100583e-09      0.47728763       80.493037      0.14230539      0.52258894       0.2457926      0.24712403       2.4748487       7.7499898       1.1814336       3.8675318        3.8675318       1.1814336                                1.1814336
              1       4.3240213     0.022218642      0.11923577      0.01041092     -0.40686346     -0.51392396    2.100583e-09      0.46018433       81.948253      0.14209861      0.53969649      0.24579067      0.24712209       2.4756632        7.744111      0.91297908       3.8675318        3.8675318      0.91297908                               0.91297908
              4       4.4479774       0.0221361       0.1203762     0.010407927     -0.71942715     -0.23036315    2.100583e-09      0.38584767       89.699456      0.14315649      0.61405314      0.24575475      0.24708605       2.4907999       7.7385434       1.1608912       3.8675318        3.8675318       1.1608912                                1.1608912
              8       5.0826475     0.022087315      0.12063674     0.010409221     -0.35369826     -0.54111825    2.100583e-09      0.48727693       79.870903      0.14336824      0.51259799      0.24573334      0.24706456       2.4998103       7.8054919       2.4302314       3.8675318        3.8675318       2.4302314                                2.4302314
              6        6.096265     0.022250182      0.11917658      0.01041051     -0.48103775      0.15082963    2.100583e-09      0.53581908       75.921102      0.14207096      0.46404212      0.24580426      0.24713573       2.4699148        7.873708       4.4574665       3.8675318        3.8675318       4.4574665                                4.4574665
              5       4.8130417     0.022202728       0.1192016     0.010410634     -0.86690415      0.60508199    2.100583e-09      0.43046386       84.718509      0.14204852      0.56942462      0.24578379      0.24711519        2.478571       7.8160957       1.8910198       3.8675318        3.8675318       1.8910198                                1.8910198
              7       4.1378989     0.022203696      0.11924147     0.010410775     -0.87747587       0.3670131    2.100583e-09      0.38840706       89.205599      0.14208936      0.61149234      0.24578421      0.24711561       2.4783939       7.7544342      0.54073431       3.8675318        3.8675318      0.54073431                               0.54073431
              1       5.7387374     0.022015551      0.12067587     0.010411124    -0.076089103      -1.7530429    2.100583e-09      0.46035231        82.20311      0.14333561       0.5395295      0.24570176      0.24703286       2.5131542       7.7495225       3.7424112       3.8675318        3.8675318       3.7424112                                3.7424112
              4        5.222717     0.022057296      0.11951829     0.010410679      0.23847861      -2.4315901    2.100583e-09      0.49775956       78.884576      0.14221978      0.50211163      0.24572013       0.2470513        2.505379       7.7200648       2.7103703       3.8675318        3.8675318       2.7103703                                2.7103703
              2       6.5288169     0.021967556      0.12134232     0.010410286     0.043128429      -1.6599363    2.100583e-09      0.51463276       77.850176      0.14395407      0.48523567      0.24568068       0.2470117       2.5221389       7.7954879       5.3225702       3.8675318        3.8675318       5.3225702                                5.3225702
              2       5.9303413      0.02200637      0.12089319     0.010411249     -0.57243277     -0.66264467    2.100583e-09      0.39643928       88.617839      0.14354375      0.60345908      0.24569772      0.24702881       2.5148691       7.7619954        4.125619       3.8675318        3.8675318        4.125619                                 4.125619
              1       5.4393987     0.022036627      0.12130008     0.010409522     -0.48478942     -0.96497974    2.100583e-09      0.40093571       88.169124       0.1439809      0.59896181      0.24571104      0.24704217       2.5092241       7.7515137       3.1437338       3.8675318        3.8675318       3.1437338                                3.1437338
              4       5.4565456     0.022015356      0.12123505     0.010409231     -0.59051607      -1.1244688    2.100583e-09      0.35786379       93.322295      0.14389459      0.64204469      0.24570168      0.24703278       2.5131907       7.7348187       3.1780276       3.8675318        3.8675318       3.1780276                                3.1780276
              2       5.8135761     0.021963394      0.12057879     0.010409312     -0.69983613      -1.2266132    2.100583e-09      0.31959082       98.663764      0.14318637      0.68032703      0.24567886      0.24700987       2.5229203       7.7233675       3.8920886       3.8675318        3.8675318       3.8920886                                3.8920886
             12       5.1770396     0.022013553       0.1199658     0.010409961      -1.2889673      0.55106302    2.100583e-09      0.28054383       105.17482      0.14262354      0.71938378      0.24570088      0.24703198       2.5135273       7.7308452       2.6190156       3.8675318        3.8675318       2.6190156                                2.6190156
              1       4.8820289     0.022113226      0.11911777      0.01041045      -1.4922573       0.3967297    2.100583e-09      0.22145057       118.15868      0.14187518      0.77849199      0.24574472      0.24707598       2.4950186       7.6610326       2.0289943       3.8675318        3.8675318       2.0289943                                2.0289943
              1       4.3427834      0.02225905      0.11828838     0.010411899      -1.1361741      0.48325917    2.100583e-09      0.30680803       100.18241      0.14119162        0.693112      0.24580806      0.24713955       2.4683022       7.6721913      0.95050329       3.8675318        3.8675318      0.95050329                               0.95050329
              1       4.3421622     0.022259229      0.11829435      0.01041191      -1.1367115      0.48145334    2.100583e-09      0.30651529        100.2312      0.14119777      0.69340482      0.24580814      0.24713963       2.4682697       7.6719037      0.94926075       3.8675318        3.8675318      0.94926075                               0.94926075
              2       4.2810975     0.022261385       0.1183633       0.0104117      -1.0186172      0.20944852    2.100583e-09      0.31840678       98.352607      0.14126887      0.68151027      0.24580907      0.24714056       2.4678779       7.6665422      0.82713137       3.8675318        3.8675318      0.82713137                               0.82713137
              4       4.9075421     0.022149173      0.12005537     0.010412148      -1.6869359        1.456037    2.100583e-09      0.24530087        112.4257      0.14284874      0.75463594      0.24576047      0.24709179       2.4883934       7.7192848       2.0800206       3.8675318        3.8675318       2.0800206                                2.0800206
              6       5.5085019      0.02212301      0.12123874     0.010409033      -1.7080889       0.7441529    2.100583e-09      0.20735479       122.54564      0.14400594      0.79259222      0.24574902      0.24708029       2.4932127       7.6897606       3.2819401       3.8675318        3.8675318       3.2819401                                3.2819401
              1       5.9661687     0.022096265      0.12159804     0.010409236      -1.4842639      0.33710628    2.100583e-09      0.23295969       115.69771      0.14433849      0.76698091      0.24573727       0.2470685       2.4981537       7.7043554       4.1972739       3.8675318        3.8675318       4.1972739                                4.1972739
              1       8.7182896     0.021913593      0.12285058     0.010405919      -1.8197607      0.24339265    2.100583e-09      0.18232619       131.15257      0.14540837      0.81762767      0.24565703      0.24698797       2.5322993       7.7476353       9.7015157       3.8675318        3.8675318       9.7015157                                9.7015157
              1       8.6121122     0.021883782      0.12268934     0.010405175      -1.6922001       0.4764969    2.100583e-09       0.2089836       122.48486      0.14521731      0.79096343      0.24564398      0.24697486       2.5379389         7.76178       9.4891609       3.8675318        3.8675318       9.4891609                                9.4891609
              2       7.4911209     0.022019823      0.12128427     0.010403978      -0.8242839      -1.7422173    2.100583e-09      0.27248624       106.95475      0.14394829       0.7274441      0.24570364      0.24703475       2.5123569       7.7038022       7.2471783       3.8675318        3.8675318       7.2471783                                7.2471783
              1       6.4832899     0.021931102      0.12101423     0.010408775      -1.0401979      -1.0324832    2.100583e-09      0.25734914       110.04533      0.14358952       0.7425849       0.2456647      0.24699567       2.5289959       7.7232717       5.2315162       3.8675318        3.8675318       5.2315162                                5.2315162
              3       6.4712774     0.021941841      0.12101358     0.010409017      -1.0664954      -1.1583059    2.100583e-09      0.24701823       112.31785      0.14359961      0.75291847      0.24566941      0.24700039       2.5269729       7.7174053       5.2074913       3.8675318        3.8675318       5.2074913                                5.2074913
              1       5.9920279     0.022061457      0.11895845     0.010409224      -1.4755207     -0.32161647    2.100583e-09      0.19613622       125.54451       0.1416641      0.80381283      0.24572196      0.24705314        2.504606       7.6518014       4.2489922       3.8675318        3.8675318       4.2489922                                4.2489922
              4       5.5379218     0.022173368      0.11868734     0.010407939      -1.6682328      0.15284507    2.100583e-09      0.18068958       130.67993       0.1415049      0.81926342      0.24577103      0.24710239       2.4839488       7.6218082         3.34078       3.8675318        3.8675318         3.34078                                  3.34078
              1       5.5292743     0.022333312      0.11732297     0.010409689     -0.50828592      -1.0897677    2.100583e-09      0.35867464       92.472919      0.14030047      0.64123128      0.24583983      0.24717143       2.4548586       7.6101013       3.3234851       3.8675318        3.8675318       3.3234851                                3.3234851
              1       5.4508874     0.022329758      0.11728971     0.010410194      -0.5672133      -0.9853601    2.100583e-09      0.34914354         93.7225      0.14026366      0.65076486      0.24583831      0.24716991       2.4554995       7.6094203       3.1667112       3.8675318        3.8675318       3.1667112                                3.1667112
              2       4.7451006     0.022323296      0.11780002     0.010410255     -0.48317827     -0.85521375    2.100583e-09      0.38840234       88.941208      0.14076751      0.61149612      0.24583555      0.24716714       2.4566655       7.6402437       1.7551377       3.8675318        3.8675318       1.7551377                                1.7551377
              6       4.7966704     0.022322974      0.11900222     0.010410915      -0.5473573      -2.1059104    2.100583e-09      0.29680344       101.95602      0.14196939      0.70311962      0.24583541        0.247167       2.4567234       7.6031396       1.8582772       3.8675318        3.8675318       1.8582772                                1.8582772
             14       4.9185031     0.022372666       0.1189242     0.010410246     -0.34677017      -2.1524327    2.100583e-09      0.34103269       95.083165      0.14194106      0.65887889      0.24585662      0.24718828       2.4477789       7.6004321       2.1019427       3.8675318        3.8675318       2.1019427                                2.1019427
              2       4.1945725     0.022265444      0.11893269     0.010410279     -0.19336524      -2.0877109    2.100583e-09      0.38671478       89.330821      0.14184233      0.61318488      0.24581081       0.2471423       2.4671404       7.6370944      0.65408133       3.8675318        3.8675318      0.65408133                               0.65408133
              1       4.3998962     0.022283494      0.11899042     0.010411597     -0.01161972      -2.4162303    2.100583e-09      0.41572079       86.160299       0.1419181      0.58417141      0.24581854      0.24715007        2.463865       7.6371678       1.0647287       3.8675318        3.8675318       1.0647287                                1.0647287
              1       4.8679935     0.022154706      0.11910978     0.010412352     -0.40847893      -1.2670031    2.100583e-09      0.38520005       89.573897      0.14190868      0.61470006      0.24576289      0.24709421       2.4873759       7.6810305       2.0009234       3.8675318        3.8675318       2.0009234                                2.0009234
              6        4.669615     0.022273321      0.11853267     0.010412894     -0.62953417     -0.30179652    2.100583e-09      0.39650767       88.157129      0.14145018      0.60338917      0.24581418      0.24714569       2.4657102        7.692636       1.6041663       3.8675318        3.8675318       1.6041663                                1.6041663
              5       4.6276054     0.022261461       0.1185782     0.010412309     -0.49258363     -0.34245781    2.100583e-09      0.44347965       83.368393      0.14148386      0.55640499       0.2458091      0.24714059       2.4678641       7.7282413       1.5201473       3.8675318        3.8675318       1.5201473                                1.5201473
              9       4.8288537     0.022215586      0.11986112     0.010412126     -0.36837179     -0.84531758    2.100583e-09      0.44027292       83.871598      0.14272089      0.55961355      0.24578935      0.24712077       2.4762212       7.7190253       1.9226438       3.8675318        3.8675318       1.9226438                                1.9226438
              1       4.4049671     0.022141523      0.12048159      0.01040929      -0.6985343     -0.30470281    2.100583e-09         0.38574       89.726042       0.1432673      0.61416091      0.24575713      0.24708843       2.4898011       7.7354179       1.0748706       3.8675318        3.8675318       1.0748706                                1.0748706
              4        4.441636     0.022095047      0.12038368     0.010409112     -0.58057567     -0.82926627    2.100583e-09      0.37699852       90.762527      0.14312292      0.62290453      0.24573674      0.24706797       2.4983791       7.7196289       1.1482084       3.8675318        3.8675318       1.1482084                                1.1482084
              3       5.1456071     0.022178597      0.12055571     0.010410612     -0.24756456     -0.82354656    2.100583e-09      0.49253517       79.402821       0.1433785       0.5073384      0.24577331      0.24710467       2.4829898       7.7692904       2.5561507       3.8675318        3.8675318       2.5561507                                2.5561507
              6       6.3803744     0.021925035      0.12141332      0.01040662     -0.43750291     -0.98386945    2.100583e-09      0.41668974        86.54261      0.14398255      0.58320375      0.24566204        0.246993       2.5301398       7.7836586       5.0256852       3.8675318        3.8675318       5.0256852                                5.0256852
              1       4.1584002     0.022255172      0.11948702     0.010410573     -0.34447633      -1.1650441    2.100583e-09       0.4159129       86.223758      0.14238638       0.5839796       0.2458064      0.24713788       2.4690072       7.6792875      0.58173687       3.8675318        3.8675318      0.58173687                               0.58173687
              4       4.2425146     0.022275245      0.11949292     0.010410065     -0.38443403     -0.83388306    2.100583e-09      0.43393915       84.407922      0.14241235      0.56594871      0.24581501      0.24714652       2.4653612       7.6975192      0.74996554       3.8675318        3.8675318      0.74996554                               0.74996554
              4       4.2007508     0.022273149      0.11941079     0.010409992     -0.38592621      -0.8203885    2.100583e-09      0.43435636       84.356122      0.14232813      0.56553133      0.24581411      0.24714562       2.4657414        7.697868      0.66643811       3.8675318        3.8675318      0.66643811                               0.66643811
              6        6.153532     0.022482596      0.11875597      0.01041198     -0.25853409      -1.8345103    2.100583e-09      0.38287526       89.671491      0.14188275      0.61702542      0.24590367       0.2472355       2.4281672       7.5904823       4.5720003       3.8675318        3.8675318       4.5720003                                4.5720003
              3       5.4671771     0.022272172      0.11988801     0.010408081     -0.66064062      -2.6241123    2.100583e-09      0.25830725       109.47815      0.14280437      0.74162618      0.24581369       0.2471452       2.4659189       7.6173142       3.1992906       3.8675318        3.8675318       3.1992906                                3.1992906
              8       5.3875222     0.022264006      0.11993643      0.01040825     -0.58813575      -2.7856425    2.100583e-09      0.26602859       107.89018      0.14284462      0.73390287      0.24581019      0.24714168       2.4674017        7.620432       3.0399808       3.8675318        3.8675318       3.0399808                                3.0399808
              1       5.3091783     0.022192217      0.12040579     0.010410712     -0.84688347      -1.8574055    2.100583e-09      0.25533105       110.24737       0.1432422      0.74460335      0.24577923      0.24711061       2.4804943       7.6478486        2.883293       3.8675318        3.8675318        2.883293                                 2.883293
              7       5.6458039     0.022361455       0.1183081     0.010413141     -0.84260026      -1.6598399    2.100583e-09      0.25101112       110.71671      0.14131374      0.74892351      0.24585184      0.24718348       2.4497927       7.5778181       3.5565442       3.8675318        3.8675318       3.5565442                                3.5565442
              1       5.5120206     0.022222184      0.11938858     0.010412994      -1.1953545     -0.85296123    2.100583e-09      0.22422405       117.42811      0.14225496      0.77571794       0.2457922      0.24712363       2.4750167        7.625993       3.2889777       3.8675318        3.8675318       3.2889777                                3.2889777
              5       5.1686084     0.022047931      0.12115207     0.010408521      0.13825278       -2.541984    2.100583e-09      0.46748107       81.628779      0.14384419      0.53239932      0.24571601      0.24704716       2.5071202       7.7331412       2.6021533       3.8675318        3.8675318       2.6021533                                2.6021533
              9       5.4237367     0.022021344      0.12130914     0.010408302     0.040014281      -2.5801905    2.100583e-09      0.43645084       84.512339      0.14397467       0.5634376      0.24570431      0.24703542        2.512073       7.7325986       3.1124098       3.8675318        3.8675318       3.1124098                                3.1124098
              2       5.9065641     0.022160899      0.12147635     0.010409801     -0.16070203      -2.1374978    2.100583e-09      0.40897768       87.279289      0.14428144        0.590918       0.2457656      0.24709693       2.4862379       7.7032248       4.0780646       3.8675318        3.8675318       4.0780646                                4.0780646
             19       5.6652939     0.022174753       0.1210124     0.010406851     -0.90623926      0.44108465    2.100583e-09      0.39825571       88.371997      0.14383134      0.60164238      0.24577164      0.24710299       2.4836948       7.7900565       3.5955242       3.8675318        3.8675318       3.5955242                                3.5955242
              2          5.6786     0.022165151      0.12112079     0.010406549     -0.76881102     0.042043922    2.100583e-09      0.40178184        88.00319      0.14393013      0.59811543      0.24576745      0.24709879        2.485457        7.766856       3.6221364       3.8675318        3.8675318       3.6221364                                3.6221364
              1       5.8700069     0.022180585      0.11899099     0.010405695      -1.2753225      0.34494553    2.100583e-09      0.26548452        107.8625      0.14181576      0.73444659      0.24577417      0.24710554       2.4826254       7.6629977       4.0049503       3.8675318        3.8675318       4.0049503                                4.0049503
              2       5.1805484     0.022132098      0.11962146     0.010409824      -1.6811152      -0.5038485    2.100583e-09      0.16431423       137.28032      0.14239774      0.83564331        0.245753      0.24708429       2.4915372       7.6375661       2.6260332       3.8675318        3.8675318       2.6260332                                2.6260332
              2       5.2763123     0.022128268       0.1199019     0.010410412      -1.8708196    -0.060495788    2.100583e-09      0.15273608       142.45908      0.14267436      0.84722453      0.24575132       0.2470826       2.4922431       7.6426966        2.817561       3.8675318        3.8675318        2.817561                                 2.817561
              7       5.7740658     0.022114217      0.12014819     0.010411141      -1.8050456     -0.64599764    2.100583e-09      0.14834535       144.62095      0.14290659      0.85161645      0.24574516      0.24707642       2.4948356       7.6465646        3.813068       3.8675318        3.8675318        3.813068                                 3.813068
              4        5.630004     0.022087705      0.12071537     0.010409855      -1.2793051      -1.3371431    2.100583e-09      0.20261301       123.87967      0.14344727        0.797335      0.24573351      0.24706473       2.4997382       7.6691905       3.5249444       3.8675318        3.8675318       3.5249444                                3.5249444
              1       5.2996372     0.022150534      0.11898936     0.010410307     -0.74686841       -2.524703    2.100583e-09      0.24142085       113.12396      0.14178409      0.75851649      0.24576107      0.24709238       2.4881431       7.6281647       2.8642108       3.8675318        3.8675318       2.8642108                                2.8642108
              1       5.3708758     0.022144913      0.11852041      0.01041002     -0.94662106      -1.2542892    2.100583e-09      0.25114988       110.82403      0.14130951      0.74878471      0.24575861      0.24708992       2.4891773       7.6322256       3.0066881       3.8675318        3.8675318       3.0066881                                3.0066881
              2       5.2332537     0.022126069      0.11899079     0.010410749       -1.174347     -0.89323254    2.100583e-09      0.22555486       117.04698      0.14176105      0.77438658      0.24575036      0.24708164       2.4926485       7.6408523       2.7314439       3.8675318        3.8675318       2.7314439                                2.7314439
              1       5.1184487     0.022391345      0.11852766     0.010412624     -0.59600666      -1.2039524    2.100583e-09      0.33183392        96.31893       0.1415632      0.66807981       0.2458646      0.24719629       2.4444296       7.6025086       2.5018338       3.8675318        3.8675318       2.5018338                                2.5018338
             10       5.6871188     0.022154202      0.12116555     0.010409563      0.26625634      -2.0806654    2.100583e-09      0.54988931       75.232951      0.14396394      0.44997012      0.24576267      0.24709399       2.4874687       7.7517191        3.639174       3.8675318        3.8675318        3.639174                                 3.639174
              5       5.6448379     0.022145873      0.12109595     0.010409982      0.31353804      -2.2046282    2.100583e-09      0.55379861         74.9607      0.14388602      0.44605974      0.24575903      0.24709034       2.4890006       7.7501326       3.5546122       3.8675318        3.8675318       3.5546122                                3.5546122
              5       6.9546208     0.021938301      0.12088082      0.01041151     -0.17633434      -2.0726268    2.100583e-09       0.4062115        87.56817      0.14346332       0.5936843      0.24566786      0.24699883       2.5276395       7.7456518       6.1741781       3.8675318        3.8675318       6.1741781                                6.1741781
              2       7.3803809     0.021979909      0.12137235     0.010412245      -0.2487024      -2.1126615    2.100583e-09      0.38581865       89.911773      0.14399645      0.61408274       0.2456861      0.24701714       2.5198217       7.7377323       7.0256982       3.8675318        3.8675318       7.0256982                                7.0256982
              3       4.7891692     0.022068182      0.12016956     0.010409456     -0.79607903      0.24776244    2.100583e-09      0.41098736       86.906315      0.14288193      0.58890678      0.24572492      0.24705611       2.5033574        7.803122       1.8432748       3.8675318        3.8675318       1.8432748                                1.8432748
              2       5.5099501     0.021985591      0.12091183     0.010407897     -0.87609702      0.26447868    2.100583e-09      0.38780017       89.609951      0.14354161       0.6121004       0.2456886      0.24701965       2.5187571       7.8093681       3.2848366       3.8675318        3.8675318       3.2848366                                3.2848366
              5       5.0292283      0.02213319      0.12092263      0.01040819     -0.55470044     -0.30779708    2.100583e-09      0.43919006       84.154781      0.14370002      0.56069746      0.24575348      0.24708477       2.4913359       7.7775571       2.3233929       3.8675318        3.8675318       2.3233929                                2.3233929
              1       7.6204641     0.022165727       0.1223497     0.010408257     -0.51400406      -1.0477328    2.100583e-09      0.39129653       89.358167      0.14515962      0.60860426       0.2457677      0.24709904       2.4853513        7.730002       7.5058645       3.8675318        3.8675318       7.5058645                                7.5058645
              3       7.5090038     0.022239601      0.12194204     0.010408101     -0.80324964     -0.48744501    2.100583e-09      0.34689018       94.812141      0.14482583      0.65302167      0.24579971      0.24713116       2.4718411       7.7048501       7.2829441       3.8675318        3.8675318       7.2829441                                7.2829441
              1       7.5630885     0.022275501      0.12174518     0.010408065     -0.62986812     -0.77617961    2.100583e-09      0.37369523       91.304949      0.14466487      0.62620971      0.24581512      0.24714663       2.4653147       7.6974657       7.3911135       3.8675318        3.8675318       7.3911135                                7.3911135
              4       7.4116896     0.022239451      0.12185259     0.010407171     -0.59420284     -0.78198977    2.100583e-09      0.38508367       89.974134      0.14473623      0.61481841      0.24579964       0.2471311       2.4718684       7.7113406       7.0883157       3.8675318        3.8675318       7.0883157                                7.0883157
              2       7.5161217     0.022355754      0.12063343      0.01040687     -0.96210195      -1.3538776    2.100583e-09      0.25508695       110.26909      0.14363338      0.74484769       0.2458494      0.24718104       2.4508175       7.6175063       7.2971799       3.8675318        3.8675318       7.2971799                                7.2971799
              5        7.652289     0.022405187      0.12051215     0.010409839     -0.65634375      -2.2146185    2.100583e-09      0.27747113        105.6848      0.14356153      0.72245774      0.24587051      0.24720223        2.441952       7.6036343       7.5695145       3.8675318        3.8675318       7.5695145                                7.5695145
              7       7.3545872     0.022410374      0.12036673     0.010409649     -0.45856012      -2.4588422    2.100583e-09      0.30732307       100.39398      0.14342129      0.69259807      0.24587273      0.24720445       2.4410247       7.6041451       6.9741108       3.8675318        3.8675318       6.9741108                                6.9741108
              5       7.1143887     0.022389165      0.12047131     0.010409762     -0.36361677      -2.5993878    2.100583e-09       0.3224909       98.030446      0.14350467       0.6774264      0.24586366      0.24719535       2.4448202       7.6123617       6.4937139       3.8675318        3.8675318       6.4937139                                6.4937139
              3       6.4634485     0.022226445      0.12114154     0.010410326      -1.2380381     -0.94434887    2.100583e-09      0.22315692       118.05775      0.14401218      0.77678605      0.24579404      0.24712547       2.4742392       7.6511244       5.1918335       3.8675318        3.8675318       5.1918335                                5.1918335
              3       6.8587344     0.022310143      0.12063896     0.010411296      -1.4642669     -0.70865872    2.100583e-09      0.19178827       127.19546       0.1435933      0.80816258      0.24582993       0.2471615       2.4590411       7.6190987       5.9824053       3.8675318        3.8675318       5.9824053                                5.9824053
              1       6.0987416     0.022269672      0.12057059     0.010410597       -1.490324     -0.65695133    2.100583e-09      0.18957297       127.94278      0.14348445       0.8103784      0.24581262      0.24714412       2.4663726       7.6267614       4.4624197       3.8675318        3.8675318       4.4624197                                4.4624197
              3       6.4227049     0.022261732      0.12078004     0.010410293      -1.4700353      -1.0213004    2.100583e-09      0.18335227       130.14542      0.14368596      0.81660076      0.24580921      0.24714071       2.4678148       7.6286794       5.1103461       3.8675318        3.8675318       5.1103461                                5.1103461
              6       6.0556622     0.022332714       0.1196597     0.010411782      -1.3152483      -1.5361837    2.100583e-09      0.18491734       129.30959       0.1426366      0.81503495      0.24583957      0.24717117       2.4549664       7.5929193       4.3762608       3.8675318        3.8675318       4.3762608                                4.3762608
              1        4.537713     0.022319627      0.11959888      0.01040941     -0.93728877     -0.22589944    2.100583e-09      0.31466422       99.122863      0.14256269      0.68525455      0.24583398      0.24716557       2.4573278       7.6491136       1.3403625       3.8675318        3.8675318       1.3403625                                1.3403625
              1       4.5319166     0.022311412      0.11968416     0.010409381     -0.93426452     -0.23791992    2.100583e-09      0.31515483       99.063455      0.14263977      0.68476386      0.24583048      0.24716205       2.4588117       7.6519139       1.3287697       3.8675318        3.8675318       1.3287697                                1.3287697
              9       4.5216374     0.022320738       0.1196395     0.010410092      -1.0362912     0.055838994    2.100583e-09       0.3082122       100.16153      0.14260443      0.69170826      0.24583446      0.24716604       2.4571272       7.6558334       1.3082112       3.8675318        3.8675318       1.3082112                                1.3082112
              5       4.1212388     0.022283847      0.11934448      0.01041033      -1.4699563       1.3066467    2.100583e-09      0.29090909       103.03054      0.14227252      0.70901566      0.24581869      0.24715022        2.463801       7.7155897      0.50741406       3.8675318        3.8675318      0.50741406                               0.50741406
             10       4.7981525     0.022398593      0.11800065     0.010412103      -1.6944876       1.3621075    2.100583e-09       0.2254024       116.75644      0.14104343      0.77453879      0.24586769       0.2471994       2.4431318       7.6186626       1.8612414       3.8675318        3.8675318       1.8612414                                1.8612414
             13       4.8039582     0.022399961      0.11797492     0.010412093      -1.6762325       1.3345594    2.100583e-09      0.22765531       116.17158      0.14101907      0.77228528      0.24586828      0.24719998        2.442887       7.6186577       1.8728528       3.8675318        3.8675318       1.8728528                                1.8728528
             12       5.0081413     0.022418312      0.11779858     0.010412548      -0.8101829     0.051065893    2.100583e-09      0.36605873       91.580031      0.14086108      0.63384564      0.24587612      0.24720786       2.4396064       7.6524102        2.281219       3.8675318        3.8675318        2.281219                                 2.281219
              3       4.9902741     0.022257136       0.1189066     0.010409981     -0.32737166     -0.30806839    2.100583e-09      0.52239611       76.858465      0.14180793      0.47746832      0.24580724      0.24713873       2.4686502       7.8067172       2.2454846       3.8675318        3.8675318       2.2454846                                2.2454846
              3       5.0311376     0.022256132      0.11897368     0.010410136     -0.31342038     -0.32098367    2.100583e-09      0.52708317       76.525117      0.14187401      0.47278011      0.24580681      0.24713829       2.4688328       7.8110515       2.3272116       3.8675318        3.8675318       2.3272116                                2.3272116
              4       4.3322617     0.022263185      0.11948556     0.010408367     -0.47603546     -0.75507393    2.100583e-09      0.41075932       86.759929      0.14239294      0.58913451      0.24580984      0.24714133       2.4675508       7.6898657      0.92945979       3.8675318        3.8675318      0.92945979                               0.92945979
              1       4.1756254     0.022265682      0.11969613     0.010409535      -1.2860222       0.5592834    2.100583e-09      0.27921469       105.26789        0.142606      0.72071326      0.24581091      0.24714241       2.4670971       7.6707014      0.61618727       3.8675318        3.8675318      0.61618727                               0.61618727
              7       4.2333521      0.02225495      0.11981489     0.010409194      -1.3210463      0.57963501    2.100583e-09      0.27246878        106.5893      0.14271403      0.72746096       0.2458063      0.24713778       2.4690476       7.6709132      0.73164066       3.8675318        3.8675318      0.73164066                               0.73164066
              1       4.5663679     0.022179378      0.11901016      0.01040818     -0.82177662     -0.75128049    2.100583e-09       0.3078469       100.17034      0.14183373      0.69207323      0.24577365      0.24710501       2.4828467       7.6554762       1.3976722       3.8675318        3.8675318       1.3976722                                1.3976722
              5       4.4612697     0.022203522       0.1191372     0.010411663    -0.037479309      -2.4283122    2.100583e-09      0.40874459       86.942627      0.14198492      0.59114946      0.24578413      0.24711553       2.4784258       7.6550501       1.1874757       3.8675318        3.8675318       1.1874757                                1.1874757
              1       4.3787961     0.022301618      0.11896629     0.010411305     0.061059777      -2.4628468    2.100583e-09      0.43376914       84.339066      0.14191209      0.56611837      0.24582629      0.24715784       2.4605828       7.6370418       1.0225286       3.8675318        3.8675318       1.0225286                                1.0225286
              8         4.31821     0.022272508      0.11938779      0.01041092      0.12263626      -2.5873095    2.100583e-09      0.44599546       83.245064      0.14230449       0.5538892      0.24581384      0.24714534       2.4658578        7.650863      0.90135636       3.8675318        3.8675318      0.90135636                               0.90135636
              3       4.6424033     0.022322605      0.11868358     0.010412056      0.20226485      -2.5266832    2.100583e-09      0.47065254       80.920685      0.14165038      0.52922518      0.24583526      0.24716684       2.4567902       7.6385421        1.549743       3.8675318        3.8675318        1.549743                                 1.549743
              9       4.6648756     0.022317589      0.11873338     0.010412157      0.20453182       -2.492427    2.100583e-09      0.47453034        80.59793      0.14169516      0.52534641      0.24583311      0.24716469       2.4576959       7.6423713       1.5946877       3.8675318        3.8675318       1.5946877                                1.5946877
              5        4.670519     0.022313825      0.11871247     0.010412231      0.20569918      -2.5256581    2.100583e-09      0.47201091       80.811062      0.14167049      0.52786647      0.24583151      0.24716308       2.4583757       7.6413931       1.6059743       3.8675318        3.8675318       1.6059743                                1.6059743
              2       6.4383112     0.021991398      0.12003408     0.010407354      -1.2831116      -1.2605391    2.100583e-09      0.20215613       123.92496      0.14266967      0.79779172      0.24569115      0.24702221       2.5176695       7.6799506       5.1415588       3.8675318        3.8675318       5.1415588                                5.1415588
              1       9.1874729     0.021854823      0.11942452     0.010408028      -1.2116037     -0.36820504    2.100583e-09      0.24493297       112.53016      0.14192353      0.75500352      0.24563129      0.24696213       2.5434354       7.7199083       10.639882       3.8675318        3.8675318       10.639882                                10.639882
              9       9.2969505     0.021870179      0.11916742     0.010408483      -1.2451154     -0.42778579    2.100583e-09      0.23424337       115.01102      0.14168179      0.76569578      0.24563802      0.24696888       2.5405185       7.7084375       10.858837       3.8675318        3.8675318       10.858837                                10.858837
              1       8.7989962     0.021859957      0.11939879     0.010407955     -0.64668884      -0.8765981    2.100583e-09      0.35022454       94.100275      0.14190294      0.64968463      0.24563354      0.24696439       2.5424596        7.746348       9.8629288       3.8675318        3.8675318       9.8629288                                9.8629288
              8       8.4659167     0.021816605      0.12033423     0.010408516     -0.89270175     -0.18197932    2.100583e-09      0.33778157       95.988458      0.14279503      0.66213137      0.24561453      0.24694532       2.5507166       7.7845099       9.1967697       3.8675318        3.8675318       9.1967697                                9.1967697
              2       6.5194187     0.021933895      0.11986908     0.010408684     -0.78995592     -0.86081942    2.100583e-09      0.31525636       99.231695      0.14244716      0.68466219      0.24566592      0.24699689       2.5284695       7.7239807       5.3037738       3.8675318        3.8675318       5.3037738                                5.3037738
              2       5.7562922      0.02198366       0.1210917     0.010406916     -0.41821072     -0.73786785    2.100583e-09      0.44411739        83.76198      0.14371955      0.55576889      0.24568775       0.2470188       2.5191188       7.7906621       3.7775208       3.8675318        3.8675318       3.7775208                                3.7775208
              3       4.6278543     0.022120049      0.11971215     0.010408043     -0.16729172      -1.2141591    2.100583e-09      0.47507215       80.752293      0.14247639      0.52480513      0.24574772      0.24707899        2.493759       7.7387818       1.5206451       3.8675318        3.8675318       1.5206451                                1.5206451
              1        5.821105     0.022179189      0.11966044     0.010408462     -0.05844121      -0.6872299    2.100583e-09      0.58936606       72.476779      0.14248382      0.41048171      0.24577357      0.24710493       2.4828813       7.8578326       3.9071464       3.8675318        3.8675318       3.9071464                                3.9071464
              1         4.88242     0.022234476      0.11886333     0.010409994      0.29147154      -1.8497226    2.100583e-09      0.57067608       73.536782        0.141742      0.42917575       0.2457975      0.24712895       2.4727749       7.7277592       2.0297764       3.8675318        3.8675318       2.0297764                                2.0297764
              1       4.8564952     0.022122009      0.11891153     0.010411222     -0.35938891      -1.0825423    2.100583e-09      0.41565688       86.211812      0.14167773      0.58423515      0.24574858      0.24707985       2.4933974       7.7042475       1.9779268       3.8675318        3.8675318       1.9779268                                1.9779268
              2       4.6841695     0.022120548       0.1192917     0.010411341     -0.39073571      -1.2616027    2.100583e-09      0.39263051       88.762363      0.14205644      0.60726777      0.24574794      0.24707921       2.4936669       7.6939192       1.6332754       3.8675318        3.8675318       1.6332754                                1.6332754
              1       4.6777171     0.022172723       0.1190553     0.010412214      -0.4456227      -1.0125691    2.100583e-09      0.39417955       88.532969      0.14187222       0.6057182      0.24577075       0.2471021       2.4840672       7.6875458       1.6203707       3.8675318        3.8675318       1.6203707                                1.6203707
              2       5.1371995     0.022130266      0.11899263     0.010412247     -0.38946804      -1.5785537    2.100583e-09      0.36726489       91.725603      0.14176709      0.63263976       0.2457522      0.24708348       2.4918749       7.6715529       2.5393354       3.8675318        3.8675318       2.5393354                                2.5393354
              2       5.2659094     0.022132557      0.11887741      0.01041246     -0.39690249      -1.5213696    2.100583e-09      0.36840472       91.564561      0.14165416      0.63149957       0.2457532      0.24708449       2.4914525        7.670896       2.7967552       3.8675318        3.8675318       2.7967552                                2.7967552
              1        5.744714     0.022276881      0.11728747     0.010410566     -0.79960959     -0.87996036    2.100583e-09      0.29467139       102.03938      0.14020854      0.70525126      0.24581571      0.24714722       2.4650642       7.6022639       3.7543643       3.8675318        3.8675318       3.7543643                                3.7543643
              3       5.3051955     0.022310496      0.11807153     0.010409477      -1.0341596      -1.2098142    2.100583e-09      0.23326811       114.82683      0.14102622      0.76667102      0.24583009      0.24716165       2.4589773       7.5841044       2.8753274       3.8675318        3.8675318       2.8753274                                2.8753274
              1       4.6836573     0.022261293      0.11877809     0.010409675      -1.2030893     -0.70769616    2.100583e-09      0.22613923       116.78859      0.14168358      0.77380203      0.24580903      0.24714052       2.4678947       7.6088276        1.632251       3.8675318        3.8675318        1.632251                                 1.632251
              2       5.6839167      0.02246932      0.11852497     0.010411583     -0.43075126      -1.3722831    2.100583e-09      0.36560481        91.73338      0.14163848       0.6343002      0.24589798      0.24722979       2.4305229       7.5935349       3.6327697       3.8675318        3.8675318       3.6327697                                3.6327697
              2       4.9383003     0.022359281      0.11846249     0.010413124      -0.6207373     -0.68096742    2.100583e-09      0.36287667       92.108618      0.14146596      0.63702893      0.24585091      0.24718255       2.4501834       7.6354858       2.1415371       3.8675318        3.8675318       2.1415371                                2.1415371
              7       5.2090803     0.022358691      0.11867374     0.010413299     -0.31517753     -0.91320967    2.100583e-09      0.44409009       83.292002      0.14167663      0.55579456      0.24585066       0.2471823       2.4502895       7.6730911       2.6830969       3.8675318        3.8675318       2.6830969                                2.6830969
              4       5.4389581     0.022424185      0.11785462     0.010413233     -0.34372457      -1.0409858    2.100583e-09      0.41612925       85.900182        0.140923      0.58376207      0.24587864      0.24721038       2.4385579       7.6272312       3.1428527       3.8675318        3.8675318       3.1428527                                3.1428527
              3       5.0673606     0.022375626      0.11814682     0.010412984     -0.33644934      -1.4706516    2.100583e-09      0.38374077       89.514803      0.14116664      0.61615919      0.24585788      0.24718955       2.4472477       7.6134539       2.3996577       3.8675318        3.8675318       2.3996577                                2.3996577
              2       5.9399941     0.022478838      0.11764848     0.010413354     -0.39678321     -0.78623861    2.100583e-09      0.42158435        85.29327      0.14077151      0.57830543      0.24590206      0.24723389       2.4288337        7.628016       4.1449246       3.8675318        3.8675318       4.1449246                                4.1449246
              3       6.0252531     0.022505626      0.11720274     0.010412091     -0.79393896     -0.35977436    2.100583e-09      0.32975877       96.355062      0.14035256      0.67015477      0.24591355      0.24724542       2.4240886       7.5816927       4.3154427       3.8675318        3.8675318       4.3154427                                4.3154427
              1       6.4738596     0.022509133      0.11701478     0.010411917     -0.99850746     -0.48663722    2.100583e-09      0.26726627        106.9921       0.1401681      0.73266356      0.24591505      0.24724693       2.4234683       7.5453579       5.2126557       3.8675318        3.8675318       5.2126557                                5.2126557
              7       7.3777966     0.022531269       0.1162641     0.010412184     -0.72495777     -0.85544206    2.100583e-09      0.30753546       99.601292      0.13943956      0.69238338      0.24592454      0.24725645       2.4195593       7.5381807       7.0205297       3.8675318        3.8675318       7.0205297                                7.0205297
              2       9.5438909     0.022587671      0.11553153     0.010413409     -0.31528198      -2.6235948    2.100583e-09      0.30096231       100.52999       0.1387634      0.69895787      0.24594871      0.24728071       2.4096403       7.4881441       11.352718       3.8675318        3.8675318       11.352718                                11.352718
              1       11.756562     0.022575161      0.11470372     0.010413414      -1.1499388      -1.4589268    2.100583e-09      0.18647852       127.53161      0.13792307      0.81347172      0.24594335      0.24727533       2.4118353       7.4606014        15.77806       3.8675318        3.8675318        15.77806                                 15.77806
              2       11.098097     0.022554674      0.11496645     0.010413699      -1.1990312      -1.4910994    2.100583e-09      0.17946901        130.0701      0.13816532      0.82048318      0.24593458      0.24726652       2.4154361       7.4675024       14.461131       3.8675318        3.8675318       14.461131                                14.461131
             10       9.0967802     0.022475609      0.11601579     0.010415118      -0.5592103      -2.8427501    2.100583e-09      0.24420077       111.74937      0.13913559      0.75573464      0.24590067       0.2472325       2.4294066       7.5075762       10.458497       3.8675318        3.8675318       10.458497                                10.458497
              4       9.1466212     0.022472895       0.1160633     0.010415209     -0.63326041      -2.8479146    2.100583e-09      0.23104672       114.89732      0.13918039      0.76889219      0.24589951      0.24723133       2.4298882        7.506562       10.558179       3.8675318        3.8675318       10.558179                                10.558179
              1       7.8567405     0.022341304      0.11717675      0.01041542      -0.7300742      -2.4331569    2.100583e-09      0.23532823       114.13078      0.14016225      0.76460998      0.24584324      0.24717485       2.4534184        7.556447       7.9784174       3.8675318        3.8675318       7.9784174                                7.9784174
              3       7.8941291     0.022311816      0.11746246     0.010415601     -0.60753571      -2.8468928    2.100583e-09      0.24384036       112.19036      0.14041847      0.75609573      0.24583065      0.24716222       2.4587388       7.5670449       8.0531947       3.8675318        3.8675318       8.0531947                                8.0531947
              2       7.7562931     0.022315178      0.11758832     0.010415538     -0.66068697      -2.7940166    2.100583e-09      0.23699773       113.82187      0.14054769      0.76294021      0.24583209      0.24716366       2.4581312       7.5674187       7.7775227       3.8675318        3.8675318       7.7775227                                7.7775227
              1       6.5251017     0.022260704      0.11861233     0.010414459     -0.73406423      -2.3517346    2.100583e-09      0.24600355        111.9424      0.14151723      0.75393248      0.24580877      0.24714026       2.4680016       7.5997746       5.3151398       3.8675318        3.8675318       5.3151398                                5.3151398
              3       5.2733028     0.022297515      0.11843381     0.010412258     -0.36818158       -2.984992    2.100583e-09      0.29131779       102.82127      0.14137552      0.70860638      0.24582454      0.24715609       2.4613251       7.5927353        2.811542       3.8675318        3.8675318        2.811542                                 2.811542
              4       5.2197742     0.022283832      0.11840312     0.010412175     -0.34909593      -2.9468519    2.100583e-09      0.29694735        101.8422      0.14133115      0.70297533      0.24581868      0.24715021       2.4638038       7.5965023       2.7044847       3.8675318        3.8675318       2.7044847                                2.7044847
              9       5.7601985     0.022216656      0.11867893     0.010412729      -0.7319678      -2.6354156    2.100583e-09      0.23737409       113.99247      0.14153978      0.76256419      0.24578981      0.24712123       2.4760258       7.6074666       3.7853334       3.8675318        3.8675318       3.7853334                                3.7853334
              1       6.0200703     0.022160623      0.11920111     0.010412994     -0.69395775      -2.6222229    2.100583e-09      0.24760326       111.73884      0.14200593      0.75233257      0.24576548      0.24709681       2.4862887       7.6304052        4.305077       3.8675318        3.8675318        4.305077                                 4.305077
              3        6.290771     0.022076578       0.1192869     0.010411749      -1.2086807      -1.7702567    2.100583e-09      0.19307217        126.6005      0.14200767       0.8068778      0.24572862      0.24705982          2.5018       7.6450333       4.8464785       3.8675318        3.8675318       4.8464785                                4.8464785
              9       6.4694166     0.021981224      0.12041805     0.010410048      -1.6928352     -0.43992036    2.100583e-09      0.16857727       135.80161      0.14304347      0.83137935      0.24568668      0.24701772       2.5195752       7.6862751       5.2037696       3.8675318        3.8675318       5.2037696                                5.2037696
              4       6.2518049     0.022108604      0.12038111     0.010411479      -1.2377383      -2.7436987    2.100583e-09      0.17087729       134.80565       0.1431339      0.82907877       0.2457427      0.24707394       2.4958724       7.6494618       4.7685463       3.8675318        3.8675318       4.7685463                                4.7685463
              5       6.4647071     0.022075993      0.12073625     0.010410961        -1.35752      -2.6783527    2.100583e-09      0.16029582       139.28652      0.14345644      0.83966306      0.24572836      0.24705956       2.5019084       7.6615052       5.1943507       3.8675318        3.8675318       5.1943507                                5.1943507
              1       7.0489888      0.02211816      0.12139525      0.01041154     -0.81824105      -2.3014754    2.100583e-09      0.24973409       111.69636       0.1441576      0.75020215      0.24574689      0.24707815       2.4941076       7.6772644        6.362914       3.8675318        3.8675318        6.362914                                 6.362914
              2       6.9677505     0.022127754      0.12112347     0.010412188     -0.73307466      -2.4177814    2.100583e-09      0.25911734       109.60081      0.14389542      0.74081639       0.2457511      0.24708238       2.4923379       7.6717904       6.2004374       3.8675318        3.8675318       6.2004374                                6.2004374
              1       9.5797471     0.021785477      0.12088755     0.010408385      -1.2443577      -1.3109022    2.100583e-09      0.21169693       121.37905      0.14331722      0.78824871      0.24560086       0.2469316       2.5566704       7.7433364       11.424431       3.8675318        3.8675318       11.424431                                11.424431
              6        8.639874     0.021789878      0.12103514     0.010408651      -1.2998397      0.58741282    2.100583e-09      0.28767064       104.14872      0.14346921      0.71225556       0.2456028      0.24693354       2.5558273       7.8007093       9.5446845       3.8675318        3.8675318       9.5446845                                9.5446845
              2       4.8738906     0.022031882      0.12010714     0.010409749     -0.92073979     0.083343611    2.100583e-09      0.34869741       94.353958      0.14278322      0.65121272      0.24570895      0.24704007       2.5101081       7.7512581       2.0127177       3.8675318        3.8675318       2.0127177                                2.0127177
              1       5.3645808     0.022007772      0.12100959     0.010408926     -0.54079255     -0.48660504    2.100583e-09      0.42552699       85.551756      0.14366155        0.574364      0.24569834      0.24702943       2.5146071       7.7867557       2.9940981       3.8675318        3.8675318       2.9940981                                2.9940981
              3       5.3746231     0.021999656       0.1210541     0.010408542     -0.58251452     -0.48364104    2.100583e-09      0.41178604       86.976888      0.14369795      0.58810849      0.24569477      0.24702585       2.5161243       7.7806723       3.0141826       3.8675318        3.8675318       3.0141826                                3.0141826
              7       5.9180146     0.022003909      0.12163368     0.010406593      -0.8046074     -0.44040175    2.100583e-09      0.35020577       94.404914      0.14428178       0.6497049      0.24569664      0.24702772        2.515329       7.7560079       4.1009656       3.8675318        3.8675318       4.1009656                                4.1009656
              5        5.846573     0.022197902      0.11902809      0.01040594     -0.87921063       0.4835538    2.100583e-09      0.40459681       87.371734      0.14187018      0.59529824       0.2457817      0.24711309       2.4794539       7.7759808       3.9580824       3.8675318        3.8675318       3.9580824                                3.9580824
              4       5.7409922     0.022129964      0.11877012     0.010407245     -0.78667104      0.37460801    2.100583e-09      0.42619627       85.114784      0.14154428      0.57369292      0.24575207      0.24708335       2.4919304       7.8011217       3.7469209       3.8675318        3.8675318       3.7469209                                3.7469209
              6       5.3122241      0.02207374      0.11983776     0.010406354     -0.58303211      -0.4377473    2.100583e-09      0.40939942       87.023491      0.14255569      0.59049489      0.24572737      0.24705856       2.5023263       7.7495636       2.8893846       3.8675318        3.8675318       2.8893846                                2.8893846
              1       5.5275136     0.022044313      0.12068013     0.010406636      0.14116514      -1.8702743    2.100583e-09      0.52524479       76.949218      0.14336863      0.47462038      0.24571442      0.24704556       2.5077933       7.7653184       3.3199635       3.8675318        3.8675318       3.3199635                                3.3199635
              2       5.1895029     0.022050537      0.12017795     0.010407665       0.2666726      -2.2045207    2.100583e-09      0.53328143       76.300144      0.14287268       0.4665812      0.24571716      0.24704831       2.5066354       7.7496357       2.6439422       3.8675318        3.8675318       2.6439422                                2.6439422
              2       6.9228095     0.022009726      0.12154825      0.01040444     -0.45671496      -1.7287839    2.100583e-09      0.35826527       93.321382      0.14420216       0.6416433       0.2456992      0.24703029        2.514242        7.729724       6.1105555       3.8675318        3.8675318       6.1105555                                6.1105555
              2       6.9564762     0.022115952      0.12161588      0.01040454     -0.15221441      -1.9508617    2.100583e-09      0.42791935       85.361495      0.14437602      0.57197157      0.24574592      0.24707718       2.4945152       7.7224895       6.1778887       3.8675318        3.8675318       6.1778887                                6.1778887
              3       6.5117174     0.022204393      0.12076752     0.010404912     -0.12743803      -2.4420562    2.100583e-09      0.39507764       88.679517       0.1436161      0.60482112      0.24578451      0.24711591       2.4782666        7.673974       5.2883711       3.8675318        3.8675318       5.2883711                                5.2883711
              1       7.7402064     0.022342701      0.11961679     0.010404355     -0.37719048       -1.605867    2.100583e-09      0.37387123       90.930394      0.14260368      0.62603229      0.24584383      0.24717545       2.4531667       7.6327871       7.7453493       3.8675318        3.8675318       7.7453493                                7.7453493
              5       7.9419942     0.022450598      0.11924278     0.010406044     -0.20752594      -2.4552848    2.100583e-09      0.36158937       92.362309      0.14233757      0.63831714      0.24588995      0.24722174        2.433851       7.5885741       8.1489248       3.8675318        3.8675318       8.1489248                                8.1489248
              1        7.957505     0.022454398      0.11908569     0.010406065     -0.41176525      -2.0796734    2.100583e-09       0.3309246       96.519298      0.14218428      0.66898974      0.24589158      0.24722337        2.433175       7.5823174       8.1799464       3.8675318        3.8675318       8.1799464                                8.1799464
              2       7.7390729     0.022299607       0.1189463     0.010404669     -0.37105797      -2.9334843    2.100583e-09      0.29849366        101.6668       0.1418901      0.70142892      0.24582543      0.24715698       2.4609466       7.6005428       7.7430822       3.8675318        3.8675318       7.7430822                                7.7430822
              2       5.6509205     0.022112462      0.12127738     0.010406505     -0.28024666      -2.1228303    2.100583e-09      0.37726904       90.860766      0.14403404      0.62263456      0.24574439      0.24707564       2.4951597       7.7024667       3.5667775       3.8675318        3.8675318       3.5667775                                3.5667775
              1       5.9147566     0.022454669      0.11821169     0.010412829    -0.084684215      -1.1784778    2.100583e-09      0.49777355       78.579278      0.14131055      0.50209681       0.2458917      0.24722349       2.4331267       7.6661895       4.0944497       3.8675318        3.8675318       4.0944497                                4.0944497
             10        5.832674     0.022443646      0.11816975     0.010412855    -0.056841459       -1.218834    2.100583e-09      0.50364024       78.118086      0.14125759      0.49622854      0.24588697      0.24721875       2.4350886       7.6695554       3.9302843       3.8675318        3.8675318       3.9302843                                3.9302843
              1       6.9227278     0.022471537      0.11771661     0.010414216    -0.035080367     -0.97402384    2.100583e-09      0.54138976        75.27768      0.14083234      0.45846876      0.24589893      0.24723074       2.4301294       7.7068264       6.1103921       3.8675318        3.8675318       6.1103921                                6.1103921
              2       6.1843415     0.022439422      0.11819266     0.010414062     -0.29065128     -0.68252777    2.100583e-09      0.47697953       80.276224      0.14127627      0.52289622      0.24588516      0.24721693        2.435841       7.6882286       4.6336194       3.8675318        3.8675318       4.6336194                                4.6336194
              4       8.0332451     0.022535284      0.11843331     0.010414944     0.023625879      -2.1681891    2.100583e-09      0.43930069       83.650518      0.14161279      0.56058514      0.24592626      0.24725818       2.4188512       7.5869565       8.3314267       3.8675318        3.8675318       8.3314267                                8.3314267
              1       5.4352937     0.022436637       0.1179494     0.010412801     -0.23987847      -1.2274521    2.100583e-09      0.43428866       84.094709      0.14103023      0.56559801      0.24588397      0.24721573       2.4363373       7.6273824       3.1355238       3.8675318        3.8675318       3.1355238                                3.1355238
              1       4.8686191      0.02231805      0.11852856     0.010412427     -0.47224581      -1.8603964    2.100583e-09      0.32392503       97.516741       0.1414908      0.67599072      0.24583331      0.24716489       2.4576125       7.6061919       2.0021746       3.8675318        3.8675318       2.0021746                                2.0021746
              1       6.2092524     0.022436129      0.11879981     0.010409403      -1.4288254     -0.54915079    2.100583e-09      0.19330569       126.23359      0.14188013      0.80664417      0.24588375      0.24721551       2.4364278       7.5630457       4.6834413       3.8675318        3.8675318       4.6834413                                4.6834413
              2       5.6893735     0.022362128      0.11957467     0.010410332      -1.9521923      0.65305817    2.100583e-09      0.15827121       139.73464      0.14258099      0.84168794      0.24585212      0.24718377       2.4496717       7.5915458       3.6436834       3.8675318        3.8675318       3.6436834                                3.6436834
              8       5.2761377     0.022146766      0.11938592     0.010412051      -2.2967137       1.7274822    2.100583e-09      0.14395809       146.59752      0.14217687      0.85600465      0.24575942      0.24709073       2.4888363       7.6450097       2.8172118       3.8675318        3.8675318       2.8172118                                2.8172118
              5       5.9779806     0.022478786      0.11763535     0.010412132       -1.890677        1.233396    2.100583e-09      0.17774096       131.35707      0.14075833      0.82221257      0.24590203      0.24723386       2.4288428       7.5560933       4.2208977       3.8675318        3.8675318       4.2208977                                4.2208977
              1       5.6120008     0.022429919      0.11733562     0.010413312      -1.7448997       1.3671777    2.100583e-09      0.21085587       120.56226      0.14040974      0.78908886      0.24588109      0.24721285       2.4375349       7.5922526       3.4889381       3.8675318        3.8675318       3.4889381                                3.4889381
              3       5.6825034     0.022444466      0.11723964     0.010413236      -1.7601372       1.4421748    2.100583e-09       0.2118674       120.24617       0.1403283      0.78807704      0.24588732       0.2472191       2.4349426       7.5923383       3.6299432       3.8675318        3.8675318       3.6299432                                3.6299432
              2       4.8887161     0.022404995      0.11782475     0.010412149      -1.4029923       1.3091139    2.100583e-09      0.30480373       100.23912      0.14087394      0.69511664      0.24587043      0.24720214       2.4419863       7.6936222       2.0423687       3.8675318        3.8675318       2.0423687                                2.0423687
              1        4.700519      0.02238234      0.11767435     0.010411491     -0.96707858      0.37075565    2.100583e-09      0.34620699       94.162336      0.14070088      0.65370246      0.24586075      0.24719243       2.4460434       7.6635101       1.6659744       3.8675318        3.8675318       1.6659744                                1.6659744
              8        4.513837     0.022355425      0.11784514     0.010411329     -0.96478306      0.41337884    2.100583e-09      0.35293922       93.297874      0.14084476      0.64696856      0.24584926       0.2471809       2.4508768       7.6798529       1.2926104       3.8675318        3.8675318       1.2926104                                1.2926104
             10       5.7903768     0.022209393      0.11892873     0.010405807      -1.5722892      0.97387129    2.100583e-09      0.23506817       114.60293      0.14178231      0.76487082      0.24578667      0.24711808       2.4773526       7.6591581         3.84569       3.8675318        3.8675318         3.84569                                  3.84569
              2       5.3446078     0.022107912      0.12091954     0.010406387      -1.2909579      0.23180332    2.100583e-09      0.26542924       108.26134      0.14367164      0.73450277      0.24574239      0.24707364       2.4960002       7.7027019        2.954152       3.8675318        3.8675318        2.954152                                 2.954152
              1       5.5516864     0.022071837      0.12116972     0.010406499      -1.2984845      0.11872138    2.100583e-09      0.25909562       109.63914      0.14388575      0.74083811      0.24572653      0.24705772       2.5026793       7.7091717       3.3683092       3.8675318        3.8675318       3.3683092                                3.3683092
              2       4.9348949     0.022099818      0.12092927      0.01040782       -1.225516      0.12704168    2.100583e-09      0.27409122       106.54223      0.14367328      0.72583857      0.24573884      0.24707007       2.4974964       7.7064413       2.1347263       3.8675318        3.8675318       2.1347263                                2.1347263
              2       4.9195243      0.02215999      0.11999316     0.010408751      -1.9707967       0.6323968    2.100583e-09      0.15828741       139.94232      0.14279735       0.8416718       0.2457652      0.24709653       2.4864049       7.6427961       2.1039851       3.8675318        3.8675318       2.1039851                                2.1039851
              2       4.8676027     0.022140201      0.12017572     0.010408643      -1.9625691      0.87047593    2.100583e-09      0.16706474       136.26991      0.14296011      0.83289225      0.24575655      0.24708785       2.4900445         7.65551       2.0001418       3.8675318        3.8675318       2.0001418                                2.0001418
              1       4.8618839     0.022173934      0.12029165     0.010409266      -1.8329697      0.63769898    2.100583e-09      0.17859907       131.80398      0.14310977        0.821355      0.24577128      0.24710263       2.4838451       7.6512993       1.9887043       3.8675318        3.8675318       1.9887043                                1.9887043
              2       4.9784596      0.02214447      0.12052175     0.010407389      -1.1624964     -0.47166593    2.100583e-09      0.25440974       110.49009      0.14331041      0.74552492      0.24575842      0.24708972       2.4892587       7.6720734       2.2218555       3.8675318        3.8675318       2.2218555                                2.2218555
              7       6.5844555     0.022151084      0.12162195     0.010408903      -1.7672489      0.18522822    2.100583e-09      0.18037526        131.4608      0.14441723      0.81957877      0.24576131      0.24709263       2.4880419       7.6732983       5.4338474       3.8675318        3.8675318       5.4338474                                5.4338474
              1       6.0359891     0.022147193      0.12129292     0.010409585      -1.6861705      0.12487971    2.100583e-09      0.18867445       128.46798      0.14408431      0.81127736      0.24575961      0.24709092       2.4887576       7.6709494       4.3369147       3.8675318        3.8675318       4.3369147                                4.3369147
              2       6.0315747     0.022448074      0.11890765      0.01040947      -1.8070908      0.95141176    2.100583e-09      0.18645828       128.54821      0.14199992      0.81349339      0.24588887      0.24722065       2.4343002       7.5782513       4.3280858       3.8675318        3.8675318       4.3280858                                4.3280858
             10       6.0315721     0.022443144       0.1183567     0.010408033      -1.7523794       1.3248228    2.100583e-09      0.21250266       120.30129      0.14144403      0.78744205      0.24588676      0.24721853       2.4351779        7.599185       4.3280807       3.8675318        3.8675318       4.3280807                                4.3280807
              3       6.0180214     0.022056586      0.11894909     0.010411425     -0.43102144     -0.33667181    2.100583e-09      0.47289955       80.852603      0.14164987      0.52697759      0.24571982      0.24705099       2.5055109       7.8015289       4.3009793       3.8675318        3.8675318       4.3009793                                4.3009793
              1       6.2926497     0.022055385      0.11874479     0.010411309     -0.50764272     -0.12136637    2.100583e-09      0.47037726       81.040851      0.14144437      0.52950035      0.24571929      0.24705046       2.5057342        7.816956       4.8502358       3.8675318        3.8675318       4.8502358                                4.8502358
              1       6.8056277     0.021940085      0.11981206      0.01041039     -0.26604135     -0.91879925    2.100583e-09       0.4716365       81.119502      0.14239634      0.52824161      0.24566864      0.24699962       2.5273036       7.7941195       5.8761919       3.8675318        3.8675318       5.8761919                                5.8761919
              1       8.7516791     0.021876864      0.11928158     0.010409568     -0.27273338     -0.86222538    2.100583e-09      0.47310444       80.940897      0.14180264      0.52677278      0.24564095      0.24697182       2.5392503       7.8060466       9.7682946       3.8675318        3.8675318       9.7682946                                9.7682946
              1       9.4302003     0.021887708      0.11936255     0.010408413    -0.072714135      -0.7333418    2.100583e-09      0.57511529       73.419282      0.14189445      0.42473554      0.24564569      0.24697659       2.5371951       7.8995467       11.125337       3.8675318        3.8675318       11.125337                                11.125337
             10       8.8636612     0.021910419      0.11977191     0.010404198       -1.084557      0.16705792    2.100583e-09      0.30821746       100.35146      0.14232652      0.69170285      0.24565564      0.24698657        2.532899       7.7509872       9.9922588       3.8675318        3.8675318       9.9922588                                9.9922588
              1       8.6590195     0.021903458      0.11992587     0.010404322      -1.0753823      0.12664117    2.100583e-09      0.30857931       100.32182      0.14247351      0.69134098      0.24565259      0.24698351       2.5342145       7.7533183       9.5829754       3.8675318        3.8675318       9.5829754                                9.5829754
              6       8.7937752     0.021898388      0.11996738     0.010404191       -1.057303      0.10482237    2.100583e-09      0.31219772       99.747915      0.14250996      0.68772166      0.24565037      0.24698128       2.5351734       7.7561684       9.8524869       3.8675318        3.8675318       9.8524869                                9.8524869
              1       9.3805762     0.021870915      0.12022581     0.010403761      -1.3296737      0.44822944    2.100583e-09      0.26771141       107.77695      0.14274092      0.73221957      0.24563834      0.24696921        2.540379       7.7531265       11.026089       3.8675318        3.8675318       11.026089                                11.026089
              2       7.4909719     0.021942796      0.11994708       0.0104051      -1.5635862       1.4290884    2.100583e-09      0.28045209       105.17587      0.14253407       0.7194755      0.24566982      0.24700081       2.5267932       7.7926843       7.2468802       3.8675318        3.8675318       7.2468802                                7.2468802
              2       8.2211596     0.022325073      0.12055302     0.010413034       -1.541858      -1.9318271    2.100583e-09      0.15187927       142.90381      0.14352229      0.84808179      0.24583631       0.2471679       2.4563447       7.6027497       8.7072556       3.8675318        3.8675318       8.7072556                                8.7072556
              4        8.274436     0.022347211      0.12035973     0.010413288      -1.5141339        -1.95075    2.100583e-09      0.15354749       142.06616      0.14335113      0.84641309      0.24584576      0.24717738       2.4523547       7.5948334       8.8138083       3.8675318        3.8675318       8.8138083                                8.8138083
              1       7.1451605     0.022357148      0.12023831     0.010411642      -1.2823881      -1.7981115    2.100583e-09      0.18522788       129.31572      0.14323965      0.81472453         0.24585      0.24718164       2.4505668       7.5959202       6.5552574       3.8675318        3.8675318       6.5552574                                6.5552574
              9       7.1528218     0.022451033      0.11955072     0.010410387      -1.3582913      -1.0546064    2.100583e-09      0.19153092       126.97302      0.14264594      0.80841967      0.24589014      0.24722192       2.4337736       7.5682088       6.5705801       3.8675318        3.8675318       6.5705801                                6.5705801
              1       5.6528049     0.022392497      0.11826333     0.010412063      -1.2978826       -0.916756    2.100583e-09      0.19873866       124.40294      0.14130001      0.80120958      0.24586509      0.24719678       2.4442233       7.5634252       3.5705462       3.8675318        3.8675318       3.5705462                                3.5705462
              1       6.5411453     0.022325525      0.11705855     0.010411339     -0.96169522      -1.6818536    2.100583e-09      0.22256751       117.34016      0.14002827      0.77737399       0.2458365      0.24716809       2.4562632       7.5591374       5.3472271       3.8675318        3.8675318       5.3472271                                5.3472271
              4        6.004879     0.022408166        0.117223     0.010409658      0.30452399      -2.9887248    2.100583e-09      0.45745708        81.84326      0.14027536       0.5424229      0.24587178       0.2472035       2.4414194       7.5855395       4.2746944       3.8675318        3.8675318       4.2746944                                4.2746944
              1       6.3874495     0.022266508      0.11702826     0.010412759     -0.11383539      -1.6762838    2.100583e-09      0.43078205       84.358552      0.13993896      0.56910466      0.24581126      0.24714276       2.4669471       7.6349301       5.0398354       3.8675318        3.8675318       5.0398354                                5.0398354
              1       6.3284936     0.022297741      0.11862757     0.010414332       -1.302967     -0.89784555    2.100583e-09      0.20015146       124.08873       0.1415695      0.79979651      0.24582463      0.24715618       2.4612844       7.5911391       4.9219237       3.8675318        3.8675318       4.9219237                                4.9219237
              2       6.5648726     0.022310593      0.11859217     0.010414677      -1.2334041      -1.0220588    2.100583e-09      0.20683391       122.05386      0.14154695      0.79311231      0.24583013      0.24716169       2.4589598       7.5884973       5.3946815       3.8675318        3.8675318       5.3946815                                5.3946815
              4        7.456779     0.022425658      0.11745529      0.01041529      -1.4968602     -0.44177229    2.100583e-09      0.17890906       130.91444      0.14052514      0.82104408      0.24587927      0.24721101       2.4382951       7.5423639       7.1784944       3.8675318        3.8675318       7.1784944                                7.1784944
              6       8.5450998     0.022410899      0.11822469     0.010416579      -1.2425642      -1.1078521    2.100583e-09      0.19972705       124.07716      0.14127978      0.80022092      0.24587295      0.24720468       2.4409308       7.5586052       9.3551361       3.8675318        3.8675318       9.3551361                                9.3551361
              5       7.6181508     0.022488306      0.11674497     0.010413384      -1.7792265     -0.18641725    2.100583e-09      0.14571187        144.8464      0.13987747      0.85424979      0.24590612      0.24723796        2.427155       7.5096546       7.5012381       3.8675318        3.8675318       7.5012381                                7.5012381
              2       5.9881011     0.022402372       0.1189776     0.010410604      -1.8575562    -0.099662119    2.100583e-09      0.14837533       144.14795      0.14202417      0.85158622      0.24586931      0.24720102       2.4424557       7.5650969       4.2411385       3.8675318        3.8675318       4.2411385                                4.2411385
              3        6.542926     0.022475944      0.11925958     0.010411132       -0.833021     -0.90583405    2.100583e-09      0.29466797       102.30668      0.14237971      0.70525587      0.24590082      0.24723264       2.4293472       7.5870722       5.3507884       3.8675318        3.8675318       5.3507884                                5.3507884
              2        6.158809     0.022269641      0.11846722     0.010406011    -0.050387157      -2.0498919    2.100583e-09      0.43053473       84.593398      0.14138105       0.5693532      0.24581261      0.24714411       2.4663782       7.6423965       4.5825544       3.8675318        3.8675318       4.5825544                                4.5825544
              1       4.6937254     0.022159072      0.11880522     0.010411219      -1.1398874     -0.12554686    2.100583e-09      0.26671411       107.58855      0.14160849      0.73321657       0.2457648      0.24709613       2.4865736       7.6550399       1.6523872       3.8675318        3.8675318       1.6523872                                1.6523872
              3       5.6799379     0.022090687      0.11888763     0.010412475     -0.42296107      -1.1049005    2.100583e-09      0.39292235       88.678513      0.14162251      0.60697554      0.24573482      0.24706604       2.4991859       7.7001038       3.6248122       3.8675318        3.8675318       3.6248122                                3.6248122
              2        5.586594     0.022093079      0.11898288     0.010412494     -0.42499873      -1.0640337    2.100583e-09      0.39627141        88.31665      0.14172015      0.60362569      0.24573587       0.2470671       2.4987432       7.7036476       3.4381244       3.8675318        3.8675318       3.4381244                                3.4381244
              5       5.9708525      0.02243145      0.11785567     0.010409666       -0.613943      -2.0767814    2.100583e-09       0.2771188       105.26001      0.14093131      0.72280883      0.24588175       0.2472135       2.4372618       7.5569986       4.2066414       3.8675318        3.8675318       4.2066414                                4.2066414
              5       6.2852094      0.02248496      0.11896506     0.010409704      -1.4316929      0.67851438    2.100583e-09      0.24661127       111.77086      0.14209422      0.75332486      0.24590468      0.24723652        2.427748       7.5974969       4.8353552       3.8675318        3.8675318       4.8353552                                4.8353552
              3       5.6978088     0.022477327      0.11865467     0.010410696      -1.0463528      0.11246442    2.100583e-09      0.30331756       100.73206      0.14177619       0.6966037      0.24590141      0.24723324       2.4291017       7.6088375       3.6605541       3.8675318        3.8675318       3.6605541                                3.6605541
              2       6.5980025     0.022376114       0.1199371     0.010406435      -1.3258517      0.66672334    2.100583e-09      0.27821773       105.45232      0.14295741      0.72171065      0.24585809      0.24718976       2.4471601       7.6521519       5.4609414       3.8675318        3.8675318       5.4609414                                5.4609414
              5       8.5625477     0.022493434      0.11946157      0.01040632      -1.3107338      0.41302226    2.100583e-09      0.26185477       108.55742      0.14259919      0.73807765      0.24590832      0.24724017       2.4262465       7.6009814       9.3900319       3.8675318        3.8675318       9.3900319                                9.3900319
              2       9.0020528      0.02249631      0.11943802     0.010405723      -1.1504788      0.73196203    2.100583e-09      0.33378976       96.145459      0.14257853      0.66612409      0.24590955      0.24724141       2.4257372       7.6681915       10.269042       3.8675318        3.8675318       10.269042                                10.269042
              4       7.4710208      0.02201583      0.12184692     0.010405322      -1.1873236       1.0532442    2.100583e-09      0.37928672       90.667072      0.14450694      0.62061668      0.24570188      0.24703299       2.5131021       7.8645256        7.206978       3.8675318        3.8675318        7.206978                                 7.206978
              4       6.5416182     0.022050445      0.12165485     0.010405598      -1.5759105       1.5058898    2.100583e-09      0.29142021       103.33306      0.14434949      0.70850549      0.24571712      0.24704827       2.5066526       7.8051657       5.3481728       3.8675318        3.8675318       5.3481728                                5.3481728
              1       7.6458818     0.022192171      0.12156207     0.010405074      -1.8961993      0.84343623    2.100583e-09      0.18255162       130.63965      0.14439843      0.81740185      0.24577921      0.24711059       2.4805028       7.6694743       7.5567001       3.8675318        3.8675318       7.5567001                                7.5567001
              2       6.3423915     0.022115775      0.12073548     0.010405704      -1.1661364      -1.6352663    2.100583e-09      0.21209827       121.06818      0.14349545      0.78784733      0.24574584       0.2470771        2.494548       7.6627094       4.9497193       3.8675318        3.8675318       4.9497193                                4.9497193
              1       5.8568492     0.022001991       0.1207961     0.010407448      -1.4841671     -0.25826803    2.100583e-09      0.20651837       122.76274      0.14344228      0.79342864       0.2456958      0.24702688       2.5156876       7.6973468       3.9786349       3.8675318        3.8675318       3.9786349                                3.9786349
              1       5.6557913     0.022024278        0.120643     0.010407892      -1.5532013     -0.23240019    2.100583e-09      0.19550664       126.12836      0.14331147      0.80444315       0.2457056      0.24703672       2.5115257         7.68726        3.576519       3.8675318        3.8675318        3.576519                                 3.576519
              1       5.2138204     0.022182734      0.12067387     0.010407092      -2.0717417        1.801665    2.100583e-09      0.18734376       128.76858       0.1435008      0.81260819      0.24577511      0.24710648       2.4822315       7.6838871       2.6925773       3.8675318        3.8675318       2.6925773                                2.6925773
              5       6.0132703     0.022357354      0.11988183     0.010411026     -0.76904634      0.40682935    2.100583e-09      0.44330901       83.536495      0.14288338      0.55657681      0.24585009      0.24718173         2.45053       7.7833958       4.2914771       3.8675318        3.8675318       4.2914771                                4.2914771
              5        6.649472     0.022499604      0.11893672     0.010412835     -0.90294141    -0.020371358    2.100583e-09      0.33479444       95.917785      0.14208052      0.66511884      0.24591096      0.24724282        2.425154       7.6220079       5.5638805       3.8675318        3.8675318       5.5638805                                5.5638805
              1       6.6121922     0.022443026      0.11969738     0.010412217      -1.0803053      0.12657234    2.100583e-09      0.30044034       101.40844       0.1427846      0.69948222      0.24588671      0.24721848       2.4351989       7.6288892       5.4893209       3.8675318        3.8675318       5.4893209                                5.4893209
              3       6.0660324     0.022065632      0.11928835     0.010407605      -1.4399664     -0.71704588    2.100583e-09      0.19096806       127.30204      0.14199818      0.80898245       0.2457238      0.24705498       2.5038307       7.6516337       4.3970013       3.8675318        3.8675318       4.3970013                                4.3970013
              2       6.9051823     0.022168845      0.11760426     0.010409724      -1.1964272      -1.1624534    2.100583e-09      0.20534734        122.3552       0.1404173      0.79459884      0.24576906      0.24710041       2.4847789       7.6020453       6.0753011       3.8675318        3.8675318       6.0753011                                6.0753011
              3       6.4887593     0.022410419      0.11715971     0.010411486      -1.4608769     -0.73099214    2.100583e-09      0.17517872       132.24078      0.14021432       0.8247753      0.24587275      0.24720447       2.4410167       7.5372682        5.242455       3.8675318        3.8675318        5.242455                                 5.242455
              4       6.5525726     0.022283839      0.11786126     0.010415647     -0.92019824      0.38879902    2.100583e-09      0.36543438       91.717905      0.14078929       0.6344701      0.24581869      0.24715021       2.4638026       7.7072066       5.3700816       3.8675318        3.8675318       5.3700816                                5.3700816
              1       6.7414533     0.022284573      0.11771373     0.010415715     -0.80994961    -0.093643815    2.100583e-09      0.35089941       93.573986       0.1406425      0.64900877        0.245819      0.24715053       2.4636694       7.6622181        5.747843       3.8675318        3.8675318        5.747843                                 5.747843
              8       5.9216809     0.022454779      0.11731397     0.010413881      -0.6790773     -0.42449146    2.100583e-09       0.3596595       92.299629      0.14041294      0.64024623      0.24589174      0.24722353       2.4331072       7.6092167       4.1082982       3.8675318        3.8675318       4.1082982                                4.1082982
              5        5.736917     0.022343858      0.11742048       0.0104143      -1.1118133      0.34183065    2.100583e-09      0.29618251        101.7749      0.14040853      0.70373986      0.24584433      0.24717595       2.4529584       7.6295066       3.7387704       3.8675318        3.8675318       3.7387704                                3.7387704
              1       6.1363085     0.022428001      0.11748186     0.010414405     -0.53300145      -1.1647386    2.100583e-09      0.34490504       94.290941      0.14055405      0.65500465      0.24588027      0.24721202        2.437877       7.5857542       4.5375535       3.8675318        3.8675318       4.5375535                                4.5375535
              3       7.6855937     0.022506696       0.1170786      0.01040876       -1.270489     -0.45268178    2.100583e-09      0.21481167       119.35696      0.14022949      0.78513196        0.245914      0.24724588       2.4238993       7.5278752       7.6361237       3.8675318        3.8675318       7.6361237                                7.6361237
              9         7.52765     0.022496225        0.117178      0.01040861      -1.2522309     -0.46107397    2.100583e-09      0.21834524       118.41274      0.14031841      0.78159749      0.24590951      0.24724137       2.4257523       7.5326558       7.3202364       3.8675318        3.8675318       7.3202364                                7.3202364
              1       7.3469393      0.02248743      0.11694876      0.01040878      -1.2160958     -0.16163896    2.100583e-09      0.23772823       113.44124      0.14008038      0.76220931      0.24590574      0.24723758       2.4273101       7.5426898        6.958815       3.8675318        3.8675318        6.958815                                 6.958815
              2       7.2587107     0.022564329      0.11720158     0.010409849      -1.4129465      0.65168766    2.100583e-09      0.24024193       112.86135       0.1404101      0.75969511      0.24593871      0.24727068       2.4137381       7.5528271       6.7823579       3.8675318        3.8675318       6.7823579                                6.7823579
              1        7.249287     0.022563615      0.11719971     0.010409836      -1.4098108      0.65087668    2.100583e-09      0.24090908       112.70492      0.14040752      0.75902778      0.24593841      0.24727037       2.4138636       7.5533561       6.7635103       3.8675318        3.8675318       6.7635103                                6.7635103
             12       5.2293651     0.022090529      0.11970116     0.010411756      -2.0557167       1.6931051    2.100583e-09      0.18013119       131.15461      0.14243588      0.81982227      0.24573475      0.24706597       2.4992152       7.6844414       2.7236666       3.8675318        3.8675318       2.7236666                                2.7236666
              1       4.8013926     0.022188167      0.11864701      0.01041134      -1.6547407      0.70491085    2.100583e-09      0.20217698       123.52457      0.14147936      0.79777043      0.24577747      0.24710885        2.481236       7.6350876       1.8677217       3.8675318        3.8675318       1.8677217                                1.8677217
              2       5.1131638     0.022211945      0.11845032      0.01041209      -1.5392914      0.26543321    2.100583e-09      0.20313324       123.17966      0.14130646      0.79681385      0.24578778      0.24711919       2.4768862       7.6197261       2.4912641       3.8675318        3.8675318       2.4912641                                2.4912641
              1       4.6381881     0.022169438      0.11894232     0.010410344     -0.96812651     -0.90956127    2.100583e-09      0.26449029       108.06088      0.14175595      0.73544104      0.24576932      0.24710067         2.48467       7.6405958       1.5413126       3.8675318        3.8675318       1.5413126                                1.5413126
              4       4.6328508     0.022193607      0.11873595     0.010410252     -0.96941096     -0.89424306    2.100583e-09      0.26374353       108.16464      0.14157375      0.73618791      0.24577983      0.24711122       2.4802399       7.6319943        1.530638       3.8675318        3.8675318        1.530638                                 1.530638
              3       4.7920643      0.02209642      0.11962017     0.010409984     -0.99462924     -0.83532709    2.100583e-09      0.26665533       107.77873      0.14236078      0.73327573      0.24573734      0.24706857        2.498125       7.6688295        1.849065       3.8675318        3.8675318        1.849065                                 1.849065
              1       4.3925414      0.02213928      0.11957244     0.010409882      -1.0103644     -0.56836436    2.100583e-09      0.27632541       105.84889      0.14235591      0.72360315      0.24575615      0.24708744       2.4902142       7.6653455       1.0500193       3.8675318        3.8675318       1.0500193                                1.0500193
              6       4.9835465     0.022203605      0.12000545     0.010409757      -1.2911164      -1.0720127    2.100583e-09      0.20481487       123.00513      0.14285324      0.79513237      0.24578417      0.24711557       2.4784106       7.6332806       2.2320293       3.8675318        3.8675318       2.2320293                                2.2320293
              4       4.9798193     0.022182032      0.11996728     0.010409474      -1.3033287      -1.1542581    2.100583e-09      0.20038612       124.35983       0.1427935      0.79956223       0.2457748      0.24710617         2.48236       7.6360958       2.2245751       3.8675318        3.8675318       2.2245751                                2.2245751
              9        5.366769     0.022211273      0.12042931     0.010408709      -1.0833198      -1.6322042    2.100583e-09      0.22242529       118.11673      0.14328478      0.77751758      0.24578749       0.2471189        2.477009       7.6385682       2.9984745       3.8675318        3.8675318       2.9984745                                2.9984745
             13       4.9814094     0.022153325       0.1196267     0.010410869     -0.93704384      -1.6747943    2.100583e-09      0.24163881       113.19542      0.14242422      0.75829876      0.24576229      0.24709361       2.4876299       7.6426704       2.2277553       3.8675318        3.8675318       2.2277553                                2.2277553
              9        4.951359     0.022177159      0.11964732     0.010410954     -0.54376046      -2.6347894    2.100583e-09      0.27857102       105.41862      0.14246867      0.72135702      0.24577268      0.24710404       2.4832534        7.638733       2.1676544       3.8675318        3.8675318       2.1676544                                2.1676544
             10       5.0008461     0.022228847      0.11942572     0.010411917       -0.445015      -2.5711762    2.100583e-09        0.299881       101.54408      0.14229876      0.70004144      0.24579507      0.24712651       2.4738011       7.6280353       2.2666286       3.8675318        3.8675318       2.2666286                                2.2666286
              5       5.1200751     0.022092312      0.12016797     0.010406951     -0.64044422      -1.6585829    2.100583e-09      0.30770017       100.42877      0.14290447      0.69222059      0.24573554      0.24706676       2.4988852       7.6787844       2.5050866       3.8675318        3.8675318       2.5050866                                2.5050866
              6       5.0354159     0.022086774      0.12018156     0.010406856       -0.534852      -1.5885422    2.100583e-09      0.33713709       95.948606      0.14291252      0.66277609       0.2457331      0.24706432       2.4999105       7.6885269       2.3357681       3.8675318        3.8675318       2.3357681                                2.3357681
              5       5.2899452      0.02236328       0.1185255      0.01041027      -1.1670814      -1.1779771    2.100583e-09       0.2130122       120.23127      0.14153298      0.78693241      0.24585261      0.24718426       2.4494646        7.575215       2.8448267       3.8675318        3.8675318       2.8448267                                2.8448267
              6       4.9074307      0.02226082      0.11912969     0.010409212      -1.2809081       -1.001624    2.100583e-09      0.20424878       122.96238       0.1420347      0.79569829      0.24580882      0.24714031       2.4679806       7.6066183       2.0797978       3.8675318        3.8675318       2.0797978                                2.0797978
              5        4.376177     0.022255927       0.1187006     0.010409071     -0.91936381     -0.55019453    2.100583e-09      0.29354507       102.49493      0.14160072      0.70637864      0.24580672      0.24713821         2.46887       7.6330517       1.0172904       3.8675318        3.8675318       1.0172904                                1.0172904
              5       4.3853061     0.022215042      0.11869286     0.010409151      -1.0625231     -0.17288734    2.100583e-09      0.28185456        104.6149       0.1415521      0.71807216      0.24578912      0.24712053       2.4763206       7.6458772       1.0355487       3.8675318        3.8675318       1.0355487                                1.0355487
             10       4.5261935     0.022258543      0.11876746     0.010410896      -1.5397758      0.31496248    2.100583e-09      0.20661934        122.1799       0.1416702      0.79332699      0.24580785      0.24713933       2.4683944        7.615918       1.3173234       3.8675318        3.8675318       1.3173234                                1.3173234
              3       5.1023774     0.022286141      0.11738609     0.010411206     -0.95178604      0.19519987    2.100583e-09      0.33242005       96.084165      0.14031642      0.66749277      0.24581967       0.2471512       2.4633853        7.658817       2.4696912       3.8675318        3.8675318       2.4696912                                2.4696912
              5       4.8469577     0.022272473      0.11761738     0.010411128     -0.94224309      0.19359659    2.100583e-09      0.33666559       95.520227      0.14053404      0.66324625      0.24581382      0.24714533       2.4658642       7.6674602       1.9588519       3.8675318        3.8675318       1.9588519                                1.9588519
              4       5.0231966     0.022250417       0.1181083     0.010410315      -1.0434612      0.87817699    2.100583e-09      0.39107638       88.652986       0.1410029      0.60882155      0.24580436      0.24713583       2.4698721       7.7808747       2.3113296       3.8675318        3.8675318       2.3113296                                2.3113296
              1        4.995791     0.022232834      0.11816841     0.010408739     -0.93889654      0.59497726    2.100583e-09      0.39069545        88.76659      0.14104544      0.60920261      0.24579679      0.24712824       2.4730742       7.7584538       2.2565185       3.8675318        3.8675318       2.2565185                                2.2565185
              1       4.9699317     0.022339387      0.11769832     0.010409601     -0.58559422     -0.31605206    2.100583e-09      0.40669819       86.896591       0.1406819      0.59319542      0.24584242      0.24717403       2.4537638       7.6740419       2.2047998       3.8675318        3.8675318       2.2047998                                2.2047998
              2       4.7547215     0.022136678      0.12002129     0.010409611      0.22397537      -1.8890123    2.100583e-09       0.5480187       75.220583      0.14280216      0.45184007      0.24575501       0.2470863       2.4906933       7.7480981       1.7743794       3.8675318        3.8675318       1.7743794                                1.7743794
              2       4.7814215     0.022159728       0.1197888     0.010409304      0.28455023      -1.9307379    2.100583e-09      0.56466815       74.066974      0.14259272      0.43518611      0.24576509      0.24709642        2.486453       7.7471455       1.8277795       3.8675318        3.8675318       1.8277795                                1.8277795
              1       4.5067602     0.022298943      0.11857002     0.010409343      -1.0198541     -0.46363477    2.100583e-09      0.27375322       106.09296      0.14151315      0.72617559      0.24582515       0.2471567       2.4610668       7.6159157       1.2784567       3.8675318        3.8675318       1.2784567                                1.2784567
              1       4.3477111      0.02232452        0.119009     0.010408891      -1.2414024        0.600129    2.100583e-09      0.29064406       103.03124      0.14197771       0.7092806      0.24583607      0.24716766       2.4564445        7.659004      0.96035853       3.8675318        3.8675318      0.96035853                               0.96035853
              1       4.6387259     0.022329118      0.11826026     0.010410341      -1.2900139       1.2254266    2.100583e-09      0.33771435       95.185399      0.14123357      0.66219765      0.24583804      0.24716963        2.455615       7.7473753       1.5423882       3.8675318        3.8675318       1.5423882                                1.5423882
              1       4.0819859     0.022309495      0.11844708      0.01041036      -1.1627527      0.69599299    2.100583e-09      0.32007526        98.09087      0.14140077      0.67984144      0.24582966      0.24716122       2.4591582       7.6862026      0.42890815       3.8675318        3.8675318      0.42890815                               0.42890815
              1       4.2609402     0.022346363      0.11825253     0.010410714       -1.250273      0.70464674    2.100583e-09      0.29239358       102.57959      0.14124308      0.70753024       0.2458454      0.24717702       2.4525073       7.6533516      0.78681679       3.8675318        3.8675318      0.78681679                               0.78681679
              1       4.2403304     0.022204973      0.11962926     0.010410894      -1.9248338       1.6841773    2.100583e-09      0.20390437       123.19636      0.14247842      0.79604296      0.24578476      0.24711616       2.4781606       7.6762645      0.74559732       3.8675318        3.8675318      0.74559732                               0.74559732
              1        5.526835     0.022260348      0.11982394      0.01041334      -1.5290263       1.4384302    2.100583e-09      0.28722524       103.70516      0.14272848       0.7127007      0.24580862      0.24714011       2.4680663       7.7350111       3.3186064       3.8675318        3.8675318       3.3186064                                3.3186064
             13       5.5291577     0.022259513      0.11980588     0.010413379      -1.5295624       1.4402448    2.100583e-09      0.28712179       103.71831      0.14270958      0.71280417      0.24580826      0.24713975       2.4682181       7.7351604       3.3232518       3.8675318        3.8675318       3.3232518                                3.3232518
             15       5.6448846     0.022246597      0.12006947     0.010413339      -1.5171131       1.1725194    2.100583e-09      0.26628969       107.86843      0.14296026      0.73364176      0.24580271      0.24713418       2.4705674       7.7012837       3.5547057       3.8675318        3.8675318       3.5547057                                3.5547057
              1       5.4835024     0.022274047      0.12010561     0.010412719      -1.5308523       1.3412076    2.100583e-09      0.27843675        105.4685      0.14302384      0.72149161      0.24581449        0.247146       2.4655786       7.7166048       3.2319411       3.8675318        3.8675318       3.2319411                                3.2319411
              1       6.6058895     0.022019064      0.12194754      0.01040777      -1.7283451      0.44728044    2.100583e-09      0.19701891       125.92262       0.1446108      0.80293095      0.24570331      0.24703441       2.5124985       7.7155859       5.4767154       3.8675318        3.8675318       5.4767154                                5.4767154
              2       6.6141021     0.022021434      0.12194791     0.010407789      -1.7349988      0.43921757    2.100583e-09      0.19567531       126.35305      0.14461354       0.8042749      0.24570435      0.24703546       2.5120562       7.7145316       5.4931406       3.8675318        3.8675318       5.4931406                                5.4931406
              4       7.8013101     0.021843537      0.12129326     0.010409141      -2.0400666       1.7028309    2.100583e-09      0.19207759        127.4838      0.14378098      0.80787325      0.24562634      0.24695717       2.5455823       7.7695857       7.8675566       3.8675318        3.8675318       7.8675566                                7.8675566
              2       7.9197964     0.021833689      0.12143484     0.010408924      -1.9811961        1.651458    2.100583e-09      0.20122079       124.58849      0.14391272      0.79872775      0.24562203      0.24695284        2.547458       7.7784357       8.1045292       3.8675318        3.8675318       8.1045292                                8.1045292
              4       5.4615953     0.021989033      0.12082682     0.010408749      -1.8174997       1.3844332    2.100583e-09      0.21576901       120.11488      0.14346004      0.78417564      0.24569011      0.24702116       2.5181124       7.7358692       3.1881271       3.8675318        3.8675318       3.1881271                                3.1881271
              4       5.3617547     0.021989817      0.12036421     0.010408734      -1.6547003       1.1147262    2.100583e-09      0.23256466       115.60525      0.14299822      0.76737549      0.24569045      0.24702151       2.5179655       7.7313552       2.9884458       3.8675318        3.8675318       2.9884458                                2.9884458
              5        4.548101     0.022085352      0.11959226     0.010409258       -1.567551       1.0094703    2.100583e-09      0.24126736       113.30726       0.1423218      0.75867025      0.24573248      0.24706369       2.5001739       7.7021582       1.3611385       3.8675318        3.8675318       1.3611385                                1.3611385
              7       4.5956167     0.022073268       0.1198145     0.010408721       -1.577559       1.0442498    2.100583e-09      0.24248181       113.07173      0.14253196      0.75745558      0.24572716      0.24705835       2.5024139       7.7097162       1.4561698       3.8675318        3.8675318       1.4561698                                1.4561698
              1       5.2937307     0.022000489      0.12035444     0.010407883      -1.8151749       1.5286602    2.100583e-09      0.22292656        118.0691      0.14299912      0.77701607      0.24569514      0.24702622       2.5159685       7.7383805       2.8523979       3.8675318        3.8675318       2.8523979                                2.8523979
              7       5.5393349     0.021996353      0.12117184      0.01040711      -1.4821812       0.9459336    2.100583e-09      0.26660756       108.11739      0.14381239      0.73332421      0.24569332      0.24702439       2.5167423       7.7560177       3.3436063       3.8675318        3.8675318       3.3436063                                3.3436063
              6       4.7636166     0.022058936       0.1201633     0.010408981      -1.7564966       1.2079341    2.100583e-09      0.21505814       120.14334      0.14286643      0.78488646      0.24572085      0.24705202       2.5050743       7.7048815       1.7921696       3.8675318        3.8675318       1.7921696                                1.7921696
              3       5.1432822     0.022290629      0.11785463     0.010413696      -1.4716857       1.3169041    2.100583e-09      0.28311051       104.16194      0.14078945      0.71681548      0.24582159      0.24715313       2.4625721       7.6944215       2.5515009       3.8675318        3.8675318       2.5515009                                2.5515009
              3       5.1945053     0.022290402      0.11789269      0.01041373      -1.5297216       1.4756991    2.100583e-09      0.27978076       104.58899      0.14082728      0.72014612       0.2458215      0.24715303       2.4626131       7.7099211       2.6539471       3.8675318        3.8675318       2.6539471                                2.6539471
              3       5.6689059     0.022389426      0.11702795     0.010411936      -1.5945182      0.93645043    2.100583e-09      0.21664396       118.89654      0.14006157      0.78329911      0.24586378      0.24719547       2.4447733       7.5835788       3.6027483       3.8675318        3.8675318       3.6027483                                3.6027483
              3       6.4593142     0.022360172      0.11659841     0.010411977       -1.656055      0.98395101    2.100583e-09      0.20486147       122.19024      0.13960277      0.79508453      0.24585129      0.24718293       2.4500233       7.5779616       5.1835648       3.8675318        3.8675318       5.1835648                                5.1835648
              3        7.935505     0.022480894       0.1156409     0.010413089      -1.4786107      0.95880604    2.100583e-09      0.23717511       113.31469      0.13876598      0.76276199      0.24590294      0.24723477       2.4284689       7.5637331       8.1359465       3.8675318        3.8675318       8.1359465                                8.1359465
              1       7.5792019     0.022509066       0.1188013     0.010407914     -0.20683466      -2.5004005    2.100583e-09      0.35541398       93.068653      0.14195456      0.64449388      0.24591502       0.2472469       2.4234803       7.5676126       7.4233403       3.8675318        3.8675318       7.4233403                                7.4233403
              2       7.0035515     0.022495598      0.11887344     0.010408371     0.011295781      -2.6574916    2.100583e-09      0.40458185       87.245885      0.14201323      0.59531331      0.24590924       0.2472411       2.4258632        7.581571       6.2720395       3.8675318        3.8675318       6.2720395                                6.2720395
             15       6.7294977     0.022456235      0.11957444     0.010409217     -0.19894737      -2.4352823    2.100583e-09      0.36589396       91.867359      0.14267487      0.63401166      0.24589237      0.24722416       2.4328482       7.5943226       5.7239319       3.8675318        3.8675318       5.7239319                                5.7239319
              1       7.4799168     0.022365245      0.11892614     0.010416171     -0.56250574     -0.82944675    2.100583e-09      0.37001267       91.286855      0.14193557      0.62989139      0.24585345       0.2471851       2.4491117       7.6397069       7.2247701       3.8675318        3.8675318       7.2247701                                7.2247701
              6       8.0193026     0.022551607        0.117584     0.010416045      -1.0619607       0.7114109    2.100583e-09      0.35054233       93.498043       0.1407798      0.64936603      0.24593326       0.2472652       2.4159757        7.658954       8.3035417       3.8675318        3.8675318       8.3035417                                8.3035417
              5       8.4096313     0.022550167      0.11757547       0.0104165      -1.0386757      0.71091605    2.100583e-09      0.35954951       92.317561      0.14076983      0.64035649      0.24593264      0.24726459       2.4162292       7.6684043       9.0841989       3.8675318        3.8675318       9.0841989                                9.0841989
              8       8.4828265     0.022520887        0.117658     0.010416522      -1.0622298        0.893805    2.100583e-09      0.37960663       89.817902      0.14082308      0.62029417      0.24592009      0.24725199       2.4213915       7.7121633       9.2305894       3.8675318        3.8675318       9.2305894                                9.2305894
              5       6.9577484     0.022555222       0.1174321      0.01041448      -1.4997139       1.3317981    2.100583e-09      0.27215348       106.05643      0.14063152       0.7277753      0.24593481      0.24726676       2.4153395       7.6234859       6.1804331       3.8675318        3.8675318       6.1804331                                6.1804331
              1       5.6186274     0.022434274      0.11823784     0.010408551      -1.5257938      0.94557594    2.100583e-09      0.23869713       113.48947      0.14131631      0.76124071      0.24588296      0.24721472       2.4367584       7.6037954       3.5021913       3.8675318        3.8675318       3.5021913                                3.5021913
              6       5.4599933     0.022420015      0.11832302     0.010408512      -1.4759635      0.84359599    2.100583e-09      0.24424009       112.21727      0.14138722      0.75569633      0.24587685      0.24720859       2.4393023       7.6076617       3.1849231       3.8675318        3.8675318       3.1849231                                3.1849231
              1       4.9873621     0.022364583      0.11832447     0.010408352      -1.3272814      0.64346626    2.100583e-09      0.26740191       107.27146      0.14133324      0.73252847      0.24585317      0.24718482       2.4492306       7.6273198       2.2396607       3.8675318        3.8675318       2.2396607                                2.2396607
             12       4.8624361     0.022283649      0.11830978     0.010410928      -2.0278441       1.2132883    2.100583e-09      0.15978066       138.81471      0.14123763       0.8401777      0.24581861      0.24715013       2.4638369       7.5976601       1.9898085       3.8675318        3.8675318       1.9898085                                1.9898085
              1        4.572793     0.022223062      0.11872379      0.01041124     -0.52665574      -1.7915088    2.100583e-09      0.31668187       98.696891      0.14159104      0.68323582      0.24579258      0.24712401       2.4748564       7.6289485       1.4105225       3.8675318        3.8675318       1.4105225                                1.4105225
              1       4.3969797     0.022221217      0.11889691       0.0104104     -0.59029865      -1.6445881    2.100583e-09      0.31085142       99.648681      0.14176232      0.68906788      0.24579178      0.24712321       2.4751931       7.6320493       1.0588958       3.8675318        3.8675318       1.0588958                                1.0588958
              2       5.8444408     0.022009851      0.12024481     0.010409853        -1.33479     -0.73241939    2.100583e-09      0.21116864       121.28602      0.14289886      0.78877697      0.24569926      0.24703035       2.5142187       7.6847348        3.953818       3.8675318        3.8675318        3.953818                                 3.953818
              5       6.0794151     0.021958585      0.12054941     0.010409917      -1.1580404     -0.34899992    2.100583e-09      0.26165523       109.03784      0.14315219       0.7382775      0.24567675      0.24700776       2.5238236        7.719395       4.4237666       3.8675318        3.8675318       4.4237666                                4.4237666
             10       6.0904523     0.021959451      0.12074814     0.010407154      -1.1538977     -0.54846238    2.100583e-09      0.25495885       110.49728      0.14335178      0.74497569      0.24567713      0.24700814        2.523661       7.7167098       4.4458411       3.8675318        3.8675318       4.4458411                                4.4458411
              2       4.9557405     0.022053121      0.12070711     0.010408169      -1.1141763     -0.26589159    2.100583e-09      0.27643669       106.06972      0.14340442      0.72349237       0.2457183      0.24704946        2.506155       7.7063547       2.1764175       3.8675318        3.8675318       2.1764175                                2.1764175
              9       5.5153299     0.022060243      0.11950934     0.010407806     -0.24441244      -2.8325892    2.100583e-09       0.3353053       96.110289      0.14221378      0.66460793      0.24572143       0.2470526       2.5048315       7.6713136       3.2955962       3.8675318        3.8675318       3.2955962                                3.2955962
              3       5.5662505     0.022059498      0.11946833     0.010407808     -0.24566576      -2.8464879    2.100583e-09      0.33405918       96.282906      0.14217201      0.66585435       0.2457211      0.24705227         2.50497       7.6704929       3.3974375       3.8675318        3.8675318       3.3974375                                3.3974375
              1       6.5119319     0.021915552      0.12078941     0.010409082     -0.54795104      -1.7002608    2.100583e-09      0.33140464       96.942961      0.14334915      0.66851028      0.24565789      0.24698883       2.5319294       7.7344768       5.2888003       3.8675318        3.8675318       5.2888003                                5.2888003
              5       7.9293988     0.022044545      0.11849227     0.010413119      0.16960986      -1.5465118    2.100583e-09      0.55728333       74.425006      0.14118101       0.4425714      0.24571452      0.24704567       2.5077501       7.7758224       8.1237341       3.8675318        3.8675318       8.1237341                                8.1237341
              6       8.3730901     0.021927035      0.11933109      0.01041249    -0.026945243      -1.8586426    2.100583e-09      0.45923453       82.144172      0.14190232      0.54064637      0.24566292      0.24699388       2.5297626       7.7481117       9.0111167       3.8675318        3.8675318       9.0111167                                9.0111167
              4       7.4442807     0.021940872      0.11937108     0.010411374      0.12032547      -2.3629456    2.100583e-09      0.46475197       81.656098      0.14195614      0.53512754      0.24566898      0.24699996       2.5271554       7.7350043       7.1534978       3.8675318        3.8675318       7.1534978                                7.1534978
              2       7.1399773     0.021934102      0.11946702     0.010410363     0.061016682      -2.1754154    2.100583e-09      0.46224896       81.892642      0.14204532      0.53763128      0.24566602      0.24699698       2.5284305       7.7408837        6.544891       3.8675318        3.8675318        6.544891                                 6.544891
              3       7.3653068     0.021932253        0.119185     0.010409304     -0.26679726      -1.3472526    2.100583e-09      0.42575641       85.289388      0.14176145      0.57413306      0.24566521      0.24699617       2.5287789       7.7453139         6.99555       3.8675318        3.8675318         6.99555                                  6.99555
             16       6.8082573     0.021961621      0.11912757     0.010409516     -0.34844598      -1.2624286    2.100583e-09      0.40630243       87.288234      0.14173338      0.59359207      0.24567808      0.24700909       2.5232533       7.7323007        5.881451       3.8675318        3.8675318        5.881451                                 5.881451
              1       4.2967414     0.022204334      0.11938908     0.010410174     0.032291688       -1.672869    2.100583e-09      0.49650371       78.919418       0.1422376      0.50336783      0.24578448      0.24711588       2.4782773       7.7084503      0.85841922       3.8675318        3.8675318      0.85841922                               0.85841922
              3       4.0581057     0.022261843      0.11886756     0.010411307     -0.96937981     0.079626289    2.100583e-09      0.32485921       97.455601      0.14177359      0.67505646      0.24580926      0.24714075       2.4677947       7.6704594      0.38114789       3.8675318        3.8675318      0.38114789                               0.38114789
              1       4.3995519     0.022332627       0.1186279     0.010411953     -0.86917781     -0.21979714    2.100583e-09      0.32789313       96.935808      0.14160472      0.67202166      0.24583953      0.24717114       2.4549821       7.6415683       1.0640402       3.8675318        3.8675318       1.0640402                                1.0640402
              1       4.5243949     0.022349765      0.11820076     0.010412052     -0.83435527     -0.24576949    2.100583e-09      0.33348197        96.04248      0.14119471      0.66643111      0.24584685      0.24717848        2.451895       7.6345445       1.3137263       3.8675318        3.8675318       1.3137263                                1.3137263
              5       4.4274432     0.022351442      0.11822403     0.010411761     -0.79552791     -0.11054252    2.100583e-09      0.35762788       92.746723      0.14121966      0.64227892      0.24584756      0.24717919       2.4515933       7.6555961       1.1198229       3.8675318        3.8675318       1.1198229                                1.1198229
              1       4.8676372     0.022365543      0.11738322     0.010411547      -1.1908898      0.83539103    2.100583e-09      0.32003071       97.893133      0.14039295       0.6798854      0.24585358      0.24718523        2.449058       7.6739144       2.0002109       3.8675318        3.8675318       2.0002109                                2.0002109
              1       4.3341067     0.022239794      0.11888182     0.010408566      -1.9035686        1.674414    2.100583e-09      0.20490217       122.72002      0.14176581      0.79504464      0.24579979      0.24713125       2.4718059       7.6590441      0.93314973       3.8675318        3.8675318      0.93314973                               0.93314973
             11       4.5695057     0.022262444      0.11875925     0.010408142      -1.8526119       1.5384238    2.100583e-09      0.20675557       122.13503      0.14166589      0.79319072      0.24580952      0.24714101       2.4676855       7.6479423       1.4039478       3.8675318        3.8675318       1.4039478                                1.4039478
              6       4.1806122     0.022304852      0.11872964     0.010409811      -1.9081691       1.7925597    2.100583e-09      0.21035428       121.02211      0.14167868      0.78959108      0.24582767      0.24715923       2.4599977        7.654996      0.62616073       3.8675318        3.8675318      0.62616073                               0.62616073
              1       4.1550636      0.02229954      0.11872879      0.01040983      -1.8963538       1.7783697    2.100583e-09      0.21209447       120.52784      0.14167252      0.78785044       0.2458254      0.24715695       2.4609588       7.6570787       0.5750637       3.8675318        3.8675318       0.5750637                                0.5750637
              3       4.4873634      0.02235136      0.11858616      0.01041205      -1.6009509       1.5947243    2.100583e-09      0.26778548       106.70997      0.14158171      0.73214491      0.24584753      0.24717916       2.4516081       7.7111238       1.2396633       3.8675318        3.8675318       1.2396633                                1.2396633
              1       4.3991896     0.022304765      0.11848154     0.010411982      -1.3825662        1.274036    2.100583e-09      0.31194041        99.26891       0.1414305      0.68797842      0.24582764       0.2471592       2.4600134       7.7248763       1.0633157       3.8675318        3.8675318       1.0633157                                1.0633157
              1       4.1212102     0.022282711      0.11929361     0.010411173       -1.021513      0.34683539    2.100583e-09      0.33506665       96.021834      0.14222051      0.66484665       0.2458182      0.24714973       2.4640071       7.6917673      0.50735678       3.8675318        3.8675318      0.50735678                               0.50735678
              1       4.1427494     0.022284519      0.11929172      0.01041123       -1.002264      0.33413533    2.100583e-09      0.33998753       95.323395      0.14222043      0.65992449      0.24581898      0.24715051       2.4636792       7.6943837      0.55043523       3.8675318        3.8675318      0.55043523                               0.55043523
              4       4.1304138     0.022272659      0.11933033      0.01041127     -0.96766617      0.22188638    2.100583e-09      0.34052409       95.259167      0.14224718      0.65938781       0.2458139      0.24714541       2.4658305       7.6913371       0.5257641       3.8675318        3.8675318       0.5257641                                0.5257641
              1       5.1520334     0.022249368      0.11969141     0.010411592      -1.2347159       1.2066537    2.100583e-09       0.3587779        92.28158      0.14258497       0.6411295      0.24580391      0.24713538       2.4700631       7.8162116       2.5690032       3.8675318        3.8675318       2.5690032                                2.5690032
             12       5.7818633     0.022372258      0.11910306     0.010413336      -1.2795374       1.1969238    2.100583e-09      0.34228371       94.747611      0.14211951      0.65762766      0.24585645      0.24718811       2.4478521       7.7459568       3.8286631       3.8675318        3.8675318       3.8286631                                3.8286631
              1        7.467806     0.022414683      0.11869931     0.010415837      -1.7249448       1.0900843    2.100583e-09      0.20498798       122.57318      0.14175818       0.7949588      0.24587457       0.2472063       2.4402547       7.5988042       7.2005485       3.8675318        3.8675318       7.2005485                                7.2005485
              2       7.0809794     0.022398444      0.11878376     0.010415313      -1.7534537       0.9592677    2.100583e-09      0.19420897       125.95549      0.14182639      0.80574063      0.24586763      0.24719933       2.4431584       7.5933286       6.4268953       3.8675318        3.8675318       6.4268953                                6.4268953
              1       6.8003105      0.02241646      0.11890849     0.010414658      -1.9467731       1.4480509    2.100583e-09      0.18244577       129.97085      0.14196914      0.81750693      0.24587533      0.24720706       2.4399373       7.5968143       5.8655574       3.8675318        3.8675318       5.8655574                                5.8655574
              1        6.682456     0.022278806      0.12040232     0.010413368      -1.7923704       1.0783488    2.100583e-09      0.20081386       124.27024      0.14332532      0.79913458      0.24581653      0.24714805       2.4647151        7.648162       5.6298485       3.8675318        3.8675318       5.6298485                                5.6298485
              4       6.5885192     0.022380193      0.12010985     0.010412632      -1.1233041     0.062902181    2.100583e-09      0.28735149       103.79164      0.14313424      0.71257463      0.24585983      0.24719151       2.4464285       7.6390533       5.4419747       3.8675318        3.8675318       5.4419747                                5.4419747
              3       7.0018217     0.022161101      0.12160325     0.010411482      -1.2000021     -0.21482061    2.100583e-09      0.26341144       108.77672      0.14440854      0.73652143      0.24576568      0.24709702       2.4862008        7.692199       6.2685798       3.8675318        3.8675318       6.2685798                                6.2685798
              2       5.4832817     0.022122578      0.12055073     0.010412173      -1.2995378      0.38896286    2.100583e-09      0.26896757        107.4733       0.1433175      0.73096336      0.24574883       0.2470801       2.4932925       7.7023222       3.2314997       3.8675318        3.8675318       3.2314997                                3.2314997
              1       5.6686632     0.022156363      0.12023726     0.010412765      -1.3860456      0.18824455    2.100583e-09      0.23718179        114.3717      0.14303782      0.76275719      0.24576362      0.24709494       2.4870714        7.670899       3.6022628       3.8675318        3.8675318       3.6022628                                3.6022628
              9       5.6344107     0.022154309      0.12023667     0.010412697      -1.3691286      0.13850112    2.100583e-09      0.23822973       114.12072      0.14303517      0.76170897      0.24576272      0.24709404       2.4874491        7.670834       3.5337579       3.8675318        3.8675318       3.5337579                                3.5337579
              8       7.4098204     0.022130087      0.12158498     0.010412087       -1.893346       1.0114603    2.100583e-09      0.18742325       128.96845      0.14435926      0.81252897      0.24575212       0.2470834       2.4919078       7.6900696       7.0845772       3.8675318        3.8675318       7.0845772                                7.0845772
              1        7.317484      0.02218046      0.12160017     0.010411608      -1.8277093      0.99255409    2.100583e-09       0.1974423       125.63089      0.14442482      0.80250739      0.24577412      0.24710548       2.4826483       7.6829693       6.8999045       3.8675318        3.8675318       6.8999045                                6.8999045
              1       7.7525233     0.022189299      0.12164189     0.010412112      -1.7253004      0.83382499    2.100583e-09      0.20877685       122.17716      0.14447538      0.79116997      0.24577796      0.24710934       2.4810287        7.683849        7.769983       3.8675318        3.8675318        7.769983                                 7.769983
              1       6.3275958     0.022444834      0.11830021     0.010413934      -1.0628905     -0.67009275    2.100583e-09      0.25023139       110.85032      0.14138924      0.74970348      0.24588748      0.24721926       2.4348769       7.5695849       4.9201281       3.8675318        3.8675318       4.9201281                                4.9201281
              1       7.8079763     0.022520277      0.11787137     0.010415146       -1.479245       0.1291259    2.100583e-09       0.2031972       122.88365      0.14103583      0.79674977      0.24591983      0.24725172       2.4214992       7.5420254        7.880889       3.8675318        3.8675318        7.880889                                 7.880889
              6       8.2491928      0.02252455      0.11805795     0.010415017      -1.5340062     -0.32096769    2.100583e-09      0.17946466       130.79667      0.14122669      0.82048857      0.24592166      0.24725356       2.4207448       7.5312435       8.7633219       3.8675318        3.8675318       8.7633219                                8.7633219
              3       7.4516831     0.022452992      0.11853752      0.01041467      -1.5945039     -0.22237274    2.100583e-09      0.17622069       132.14262       0.1416347      0.82373352      0.24589098      0.24722277       2.4334251       7.5542324       7.1683026       3.8675318        3.8675318       7.1683026                                7.1683026
              4        7.480459     0.022455063      0.11848184     0.010414894      -1.5903271    -0.041080018    2.100583e-09      0.18215914        129.9573       0.1415811      0.81779351      0.24589186      0.24722366       2.4330566       7.5562332       7.2258545       3.8675318        3.8675318       7.2258545                                7.2258545
              2       5.4048047     0.022386482      0.11873379     0.010412791      -1.0496626     -0.60343712    2.100583e-09      0.25915987       109.03129      0.14176446      0.74077285      0.24586252       0.2471942       2.4453008       7.5924268       3.0745459       3.8675318        3.8675318       3.0745459                                3.0745459
              3       6.3876837     0.022521464      0.11851097     0.010411464      -1.3732323      0.65486534    2.100583e-09      0.25597845       109.60489      0.14167663      0.74395505      0.24592034      0.24725223       2.4212896       7.5896487       5.0403038       3.8675318        3.8675318       5.0403038                                5.0403038
              1       7.1080775     0.022573905      0.11809755     0.010412198     -0.60445495     -0.41253157    2.100583e-09      0.38974482       88.744138      0.14131565      0.61015368      0.24594281      0.24727479       2.4120558        7.611871       6.4810914       3.8675318        3.8675318       6.4810914                                6.4810914
              2       7.9403878     0.022625313      0.11669561     0.010411342     -0.72174992     -0.25859807    2.100583e-09      0.35772573       92.385528      0.13996511      0.64218021       0.2459648      0.24729685       2.4030534       7.5713611       8.1457121       3.8675318        3.8675318       8.1457121                                8.1457121
             11       7.2574467     0.022521676      0.11760491     0.010408593     -0.62116456      -1.3768358    2.100583e-09       0.3099957         99.4424      0.14077078      0.68992326      0.24592043      0.24725233       2.4212521       7.5495416       6.7798299       3.8675318        3.8675318       6.7798299                                6.7798299
              4       7.2725562     0.022521586      0.11752253     0.010408769     -0.68460257      -1.3662323    2.100583e-09      0.29483695        101.9522       0.1406883      0.70508592      0.24592039      0.24725229        2.421268       7.5440023       6.8100488       3.8675318        3.8675318       6.8100488                                6.8100488
              6       7.3898321     0.022529365      0.11744651      0.01040883     -0.67287517      -1.3768354    2.100583e-09      0.29652511       101.64498      0.14062007      0.70339728      0.24592373      0.24725563       2.4198951       7.5415457       7.0446007       3.8675318        3.8675318       7.0446007                                7.0446007
              2       6.9446645     0.022498066      0.11674779     0.010411268     -0.79900312      -1.3059679    2.100583e-09      0.26738437       106.92316      0.13989005      0.73254529       0.2459103      0.24724216       2.4254263       7.5309104       6.1542655       3.8675318        3.8675318       6.1542655                                6.1542655
              1       5.1663183     0.022377263      0.11764416     0.010410755      -1.1045566     -0.30541756    2.100583e-09      0.25765967       109.14606      0.14066562      0.74227292      0.24585858      0.24719025        2.446954       7.5825322       2.5975731       3.8675318        3.8675318       2.5975731                                2.5975731
              2       5.3481848     0.022423538      0.11746799     0.010411388      -1.1288889    -0.039269153    2.100583e-09      0.26588562       107.39143      0.14053571      0.73404476      0.24587836       0.2472101       2.4386734       7.5799149       2.9613061       3.8675318        3.8675318       2.9613061                                2.9613061
              1        5.479772     0.022223678       0.1177261     0.010411367      -1.3473761      0.13901128    2.100583e-09       0.2301795       115.56582      0.14059397      0.76976024      0.24579284      0.24712428       2.4747441       7.6151291       3.2244803       3.8675318        3.8675318       3.2244803                                3.2244803
              1        5.271948     0.022140564      0.11861465     0.010412216     -0.51452084     -0.34880758    2.100583e-09      0.43506757       84.217154       0.1413994      0.56481919      0.24575671      0.24708801       2.4899777       7.7477511       2.8088325       3.8675318        3.8675318       2.8088325                                2.8088325
              3       5.7720643     0.022152226      0.11885387     0.010413858     -0.65399062     -0.25253868    2.100583e-09      0.39532354       88.381488      0.14165028      0.60457375      0.24576181      0.24709313        2.487832       7.7253072       3.8090649       3.8675318        3.8675318       3.8090649                                3.8090649
              2       5.2963154     0.022173114      0.11867717     0.010413351     -0.75256363    -0.049097188    2.100583e-09       0.3814534       89.938892      0.14149448      0.61844739      0.24577092      0.24710227       2.4839953       7.7209049       2.8575672       3.8675318        3.8675318       2.8575672                                2.8575672
              1       5.5329103      0.02216752      0.11841205     0.010413375     -0.70113134     -0.26397397    2.100583e-09      0.37555119       90.603429      0.14122376      0.62435095      0.24576848      0.24709983        2.485022       7.7024726       3.3307571       3.8675318        3.8675318       3.3307571                                3.3307571
              5       5.4146717     0.022230896       0.1181951      0.01041364     -0.45521967     -0.75005377    2.100583e-09      0.40933635       86.728931      0.14107019      0.59055687      0.24579596       0.2471274       2.4734276       7.6827093       3.0942797       3.8675318        3.8675318       3.0942797                                3.0942797
              1        5.361142     0.022228811      0.11822442     0.010413556     -0.45233257     -0.77930442    2.100583e-09      0.40765986       86.912236      0.14109742      0.59223381      0.24579506       0.2471265       2.4738076       7.6811554       2.9872204       3.8675318        3.8675318       2.9872204                                2.9872204
              1       4.6773564     0.022186375      0.11828746     0.010410393     -0.70125005     -0.49154116    2.100583e-09      0.35502406       93.158653      0.14111802      0.64488335      0.24577669      0.24710806       2.4815643       7.6730622       1.6196492       3.8675318        3.8675318       1.6196492                                1.6196492
              8        4.578541     0.022082162      0.11967414     0.010409323     -0.38049076     -0.96376984    2.100583e-09      0.42501777       85.382768      0.14240049      0.57487238      0.24573107      0.24706228        2.500765       7.7314555       1.4220185       3.8675318        3.8675318       1.4220185                                1.4220185
              5       5.2098664     0.022264477      0.11806989     0.010413053     -0.37379243     -0.56059896    2.100583e-09      0.45985966        81.79723      0.14097855      0.54002029      0.24581039      0.24714189        2.467316       7.7196298       2.6846693       3.8675318        3.8675318       2.6846693                                2.6846693
              5       5.1488822     0.022275973      0.11787778     0.010412774     -0.40338817     -0.54525659    2.100583e-09      0.44904761        82.74453      0.14079794      0.55083502      0.24581532      0.24714683       2.4652289       7.7077079       2.5627009       3.8675318        3.8675318       2.5627009                                2.5627009
              9       4.9467227     0.022296087      0.11779884     0.010412271     -0.42310921     -0.59194064    2.100583e-09      0.43553497       83.999948      0.14073912      0.56435114      0.24582393      0.24715547       2.4615837       7.6890917       2.1583819       3.8675318        3.8675318       2.1583819                                2.1583819
              1       4.8269331     0.022303488      0.11837267     0.010413201     -0.94923441     -0.14398233    2.100583e-09      0.30955516       99.733503      0.14132035      0.69036423      0.24582709      0.24715865       2.4602444       7.6378933       1.9188026       3.8675318        3.8675318       1.9188026                                1.9188026
              1       4.6855026     0.022358039      0.11821327     0.010412933      -1.1362709      0.72617535    2.100583e-09       0.3302027       96.516544      0.14121551      0.66971125      0.24585038      0.24718202       2.4504067       7.6860323       1.6359416       3.8675318        3.8675318       1.6359416                                1.6359416
              2       4.3582389     0.022333719      0.11839306     0.010412199      -1.0849974       0.5039047    2.100583e-09      0.32468014       97.374385      0.14137097      0.67523534         0.24584       0.2471716       2.4547853       7.6726645      0.98141424       3.8675318        3.8675318      0.98141424                               0.98141424
              1        4.135967     0.022312023       0.1186426     0.010411593      -1.3936162       1.0917061    2.100583e-09      0.28798951       103.44236      0.14159881      0.71193564      0.24583074      0.24716231       2.4587014        7.685465      0.53687045       3.8675318        3.8675318      0.53687045                               0.53687045
              2        4.445639     0.022226798      0.11894558     0.010411677      -1.3385961       1.2490191    2.100583e-09      0.32733686       96.960451      0.14181657      0.67257819      0.24579419      0.24712563       2.4741749       7.7620812       1.1562145       3.8675318        3.8675318       1.1562145                                1.1562145
              2       4.5436534     0.022323349      0.11897312      0.01041191     -0.63236572      -0.1155024    2.100583e-09      0.41931624       85.773693      0.14194066      0.58057504      0.24583557      0.24716716       2.4566558       7.7158445       1.3522431       3.8675318        3.8675318       1.3522431                                1.3522431
              1       4.7726697     0.022161108      0.12081639     0.010409577     -0.69937903     -0.37827586    2.100583e-09      0.38035557       90.402925      0.14362169      0.61954697      0.24576569      0.24709702       2.4861995       7.7287514       1.8102759       3.8675318        3.8675318       1.8102759                                1.8102759
              9       4.8117592     0.022071501      0.12005455     0.010408091     -0.35976637      -2.0179026    2.100583e-09      0.35508911       93.477296      0.14277025      0.64481936      0.24572638      0.24705757       2.5027415       7.6894449       1.8884548       3.8675318        3.8675318       1.8884548                                1.8884548
              1       4.9323077     0.022057031      0.12003524      0.01040835     -0.36747045      -2.1042666    2.100583e-09      0.34793182       94.436363      0.14273646      0.65197847      0.24572002      0.24705118       2.5054282       7.6897537       2.1295519       3.8675318        3.8675318       2.1295519                                2.1295519
              4       4.6826528     0.022091532      0.11969446     0.010408768     -0.26196146      -2.2371267    2.100583e-09      0.36467912       92.175764      0.14243018      0.63522666      0.24573519      0.24706642       2.4990295       7.6792662       1.6302421       3.8675318        3.8675318       1.6302421                                1.6302421
             14       4.6595696       0.0220972      0.11971948     0.010408958     -0.23166134      -2.4041762    2.100583e-09      0.36257387       92.444796      0.14246087      0.63733246      0.24573769      0.24706892       2.4979808       7.6760187       1.5840756       3.8675318        3.8675318       1.5840756                                1.5840756
              6       5.3993399     0.022058355      0.12025252     0.010407527      -1.2809277       1.2006785    2.100583e-09      0.35159842       93.786958      0.14295507      0.64831106       0.2457206      0.24705177       2.5051822       7.8314073       3.0636162       3.8675318        3.8675318       3.0636162                                3.0636162
             11       4.5451575      0.02217392       0.1185176     0.010409463      -1.6678642       1.3479667    2.100583e-09      0.23496231       114.56278      0.14133571      0.76497651      0.24577127      0.24710263       2.4838476        7.680184       1.3552514       3.8675318        3.8675318       1.3552514                                1.3552514
              2       6.1261637     0.022323985      0.12007367     0.010407981      -1.6398403     -0.26203039    2.100583e-09       0.1777871       131.97491      0.14304185      0.82216716      0.24583585      0.24716743        2.456541       7.6058569       4.5172638       3.8675318        3.8675318       4.5172638                                4.5172638
             19       6.2402457     0.022334784      0.12018074      0.01040801       -1.705272      0.15601788    2.100583e-09      0.18122891       130.73377      0.14315972       0.8187245      0.24584045      0.24717206       2.4545932       7.6092276       4.7454279       3.8675318        3.8675318       4.7454279                                4.7454279
              6       6.1286511     0.022212892      0.12074146     0.010408009      -1.4642633      -1.6576891    2.100583e-09      0.16921539       135.49099      0.14359855      0.83074124      0.24578819       0.2471196       2.4767132       7.6338177       4.5222387       3.8675318        3.8675318       4.5222387                                4.5222387
              9       6.0725166     0.022193242      0.12109132     0.010408661      -1.4761154     -0.74995119    2.100583e-09      0.19231942       127.17753      0.14392876       0.8076314      0.24577967      0.24711106       2.4803067       7.6520312       4.4099697       3.8675318        3.8675318       4.4099697                                4.4099697
              5       7.0891189     0.022222763      0.12130069     0.010408809      -1.3628617      -2.3375296    2.100583e-09      0.16899913       135.70017      0.14416764      0.83095773      0.24579245      0.24712388        2.474911       7.6391197       6.4431741       3.8675318        3.8675318       6.4431741                                6.4431741
              4       7.2110044       0.0222481      0.12120254     0.010408272      -1.2516336      -2.6022846    2.100583e-09      0.17629724         132.826      0.14409483      0.82365773      0.24580336      0.24713483       2.4702938        7.632052       6.6869452       3.8675318        3.8675318       6.6869452                                6.6869452
             10        7.203041     0.022247551       0.1212026     0.010408283      -1.2518571      -2.5994789    2.100583e-09      0.17633109       132.81356      0.14409435      0.82362387      0.24580312      0.24713459       2.4703937       7.6321902       6.6710184       3.8675318        3.8675318       6.6710184                                6.6710184
              7       5.8710807     0.022338885      0.11931558     0.010409975      -1.1486095      -2.9053065    2.100583e-09      0.17242738       133.82887      0.14229865      0.82752802       0.2458422      0.24717382       2.4538541        7.579288       4.0070979       3.8675318        3.8675318       4.0070979                                4.0070979
              2       6.6854864     0.022456225      0.11774144     0.010411832      -1.5398994      -1.3416805    2.100583e-09      0.15197231       142.09687      0.14084186      0.84798798      0.24589236      0.24722416         2.43285       7.5287463       5.6359093       3.8675318        3.8675318       5.6359093                                5.6359093
              3       9.0987034     0.022551462      0.11633493     0.010411023      -1.3338615      -2.3553094    2.100583e-09      0.14792989       143.61641      0.13953058      0.85203109       0.2459332      0.24726514       2.4160013       7.4806553       10.462343       3.8675318        3.8675318       10.462343                                10.462343
              1       9.7942834     0.022617697      0.11677171     0.010410452      -1.2912492      -2.7237893    2.100583e-09       0.1469748       144.15468      0.14003359      0.85298658      0.24596154      0.24729359       2.4043839       7.4723356       11.853503       3.8675318        3.8675318       11.853503                                11.853503
              4       9.9263707     0.022622499      0.11672314     0.010410452      -1.3490585       -2.643045    2.100583e-09      0.14211481       146.58354      0.13998983      0.85784783       0.2459636      0.24729565       2.4035448       7.4699073       12.117678       3.8675318        3.8675318       12.117678                                12.117678
              1       9.4589426     0.022601644      0.11718881     0.010414776      -1.1819838       -2.211982    2.100583e-09      0.17199911       133.36198      0.14043464      0.82795581      0.24595468      0.24728671       2.4071921        7.489035       11.182822       3.8675318        3.8675318       11.182822                                11.182822
              5       8.3088026     0.022459507      0.11680392     0.010414839      -1.5424803      -1.6167637    2.100583e-09       0.1413716       147.08514      0.13990762      0.85859121      0.24589377      0.24722557       2.4322665       7.5101262       8.8825417       3.8675318        3.8675318       8.8825417                                8.8825417
              5       8.4322738     0.022473421      0.11670042     0.010414773      -1.5502452      -1.5901995    2.100583e-09      0.14060748       147.44916      0.13981803      0.85935551      0.24589973      0.24723155       2.4297948       7.5052885        9.129484       3.8675318        3.8675318        9.129484                                 9.129484
              3       9.3669445     0.022387035      0.11596665     0.010414672      -1.6611751     -0.68017048    2.100583e-09      0.14510246       145.00982      0.13899787      0.85485912      0.24586275      0.24719444       2.4452019       7.5166467       10.998825       3.8675318        3.8675318       10.998825                                10.998825
              2        8.538897     0.022310414      0.11670806     0.010415287       -1.221561      -1.1820156    2.100583e-09      0.19427669       125.52394      0.13966266      0.80567212      0.24583005      0.24716162       2.4589922        7.554525       9.3427305       3.8675318        3.8675318       9.3427305                                9.3427305
              2       7.3499696     0.022343317      0.11689724     0.010414239      -1.0809539      -1.3475241    2.100583e-09       0.2124664       120.05466      0.13988475      0.78747771       0.2458441      0.24717571       2.4530558        7.553214       6.9648757       3.8675318        3.8675318       6.9648757                                6.9648757
              1       8.0024097      0.02242094      0.11667236     0.010415854      -1.0334614     -0.77044433    2.100583e-09      0.24276665       112.23349       0.1397375      0.75716941      0.24587725      0.24720899       2.4391371       7.5470345       8.2697558       3.8675318        3.8675318       8.2697558                                8.2697558
              6       7.7558452     0.022425922      0.11700473     0.010415612      -1.4341149     -0.25865191    2.100583e-09      0.19250787       126.10646      0.14007485      0.80744155      0.24587938      0.24721113        2.438248       7.5409885       7.7766268       3.8675318        3.8675318       7.7766268                                7.7766268
              2       7.9992333      0.02241003      0.11709624     0.010415965      -1.2007107     -0.90470839    2.100583e-09      0.20832504       121.25182      0.14015046      0.79162025      0.24587258       0.2472043       2.4410862       7.5444542       8.2634031       3.8675318        3.8675318       8.2634031                                8.2634031
              1       6.1157166     0.022173484       0.1192844     0.010413747      -1.3012002     -0.57438686    2.100583e-09       0.2157347       119.71862      0.14210208      0.78420943      0.24577108      0.24710244       2.4839276        7.635714       4.4963696       3.8675318        3.8675318       4.4963696                                4.4963696
              3       7.1053165     0.022120793      0.11926054     0.010414033      -1.7270759     -0.32776726    2.100583e-09      0.16035134       138.88679      0.14202553      0.83960711      0.24574804      0.24707931       2.4936219       7.6350365       6.4755694       3.8675318        3.8675318       6.4755694                                6.4755694
              1       8.3244616     0.021954473       0.1199824     0.010412405      -1.7424926      -1.1391827    2.100583e-09      0.14498035       146.34408      0.14258107      0.85498223      0.24567494      0.24700595       2.5245965       7.6783756       8.9138597       3.8675318        3.8675318       8.9138597                                8.9138597
              4        10.59655     0.021969815      0.11888899     0.010414636      -1.5103617      -1.5220584    2.100583e-09      0.15786096        139.9748      0.14150299      0.84209798      0.24568167       0.2470127        2.521715       7.6579786       13.458037       3.8675318        3.8675318       13.458037                                13.458037
              1       10.509953     0.021967463      0.11894504     0.010414552      -1.4904848      -1.5790066    2.100583e-09      0.15923696       139.38362      0.14155669      0.84072164      0.24568064      0.24701166       2.5221564       7.6595028       13.284843       3.8675318        3.8675318       13.284843                                13.284843
              1       9.6063309     0.022027078      0.11882488     0.010414735       -1.597007      -1.5260919    2.100583e-09      0.14739436       144.80952      0.14149615      0.85256731      0.24570683      0.24703795       2.5110035       7.6419725       11.477598       3.8675318        3.8675318       11.477598                                11.477598
              1       9.2233069     0.022096854      0.11995038     0.010416433      -1.1520996    -0.023068769    2.100583e-09      0.27462479       106.26316      0.14269142      0.72530438      0.24573753      0.24706876       2.4980446       7.6926271        10.71155       3.8675318        3.8675318        10.71155                                 10.71155
              1       5.0944823     0.022180178      0.11896579     0.010413381      -1.0602894      0.41810792    2.100583e-09      0.32772645        97.07699      0.14179016      0.67218849        0.245774      0.24710536          2.4827       7.7101791       2.4539009       3.8675318        3.8675318       2.4539009                                2.4539009
              3       4.8452413     0.022174648      0.11907153      0.01041277     -0.90455623     -0.14051609    2.100583e-09      0.32706049       97.195635      0.14189037      0.67285468      0.24577159      0.24710294       2.4837141       7.6848555        1.955419       3.8675318        3.8675318        1.955419                                 1.955419
             10       4.7885801     0.022293051      0.11791303     0.010412708     -0.90449933    -0.017080345    2.100583e-09      0.33023058       96.488039      0.14085028      0.66968313      0.24582263      0.24715417       2.4621334       7.6515633       1.8420967       3.8675318        3.8675318       1.8420967                                1.8420967
              3       5.0051602     0.022281569       0.1176379     0.010412678      -1.0003988      0.30811004    2.100583e-09      0.32868865       96.672277      0.14056366      0.67122529      0.24581772      0.24714924        2.464214       7.6670957       2.2752569       3.8675318        3.8675318       2.2752569                                2.2752569
              2       4.5776763     0.022247662      0.11803726      0.01041171      -1.3127575      0.70872681    2.100583e-09      0.27431179       105.90911      0.14092911      0.72561657      0.24580317      0.24713464       2.4703734        7.658836       1.4202889       3.8675318        3.8675318       1.4202889                                1.4202889
              3        4.650794     0.022062507      0.12000959     0.010408674     -0.43714837     -0.88700289    2.100583e-09      0.41556342       86.405005      0.14271629      0.58432942      0.24572243       0.2470536        2.504411        7.738094       1.5665245       3.8675318        3.8675318       1.5665245                                1.5665245
              1       4.6224222     0.022068046      0.12014492     0.010408662      -0.4559483     -0.74319593    2.100583e-09      0.42371182       85.587937      0.14285716      0.57617903      0.24572486      0.24705605       2.5033828       7.7490218       1.5097809       3.8675318        3.8675318       1.5097809                                1.5097809
             11       6.2871493     0.021970194       0.1207232     0.010409037       0.0629159      -1.3379168    2.100583e-09      0.55478154       74.901088      0.14333759      0.44507602      0.24568184      0.24701287       2.5216437       7.8265564        4.839235       3.8675318        3.8675318        4.839235                                 4.839235
              3       4.6847063      0.02226772      0.11857538     0.010413066      -1.4358227       1.2983587    2.100583e-09      0.29679961       101.85112      0.14148729      0.70312319      0.24581178      0.24714328       2.4667271       7.7191088        1.634349       3.8675318        3.8675318        1.634349                                 1.634349
             13       5.2510917     0.022161385      0.11856495     0.010412353       -2.161762       1.9714544    2.100583e-09      0.16970796       134.81394      0.14137052      0.83024786      0.24576581      0.24709714       2.4861486       7.6555571       2.7671198       3.8675318        3.8675318       2.7671198                                2.7671198
              7       5.6331501     0.022121237      0.11845463     0.010411993      -2.1010655        1.879522    2.100583e-09      0.17567523       132.50301      0.14122006      0.82427899      0.24574824      0.24707951       2.4935399       7.6645684       3.5312366       3.8675318        3.8675318       3.5312366                                3.5312366
              5       5.4524753     0.022200835      0.11897164     0.010412502      -1.8145688      0.26877404    2.100583e-09      0.16348897       137.43445      0.14181666      0.83646861      0.24578297      0.24711436       2.4789173       7.6168397        3.169887       3.8675318        3.8675318        3.169887                                 3.169887
              4       5.4260001     0.022377172       0.1188596     0.010410314      -1.3403146     -0.78470599    2.100583e-09      0.19976798       124.21742      0.14188096       0.8001802      0.24585854      0.24719021       2.4469703       7.5770789       3.1169367       3.8675318        3.8675318       3.1169367                                3.1169367
              4       5.5564703     0.022375831      0.11870866     0.010409974      -1.6465634     -0.34895551    2.100583e-09      0.16769128       135.54381      0.14172869      0.83226517      0.24585797      0.24718964       2.4472109       7.5699123        3.377877       3.8675318        3.8675318        3.377877                                 3.377877
              3       5.5307445     0.022155433      0.11906524     0.010406825      -1.3323487     -0.20435903    2.100583e-09      0.22576725       116.99293      0.14186486      0.77417418      0.24576321      0.24709453       2.4872423       7.6418237       3.3264254       3.8675318        3.8675318       3.3264254                                3.3264254
              2       5.6017135     0.022114349      0.11951826     0.010406937      -1.3619355     -0.62926639    2.100583e-09      0.20695367        122.3106      0.14227681       0.7929928      0.24574522      0.24707648       2.4948111       7.6485502       3.4683634       3.8675318        3.8675318       3.4683634                                3.4683634
              2       5.3418847     0.022137175      0.11959916     0.010407098      -1.2758857     -0.76098911    2.100583e-09      0.21687327       119.48607      0.14238052      0.78307067      0.24575522      0.24708652       2.4906019       7.6461161       2.9487059       3.8675318        3.8675318       2.9487059                                2.9487059
             11        5.632403     0.022343095       0.1185536     0.010409369     -0.89185978      -2.5540958    2.100583e-09      0.21338841       120.14089      0.14154089      0.78655611        0.245844      0.24717562       2.4530958       7.5729627       3.5297424       3.8675318        3.8675318       3.5297424                                3.5297424
              6       5.4525009     0.022293117      0.11881216     0.010408501     -0.76274669      -2.6192681    2.100583e-09      0.23422301       114.74745      0.14174947      0.76571618      0.24582266       0.2471542       2.4621215       7.5913093       3.1699382       3.8675318        3.8675318       3.1699382                                3.1699382
              2       5.4881892     0.022289355      0.11886455     0.010408383     -0.77750124      -2.6523369    2.100583e-09      0.23097672        115.5632      0.14179809      0.76896333      0.24582105      0.24715258        2.462803       7.5923063       3.2413148       3.8675318        3.8675318       3.2413148                                3.2413148
              9       5.6534924     0.022230361      0.11871863     0.010408204     -0.81445442      -2.7923075    2.100583e-09      0.22013464       118.37341      0.14159319      0.77980814      0.24579573      0.24712717        2.473525       7.6008069       3.5719213       3.8675318        3.8675318       3.5719213                                3.5719213
              1       7.4792315     0.022493715      0.11683141     0.010410975       -1.006373      -1.9077163    2.100583e-09      0.20560095       121.95469      0.13996931      0.79434499      0.24590844      0.24724029       2.4261967       7.5136255       7.2233993       3.8675318        3.8675318       7.2233993                                7.2233993
             24       6.3878675     0.022309051      0.11802057     0.010414058     -0.54239481      -2.8838931    2.100583e-09      0.25796967       109.18195      0.14097381      0.74196299      0.24582947      0.24716103       2.4592384       7.5786587       5.0406714       3.8675318        3.8675318       5.0406714                                5.0406714
              6       5.8793554     0.022329897      0.11789541     0.010412421      -0.9599088      -2.1602077    2.100583e-09      0.21067363       120.78113       0.1408695      0.78927133      0.24583837      0.24716997       2.4554745       7.5669105       4.0236472       3.8675318        3.8675318       4.0236472                                4.0236472
              1       5.7594253     0.022312106      0.11809903     0.010411355      -1.1017688      -2.4147854    2.100583e-09      0.18405712       129.27446      0.14105533      0.81589486      0.24583077      0.24716234       2.4586864        7.568452        3.783787       3.8675318        3.8675318        3.783787                                 3.783787
              5       5.7641956     0.022311448       0.1181029     0.010411412      -1.0794217      -2.4745565    2.100583e-09      0.18558218        128.7434      0.14105854      0.81436941      0.24583049      0.24716206       2.4588052       7.5687158       3.7933276       3.8675318        3.8675318       3.7933276                                3.7933276
             16       4.9115415     0.022277489        0.119474     0.010409984     -0.42772842      -2.9017506    2.100583e-09      0.28955408       103.32723      0.14239568      0.71037108      0.24581597      0.24714748       2.4649539       7.6136033       2.0880194       3.8675318        3.8675318       2.0880194                                2.0880194
             19       6.8307298      0.02221801      0.12123944     0.010409316      -1.5582122      -1.3416743    2.100583e-09       0.1667558       136.59848      0.14410164      0.83320161       0.2457904      0.24712182       2.4757785       7.6416567       5.9263961       3.8675318        3.8675318       5.9263961                                5.9263961
              7       6.8301594     0.022145974      0.12153352     0.010408617      -1.8191634     -0.96656148    2.100583e-09      0.14669165       145.75609      0.14432369      0.85327094      0.24575908      0.24709038        2.488982       7.6604998       5.9252552       3.8675318        3.8675318       5.9252552                                5.9252552
              2       5.8924214     0.022090887      0.12148224     0.010408225      -1.3520631     -0.36584401    2.100583e-09      0.22781253       116.97726      0.14421732      0.77212934      0.24573491      0.24706613        2.499149       7.6926561       4.0497793       3.8675318        3.8675318       4.0497793                                4.0497793
              1       5.6677013     0.022037657      0.12144753     0.010409508     -0.99693962     -0.34455353    2.100583e-09      0.30338615       101.38226      0.14412938      0.69653639      0.24571149      0.24704262       2.5090322       7.7295379        3.600339       3.8675318        3.8675318        3.600339                                 3.600339
              2       4.4518367     0.022181019      0.11938167     0.010411686       -1.463107       0.6856121    2.100583e-09      0.24301187       112.81507      0.14220688      0.75692524      0.24577436      0.24710573       2.4825458       7.6683704       1.1686097       3.8675318        3.8675318       1.1686097                                1.1686097
              7       4.1394322     0.022174511      0.11890709     0.010409604      -1.2165024      0.60484858    2.100583e-09      0.29819664       101.76223      0.14172579      0.70172593      0.24577153      0.24710288       2.4837392       7.6968729      0.54380074       3.8675318        3.8675318      0.54380074                               0.54380074
              1        4.127589     0.022174276      0.11892196      0.01040965      -1.2219453      0.61729572    2.100583e-09      0.29775309        101.8407      0.14174042       0.7021696      0.24577143      0.24710278       2.4837822       7.6974466      0.52011444       3.8675318        3.8675318      0.52011444                               0.52011444
              3       4.4915477     0.022159268      0.11861925     0.010410494      -1.1083145      0.31765428    2.100583e-09      0.30366151       100.79858      0.14142271      0.69625947      0.24576488      0.24709621       2.4865376        7.686785       1.2480317       3.8675318        3.8675318       1.2480317                                1.2480317
              4       4.4045456     0.022169518      0.11862366     0.010410616     -0.99214083      0.17006535    2.100583e-09      0.32518661       97.402066      0.14143737      0.67472878      0.24576936       0.2471007       2.4846553       7.6920137       1.0740277       3.8675318        3.8675318       1.0740277                                1.0740277
              5        4.449832     0.022160872      0.11864103     0.010410388      -1.0269875      0.19426071    2.100583e-09      0.31711517       98.640276      0.14144609      0.68280232      0.24576558      0.24709692       2.4862429       7.6898222       1.1646004       3.8675318        3.8675318       1.1646004                                1.1646004
              2       4.5691223     0.022134697      0.11874117      0.01040985     -0.94200775       0.1388422    2.100583e-09       0.3388794       95.446851      0.14152006      0.66103247      0.24575414      0.24708543       2.4910582       7.7085356        1.403181       3.8675318        3.8675318        1.403181                                 1.403181
              4       4.4955539     0.022146093      0.11870805      0.01040992     -0.95049347      0.14979107    2.100583e-09        0.336959        95.70854      0.14149834      0.66295336      0.24575913      0.24709044       2.4889601       7.7049053       1.2560442       3.8675318        3.8675318       1.2560442                                1.2560442
              3       4.8911088     0.022122267      0.11895419     0.010410107      -1.2857366    -0.060740918    2.100583e-09      0.23995728       113.47461      0.14172064      0.75998041      0.24574869      0.24707996       2.4933499       7.6556129        2.047154       3.8675318        3.8675318        2.047154                                 2.047154
              1       4.9272815     0.022107343      0.11898437     0.010410348      -1.4315383      0.42936265    2.100583e-09      0.23456347       114.78483       0.1417359      0.76537563      0.24574214      0.24707339       2.4961054       7.6671805       2.1194994       3.8675318        3.8675318       2.1194994                                2.1194994
              2       5.1140674     0.022054565      0.12033517      0.01040732      -1.6949654      0.89610274    2.100583e-09      0.21291328       120.78447      0.14303393      0.78703194      0.24571893      0.24705009       2.5058867       7.6975644       2.4930713       3.8675318        3.8675318       2.4930713                                2.4930713
              4       5.1986713     0.022032369      0.12033484     0.010407574      -1.6542918       0.8331974    2.100583e-09      0.21774885       119.44661       0.1430114      0.78219512      0.24570916      0.24704029       2.5100174       7.7036263        2.662279       3.8675318        3.8675318        2.662279                                 2.662279
              6       5.7506751     0.021974712      0.12111369     0.010407447      -1.8216128       1.3888946    2.100583e-09      0.21695181       119.85219       0.1437326      0.78299264      0.24568382      0.24701486       2.5207961       7.7433137       3.7662865       3.8675318        3.8675318       3.7662865                                3.7662865
              1       5.7919364      0.02197369      0.12117279     0.010407377      -1.8162556       1.3828377    2.100583e-09      0.21801904       119.57092      0.14379067      0.78192516      0.24568337       0.2470144       2.5209879       7.7448064       3.8488093       3.8675318        3.8675318       3.8488093                                3.8488093
             11       5.6532909     0.022031146      0.12095425     0.010406762      -2.1981837       1.8425719    2.100583e-09      0.16977458       135.41699      0.14362959      0.83018191      0.24570862      0.24703975       2.5102453       7.7101965       3.5715183       3.8675318        3.8675318       3.5715183                                3.5715183
              1        5.012284     0.022075153       0.1204601     0.010407707       -2.150572       1.7815076    2.100583e-09      0.17237688       134.25421      0.14317944      0.82757882      0.24572799      0.24705919       2.5020642       7.6938868       2.2895044       3.8675318        3.8675318       2.2895044                                2.2895044
              8       6.6278072     0.022205073      0.12002158     0.010405116     -0.45152593      -2.9601435    2.100583e-09      0.28760987       103.80336      0.14287085      0.71231604       0.2457848      0.24711621       2.4781422       7.6370846       5.5205508       3.8675318        3.8675318       5.5205508                                5.5205508
              3       5.7898174     0.022331145       0.1195013     0.010407252      -1.4021836     -0.21919063    2.100583e-09      0.21372979       120.24656      0.14247664      0.78621501       0.2458389       0.2471705       2.4552493       7.6053925       3.8445712       3.8675318        3.8675318       3.8445712                                3.8445712
              1       5.9028254     0.022382929      0.11816729     0.010409007       -1.564663     -0.40156547    2.100583e-09      0.17527589       132.45092      0.14119441      0.82467842        0.245861      0.24719268       2.4459379       7.5611067       4.0705871       3.8675318        3.8675318       4.0705871                                4.0705871
              4       5.4086799     0.022099109      0.11985485     0.010406865       -1.610954      0.19023979    2.100583e-09      0.19679933       125.50645      0.14259815      0.80314988      0.24573852      0.24706976       2.4976275       7.6619633       3.0822963       3.8675318        3.8675318       3.0822963                                3.0822963
              3       6.2026414     0.022051395      0.11961835     0.010412406      -1.8963738      0.99688585    2.100583e-09      0.17803008       131.92895      0.14231393      0.82192389      0.24571754      0.24704869       2.5064759       7.6744367       4.6702192       3.8675318        3.8675318       4.6702192                                4.6702192
              4       5.5169391     0.022223306      0.11945477     0.010406642      -1.7518586      0.43417783    2.100583e-09      0.18079564       130.78759      0.14232227      0.81915761      0.24579268      0.24712412       2.4748119       7.6251938       3.2988146       3.8675318        3.8675318       3.2988146                                3.2988146
              5       5.3699341     0.022277726      0.11806443       0.0104126      -1.6817196      0.43445637    2.100583e-09      0.18371357       129.40561      0.14098634      0.81623848      0.24581607      0.24714759        2.464911       7.5943286       3.0048046       3.8675318        3.8675318       3.0048046                                3.0048046
              4       8.0572082     0.022405693      0.11866697     0.010416583     -0.53966837      -1.2496727    2.100583e-09      0.34334649       94.707699      0.14171685      0.65656435      0.24587073      0.24720244       2.4418616       7.6055756       8.3793528       3.8675318        3.8675318       8.3793528                                8.3793528
              6       8.8576489     0.022428529        0.118311     0.010417167     -0.65992459      -1.5679907    2.100583e-09      0.29204658       102.61674      0.14138372       0.7078774       0.2458805      0.24721225       2.4377828       7.5748706       9.9802341       3.8675318        3.8675318       9.9802341                                9.9802341
              1       9.9808829     0.022614474      0.11929153     0.010409038      -1.0128494     -0.14189087    2.100583e-09      0.29726404       101.80762      0.14255019      0.70265921      0.24596017      0.24729221       2.4049474        7.574891       12.226702       3.8675318        3.8675318       12.226702                                12.226702
              3       8.8053352     0.022465906      0.12062902     0.010408258      -1.1937406      0.34370682    2.100583e-09      0.29202762       103.01211      0.14373912      0.70789761      0.24589651      0.24722832       2.4311293       7.6374633       9.8756068       3.8675318        3.8675318       9.8756068                                9.8756068
             11        9.193068     0.022480036      0.12056529     0.010407947      -1.1540996     0.050492266    2.100583e-09      0.28227153       104.75988      0.14368952      0.71765617      0.24590257       0.2472344       2.4286211       7.6189749       10.651072       3.8675318        3.8675318       10.651072                                10.651072
              1       8.7097731     0.022385966      0.11958161     0.010404724     -0.13202483     -0.81675294    2.100583e-09      0.53578501       75.940335      0.14261177      0.46407672       0.2458623      0.24719398       2.4453933       7.7456295       9.6844827       3.8675318        3.8675318       9.6844827                                9.6844827
              3       7.9121007     0.022353318       0.1195445     0.010404733       -0.229675      -0.7556292    2.100583e-09      0.50333379       78.355534      0.14254201      0.49653626      0.24584836         0.24718       2.4512557       7.7305691       8.0891379       3.8675318        3.8675318       8.0891379                                8.0891379
              5       7.4513975      0.02252941      0.11738322     0.010409124     -0.29108212      -2.5199586    2.100583e-09      0.32447928       97.157124      0.14055682      0.67543576      0.24592375      0.24725565       2.4198871       7.5346191       7.1677314       3.8675318        3.8675318       7.1677314                                7.1677314
              4       6.7473249     0.022546491      0.11710103     0.010411677     -0.25123708      -1.6151817    2.100583e-09      0.39143908       88.408138      0.14029171      0.60845823      0.24593107        0.247263       2.4168764       7.5608894       5.7595863       3.8675318        3.8675318       5.7595863                                5.7595863
              3       4.4867142     0.022217448      0.11872627     0.010409109      -1.8858468       1.3828419    2.100583e-09      0.19175399       126.83951      0.14158791      0.80819617      0.24579016      0.24712158       2.4758811       7.6405627       1.2383647       3.8675318        3.8675318       1.2383647                                1.2383647
              1       4.1569395     0.022180382      0.11915649     0.010409744       -1.826426       1.4862953    2.100583e-09      0.21090045       121.05233      0.14198107      0.78904488      0.24577409      0.24710545       2.4826626       7.6727342      0.57881546       3.8675318        3.8675318      0.57881546                               0.57881546
              5       4.2026467     0.022170789      0.11923814     0.010409608      -1.8461399       1.4771179    2.100583e-09      0.20670169       122.29783      0.14205312      0.79324476      0.24576991      0.24710126       2.4844221       7.6720976      0.67022981       3.8675318        3.8675318      0.67022981                               0.67022981
              2       4.3561405     0.022233928      0.11844221     0.010409178      -1.7413272        1.534134    2.100583e-09      0.23043538       115.63182      0.14132033      0.76950461      0.24579726      0.24712871       2.4728748       7.6718045      0.97721733       3.8675318        3.8675318      0.97721733                               0.97721733
              3       4.4945339      0.02221713      0.11857589     0.010408766      -1.9248528        1.758283    2.100583e-09      0.20440538       122.80605      0.14143721      0.79554143      0.24579002      0.24712144       2.4759392       7.6641262       1.2540042       3.8675318        3.8675318       1.2540042                                1.2540042
              1       4.4450462     0.022209056      0.11866861     0.010408635        -1.91926       1.8619903    2.100583e-09      0.21240642       120.39354      0.14152186      0.78753834      0.24578653      0.24711794       2.4774141        7.682633       1.1550288       3.8675318        3.8675318       1.1550288                                1.1550288
              2       4.1812907     0.022188909      0.11949215     0.010408919      -1.8582381       1.4823829    2.100583e-09      0.20577209       122.61817      0.14232525       0.7941747      0.24577779      0.24710917       2.4811001        7.670488      0.62751778       3.8675318        3.8675318      0.62751778                               0.62751778
              5       4.1774847      0.02219173      0.11949063     0.010408968       -1.850244       1.4539311    2.100583e-09      0.20576777       122.61782      0.14232655      0.79417903      0.24577902       0.2471104       2.4805836       7.6687612      0.61990584       3.8675318        3.8675318      0.61990584                               0.61990584
              3       4.0998278     0.022229513      0.11940899      0.01040877       -1.803644       1.6112519    2.100583e-09      0.22562311       117.05401       0.1422827      0.77431853      0.24579536       0.2471268       2.4736797       7.6831364      0.46459196       3.8675318        3.8675318      0.46459196                               0.46459196
              5       4.0145254     0.022241974      0.11930525     0.010409545      -1.8633258       1.8433897    2.100583e-09      0.22503208       116.93314      0.14219142      0.77490968      0.24580073      0.24713219       2.4714089       7.6995388      0.29398728       3.8675318        3.8675318      0.29398728                               0.29398728
              4       4.1157331      0.02224183      0.11948698     0.010409043      -1.7783244         1.47159    2.100583e-09      0.22191384       118.04702        0.142373      0.77802879      0.24580066      0.24713212       2.4714351       7.6712875      0.49640266       3.8675318        3.8675318      0.49640266                               0.49640266
              6       4.2333181      0.02220019      0.11995724     0.010408558       -1.792684       1.5609796    2.100583e-09      0.22731021        116.7474      0.14280162      0.77263121      0.24578269      0.24711408       2.4790352       7.6946958      0.73157269       3.8675318        3.8675318      0.73157269                               0.73157269
              1       6.6820017     0.022164382      0.12110753       0.0104053       -0.530913      -2.3918419    2.100583e-09      0.30222024       101.46666       0.1439161      0.69770248      0.24576712      0.24709845       2.4855982       7.6695345       5.6289397       3.8675318        3.8675318       5.6289397                                5.6289397
              4       6.5858283     0.022180327      0.12089921      0.01040537     -0.76612967      -1.9210691    2.100583e-09      0.27291051       106.73181      0.14372373      0.72701961      0.24577406      0.24710543       2.4826726       7.6602968        5.436593       3.8675318        3.8675318        5.436593                                 5.436593
              1       4.9665757     0.022312793      0.12008146     0.010410017     -0.30331614       -1.387556    2.100583e-09       0.4133678       86.556309      0.14303844      0.58652585      0.24583107      0.24716264       2.4585622       7.6664721       2.1980879       3.8675318        3.8675318       2.1980879                                2.1980879
              3       4.9432834     0.022314105      0.12005626     0.010409855     -0.29604541      -1.4125825    2.100583e-09      0.41347639       86.540769      0.14301456      0.58641721      0.24583163       0.2471632       2.4583252       7.6651479       2.1515031       3.8675318        3.8675318       2.1515031                                2.1515031
              2       4.8376602     0.022358159      0.11925808     0.010410989    -0.013215262      -1.8260753    2.100583e-09      0.46406684       81.561639      0.14226043      0.53581311      0.24585043      0.24718207       2.4503851       7.6535189       1.9402567       3.8675318        3.8675318       1.9402567                                1.9402567
              4       5.1290625     0.022374671      0.11947702     0.010410891    -0.068901976      -1.8988939    2.100583e-09      0.44076718         83.7154      0.14249588      0.55911898      0.24585748      0.24718914       2.4474192       7.6419573       2.5230615       3.8675318        3.8675318       2.5230615                                2.5230615
              1       4.9552663     0.022324577      0.11975864     0.010411241    -0.050177204      -2.0945432    2.100583e-09      0.43276398       84.543852      0.14272741      0.56712443       0.2458361      0.24716769       2.4564341       7.6499546        2.175469       3.8675318        3.8675318        2.175469                                 2.175469
              6       4.9267575     0.022323172      0.11975132     0.010411229    -0.081269144        -2.02254    2.100583e-09      0.42879783       84.933371      0.14271868      0.57109159       0.2458355      0.24716709       2.4566878       7.6503562       2.1184514       3.8675318        3.8675318       2.1184514                                2.1184514
              7       4.8459287     0.022329691      0.11961884     0.010411193      -0.1351945      -1.9894525    2.100583e-09       0.4141388       86.401688      0.14259272      0.58575431      0.24583828      0.24716988       2.4555115       7.6430065       1.9567938       3.8675318        3.8675318       1.9567938                                1.9567938
              7       4.8549911     0.022328891      0.11973856     0.010410644     -0.15046102      -1.9775626    2.100583e-09      0.41139017        86.70776      0.14271164      0.58850374      0.24583794      0.24716954       2.4556559       7.6441139       1.9749187       3.8675318        3.8675318       1.9749187                                1.9749187
              3       4.5838681      0.02221454      0.12025355     0.010410749     -0.37695723      -1.2162106    2.100583e-09      0.40590613       87.408819      0.14311228      0.59398948       0.2457889      0.24712032       2.4764123       7.6925941       1.4326727       3.8675318        3.8675318       1.4326727                                1.4326727
              2        7.993308     0.022233558      0.12176718       0.0104117      -0.2240516      -1.4398355    2.100583e-09      0.44429628       83.754327      0.14464492      0.55559067       0.2457971      0.24712855       2.4729423       7.7182117       8.2515525       3.8675318        3.8675318       8.2515525                                8.2515525
              2       7.5029526     0.022273531      0.12104879     0.010412397      0.17531414      -1.8163437    2.100583e-09       0.5419602         75.7294      0.14396651      0.45790125      0.24581427      0.24714578       2.4656722       7.7316779       7.2708416       3.8675318        3.8675318       7.2708416                                7.2708416
              2       7.1570781     0.021978708      0.12096449     0.010412488      0.15248607      -2.7934864    2.100583e-09      0.45096613       83.107381      0.14358739      0.54891828      0.24568557      0.24701662       2.5200468       7.7388352       6.5790926       3.8675318        3.8675318       6.5790926                                6.5790926
              9       6.9306974     0.021965472      0.11982239     0.010412318     -0.82183324     0.096067764    2.100583e-09      0.38079299       90.270721      0.14243205      0.61910862      0.24567977      0.24701079       2.5225301       7.7876808       6.1263313       3.8675318        3.8675318       6.1263313                                6.1263313
              6       6.7141341     0.021970153      0.11992098     0.010412164      -0.7553579    -0.096658771    2.100583e-09      0.38407916       89.897133      0.14253533      0.61582167      0.24568182      0.24701285       2.5216514       7.7782712       5.6932045       3.8675318        3.8675318       5.6932045                                5.6932045
              3       4.7969926     0.022335882       0.1189339     0.010410767      -1.4168545    -0.043992916    2.100583e-09      0.21431285        119.9636      0.14191398      0.78563158      0.24584092      0.24717253       2.4543954       7.5988577       1.8589217       3.8675318        3.8675318       1.8589217                                1.8589217
              6       4.5763187     0.022143083      0.11972984     0.010411744      -1.4119508      0.81779138    2.100583e-09      0.26565596       107.98095      0.14251711      0.73427544      0.24575781      0.24708911       2.4895141       7.7010688       1.4175738       3.8675318        3.8675318       1.4175738                                1.4175738
              7       5.2131608     0.022035026      0.12070648     0.010410261     -0.98671336      0.44849528    2.100583e-09      0.36701256       92.061977       0.1433857      0.63289324      0.24571033      0.24704146       2.5095223       7.7931423       2.6912579       3.8675318        3.8675318       2.6912579                                2.6912579
              3       5.3127476      0.02202958      0.12077116     0.010410174      -1.0128539      0.53838966    2.100583e-09       0.3685997       91.875556      0.14344493      0.63130573      0.24570793      0.24703906       2.5105372       7.8027637       2.8904317       3.8675318        3.8675318       2.8904317                                2.8904317
              3       6.9188043     0.021973735      0.12156689     0.010410902     -0.68375922    -0.044440168    2.100583e-09      0.42552669       85.644214      0.14418482       0.5743647      0.24568339      0.24701442       2.5209795       7.8288277       6.1025451       3.8675318        3.8675318       6.1025451                                6.1025451
              2       6.5113643     0.022162258      0.12107974     0.010412289      -1.8988154       1.3147403    2.100583e-09      0.19618969       125.93035      0.14388619      0.80376013      0.24576619      0.24709752       2.4859883       7.6865923       5.2876649       3.8675318        3.8675318       5.2876649                                5.2876649
              1       7.3359924     0.022184446      0.12143703      0.01041206      -1.6921551      0.51866961    2.100583e-09      0.20102523       124.47012      0.14426566      0.79892349      0.24577585      0.24710722       2.4819178       7.6735432       6.9369213       3.8675318        3.8675318       6.9369213                                6.9369213
              1       7.1193344     0.022191033      0.12136804     0.010411872      -1.6936065      0.51061042    2.100583e-09      0.20017715       124.71567      0.14420326      0.79977177      0.24577872       0.2471101       2.4807111       7.6705576       6.5036051       3.8675318        3.8675318       6.5036051                                6.5036051
              3       6.4225397     0.022222381      0.12103728     0.010411827      -1.8485585       1.2727994    2.100583e-09      0.20301652       123.75559      0.14390386      0.79693156      0.24579228      0.24712371       2.4749807       7.6753546       5.1100159       3.8675318        3.8675318       5.1100159                                5.1100159
              1       6.4446187     0.022215031      0.12113109     0.010411707      -1.7926776       1.2351123    2.100583e-09      0.21231348       121.03849      0.14399031      0.78763226      0.24578911      0.24712053       2.4763226       7.6828226       5.1541739       3.8675318        3.8675318       5.1541739                                5.1541739
              2       6.3057269       0.0220301      0.12043561     0.010412761      -1.4976539       1.1799761    2.100583e-09      0.27559034       106.19203       0.1431099      0.72433879      0.24570816      0.24703929       2.5104403       7.7615207       4.8763902       3.8675318        3.8675318       4.8763902                                4.8763902
              8       5.6714301     0.022071509      0.11991841     0.010412517      -1.9595043       1.7450874    2.100583e-09      0.20188277       123.93866      0.14263411      0.79806514      0.24572639      0.24705758       2.5027402       7.7110927       3.6077966       3.8675318        3.8675318       3.6077966                                3.6077966
              3       5.7533772     0.022062454      0.11985066     0.010412618      -1.9077734       1.7962489    2.100583e-09      0.21612147       119.74263       0.1425573      0.78382274       0.2457224      0.24705358       2.5044209       7.7283358       3.7716908       3.8675318        3.8675318       3.7716908                                3.7716908
              2       4.9614052     0.022131536       0.1208105     0.010409837     -0.96007585     -0.67567404    2.100583e-09      0.28883706       103.75266      0.14358623      0.71108891      0.24575275      0.24708404       2.4916407       7.6877921       2.1877468       3.8675318        3.8675318       2.1877468                                2.1877468
             11       4.6151853     0.022219458      0.11983049     0.010410809     -0.87676735      -1.1641243    2.100583e-09      0.27604546       105.91464      0.14269414      0.72388334      0.24579102      0.24712245       2.4755143       7.6432681       1.4953071       3.8675318        3.8675318       1.4953071                                1.4953071
              1         4.10808     0.022196441      0.11975014     0.010409485      -1.0930391    -0.083011895    2.100583e-09       0.2856526       104.11384      0.14259077      0.71427367      0.24578106      0.24711245       2.4797212       7.6688268      0.48109652       3.8675318        3.8675318      0.48109652                               0.48109652
              3       5.5304808     0.022083019      0.12103826      0.01040953      -0.2168942     -0.82808866    2.100583e-09      0.50778549       78.295913      0.14376547      0.49208452      0.24573145      0.24706266       2.5006061        7.805634        3.325898       3.8675318        3.8675318        3.325898                                 3.325898
              2       5.6045591     0.022082684      0.12124905     0.010409237     -0.27112002      -0.7954062    2.100583e-09      0.49179677       79.586883      0.14397593      0.50807752       0.2457313      0.24706251       2.5006682       7.7986035       3.4740546       3.8675318        3.8675318       3.4740546                                3.4740546
              8       7.9603005     0.022120443      0.12193353     0.010407901     -0.44941375    -0.027332656    2.100583e-09      0.53159625       76.625427      0.14469817      0.46826854      0.24574789      0.24707916       2.4936863       7.8971424       8.1855375       3.8675318        3.8675318       8.1855375                                8.1855375
              6       6.8195661     0.022363011      0.11994332     0.010413627     -0.57906342     -0.18458354    2.100583e-09       0.4360825       84.235004      0.14295052      0.56380523       0.2458525      0.24718415       2.4495131        7.726444       5.9040686       3.8675318        3.8675318       5.9040686                                5.9040686
              4       6.8812649     0.022353362      0.11993089     0.010413983     -0.63632206     -0.11390852    2.100583e-09      0.42252946       85.576703      0.14292844      0.57736174      0.24584838      0.24718002       2.4512478       7.7227967       6.0274663       3.8675318        3.8675318       6.0274663                                6.0274663
              1        6.344538     0.022281636      0.12059004     0.010412684     -0.71827481     -0.75473265    2.100583e-09      0.34174182        95.29018      0.14351587      0.65817055      0.24581774      0.24714927       2.4642019        7.669299       4.9540125       3.8675318        3.8675318       4.9540125                                4.9540125
              4       5.0254624     0.022109154       0.1191049     0.010412195      -1.2417747      0.69188009    2.100583e-09      0.29903458       101.68129      0.14185825      0.70088784      0.24574294      0.24707419       2.4957707       7.7202036       2.3158612       3.8675318        3.8675318       2.3158612                                2.3158612
              1       5.0435384     0.022193764      0.11812881     0.010411711     -0.55458312     -0.26191038    2.100583e-09      0.42734942       84.884419      0.14096676      0.57253901       0.2457799      0.24711129       2.4802111       7.7310194       2.3520133       3.8675318        3.8675318       2.3520133                                2.3520133
              3       5.1023166     0.022203236      0.11800373      0.01041171     -0.51672141     -0.37188979    2.100583e-09        0.427798       84.818216      0.14085116      0.57209022      0.24578401      0.24711541       2.4784781       7.7200883       2.4695696       3.8675318        3.8675318       2.4695696                                2.4695696
              1       6.8865452     0.022514855      0.11887965     0.010412336     -0.24838606      -1.6783238    2.100583e-09      0.39783737       87.976396       0.1420387      0.60205955       0.2459175      0.24724939        2.422457       7.5934784       6.0380269       3.8675318        3.8675318       6.0380269                                6.0380269
              4       6.6647894      0.02248949      0.11922647     0.010409659     -0.37098008      -1.4584592    2.100583e-09      0.38121057       89.937217      0.14236016      0.61869088      0.24590662      0.24723847       2.4269451       7.6020734       5.5945152       3.8675318        3.8675318       5.5945152                                5.5945152
              2        7.382791     0.022242557      0.12109957     0.010406123     -0.96319035      -2.4105642    2.100583e-09       0.2214002       118.50903      0.14398632      0.77854321      0.24580098      0.24713244       2.4713027       7.6383289       7.0305184       3.8675318        3.8675318       7.0305184                                7.0305184
              1       7.0713278     0.022235759      0.12102396     0.010406693       -1.316572      -1.9839771    2.100583e-09      0.18184249        130.7523      0.14390391        0.818111      0.24579805       0.2471295       2.4725412       7.6340947       6.4075921       3.8675318        3.8675318       6.4075921                                6.4075921
              4       6.4331272     0.022149419      0.12100495     0.010406481      -1.2400246      -1.9936045    2.100583e-09      0.19224743       127.20561      0.14379856      0.80770336      0.24576058       0.2470919       2.4883482       7.6549122       5.1311909       3.8675318        3.8675318       5.1311909                                5.1311909
              1       6.7291248     0.022143143      0.11916782     0.010405211     -0.64160928       -2.029454    2.100583e-09      0.28399914       104.33499      0.14195516      0.71592723      0.24575784      0.24708914       2.4895029       7.6426662        5.723186       3.8675318        3.8675318        5.723186                                 5.723186
              4       6.7711373      0.02214116      0.11908586     0.010405342     -0.67117886      -2.0529784    2.100583e-09      0.27633443       105.75803      0.14187121      0.72359389      0.24575697      0.24708827       2.4898679        7.640095       5.8072111       3.8675318        3.8675318       5.8072111                                5.8072111
             17       6.4985356     0.022144793      0.11832613     0.010406512       0.1239221      -2.4054565    2.100583e-09      0.45642579       82.180634      0.14111511      0.54345517      0.24575856      0.24708987       2.4891993       7.6691445       5.2620076       3.8675318        3.8675318       5.2620076                                5.2620076
              2       6.4039635     0.022153888      0.11834248     0.010406511      0.16068186       -2.452102    2.100583e-09      0.46437326       81.473659      0.14114056      0.53550566      0.24576253      0.24709386       2.4875263       7.6689085       5.0728634       3.8675318        3.8675318       5.0728634                                5.0728634
             18       6.7920142     0.022128024      0.11851475     0.010405885      0.22771142      -2.6461807    2.100583e-09      0.47134667        80.90136      0.14128696      0.52853055      0.24575122       0.2470825       2.4922881        7.675257       5.8489648       3.8675318        3.8675318       5.8489648                                5.8489648
              6       6.2866523     0.022133888      0.11873715     0.010406378     -0.17046753      -2.7753637    2.100583e-09      0.35144052        93.72526      0.14151523      0.64846809      0.24575379      0.24708507       2.4912073       7.6458399        4.838241       3.8675318        3.8675318        4.838241                                 4.838241
              7       5.7470318     0.022123783      0.11917835       0.0104063      -0.2448593      -2.3612228    2.100583e-09      0.35916199       92.786619      0.14194632      0.64074489      0.24574936      0.24708063       2.4930701       7.6607663           3.759       3.8675318        3.8675318           3.759                                    3.759
              7       5.8683596      0.02222486      0.11843009     0.010406499    -0.078466378      -2.1696662    2.100583e-09      0.41267336       86.414833      0.14129914      0.58721916      0.24579335      0.24712479       2.4745285       7.6438732       4.0016557       3.8675318        3.8675318       4.0016557                                4.0016557
              1       5.0922251     0.022032286      0.12031721     0.010409703     -0.70506869     0.021787317    2.100583e-09       0.4183878       86.168658      0.14299369      0.58150452      0.24570912      0.24704025       2.5100329       7.8014218       2.4493866       3.8675318        3.8675318       2.4493866                                2.4493866
              4       6.8469924     0.022064581      0.12196743     0.010406856       -1.922985      0.68616102    2.100583e-09      0.17568276       133.32952       0.1446762      0.82427255      0.24572334      0.24705452       2.5040259        7.700934       5.9589213       3.8675318        3.8675318       5.9589213                                5.9589213
              1       6.5087687     0.021963986      0.12124006      0.01040943      -2.1404111       1.1648401    2.100583e-09      0.15677892       141.02496      0.14384824      0.84318097      0.24567911      0.24701013       2.5228093       7.7117417       5.2824739       3.8675318        3.8675318       5.2824739                                5.2824739
              1        6.899222     0.021894255      0.12048619     0.010407629      -1.1642619      -0.1793595    2.100583e-09      0.26977014        107.4022      0.14302463      0.73016045      0.24564856      0.24697947       2.5359555       7.7383282       6.0633804       3.8675318        3.8675318       6.0633804                                6.0633804
              2       5.7473137     0.021987855      0.12008729     0.010409641     -0.70024181      -1.4620207    2.100583e-09      0.30347344       101.15512      0.14271934      0.69644831      0.24568959      0.24702065       2.5183329        7.703016       3.7595638       3.8675318        3.8675318       3.7595638                                3.7595638
              3       5.3617134     0.022018406      0.11999515     0.010409375      -0.6522951       -1.573013    2.100583e-09      0.30807785       100.36802      0.14265775      0.69184268      0.24570302      0.24703412       2.5126212       7.6944743       2.9883631       3.8675318        3.8675318       2.9883631                                2.9883631
              1       4.9083545     0.022064359      0.12011599     0.010409961     -0.90926671     -0.88913005    2.100583e-09       0.2855029       104.26241      0.14282454      0.71442353      0.24572324      0.24705442       2.5040671       7.6884197       2.0816454       3.8675318        3.8675318       2.0816454                                2.0816454
              8       6.6368406     0.022340842      0.11799452     0.010413669      -1.4938975      -1.8993265    2.100583e-09      0.14666026       144.77831      0.14097955      0.85330145      0.24584304      0.24717465       2.4535015       7.5560441       5.5386176       3.8675318        3.8675318       5.5386176                                5.5386176
              3       6.6829064     0.022344159      0.11794441     0.010413742       -1.455543      -1.9244213    2.100583e-09      0.15015059       143.07133      0.14093276       0.8498102      0.24584446      0.24717607       2.4529042       7.5550119       5.6307492       3.8675318        3.8675318       5.6307492                                5.6307492
              6       7.0246875     0.022166628      0.11861158     0.010415238    -0.066197968      -2.0657695    2.100583e-09      0.42277111       85.423601       0.1414224      0.57711887       0.2457681      0.24709944       2.4851858       7.6670924       6.3143114       3.8675318        3.8675318       6.3143114                                6.3143114
              4       6.5206566     0.021942655      0.12177165     0.010406959     -0.14839112      -2.5930532    2.100583e-09      0.38749819       89.790768       0.1443585      0.61240302      0.24566976      0.24700075       2.5268197       7.7459348       5.3062496       3.8675318        3.8675318       5.3062496                                5.3062496
              8       6.1735074     0.021976583      0.12174403     0.010407879     -0.21044506      -2.3733241    2.100583e-09      0.38367645       90.220077      0.14436481      0.61622574      0.24568464      0.24701568       2.5204453       7.7394206       4.6119512       3.8675318        3.8675318       4.6119512                                4.6119512
              4       8.2470186     0.021930423      0.12196869     0.010404468      -1.0751633      -1.7957597    2.100583e-09      0.22950265       116.71808       0.1445433      0.77043891       0.2456644      0.24699537       2.5291239       7.7274334       8.7589737       3.8675318        3.8675318       8.7589737                                8.7589737
              1       7.5949122     0.021963831      0.12228883     0.010405465     -0.86634444      -1.5229773    2.100583e-09      0.27898306       105.90481      0.14489686      0.72094609      0.24567905      0.24701006       2.5228382       7.7358114       7.4547608       3.8675318        3.8675318       7.4547608                                7.4547608
              2       5.2111656     0.022362794      0.11869422     0.010411138      -1.1487157       -1.070548    2.100583e-09      0.22055558       118.19196       0.1417012      0.77938714      0.24585241      0.24718406        2.449552       7.5807093       2.6872676       3.8675318        3.8675318       2.6872676                                2.6872676
              1       5.1245715     0.022305292      0.11941887     0.010409299     -0.97516653      -1.6726972    2.100583e-09      0.23343338       115.05566      0.14236836      0.76650628      0.24582786      0.24715942       2.4599181       7.6032946       2.5140794       3.8675318        3.8675318       2.5140794                                2.5140794
              3       5.3542636     0.022287171      0.11946634     0.010410906     -0.75861966      -2.8391954    2.100583e-09      0.23053829       115.79365       0.1423977      0.76940213      0.24582011      0.24715164       2.4631985       7.6022365       2.9734636       3.8675318        3.8675318       2.9734636                                2.9734636
              2       5.4535065     0.022247923      0.12002779     0.010410232     -0.98538534      -2.3916847    2.100583e-09        0.211654       120.98424      0.14291991       0.7882915      0.24580328      0.24713475       2.4703261       7.6188656       3.1719494       3.8675318        3.8675318       3.1719494                                3.1719494
              1       6.1948187     0.022381492      0.12010707     0.010411356     -0.13020442      -1.5156285    2.100583e-09      0.45788533       82.221772      0.14313275      0.54199694      0.24586039      0.24719207       2.4461955       7.6669844       4.6545738       3.8675318        3.8675318       4.6545738                                4.6545738
              3       6.0758013     0.022409896      0.11984196     0.010410883     -0.22686947       -1.309613    2.100583e-09      0.44278487       83.564587      0.14289604      0.55710109      0.24587252      0.24720425       2.4411101          7.6575        4.416539       3.8675318        3.8675318        4.416539                                 4.416539
              9       6.1984057     0.022421045      0.11974141     0.010410327     -0.94491403     -0.72833221    2.100583e-09      0.28170212       104.74408      0.14280664      0.71822529      0.24587729      0.24720903       2.4391183       7.6045586       4.6617479       3.8675318        3.8675318       4.6617479                                4.6617479
              3       5.5769492     0.022410841      0.11926479     0.010411181      -1.1710427     -0.26320459    2.100583e-09      0.25352368       110.32636      0.14231983      0.74641076      0.24587293      0.24720465       2.4409412       7.5979799       3.4188349       3.8675318        3.8675318       3.4188349                                3.4188349
              4       4.7091885     0.022169508      0.12068993     0.010410051      -1.0810453      0.47973378    2.100583e-09      0.33756355        95.93822      0.14350363      0.66234988      0.24576935       0.2471007       2.4846571       7.7413052       1.6833135       3.8675318        3.8675318       1.6833135                                1.6833135
              5       6.3547544     0.022247652      0.12057457     0.010411953      -1.3767794     -0.76742826    2.100583e-09      0.20307883       123.62712      0.14346642      0.79686907      0.24580317      0.24713464       2.4703752        7.634387       4.9744451       3.8675318        3.8675318       4.9744451                                4.9744451
              2       6.2004771     0.022058754      0.12074342     0.010409796      -1.2837777      -2.9326576    2.100583e-09      0.16405883       137.69118      0.14344637      0.83589908      0.24572077      0.24705194       2.5051081       7.6653828       4.6658906       3.8675318        3.8675318       4.6658906                                4.6658906
              3       6.9235333     0.022244296      0.11764574      0.01040912      -1.4668245      -2.1790351    2.100583e-09      0.14416269       145.99542      0.14053423      0.85579956      0.24580173      0.24713319       2.4709862       7.5698861       6.1120031       3.8675318        3.8675318       6.1120031                                6.1120031
              5       5.4903364     0.022191171      0.11892827     0.010409117     -0.97998023      -2.8379579    2.100583e-09      0.19521788       125.76642      0.14176363      0.80473144      0.24577878      0.24711016        2.480686       7.6093158       3.2456092       3.8675318        3.8675318       3.2456092                                3.2456092
              1       5.4120257     0.022262688      0.11917869      0.01041128      -1.0824705      -2.5740177    2.100583e-09      0.18811646       128.13621      0.14208557      0.81183481      0.24580962      0.24714112       2.4676411       7.5974756       3.0889879       3.8675318        3.8675318       3.0889879                                3.0889879
              4       8.4178779     0.022624062      0.11690362     0.010411715     -0.12688141      -2.8049881    2.100583e-09      0.34467684       94.152858      0.14017188      0.65523267      0.24596426      0.24729632       2.4032718       7.5090681       9.1006921       3.8675318        3.8675318       9.1006921                                9.1006921
              2       8.6120627     0.022610435      0.11619372     0.010413855     -0.64481706      -1.3808076    2.100583e-09      0.29406343       101.81243      0.13944835      0.70585896      0.24595844      0.24729048       2.4056536       7.5059396       9.4890618       3.8675318        3.8675318       9.4890618                                9.4890618
              4       8.7982481     0.022620737      0.11611493     0.010414004     -0.58469949      -1.4141252    2.100583e-09      0.30624746       99.748621      0.13937986      0.69367168      0.24596284      0.24729489       2.4038526       7.5059532       9.8614326       3.8675318        3.8675318       9.8614326                                9.8614326
              3       8.8985405     0.022615416      0.11701494     0.010414655     -0.78643059      -1.6420386    2.100583e-09      0.25411894       109.67828      0.14027455      0.74581439      0.24596057      0.24729261       2.4047826       7.5033986       10.062017       3.8675318        3.8675318       10.062017                                10.062017
              1       8.2074602     0.022556862      0.11877544      0.01041198     -0.59089109      -2.4098105    2.100583e-09      0.27096433       106.56426      0.14197649      0.72896543      0.24593551      0.24726746       2.4150511       7.5408188       8.6798567       3.8675318        3.8675318       8.6798567                                8.6798567
              3       7.7643987     0.022518581      0.11911244     0.010412634     -0.41922803      -2.3300249    2.100583e-09      0.31340288       99.159552      0.14227522      0.68651605       0.2459191      0.24725099       2.4217987        7.563748       7.7937338       3.8675318        3.8675318       7.7937338                                7.7937338
              1       6.8058654     0.022466149       0.1188018     0.010413219     -0.36753055      -2.6178476    2.100583e-09       0.3091422       99.808378      0.14191214      0.69077763      0.24589662      0.24722843       2.4310861        7.567291       5.8766673       3.8675318        3.8675318       5.8766673                                5.8766673
              7       4.5910431     0.022087248      0.12040311     0.010408905      -1.7069662       1.1816091    2.100583e-09      0.22483799       117.53568      0.14313455       0.7751042      0.24573331      0.24706453       2.4998227       7.7072227       1.4470227       3.8675318        3.8675318       1.4470227                                1.4470227
              4       4.9081657     0.022047067      0.12071398     0.010408201      -1.4768665      0.73723796    2.100583e-09      0.25135833       111.23936      0.14340524      0.74857717      0.24571563      0.24704678       2.5072809       7.7213721       2.0812678       3.8675318        3.8675318       2.0812678                                2.0812678
              2       4.8584789     0.022048591      0.12022148      0.01040858      -1.5584109      0.75579721    2.100583e-09      0.23212004        115.6599      0.14291427      0.76782019       0.2457163      0.24704745       2.5069974       7.7042623       1.9818943       3.8675318        3.8675318       1.9818943                                1.9818943
              4       4.6438549     0.022090572      0.12011227     0.010409843      -1.4768963      0.49983556    2.100583e-09      0.23462667       114.99924      0.14284703      0.76531288      0.24573477      0.24706599       2.4992072        7.688438       1.5526463       3.8675318        3.8675318       1.5526463                                1.5526463
              5       6.6223256     0.022033429      0.12165119     0.010407369      -1.3290389      -1.4342186    2.100583e-09      0.19818518        125.4818      0.14432881      0.80176429      0.24570963      0.24704076       2.5098199        7.695219       5.5095877       3.8675318        3.8675318       5.5095877                                5.5095877
             10       6.4379829     0.022057125      0.12152823     0.010407559      -1.4151642       -1.254777    2.100583e-09      0.19009304       128.08578      0.14422955      0.80985845      0.24572006      0.24705122       2.5054108       7.6871117       5.1409023       3.8675318        3.8675318       5.1409023                                5.1409023
              1       5.8629942     0.022040698      0.12088533     0.010408019      -1.6293543     -0.61332787    2.100583e-09      0.17478839       133.44004      0.14357022       0.8251668      0.24571283      0.24704397        2.508466       7.6803534       3.9909249       3.8675318        3.8675318       3.9909249                                3.9909249
              5         6.01663     0.021993833      0.12127076     0.010408815       -1.344571     -0.42379117    2.100583e-09      0.22619554       117.39968      0.14390879      0.77374661      0.24569222      0.24702328       2.5172137       7.7106791       4.2981964       3.8675318        3.8675318       4.2981964                                4.2981964
              3       4.8244391     0.022080073      0.12045273     0.010408947     -0.98848735     -0.80711073    2.100583e-09      0.27431166       106.42213        0.143177      0.72561783      0.24573016      0.24706136       2.5011521       7.6875196       1.9138146       3.8675318        3.8675318       1.9138146                                1.9138146
              5       4.2696899     0.022159025      0.12000682     0.010409607     -0.82787223     -0.78684385    2.100583e-09       0.3094242       100.09373      0.14281004      0.69049606      0.24576478      0.24709611       2.4865821       7.6747266       0.8043163       3.8675318        3.8675318       0.8043163                                0.8043163
              3       4.2860501     0.022159749      0.11999595     0.010409544     -0.83158044      -0.8332731    2.100583e-09      0.30569698       100.69992      0.14279989      0.69422424      0.24576509      0.24709643       2.4864491       7.6722771      0.83703671       3.8675318        3.8675318      0.83703671                               0.83703671
             15       5.3417203     0.022114753       0.1203195     0.010411349     -0.20348642      -0.8502024    2.100583e-09      0.50546853       78.369447      0.14307844      0.49440145      0.24574539      0.24707665       2.4947366       7.7887558       2.9483771       3.8675318        3.8675318       2.9483771                                2.9483771
              4       4.7881193     0.022299725      0.11983698     0.010410205     -0.38462646      -1.9797037    2.100583e-09      0.34749704       94.369987       0.1427809      0.65241339      0.24582548      0.24715703       2.4609252       7.6340409        1.841175       3.8675318        3.8675318        1.841175                                 1.841175
              1       4.8554095     0.022218927      0.12020913     0.010410245     -0.37759179      -2.4531058    2.100583e-09      0.32595212       97.532778      0.14307225      0.67396404      0.24579079      0.24712222       2.4756112       7.6482107       1.9757554       3.8675318        3.8675318       1.9757554                                1.9757554
              2       5.3171178      0.02224187      0.12002014      0.01041069     -0.84222943      -2.2788685    2.100583e-09      0.23831987       114.01632       0.1429062      0.76161876      0.24580068      0.24713214       2.4714279       7.6250462        2.899172       3.8675318        3.8675318        2.899172                                 2.899172
              8       7.0243016     0.022272477      0.12084587     0.010411632     -0.80710647      -2.4036545    2.100583e-09      0.24413251       112.79466      0.14376254      0.75580499      0.24581382      0.24714533       2.4658634       7.6320664       6.3135396       3.8675318        3.8675318       6.3135396                                6.3135396
              2       6.5538753     0.022239861      0.12097292     0.010411015      -0.7832452      -2.1434547    2.100583e-09      0.25897433       109.55293      0.14385698      0.74095942      0.24579982      0.24713127       2.4717937       7.6451907        5.372687       3.8675318        3.8675318        5.372687                                 5.372687
              2       5.0866454     0.022313566      0.11905526     0.010412351     -0.18170019      -2.8835565    2.100583e-09      0.34157675       95.051587      0.14201302      0.65833474       0.2458314      0.24716297       2.4584224       7.6090413       2.4382273       3.8675318        3.8675318       2.4382273                                2.4382273
              5       5.1362861     0.022290094      0.11894894       0.0104126     -0.37011542       -2.568652    2.100583e-09      0.31312576       99.267254      0.14188322      0.68679302      0.24582136       0.2471529        2.462669       7.6095551       2.5375087       3.8675318        3.8675318       2.5375087                                2.5375087
              7        5.056614     0.022240295      0.11941215     0.010410602     -0.73862047      -2.7069654    2.100583e-09      0.23828931       113.90596      0.14229664      0.76164906          0.2458      0.24713146       2.4717148       7.6135655       2.3781645       3.8675318        3.8675318       2.3781645                                2.3781645
              1       5.0753539     0.022246865      0.11940113     0.010410616     -0.74087299      -2.7194002    2.100583e-09      0.23738617       114.11723      0.14229219      0.76255244      0.24580283       0.2471343       2.4705185        7.611716       2.4156442       3.8675318        3.8675318       2.4156442                                2.4156442
              5       5.0364831     0.022239676      0.11948366     0.010409977     -0.71640916      -2.8003552    2.100583e-09      0.23953922       113.62274      0.14236753      0.76039886      0.24579974      0.24713119       2.4718274       7.6145631       2.3379027       3.8675318        3.8675318       2.3379027                                2.3379027
              3       5.2754562     0.022250237      0.11925767     0.010408731     -0.81272345      -2.8377337    2.100583e-09       0.2216067       118.07972       0.1421521      0.77833592      0.24580428      0.24713575       2.4699049       7.6053583       2.8158488       3.8675318        3.8675318       2.8158488                                2.8158488
              4       5.1838999     0.022294102      0.11794576     0.010408674     0.050681607      -2.3201783    2.100583e-09      0.43629039        83.94932      0.14088406      0.56359564      0.24582308      0.24715462       2.4619431       7.6265952       2.6327363       3.8675318        3.8675318       2.6327363                                2.6327363
              1       6.3455372     0.022325486       0.1180439     0.010406549     -0.17592844      -1.9717785    2.100583e-09       0.3954749       88.178852      0.14101358      0.60442189      0.24583649      0.24716808       2.4562702       7.6144352       4.9560108       3.8675318        3.8675318       4.9560108                                4.9560108
              1       7.2438924     0.022336451      0.11790384     0.010405814      0.17834227      -2.6030424    2.100583e-09      0.45421236       82.256372      0.14088448      0.54566899      0.24584117      0.24717277       2.4542927       7.6159157       6.7527212       3.8675318        3.8675318       6.7527212                                6.7527212
             17        7.655385     0.022341904      0.11778151     0.010405578      0.10639528      -2.4771869    2.100583e-09      0.44100066       83.459849      0.14076761      0.55888405      0.24584349      0.24717511       2.4533104       7.6112755       7.5757064       3.8675318        3.8675318       7.5757064                                7.5757064
             14       6.6036388     0.022297526      0.11832246       0.0104058      0.14368563      -2.6727292    2.100583e-09       0.4410194       83.551426      0.14126417      0.55886571      0.24582454      0.24715609       2.4613233       7.6255365        5.472214       3.8675318        3.8675318        5.472214                                 5.472214
              1       6.6505462     0.022275913      0.11813524     0.010405968      0.12949688      -2.4650599    2.100583e-09      0.45161114       82.546285      0.14105535      0.54827103      0.24581529      0.24714681       2.4652399       7.6344598       5.5660288       3.8675318        3.8675318       5.5660288                                5.5660288
              1       6.9610659     0.022286151      0.11798304     0.010405878      0.15457008      -2.5776547    2.100583e-09      0.44958379       82.706901      0.14091338       0.5502988      0.24581968      0.24715121       2.4633835       7.6272234       6.1870683       3.8675318        3.8675318       6.1870683                                6.1870683
              1       6.7687875     0.022273063      0.11803921     0.010406022      0.25275577      -2.7973518    2.100583e-09      0.46332869       81.483157      0.14095647      0.53655034      0.24581407      0.24714558       2.4657571       7.6310321       5.8025114       3.8675318        3.8675318       5.8025114                                5.8025114
              7       5.9453484     0.022267767       0.1179204     0.010407358    0.0005840156      -2.4395834    2.100583e-09      0.41263334       86.327668      0.14083236      0.58725883       0.2458118       0.2471433       2.4667186       7.6225055       4.1556332       3.8675318        3.8675318       4.1556332                                4.1556332
              2       5.6765434     0.022254171      0.11811896     0.010407358    -0.064637045       -2.293023    2.100583e-09        0.405378       87.131601      0.14101732      0.59451621      0.24580597      0.24713745       2.4691893       7.6287843       3.6180232       3.8675318        3.8675318       3.6180232                                3.6180232
              1       5.7892079     0.022219356      0.11810217     0.010407526       0.1423397      -2.1723224    2.100583e-09      0.48017724       80.067034      0.14096572       0.5196974      0.24579098       0.2471224       2.4755329       7.6636373       3.8433522       3.8675318        3.8675318       3.8433522                                3.8433522
              2       7.5443873     0.021880141      0.12062998      0.01041086     -0.81440406      0.05972972    2.100583e-09      0.38505112         89.9254      0.14315431      0.61484989      0.24564238      0.24697326        2.538629       7.8159197       7.3537111       3.8675318        3.8675318       7.3537111                                7.3537111
              1       6.8726017     0.021927399      0.12054616     0.010411254     -0.91991176      0.29471605    2.100583e-09      0.37274764       91.366628      0.14311775      0.62715651      0.24566308      0.24699404        2.529694       7.8102399       6.0101398       3.8675318        3.8675318       6.0101398                                6.0101398
              2        8.580819     0.021882878      0.12270976      0.01040886     -0.86957343      -1.3302421    2.100583e-09      0.28871813       104.21204      0.14523683      0.71120871      0.24564358      0.24697447       2.5381102       7.7655731       9.4265743       3.8675318        3.8675318       9.4265743                                9.4265743
              1       7.3848712     0.022014002       0.1217746     0.010404174     -0.51224694      -1.8994359    2.100583e-09      0.33609524       96.385041       0.1444328      0.66381912      0.24570108      0.24703218       2.5134433        7.724862       7.0346788       3.8675318        3.8675318       7.0346788                                7.0346788
              2       7.8513436     0.021946914       0.1219859     0.010403804      -0.3104391      -1.9237425    2.100583e-09      0.38827511       89.731543      0.14457701      0.61162605      0.24567163      0.24700262       2.5260181       7.7556057       7.9676236       3.8675318        3.8675318       7.9676236                                7.9676236
              4       7.1370507     0.021962703      0.12134565     0.010404149     -0.82114853     -0.41702436    2.100583e-09      0.34666272       94.856233      0.14395255      0.65324866      0.24567855      0.24700957       2.5230501        7.759741       6.5390378       3.8675318        3.8675318       6.5390378                                6.5390378
              5       6.0884054     0.022033812      0.12050304     0.010405549      -1.1017374     -0.66865523    2.100583e-09      0.25877643        109.6001      0.14318104      0.74115706       0.2457098      0.24704093       2.5097485        7.695237       4.4417472       3.8675318        3.8675318       4.4417472                                4.4417472
              3        4.985169     0.022056225      0.12072255     0.010407411     -0.90967027     -0.54539108    2.100583e-09      0.30919061       100.29561      0.14342296      0.69073005      0.24571966      0.24705083       2.5055781       7.7122677       2.2352745       3.8675318        3.8675318       2.2352745                                2.2352745
              7       4.6914393     0.022131967      0.12052764     0.010407449     -0.97316725     -0.33436465    2.100583e-09      0.30489963        100.9342      0.14330379      0.69502207      0.24575294      0.24708423       2.4915613       7.6954861        1.647815       3.8675318        3.8675318        1.647815                                 1.647815
              1       4.2206519     0.022136426      0.11953056      0.01040945     -0.72831806     -0.74421349    2.100583e-09      0.33559374       96.042551      0.14231118      0.66431947       0.2457549      0.24708619       2.4907398       7.6836649      0.70624013       3.8675318        3.8675318      0.70624013                               0.70624013
              3        4.355806     0.022207804      0.11956605     0.010411089     -0.46882191     -0.45615829    2.100583e-09      0.44507814         83.3782      0.14241804      0.55480684      0.24578599      0.24711739       2.4776431       7.7426119      0.97654838       3.8675318        3.8675318      0.97654838                               0.97654838
              1       4.3715404     0.022205884      0.11962908     0.010411128      -0.4978349     -0.40871198    2.100583e-09      0.44001134       83.866586      0.14247916      0.55987501      0.24578515      0.24711656        2.477994       7.7431441       1.0080171       3.8675318        3.8675318       1.0080171                                1.0080171
              1       4.4608762     0.022232133      0.11981313     0.010410397     -0.44182222     -0.43727317    2.100583e-09      0.45936673       82.097771      0.14268946      0.54051479      0.24579649      0.24712793        2.473202       7.7517117       1.1866887       3.8675318        3.8675318       1.1866887                                1.1866887
              3        4.771024     0.022095292      0.12063683     0.010407506     -0.72956381     -0.86540711    2.100583e-09      0.33433216        96.42138      0.14337631      0.66558203      0.24573685      0.24706808       2.4983336       7.7047489       1.8069845       3.8675318        3.8675318       1.8069845                                1.8069845
              1        4.945837     0.022084705      0.12081961     0.010407237     -0.38269529      -1.5650043    2.100583e-09      0.38308243       90.109296      0.14354851      0.61681935      0.24573219       0.2470634       2.5002937       7.7122241       2.1566105       3.8675318        3.8675318       2.1566105                                2.1566105
              1       5.2255206     0.022078757      0.12120067     0.010407285     -0.42194406      -1.4734075    2.100583e-09      0.38072887       90.447791      0.14392362      0.61917377      0.24572958      0.24706078        2.501396       7.7200773       2.7159776       3.8675318        3.8675318       2.7159776                                2.7159776
              8       6.0554667     0.022316297      0.12036866     0.010406833     -0.27255595      -1.2410056    2.100583e-09      0.43887396       84.043259      0.14332915      0.56101335      0.24583256      0.24716414       2.4579291       7.6838883       4.3758698       3.8675318        3.8675318       4.3758698                                4.3758698
              1       4.7270508     0.022269024      0.11932296     0.010407827    -0.010024057      -1.6390128    2.100583e-09      0.48486399       79.831042      0.14223618      0.51501056      0.24581234      0.24714384       2.4664902          7.6882        1.719038       3.8675318        3.8675318        1.719038                                 1.719038
             12       4.3642941     0.022190334      0.12020242     0.010409603      0.12758487      -2.6201443    2.100583e-09      0.45106371        82.91905      0.14303694      0.54882024      0.24577841      0.24710979       2.4808392       7.6815944      0.99352464       3.8675318        3.8675318      0.99352464                               0.99352464
              4       4.3714477     0.022195971      0.12019681     0.010409336      0.18469267      -2.7820492    2.100583e-09      0.45629767       82.439436      0.14303697      0.54358493      0.24578086      0.24711225       2.4798073       7.6790315       1.0078318       3.8675318        3.8675318       1.0078318                                1.0078318
              1        4.346907     0.022275036      0.11957885     0.010409563     -0.28239602      -1.0082778    2.100583e-09      0.45287836       82.636266      0.14249808      0.54700468      0.24581492      0.24714643       2.4653991        7.700914      0.95875046       3.8675318        3.8675318      0.95875046                               0.95875046
              1       4.5441499      0.02220422      0.11835619     0.010410285      -0.7814118     -0.57453196    2.100583e-09      0.32572458       97.262883       0.1412046      0.67419053      0.24578443      0.24711583       2.4782982       7.6529017       1.3532363       3.8675318        3.8675318       1.3532363                                1.3532363
              2       4.5940667     0.022160501      0.11880541     0.010410587     -0.77504023     -0.91706365    2.100583e-09      0.30756921       100.18791       0.1416101      0.69235086      0.24576542      0.24709675        2.486311       7.6540994       1.4530698       3.8675318        3.8675318       1.4530698                                1.4530698
              1       4.8163209      0.02226347      0.11821039     0.010411932       -0.661702      -1.3219242    2.100583e-09      0.30714093       100.11279      0.14111805      0.69277897      0.24580996      0.24714145        2.467499       7.6159328       1.8975782       3.8675318        3.8675318       1.8975782                                1.8975782
              1       5.2174521     0.022285933      0.11823919     0.010413296      -1.2958974     0.053790688    2.100583e-09      0.23815527       113.68695      0.14116931      0.76178265      0.24581958      0.24715111       2.4634229       7.6110453       2.6998407       3.8675318        3.8675318       2.6998407                                2.6998407
              1       5.8143253     0.022295706      0.11777328     0.010412017      -1.8112195     0.074043319    2.100583e-09      0.15345651       141.50743      0.14071318      0.84650336      0.24582376      0.24715531       2.4616527       7.5720998       3.8935869       3.8675318        3.8675318       3.8935869                                3.8935869
              3       4.6333027     0.022255427      0.11835001     0.010410258    -0.085966819      -2.6896779    2.100583e-09      0.37357666       90.800386      0.14124963      0.62632601      0.24580651      0.24713799       2.4689609       7.6192018       1.5315418       3.8675318        3.8675318       1.5315418                                1.5315418
              1       4.3855108     0.022209188      0.11864123      0.01041041    -0.089092368      -2.1158834    2.100583e-09      0.41355444       86.359737      0.14149461        0.586338      0.24578658      0.24711799       2.4773901        7.652772        1.035958       3.8675318        3.8675318        1.035958                                 1.035958
              5       4.7102808     0.022237176      0.11822723     0.010411485    0.0040033169      -2.1866329    2.100583e-09      0.43345829       84.283715      0.14110859      0.56642866      0.24579866      0.24713011        2.472283       7.6458122        1.685498       3.8675318        3.8675318        1.685498                                 1.685498
              3       4.6791744     0.022235361      0.11826513     0.010411444    0.0086132518      -2.1914444    2.100583e-09      0.43476619       84.162989      0.14114468      0.56512045      0.24579788      0.24712933       2.4726136       7.6470692       1.6232852       3.8675318        3.8675318       1.6232852                                1.6232852
              1       4.6770465     0.022235621      0.11826602     0.010411444     0.007834078      -2.1902231    2.100583e-09      0.43462431       84.176767      0.14114583      0.56526237      0.24579799      0.24712944       2.4725664       7.6470041       1.6190294       3.8675318        3.8675318       1.6190294                                1.6190294
              8       4.6628227      0.02223542        0.118288     0.010411438     0.027771411      -2.2418204    2.100583e-09      0.43686908       83.963489      0.14116761      0.56301703      0.24579791      0.24712936       2.4726028        7.647018       1.5905819       3.8675318        3.8675318       1.5905819                                1.5905819
              4       4.9442584     0.022202052      0.11826142     0.010411584      0.12283287       -2.344123    2.100583e-09      0.45861683       81.955846      0.14110767      0.54126356      0.24578349      0.24711489       2.4786947       7.6590104       2.1534533       3.8675318        3.8675318       2.1534533                                2.1534533
              1       5.2244818     0.022103134      0.12100657     0.010407569      -1.1909767     -0.34073154    2.100583e-09      0.25749938       109.93402      0.14375389       0.7424347      0.24574029      0.24707153       2.4968834       7.6915233       2.7138999       3.8675318        3.8675318       2.7138999                                2.7138999
             12       5.3408217     0.022098261      0.12097708     0.010406907      -1.1367505      -0.4263559    2.100583e-09       0.2647746       108.40992      0.14371953       0.7351576      0.24573815      0.24706938       2.4977845       7.6931102       2.9465799       3.8675318        3.8675318       2.9465799                                2.9465799
              1       5.1380549     0.022342385       0.1185444     0.010408008      0.11677872       -2.644778    2.100583e-09      0.43530518       84.115039      0.14153097      0.56458163       0.2458437      0.24717532       2.4532237       7.6183783       2.5410463       3.8675318        3.8675318       2.5410463                                2.5410463
              1       5.1276831     0.022369935      0.11861136     0.010408431      0.15661248       -2.538194    2.100583e-09      0.45575872       82.206258      0.14162548      0.54412285      0.24585545      0.24718711       2.4482693       7.6211918       2.5203027       3.8675318        3.8675318       2.5203027                                2.5203027
              1       5.2800581     0.022392284      0.11900383     0.010408797     0.033581907      -1.9050167    2.100583e-09      0.47165205       80.856659       0.1420403      0.52822574        0.245865      0.24719669       2.4442615       7.6426589       2.8250525       3.8675318        3.8675318       2.8250525                                2.8250525
              2       5.1019448     0.022308677      0.11898702     0.010408029    -0.054214039      -1.2079356    2.100583e-09      0.51293782       77.558388      0.14193989      0.48692919      0.24582931      0.24716087       2.4593062       7.7122646        2.468826       3.8675318        3.8675318        2.468826                                 2.468826
              3       4.5035686     0.022206087      0.11974992     0.010408314    -0.046031433      -1.4220991    2.100583e-09      0.49687635       78.937989      0.14260019      0.50299542      0.24578524      0.24711665       2.4779569       7.7226758       1.2720737       3.8675318        3.8675318       1.2720737                                1.2720737
              9       4.6051783     0.022201217      0.11978949     0.010408164     0.098325899      -1.7346895    2.100583e-09      0.51698968       77.393993       0.1426349      0.48287693      0.24578313      0.24711453       2.4788473       7.7210534       1.4752931       3.8675318        3.8675318       1.4752931                                1.4752931
              3       4.4580425     0.022213781      0.11963091     0.010409013      0.18435936       -1.946637    2.100583e-09      0.52499107       76.777226      0.14248888      0.47487334      0.24578857      0.24711999        2.476551       7.7120884       1.1810215       3.8675318        3.8675318       1.1810215                                1.1810215
              2       4.3731516     0.022153279      0.11910824     0.010409224     -0.22086706      -1.3978408    2.100583e-09      0.43451992       84.337578      0.14190571      0.56536739      0.24576227      0.24709359       2.4876384       7.6969417       1.0112396       3.8675318        3.8675318       1.0112396                                1.0112396
              1       4.3597308     0.022156374      0.11909038     0.010409271     -0.22848629      -1.3768019    2.100583e-09      0.43375328       84.408421      0.14189094      0.56613421      0.24576362      0.24709495       2.4870695       7.6963887      0.98439807       3.8675318        3.8675318      0.98439807                               0.98439807
              3       4.2383193     0.022134077      0.11967978     0.010409828     -0.29867765      -1.5245264    2.100583e-09      0.40259453       87.710537      0.14245805      0.59730146      0.24575387      0.24708516       2.4911724       7.6929722        0.741575       3.8675318        3.8675318        0.741575                                 0.741575
              3       4.4554461     0.022211001      0.11945415      0.01040877     -0.53896596       -1.914277    2.100583e-09      0.31233219       99.511521      0.14230934      0.68758703      0.24578737      0.24711878       2.4770588       7.6399047       1.1758286       3.8675318        3.8675318       1.1758286                                1.1758286
             10       5.9036721     0.022045849      0.11892697     0.010409766     -0.75354512      -1.3650707    2.100583e-09      0.28938301       103.35802      0.14161701      0.71054179      0.24571509      0.24704624       2.5075075       7.6694496       4.0722806       3.8675318        3.8675318       4.0722806                                4.0722806
              5        5.767269     0.022038281      0.11910473     0.010408865     -0.39525584       -2.024746    2.100583e-09      0.33989459       95.401454       0.1417872      0.66001719      0.24571176       0.2470429       2.5089161       7.6787976       3.7994744       3.8675318        3.8675318       3.7994744                                3.7994744
              3       5.7160353     0.022042722      0.11904603     0.010408572     -0.33508608      -1.8988294    2.100583e-09      0.36290339       92.316607      0.14173294      0.63700237      0.24571372      0.24704486       2.5080893       7.6844394        3.697007       3.8675318        3.8675318        3.697007                                 3.697007
              2       5.7171581       0.0220423      0.11905204     0.010408563     -0.33326172      -1.9063284    2.100583e-09      0.36295331       92.311373      0.14173854      0.63695245      0.24571353      0.24704468       2.5081679       7.6845269       3.6992525       3.8675318        3.8675318       3.6992525                                3.6992525
              6       5.6700021     0.022246131      0.11920895     0.010407236      -1.4630893     -0.92213288    2.100583e-09      0.18058505        130.7965      0.14209927      0.81936818      0.24580251      0.24713398       2.4706521       7.6061002       3.6049406       3.8675318        3.8675318       3.6049406                                3.6049406
              6       5.7312971     0.022239834      0.11935981     0.010407075      -1.4850544     -0.96137309    2.100583e-09      0.17728247       132.04677      0.14224383      0.82267166      0.24579981      0.24713126       2.4717986       7.6090493       3.7275306       3.8675318        3.8675318       3.7275306                                3.7275306
             10       5.1108969     0.022179397      0.12049937     0.010410593      -1.5642685      0.25236989    2.100583e-09      0.20852429       122.02064      0.14332296      0.79142216      0.24577366      0.24710502       2.4828431       7.6592794       2.4867301       3.8675318        3.8675318       2.4867301                                2.4867301
              4        4.055808     0.022205616      0.11903864     0.010411234      -1.3083671      0.84456463    2.100583e-09      0.29254059       102.75141      0.14188845      0.70738354      0.24578504      0.24711644        2.478043       7.7013013       0.3765525       3.8675318        3.8675318       0.3765525                                0.3765525
             12        4.091177      0.02221792      0.11901402     0.010411263      -1.3657121      0.76167101    2.100583e-09      0.26955459       107.03306      0.14187613      0.73037549      0.24579036      0.24712178       2.4757949       7.6758668      0.44729042       3.8675318        3.8675318      0.44729042                               0.44729042
              8       4.8360434     0.022144494      0.11997636     0.010408575      -2.1964467       1.3897165    2.100583e-09      0.15014261       143.69291      0.14276505      0.84981869      0.24575843      0.24708973       2.4892543       7.6511859       1.9370233       3.8675318        3.8675318       1.9370233                                1.9370233
              3       4.4545112     0.022192697      0.12038541     0.010408679      -1.3689161       1.0861688    2.100583e-09      0.30576539       100.73821       0.1432223      0.69415604      0.24577944      0.24711082       2.4804064       7.7439423       1.1739588       3.8675318        3.8675318       1.1739588                                1.1739588
              3       4.8675311      0.02217969      0.12057219     0.010408214      -1.3193628       1.1462892    2.100583e-09      0.33165869        96.73467      0.14339607      0.66825619      0.24577379      0.24710515       2.4827894       7.7774747       1.9999986       3.8675318        3.8675318       1.9999986                                1.9999986
              3       5.3526787     0.022040768      0.12101606      0.01040688      -1.7356324       1.6049229    2.100583e-09      0.25148187        111.2375      0.14370102      0.74845373      0.24571286        0.247044        2.508453       7.7659666       2.9702938       3.8675318        3.8675318       2.9702938                                2.9702938
              2       5.5554062     0.021965263      0.12033187     0.010408508      -1.1840893      0.58606537    2.100583e-09      0.31522956       99.301515      0.14294132      0.68468928      0.24567968      0.24701069       2.5225694       7.7711964       3.3757489       3.8675318        3.8675318       3.3757489                                3.3757489
              3       4.8980354     0.022024806       0.1200405      0.01040918      -1.0961058      0.46854689    2.100583e-09      0.32926684       97.089813       0.1427095      0.67064825      0.24570583      0.24703695       2.5114272       7.7588103       2.0610072       3.8675318        3.8675318       2.0610072                                2.0610072
             11       4.3774815     0.022153327      0.11950963     0.010411111      -0.2889367      -1.3544991    2.100583e-09      0.41792991       86.054461      0.14230715      0.58196201      0.24576229      0.24709361       2.4876296       7.6971983       1.0198995       3.8675318        3.8675318       1.0198995                                1.0198995
              1        4.448618     0.022121515      0.11934275     0.010409731      -0.3367392      -1.6951678    2.100583e-09      0.37697382       90.594454      0.14210845      0.62292856      0.24574836      0.24707963       2.4934886       7.6788379       1.1621725       3.8675318        3.8675318       1.1621725                                1.1621725
              1       4.8267537     0.022152771      0.11871012     0.010411123     -0.21562982      -2.0892994    2.100583e-09      0.37944617       90.189055      0.14150708      0.62045514      0.24576205      0.24709337       2.4877317       7.6570443       1.9184439       3.8675318        3.8675318       1.9184439                                1.9184439
              5       4.4081262     0.022164256      0.11948567     0.010411034      0.29499548      -2.9585402    2.100583e-09      0.47185409       80.981173      0.14229411      0.52802387      0.24576706       0.2470984       2.4856214       7.6774473       1.0811889       3.8675318        3.8675318       1.0811889                                1.0811889
              5       4.4546915     0.022160758      0.11953399     0.010411161      0.27470463      -2.9356966    2.100583e-09      0.46763583       81.353489      0.14233894      0.53224326      0.24576553      0.24709687       2.4862637       7.6782139       1.1743194       3.8675318        3.8675318       1.1743194                                1.1743194
              4       4.4371757     0.022158002      0.11945859     0.010411017       0.3234723      -2.9962268    2.100583e-09      0.47764009       80.487503      0.14226079      0.52223635      0.24576433      0.24709566       2.4867701       7.6793916       1.1392879       3.8675318        3.8675318       1.1392879                                1.1392879
              2       4.6335854     0.022240088      0.11825287     0.010411729     -0.31383688      -1.3664966    2.100583e-09      0.40085234       87.647452      0.14113715      0.59904314      0.24579992      0.24713137       2.4717524       7.6536992       1.5321072       3.8675318        3.8675318       1.5321072                                1.5321072
             11         4.78649      0.02226615      0.11789689     0.010410939     -0.29624933      -1.1110811    2.100583e-09      0.42751141       84.809323      0.14080723      0.57237685      0.24581111      0.24714261       2.4670121       7.6642696       1.8379165       3.8675318        3.8675318       1.8379165                                1.8379165
              5       4.8586975     0.022270229      0.11779748     0.010410939     -0.34110727      -1.1837502    2.100583e-09      0.40522128       87.094215       0.1407119      0.59467274      0.24581286      0.24714436       2.4662715       7.6483334       1.9823315       3.8675318        3.8675318       1.9823315                                1.9823315
              2       5.1544311     0.022167253      0.11837981     0.010410166    -0.023994707      -1.3757488    2.100583e-09      0.50181824       78.375831      0.14119126      0.49805096      0.24576837      0.24709971       2.4850711        7.720649       2.5737986       3.8675318        3.8675318       2.5737986                                2.5737986
              2       7.5508071     0.022114093      0.11742808     0.010409196    -0.031142298      -1.7345441    2.100583e-09      0.45764513       81.953081      0.14018637      0.54223473      0.24574511      0.24707636       2.4948585       7.6823037       7.3665507       3.8675318        3.8675318       7.3665507                                7.3665507
              2       5.2631608     0.022165094      0.11874345     0.010407195     -0.20461444      -1.4711512    2.100583e-09      0.43176742       84.548758      0.14155274      0.56812032      0.24576743      0.24709877       2.4854675       7.6852129        2.791258       3.8675318        3.8675318        2.791258                                 2.791258
              9       4.9701761     0.022190648      0.11889073     0.010409578      -1.4467392     -0.52821863    2.100583e-09      0.19280364       126.54345      0.14172557      0.80714629      0.24577855      0.24710993       2.4807817        7.619138       2.2052886       3.8675318        3.8675318       2.2052886                                2.2052886
              1       5.0030594     0.022240699      0.11905149     0.010408949      -1.4596077     -0.70881602    2.100583e-09       0.1860048       128.84486      0.14193638      0.81394697      0.24580018      0.24713164       2.4716411       7.6074938       2.2710552       3.8675318        3.8675318       2.2710552                                2.2710552
              3       5.1762427     0.022229944      0.11904995     0.010408959      -1.6167535     -0.73975791    2.100583e-09      0.16390535       137.26204      0.14192409      0.83605215      0.24579555      0.24712699       2.4736011       7.6048111       2.6174218       3.8675318        3.8675318       2.6174218                                2.6174218
              2       5.4674681     0.022136831       0.1203549     0.010407731      -1.5970413     -0.82042576    2.100583e-09      0.17096872       134.74802      0.14313592      0.82898732      0.24575507      0.24708637       2.4906652       7.6480056       3.1998727       3.8675318        3.8675318       3.1998727                                3.1998727
              6       5.3176205     0.022149111      0.12005791     0.010405823      -1.0533832     -0.19984696    2.100583e-09      0.29120295       103.19094      0.14285121      0.70872203      0.24576045      0.24709176       2.4884049       7.6820443       2.9001774       3.8675318        3.8675318       2.9001774                                2.9001774
              1       5.2231682     0.022155202      0.12000862     0.010405871     -0.93791857     -0.26567691    2.100583e-09      0.31607024       99.037657      0.14280802      0.68384831      0.24576311      0.24709443       2.4872848       7.6893179       2.7112729       3.8675318        3.8675318       2.7112729                                2.7112729
              8       4.7949269     0.022126651      0.11999511     0.010406642     -0.75878963     -0.40280244    2.100583e-09      0.35628233       93.290118      0.14276595      0.64362583      0.24575061      0.24708189       2.4925413       7.7109439       1.8547902       3.8675318        3.8675318       1.8547902                                1.8547902
              1       4.7973274     0.022125683      0.11999608     0.010406642     -0.74493665     -0.40695415    2.100583e-09      0.36012977       92.790968      0.14276595       0.6397774      0.24575019      0.24708147       2.4927197        7.713012       1.8595913       3.8675318        3.8675318       1.8595913                                1.8595913
              3       5.3912023     0.022036767      0.12083711     0.010406439     -0.40833742      -1.5927257    2.100583e-09       0.3747023       91.131997      0.14351807      0.62520162       0.2457111      0.24704223       2.5091981       7.7200721        3.047341       3.8675318        3.8675318        3.047341                                 3.047341
              1       4.1975008     0.022231334      0.11974683     0.010410127     -0.56391539      -1.2125388    2.100583e-09      0.34870686       94.217808      0.14262235      0.65120316      0.24579615      0.24712759       2.4733476       7.6602414      0.65993796       3.8675318        3.8675318      0.65993796                               0.65993796
              3       5.4405987     0.022177072      0.12089278     0.010411119      0.11725127      -2.4443259    2.100583e-09      0.46515634       81.753361      0.14371405      0.53472454      0.24577265        0.247104       2.4832694       7.7021083       3.1461338       3.8675318        3.8675318       3.1461338                                3.1461338
              1       5.3822424     0.022234525      0.12041891     0.010411841     0.058728868      -2.7330152    2.100583e-09      0.42300352       85.641179      0.14329763      0.57688784      0.24579752      0.24712897       2.4727661       7.6666778       3.0294212       3.8675318        3.8675318       3.0294212                                3.0294212
              2       6.1614229     0.022045384      0.12022847     0.010412286      -0.9034493      -1.1730585    2.100583e-09      0.27271488       106.70767      0.14291805       0.7272149      0.24571489      0.24704604        2.507594       7.6880644       4.5877822       3.8675318        3.8675318       4.5877822                                4.5877822
              1       5.2203334     0.022242097      0.11755358     0.010412151     -0.96583928      0.32152908    2.100583e-09      0.34127666       94.873826      0.14043987      0.65863391      0.24580078      0.24713224       2.4713866       7.6854267       2.7056033       3.8675318        3.8675318       2.7056033                                2.7056033
              1       5.3648871     0.022360946      0.11822873     0.010412611      0.25665354       -1.959849    2.100583e-09      0.53996939       75.477289      0.14123387      0.45988991      0.24585162      0.24718326        2.449884       7.6707901       2.9947107       3.8675318        3.8675318       2.9947107                                2.9947107
             13       5.2185918     0.022366234      0.11831949     0.010412489      0.19495324      -1.9208753    2.100583e-09      0.52184088       76.787585      0.14132992      0.47802324      0.24585387      0.24718553       2.4489339       7.6630244       2.7021201       3.8675318        3.8675318       2.7021201                                2.7021201
              1       4.8847943     0.022277151      0.11872632      0.01041298    -0.083951667      -1.6122361    2.100583e-09      0.45652038       82.184823      0.14164766      0.54336101      0.24581582      0.24714734       2.4650153       7.6684927        2.034525       3.8675318        3.8675318        2.034525                                 2.034525
              1       4.2024155     0.022246763      0.11893082     0.010411274     -0.55493253      -1.1102319    2.100583e-09      0.35306691       93.497453      0.14182178      0.64684147      0.24580279      0.24713425       2.4705371       7.6492854      0.66976737       3.8675318        3.8675318      0.66976737                               0.66976737
              2       4.1701842     0.022221915      0.11916974     0.010411255     -0.59613581     -0.92055692    2.100583e-09      0.35676134       93.059703      0.14203585      0.64314622      0.24579208      0.24712351       2.4750657       7.6642951      0.60530481       3.8675318        3.8675318      0.60530481                               0.60530481
             25       4.3008591     0.022142636      0.11937915     0.010409519     -0.18513564      -1.4404832    2.100583e-09      0.44411889       83.463637      0.14216598      0.55576614      0.24575761      0.24708892       2.4895963       7.7058328      0.86665464       3.8675318        3.8675318      0.86665464                               0.86665464
              2       4.3177145     0.022137052       0.1193192     0.010409643     -0.24855455      -1.4316225    2.100583e-09       0.4237328       85.440953      0.14210045      0.57615745      0.24575517      0.24708647       2.4906245       7.6978715      0.90036544       3.8675318        3.8675318      0.90036544                               0.90036544
              1       4.3088237     0.022139841      0.11931449     0.010409652     -0.23985484      -1.4117662    2.100583e-09      0.42822103       84.990361      0.14209852      0.57166806      0.24575639      0.24708769       2.4901108       7.6996661      0.88258389       3.8675318        3.8675318      0.88258389                               0.88258389
              5       4.0736953     0.022167812      0.11969472     0.010409224      -1.3945593      0.68015256    2.100583e-09      0.26093496       108.93589      0.14250673      0.73899765      0.24576861      0.24709996       2.4849684       7.6852679        0.412327       3.8675318        3.8675318        0.412327                                 0.412327
              1       4.1662374       0.0222718      0.11954772      0.01040991      -1.8293286       1.7528189    2.100583e-09      0.22970586       115.93787      0.14246371       0.7702348      0.24581353      0.24714504       2.4659863       7.6895114      0.59741114       3.8675318        3.8675318      0.59741114                               0.59741114
              1       4.1309781     0.022271354      0.11942729     0.010410434      -1.8581706       1.7925853    2.100583e-09      0.22470964       117.18022      0.14234284      0.77523226      0.24581334      0.24714485       2.4660674        7.686372      0.52689262       3.8675318        3.8675318      0.52689262                               0.52689262
             14        4.140108     0.022284378      0.11934306     0.010410514      -1.8202645       1.7139283    2.100583e-09      0.22815128       116.32364      0.14227163       0.7717897      0.24581892      0.24715044       2.4637048       7.6800085      0.54515241       3.8675318        3.8675318      0.54515241                               0.54515241
              4       4.2162572     0.022291274      0.11932344     0.010410782      -1.8732401       1.7340407    2.100583e-09       0.2168257       119.34294       0.1422589      0.78311821      0.24582187      0.24715341       2.4624553        7.667991      0.69745076       3.8675318        3.8675318      0.69745076                               0.69745076
              6       4.2649315     0.022214412       0.1198117      0.01041013      -1.5315831       1.4939822    2.100583e-09      0.29061211       102.91996       0.1426703      0.70931292      0.24578884      0.24712026       2.4764356       7.7586947      0.79479949       3.8675318        3.8675318      0.79479949                               0.79479949
              2       4.7119287     0.022341618       0.1191728     0.010412087     -0.62649708     -0.62871494    2.100583e-09      0.36998938       91.337085      0.14215861      0.62991484      0.24584337      0.24717499       2.4533619       7.6536276       1.6887939       3.8675318        3.8675318       1.6887939                                1.6887939
              3       5.4266381      0.02238206      0.11889858     0.010413553     -0.81530038     -0.19741066    2.100583e-09       0.3464932        94.32323      0.14192483      0.65341696      0.24586063      0.24719231       2.4460937       7.6464216       3.1182126       3.8675318        3.8675318       3.1182126                                3.1182126
              1       4.6256329     0.022256071      0.11842845     0.010412534     -0.57980662     -0.78498547    2.100583e-09      0.36736903       91.576514      0.14132871      0.63253531      0.24580679      0.24713827       2.4688437       7.6560109       1.5162022       3.8675318        3.8675318       1.5162022                                1.5162022
             18       4.1931745     0.022191365      0.11913878     0.010410635     -0.53429924     -0.38955534    2.100583e-09      0.42598024       85.170012      0.14197434      0.57390934      0.24577886      0.24711024       2.4806503       7.7317622      0.65128534       3.8675318        3.8675318      0.65128534                               0.65128534
              5       4.7665725     0.022174993      0.11892904      0.01041071      -0.3491253     -0.44750398    2.100583e-09      0.49131005       79.282222      0.14174822      0.50856239      0.24577174       0.2471031       2.4836507       7.7817191       1.7980815       3.8675318        3.8675318       1.7980815                                1.7980815
              1       5.0959458     0.022256577      0.11784199     0.010410283     -0.26155455     -0.79546877    2.100583e-09      0.47464186       80.483992      0.14074276      0.52523403        0.245807      0.24713849       2.4687518       7.7120921       2.4568281       3.8675318        3.8675318       2.4568281                                2.4568281
              3       4.7143498     0.022294218      0.11792354     0.010410185     -0.38402757     -0.76375685    2.100583e-09      0.43222211       84.340194      0.14086195      0.56766497      0.24582313      0.24715467       2.4619222       7.6775215        1.693636       3.8675318        3.8675318        1.693636                                 1.693636
              5       5.4773334     0.022321753      0.11735784     0.010412238      -0.6323764      -1.1903989    2.100583e-09       0.3171241       98.355116      0.14032378      0.68279273      0.24583489      0.24716648        2.456944       7.5959438       3.2196032       3.8675318        3.8675318       3.2196032                                3.2196032
              1       5.4628174     0.022306365      0.11769229     0.010413392     -0.78614319     -0.81105453    2.100583e-09      0.30341287       100.61783      0.14064285      0.69650774      0.24582832      0.24715988       2.4597241       7.6070287       3.1905713       3.8675318        3.8675318       3.1905713                                3.1905713
              2       5.4480909     0.022310993       0.1176859      0.01041341      -0.7710423     -0.81108842    2.100583e-09      0.30717763       99.996368      0.14064109      0.69274199       0.2458303      0.24716187       2.4588875       7.6073655       3.1611182       3.8675318        3.8675318       3.1611182                                3.1611182
              1       5.4753309     0.022379749      0.11762861     0.010412825      -1.2546087     -0.12919174    2.100583e-09      0.23424443       114.46707      0.14065255      0.76569428      0.24585964      0.24719132        2.446508       7.5763546       3.2155981       3.8675318        3.8675318       3.2155981                                3.2155981
              3        4.408363     0.022293239      0.11858411      0.01041119      -1.2623293     0.058558195    2.100583e-09      0.24776509       111.52361      0.14152154      0.75217048      0.24582271      0.24715425       2.4620994       7.6180147       1.0816625       3.8675318        3.8675318       1.0816625                                1.0816625
             10       4.2904944     0.022263772      0.11876547     0.010410934      -1.2152868    -0.012785553    2.100583e-09      0.25534105       109.90418      0.14167343      0.74459262      0.24581009      0.24714158       2.4674441       7.6287657      0.84592519       3.8675318        3.8675318      0.84592519                               0.84592519
              3       5.7938044     0.022232459      0.11901594      0.01041322     -0.60699657      -2.7034388    2.100583e-09      0.25899801       109.18648      0.14189259      0.74093481      0.24579663      0.24712808       2.4731426       7.6128041       3.8525452       3.8675318        3.8675318       3.8525452                                3.8525452
              1       5.2141488     0.022312803      0.11906623     0.010411795      -1.0064693      -1.5781367    2.100583e-09      0.22875717       116.15173      0.14202322      0.77118355      0.24583107      0.24716264       2.4585604         7.59612        2.693234       3.8675318        3.8675318        2.693234                                 2.693234
              4       5.4706382     0.022290357      0.11930128      0.01041177      -1.3600298      -1.3529672    2.100583e-09      0.18216729       130.22448      0.14223583      0.81778557      0.24582148      0.24715301       2.4626214       7.5968064       3.2062128       3.8675318        3.8675318       3.2062128                                3.2062128
              6       4.9731416     0.022213191      0.11970626     0.010410223       -1.327817       -1.134747    2.100583e-09      0.19565729       125.78163      0.14256365       0.8042922      0.24578832      0.24711973       2.4766587       7.6241349       2.2112197       3.8675318        3.8675318       2.2112197                                2.2112197
              6       5.6299308     0.022222038      0.11941681     0.010407344      -1.2799947      -1.6576664    2.100583e-09      0.18716507       128.53523      0.14228304      0.81278652      0.24579214      0.24712357       2.4750434       7.6128946        3.524798       3.8675318        3.8675318        3.524798                                 3.524798
              4       5.5623066     0.022248231      0.11935605     0.010407923      -1.5829076      -1.2057891    2.100583e-09      0.15867057       139.57086      0.14224847      0.84128837      0.24580342      0.24713489       2.4702699       7.6026299       3.3895496       3.8675318        3.8675318       3.3895496                                3.3895496
              5       5.5600639     0.022303141      0.11905062     0.010408573      -1.4627804      -1.3256286    2.100583e-09      0.16888712       135.18239      0.14199795      0.83106911      0.24582694       0.2471585       2.4603071       7.5868819       3.3850643       3.8675318        3.8675318       3.3850643                                3.3850643
              1       6.0749742     0.022419769      0.11810121     0.010409431      -2.0388543       0.7381341    2.100583e-09      0.14372199       146.23125      0.14116517      0.85624054      0.24587675      0.24720849       2.4393463        7.551468       4.4148849       3.8675318        3.8675318       4.4148849                                4.4148849
              4       5.7101233     0.022391405       0.1181025     0.010409478      -1.9730778      0.78168494    2.100583e-09      0.15323187       141.63739       0.1411381      0.84672818      0.24586462      0.24719631       2.4444189       7.5616253        3.685183       3.8675318        3.8675318        3.685183                                 3.685183
              1       6.0163784     0.022376469      0.11758835     0.010411592      -1.6634655     -0.40958832    2.100583e-09      0.15873633       139.04403      0.14060901      0.84122213      0.24585824      0.24718991       2.4470965        7.549508       4.2976933       3.8675318        3.8675318       4.2976933                                4.2976933
              3       6.2587676     0.022325335      0.11737378     0.010410453      -1.5471513     -0.60003621    2.100583e-09      0.16853114       134.92032      0.14034331      0.83142467      0.24583642      0.24716801       2.4562973       7.5584462       4.7824716       3.8675318        3.8675318       4.7824716                                4.7824716
              4       6.6795418     0.022268212      0.11819786     0.010405681      -1.0308658     -0.11613627    2.100583e-09      0.29145645       102.76701      0.14111026      0.70846754      0.24581199       0.2471435       2.4666377       7.6322826         5.62402       3.8675318        3.8675318         5.62402                                  5.62402
              1       5.7256121     0.022273579      0.11857575     0.010406237       -0.928997     -0.15110691    2.100583e-09      0.31804231       98.440241      0.14149352      0.68187497      0.24581429       0.2471458       2.4656635       7.6488841       3.7161606       3.8675318        3.8675318       3.7161606                                3.7161606
              2       4.9341862     0.022216341      0.11858042     0.010407698     -0.36183016       -1.000084    2.100583e-09      0.42117212       85.563713      0.14144095      0.57871829      0.24578968       0.2471211       2.4760834       7.6838112       2.1333088       3.8675318        3.8675318       2.1333088                                2.1333088
              3       6.3202243      0.02215293      0.11832886     0.010406535     -0.33200015      -1.0147848    2.100583e-09      0.42923875       84.740847      0.14112598      0.57064931      0.24576212      0.24709344       2.4877025       7.6978137        4.905385       3.8675318        3.8675318        4.905385                                 4.905385
              2       6.6566977     0.022000951      0.11917884      0.01040673     -0.36375538      -1.0211388    2.100583e-09      0.42369397       85.471761      0.14182398      0.57619608      0.24569534      0.24702642       2.5158822        7.739332       5.5783319       3.8675318        3.8675318       5.5783319                                5.5783319
              7       6.9128841     0.021997552       0.1189234     0.010406939      -0.9522351      0.34873311    2.100583e-09      0.35930558       92.775151      0.14156514      0.64060102      0.24569385      0.24702492       2.5165179       7.7678501       6.0907046       3.8675318        3.8675318       6.0907046                                6.0907046
              1       5.1561225     0.022462254      0.11812721     0.010411455      -1.3367363       1.0404025    2.100583e-09      0.29741633       101.63682      0.14123366      0.70250617      0.24589495      0.24722675       2.4317782       7.6532596       2.5771814       3.8675318        3.8675318       2.5771814                                2.5771814
              2       5.1746012     0.022464093      0.11812086     0.010411444      -1.3422375       1.0432564    2.100583e-09      0.29588503       101.89779      0.14122914      0.70403787      0.24589573      0.24722754       2.4314515       7.6515275       2.6141388       3.8675318        3.8675318       2.6141388                                2.6141388
              1       4.6946976     0.022408577      0.11819869     0.010410192      -1.3886831       1.0062555    2.100583e-09      0.27871813       105.02911      0.14125145      0.72120925      0.24587196      0.24720368       2.4413459       7.6452997       1.6543315       3.8675318        3.8675318       1.6543315                                1.6543315
              5        5.134493     0.022391839      0.11779954     0.010411539      -1.5308485      0.54902931    2.100583e-09      0.21321814       120.00845      0.14083558      0.78672614      0.24586481       0.2471965       2.4443411       7.5801678       2.5339224       3.8675318        3.8675318       2.5339224                                2.5339224
              3       5.6020877     0.022267884      0.11737888     0.010412258     -0.95711792     -0.35077035    2.100583e-09      0.28843978       103.15598      0.14029096      0.71148456      0.24581185      0.24714335       2.4666973       7.6152832       3.4691118       3.8675318        3.8675318       3.4691118                                3.4691118
              2        5.738759       0.0223191      0.11791039      0.01041394     -0.72505516      -1.3009069    2.100583e-09      0.29067607       102.83236      0.14087369        0.709248      0.24583376      0.24716534       2.4574229       7.5950699       3.7424544       3.8675318        3.8675318       3.7424544                                3.7424544
              2       5.8171591      0.02233268      0.11992552     0.010407734     -0.58944883      -2.0140922    2.100583e-09      0.29828902       101.85869      0.14290239      0.70163416      0.24583956      0.24717116       2.4549726        7.615779       3.8992546       3.8675318        3.8675318       3.8992546                                3.8992546
              1       6.3773164     0.022519226      0.11791125     0.010409471     -0.68873326      -0.1787795    2.100583e-09      0.38491286        89.29024      0.14107467      0.61498673      0.24591938      0.24725127       2.4216849        7.630346       5.0195692       3.8675318        3.8675318       5.0195692                                5.0195692
              7       7.4207681     0.022504171      0.11709478     0.010408149     -0.47206957     -0.86326746    2.100583e-09      0.38684165       88.946061      0.14024314      0.61305684      0.24591292      0.24724479       2.4243459       7.5903076       7.1064727       3.8675318        3.8675318       7.1064727                                7.1064727
              4       5.6700533     0.022418358      0.11898976      0.01040832     -0.24057137      -1.4556343    2.100583e-09      0.42096329       85.575255      0.14205231      0.57892764      0.24587614      0.24720788       2.4395982        7.629208       3.6050429       3.8675318        3.8675318       3.6050429                                3.6050429
              1       5.9291118     0.022472992      0.11829112     0.010409191     -0.49384157      -1.1805174    2.100583e-09       0.3609528       92.283974       0.1414083      0.63895326      0.24589955      0.24723137        2.429871       7.5914902       4.1231601       3.8675318        3.8675318       4.1231601                                4.1231601
              1       6.3857739     0.022513992      0.11837947     0.010409376      -0.8093809     0.078088976    2.100583e-09      0.37289662       90.792898      0.14153765      0.62700642      0.24591713      0.24724902       2.4226095        7.643683       5.0364841       3.8675318        3.8675318       5.0364841                                5.0364841
              6       6.6944255     0.022536449      0.11825339     0.010409708     -0.70740394    -0.037174999    2.100583e-09      0.39579353       88.100394      0.14143403      0.60410348      0.24592676      0.24725868       2.4186458       7.6482183       5.6537874       3.8675318        3.8675318       5.6537874                                5.6537874
              3       7.4997272     0.022541522      0.11918318      0.01041063      -1.5385439       1.3864945    2.100583e-09      0.27535506        105.7578      0.14236889      0.72457376      0.24592894      0.24726087       2.4177517       7.6486166       7.2643908       3.8675318        3.8675318       7.2643908                                7.2643908
              6       6.7659066     0.022461998      0.11981591     0.010410211      -1.4341722       1.0809416    2.100583e-09      0.28015348       105.02826       0.1429221      0.71977438      0.24589484      0.24722664       2.4318237       7.6568457       5.7967497       3.8675318        3.8675318       5.7967497                                5.7967497
              3       6.5024338     0.022381588      0.12050234     0.010409724      -1.2063653      0.51152762    2.100583e-09      0.30061842       101.54256      0.14352812       0.6993045      0.24586043      0.24719211       2.4461783        7.667315        5.269804       3.8675318        3.8675318        5.269804                                 5.269804
              2       5.2989647      0.02236803       0.1195983     0.010409697       -1.835596         1.19991    2.100583e-09       0.1953738       125.77048      0.14261052      0.80457578      0.24585464       0.2471863       2.4486114       7.6162572       2.8628658       3.8675318        3.8675318       2.8628658                                2.8628658
              7       5.3457994     0.022344457      0.11984506     0.010409427      -1.8933653       1.2277639    2.100583e-09      0.18776327       128.36052      0.14283371      0.81218835      0.24584458       0.2471762       2.4528505       7.6210223       2.9565351       3.8675318        3.8675318       2.9565351                                2.9565351
              3       6.3866495     0.021922991      0.12074766     0.010407417     -0.26722596      -2.3014528    2.100583e-09      0.36750261       92.049465      0.14331484      0.63240302      0.24566115       0.2469921       2.5305254       7.7334406       5.0382353       3.8675318        3.8675318       5.0382353                                5.0382353
              9       8.0186178     0.021970876      0.11886999     0.010407237     -0.69300543      -1.9381527    2.100583e-09      0.27607867       105.84118      0.14148506      0.72384952      0.24568214      0.24701317       2.5215158       7.6764784       8.3021721       3.8675318        3.8675318       8.3021721                                8.3021721
              4       8.4487585     0.021953618      0.11891438     0.010406898     -0.60576955      -2.1865637    2.100583e-09      0.28357493       104.44824      0.14151219      0.71635132      0.24567457      0.24700557       2.5247574       7.6807337       9.1624534       3.8675318        3.8675318       9.1624534                                9.1624534
              3       7.1153093      0.02196516      0.11949549     0.010409922       -1.233229      -1.2770218    2.100583e-09      0.20606973       122.64269      0.14210484       0.7938769      0.24567963      0.24701065       2.5225888       7.6783486       6.4955551       3.8675318        3.8675318       6.4955551                                6.4955551
              1       5.2911923     0.022026027      0.11960627      0.01040995     -0.49833173      -1.3361057    2.100583e-09      0.35877793       92.941582      0.14227649      0.64112927      0.24570637      0.24703749       2.5111997       7.7051501       2.8473211       3.8675318        3.8675318       2.8473211                                2.8473211
              1       5.4114375     0.022230967      0.11965416     0.010406522     -0.88817987      -1.2486729    2.100583e-09      0.26994597       107.06728      0.14252932      0.72998432      0.24579599      0.24712743       2.4734147       7.6345283       3.0878115       3.8675318        3.8675318       3.0878115                                3.0878115
              1       5.3482061     0.022294418      0.11994011     0.010408226      -0.9100572      -1.4399427    2.100583e-09      0.25776668       109.59271      0.14287872      0.74216693      0.24582321      0.24715476       2.4618859       7.6205475       2.9613486       3.8675318        3.8675318       2.9613486                                2.9613486
              2       5.6628415     0.022425347      0.11847075     0.010409826     -0.88862418      -1.3633187    2.100583e-09      0.25613846        109.6055      0.14154029      0.74379494      0.24587914      0.24721088       2.4383505        7.569307       3.5906194       3.8675318        3.8675318       3.5906194                                3.5906194
              3         7.27754     0.022372187      0.11950089     0.010406124     -0.86564178      -2.0013552    2.100583e-09      0.24190765       113.00751      0.14251726      0.75802989      0.24585642      0.24718808        2.447865       7.5888099       6.8200165       3.8675318        3.8675318       6.8200165                                6.8200165
              2       7.5024815     0.022411474      0.11939435      0.01040566    -0.017310411      -2.4722112    2.100583e-09      0.41382236       86.372763      0.14245002      0.58607073       0.2458732      0.24720492       2.4408281       7.6119703       7.2698994       3.8675318        3.8675318       7.2698994                                7.2698994
              7       7.8285169     0.022415286       0.1192591     0.010405372     0.088569726      -2.9067355    2.100583e-09      0.41368012       86.366379      0.14231857       0.5862129      0.24587483      0.24720656       2.4401469       7.6032181       7.9219703       3.8675318        3.8675318       7.9219703                                7.9219703
              1       6.0741493     0.022170166      0.12149327     0.010406988      -1.2762293      0.21376992    2.100583e-09      0.27026061       107.36568      0.14430763      0.72967046      0.24576964      0.24710099       2.4845363       7.6986328        4.413235       3.8675318        3.8675318        4.413235                                 4.413235
              2       5.6645892     0.022191711      0.12105811     0.010409586      -1.2380591     -0.48043544    2.100583e-09      0.24103493       113.59528      0.14389401      0.75890343      0.24577901      0.24711039        2.480587       7.6660579       3.5941149       3.8675318        3.8675318       3.5941149                                3.5941149
              3       6.0146763     0.021976032      0.12010572     0.010408723       -2.342785       1.9833415    2.100583e-09       0.1500393       143.87316      0.14272594      0.84992201       0.2456844      0.24701544       2.5205487       7.7019618       4.2942891       3.8675318        3.8675318       4.2942891                                4.2942891
              5       7.0330032     0.021882656      0.12048498     0.010408105      -1.8805328       1.5534009    2.100583e-09      0.21149122       121.30576      0.14301182      0.78845435      0.24564348      0.24697437       2.5381522       7.7587226       6.3309428       3.8675318        3.8675318       6.3309428                                6.3309428
             11       6.8473579     0.021893277      0.12042508     0.010408251      -1.8435526       1.5004156    2.100583e-09      0.21574261       120.08733      0.14296255      0.78420185      0.24564813      0.24697904       2.5361405       7.7567442       5.9596522       3.8675318        3.8675318       5.9596522                                5.9596522
              6       5.3635184     0.022079424      0.11973346     0.010407287       -1.671208      0.43610266    2.100583e-09      0.19528065       125.97751      0.14245707       0.8046689      0.24572987      0.24706107       2.5012723       7.6671342       2.9919733       3.8675318        3.8675318       2.9919733                                2.9919733
              2        5.760769     0.022079998      0.11918115     0.010408417       -1.838551       0.2895437    2.100583e-09      0.16327647        137.6412      0.14190534      0.83668118      0.24573012      0.24706133       2.5011659       7.6466678       3.7864745       3.8675318        3.8675318       3.7864745                                3.7864745
              1       6.0235415     0.022024212      0.11905971     0.010410263      -1.8340535        1.189874    2.100583e-09      0.19427039       126.18716      0.14172811      0.80567916      0.24570557      0.24703669        2.511538       7.6845965       4.3120193       3.8675318        3.8675318       4.3120193                                4.3120193
              3       6.8677037     0.022043027      0.12046539     0.010412947      -1.5548233      0.10753946    2.100583e-09       0.2045533       123.26106      0.14315261      0.79539412      0.24571385        0.247045       2.5080326       7.6870788       6.0003439       3.8675318        3.8675318       6.0003439                                6.0003439
              3       7.1484407     0.021931145       0.1218502     0.010408452      -1.7269654      0.15192441    2.100583e-09      0.18746853        129.1161      0.14442553       0.8124837      0.24566472      0.24699568       2.5289877       7.7288427       6.5618179       3.8675318        3.8675318       6.5618179                                6.5618179
              4       8.4994108     0.021810305      0.12226448     0.010408238     -0.99326467     -0.42589798    2.100583e-09       0.3058454       101.20736      0.14471897      0.69407682      0.24561177      0.24694254         2.55192       7.7923188       9.2637581       3.8675318        3.8675318       9.2637581                                9.2637581
              1       7.3522214     0.022013886      0.11985282     0.010405014    -0.050969522      -1.0651229    2.100583e-09      0.53959878       75.821521       0.1425109      0.46026188      0.24570103      0.24703213       2.5134651        7.813137       6.9693793       3.8675318        3.8675318       6.9693793                                6.9693793
              4       6.7866864     0.022050879      0.11990506     0.010405108     0.018844666       -1.305284    2.100583e-09      0.53755798       75.960585      0.14260013      0.46230329      0.24571731      0.24704847       2.5065718       7.7880569       5.8383092       3.8675318        3.8675318       5.8383092                                5.8383092
              3        6.628517     0.022223885      0.11737068      0.01040957     -0.38110877      -2.6263778    2.100583e-09       0.3000126       101.16335      0.14023875      0.69990867      0.24579293      0.24712437       2.4747062        7.595664       5.5219705       3.8675318        3.8675318       5.5219705                                5.5219705
              1       7.0022775     0.022177982      0.11749678     0.010410347     -0.60092536      -2.6773126    2.100583e-09      0.25389369       110.01285      0.14031896      0.74603972      0.24577304       0.2471044       2.4831026       7.5990853       6.2694915       3.8675318        3.8675318       6.2694915                                6.2694915
              2       6.2332835     0.022264107      0.11745085     0.010411667      -1.2658401      -1.0083342    2.100583e-09      0.19765999       124.63035      0.14035914      0.80228818      0.24581023      0.24714173       2.4673834       7.5779498       4.7315034       3.8675318        3.8675318       4.7315034                                4.7315034
              2       4.9665316     0.022204546      0.11930671     0.010410131      -1.2198628      -1.4881024    2.100583e-09       0.1994281       124.50598      0.14215545      0.80052027      0.24578458      0.24711598       2.4782385       7.6185411       2.1979996       3.8675318        3.8675318       2.1979996                                2.1979996
              5       5.0721129     0.022177923      0.11963675     0.010410051      -1.3798991      -1.2970183    2.100583e-09      0.18350755       129.88203      0.14245886      0.81644504      0.24577302      0.24710438       2.4831133       7.6277424       2.4091623       3.8675318        3.8675318       2.4091623                                2.4091623
              1       5.3229026     0.022115946      0.12000969     0.010410403      -1.1391113      -1.7174319    2.100583e-09      0.20871425        121.8952      0.14276983      0.79123195      0.24574592      0.24707718       2.4945164       7.6507157       2.9107416       3.8675318        3.8675318       2.9107416                                2.9107416
              2       5.3688207     0.022088207      0.12022589     0.010409315      -1.0784186      -1.8963633    2.100583e-09      0.21425945       120.36549      0.14295828      0.78568539      0.24573373      0.24706495       2.4996452        7.660536       3.0025777       3.8675318        3.8675318       3.0025777                                3.0025777
              1       5.4427456     0.022086132      0.12035738     0.010409274      -1.1202772        -1.88723    2.100583e-09      0.20877351       121.96497      0.14308771      0.79117279      0.24573282      0.24706403       2.5000295       7.6622504       3.1504277       3.8675318        3.8675318       3.1504277                                3.1504277
              2       7.4912549     0.022535424      0.11896972     0.010412565     -0.95240295     -0.42625278    2.100583e-09      0.29181314        102.7301      0.14214933      0.70811131      0.24592632      0.24725824       2.4188264       7.5787611       7.2474463       3.8675318        3.8675318       7.2474463                                7.2474463
              1       7.7413742     0.022552676      0.11882236     0.010412651     -0.97239817     -0.50579554    2.100583e-09      0.28131949       104.59481      0.14201923      0.71860761      0.24593372      0.24726566       2.4157876       7.5670562       7.7476849       3.8675318        3.8675318       7.7476849                                7.7476849
              2       8.8608942     0.022540637      0.11909323     0.010414349      -1.2650668     -0.14396322    2.100583e-09       0.2374468       113.90688      0.14227806      0.76249178      0.24592856      0.24726049       2.4179076       7.5640406       9.9867248       3.8675318        3.8675318       9.9867248                                9.9867248
              1       6.8134924     0.022432816      0.11960509     0.010411676      -1.6521425       0.1555189    2.100583e-09      0.18513599       129.16872       0.1426821      0.81481626      0.24588233      0.24721409       2.4370183       7.5805859       5.8919213       3.8675318        3.8675318       5.8919213                                5.8919213
              1       6.9877702     0.022468923      0.11949251     0.010410889      -1.4866705     0.063196874    2.100583e-09      0.20823646       121.75236      0.14260563       0.7917098       0.2458978      0.24722962       2.4305935       7.5773011       6.2404768       3.8675318        3.8675318       6.2404768                                6.2404768
              1       6.6398581     0.022371705      0.12048689     0.010410396      -1.2407782    -0.099291605    2.100583e-09      0.25378677       110.51659      0.14350278      0.74614815      0.24585621      0.24718787       2.4479514         7.62712       5.5446526       3.8675318        3.8675318       5.5446526                                5.5446526
              1       5.8608354     0.022337656      0.12023225     0.010410157     -0.64175707      -1.8198217    2.100583e-09      0.29711003       102.11179       0.1432141      0.70281362      0.24584168      0.24717329       2.4540756       7.6214065       3.9866072       3.8675318        3.8675318       3.9866072                                3.9866072
              2       7.4551829     0.022375703      0.12067403     0.010409876     -0.69845021      -2.1656908    2.100583e-09      0.27221836       106.74162      0.14369392      0.72771192      0.24585792      0.24718958        2.447234       7.6120785       7.1753023       3.8675318        3.8675318       7.1753023                                7.1753023
              1       7.0540425     0.022384474      0.12062406     0.010409722     -0.63270868      -1.4295696    2.100583e-09       0.3218536       98.154701      0.14365272      0.67806395      0.24586166      0.24719334       2.4456608         7.62729       6.3730214       3.8675318        3.8675318       6.3730214                                6.3730214
              2       8.6639336     0.022527491       0.1193893     0.010408096       -1.165649     -0.72067758    2.100583e-09      0.23464335       114.64953      0.14256098      0.76529608      0.24592292      0.24725483       2.4202258       7.5613441       9.5928037       3.8675318        3.8675318       9.5928037                                9.5928037
              3       5.9350124     0.022459992      0.11829537     0.010410929      -1.8329553      0.77317515    2.100583e-09      0.17278089       133.39193      0.14139955      0.82717414      0.24589398      0.24722578       2.4321803       7.5576318       4.1349613       3.8675318        3.8675318       4.1349613                                4.1349613
              1       5.9231226     0.022458837      0.11832641     0.010410898      -1.8306884      0.77407242    2.100583e-09      0.17329704        133.2009      0.14142944      0.82665787      0.24589348      0.24722528       2.4323856       7.5585734       4.1111816       3.8675318        3.8675318       4.1111816                                4.1111816
              6        6.610935      0.02244712      0.11861416     0.010413812     -0.98441675      -1.0795702    2.100583e-09      0.24900536       111.18219      0.14170547      0.75092997      0.24588846      0.24722024         2.43447       7.5685824       5.4868064       3.8675318        3.8675318       5.4868064                                5.4868064
              4        6.541925      0.02244261      0.11862818     0.010413778     -0.96485004      -1.1097246    2.100583e-09       0.2516718       110.59634      0.14171498      0.74826284      0.24588653       0.2472183        2.435273       7.5701785       5.3487865       3.8675318        3.8675318       5.3487865                                5.3487865
              1       6.6367601     0.022423078      0.11908107     0.010412686      -1.1102871      -1.6241491    2.100583e-09      0.20918284       121.41354      0.14214834        0.790763      0.24587816      0.24720991       2.4387555       7.5678463       5.5384566       3.8675318        3.8675318       5.5384566                                5.5384566
              2       7.8274068     0.022548162      0.11827877     0.010412155       -1.179059      -1.5134698    2.100583e-09      0.19755297       124.70083      0.14147112      0.80239564      0.24593179      0.24726372       2.4165821       7.5256613         7.91975       3.8675318        3.8675318         7.91975                                  7.91975
              2       8.3496032     0.022533305      0.11887259     0.010409246      -1.1946154      -1.7518685    2.100583e-09      0.19197528       126.63645      0.14205008      0.80797499      0.24592542      0.24725733       2.4192002       7.5357234       8.9641429       3.8675318        3.8675318       8.9641429                                8.9641429
              5       5.7533113     0.022297681        0.120159     0.010408159      -1.5377206     -0.28695023    2.100583e-09      0.19239038       126.89933      0.14310087      0.80756014      0.24582461      0.24715616       2.4612952       7.6166393        3.771559       3.8675318        3.8675318        3.771559                                 3.771559
              1       6.8894685     0.022307007      0.12018538     0.010405605      -1.2198531     -0.56610516    2.100583e-09      0.23690227       114.35875      0.14313658      0.76303682      0.24582859      0.24716016       2.4596081       7.6238501       6.0438734       3.8675318        3.8675318       6.0438734                                6.0438734
              3       6.4870625     0.022364787      0.11905872      0.01040621      -1.6580067      0.75777735    2.100583e-09       0.2062796       122.28917       0.1420677      0.79366697      0.24585326      0.24718491       2.4491939       7.6035271       5.2390615       3.8675318        3.8675318       5.2390615                                5.2390615
             11       6.4699075     0.022362389      0.11901515     0.010406182      -1.6746649      0.81453038    2.100583e-09       0.2055756       122.49043      0.14202174      0.79437113      0.24585223      0.24718388       2.4496248       7.6043545       5.2047515       3.8675318        3.8675318       5.2047515                                5.2047515
              2       5.6346984     0.022219848      0.11914018     0.010405981      -1.4780924      0.54431616    2.100583e-09      0.23225603       115.33169      0.14200422      0.76768378      0.24579119      0.24712262       2.4754431        7.644616       3.5343333       3.8675318        3.8675318       3.5343333                                3.5343333
              5       5.0881574     0.022170852      0.11922513     0.010406652      -1.2922576      0.32016666    2.100583e-09       0.2609843       108.83659      0.14204018      0.73894808      0.24576994      0.24710129       2.4844105       7.6655203       2.4412513       3.8675318        3.8675318       2.4412513                                2.4412513
              3       4.9854975     0.022127622       0.1199209     0.010406551     -0.61305265      -1.2187388    2.100583e-09      0.33806202        95.75862      0.14269271      0.66185079      0.24575104      0.24708232       2.4923622       7.6813467       2.2359314       3.8675318        3.8675318       2.2359314                                2.2359314
              1       5.1048972     0.022128501      0.11989186     0.010406427     -0.63800637      -1.2926078    2.100583e-09      0.32697134        97.36394      0.14266455      0.67294431      0.24575142      0.24708271       2.4922002       7.6760723       2.4747309       3.8675318        3.8675318       2.4747309                                2.4747309
              3       4.8091292     0.022280323      0.11968493       0.0104085     -0.81765868      -1.2824087    2.100583e-09         0.28262       104.62353      0.14260945      0.71730707      0.24581718       0.2471487       2.4644399       7.6273075       1.8831948       3.8675318        3.8675318       1.8831948                                1.8831948
              8       6.3512382     0.022480798      0.11812897     0.010408651     -0.32967143      -1.7228644    2.100583e-09      0.36793706       91.375382      0.14125396      0.63196708       0.2459029      0.24723473       2.4284859       7.5782708       4.9674128       3.8675318        3.8675318       4.9674128                                4.9674128
              6       6.3795478     0.022368172       0.1187839     0.010406292     0.034169703      -2.6927892    2.100583e-09      0.40967188       86.733437      0.14179626       0.5902218       0.2458547      0.24718636       2.4485859       7.6084294       5.0240321       3.8675318        3.8675318       5.0240321                                5.0240321
              6       6.7510439     0.022394238      0.11797441     0.010407361     -0.75720891      -1.8503791    2.100583e-09       0.2594768       108.81826      0.14101283      0.74045548      0.24586583      0.24719753       2.4439115        7.564516       5.7670242       3.8675318        3.8675318       5.7670242                                5.7670242
              1       6.7753753     0.022409345      0.11755476     0.010408557     -0.85016119       -2.039566    2.100583e-09      0.23200646       114.98937       0.1406083      0.76793281      0.24587229      0.24720401       2.4412086        7.547793       5.8156871       3.8675318        3.8675318       5.8156871                                5.8156871
              1       7.7234924     0.021975467      0.11878521     0.010408103     -0.53188509       -2.157607    2.100583e-09      0.29948121       101.60489      0.14140487      0.70044085      0.24568415      0.24701519       2.5206546       7.6774181       7.7119212       3.8675318        3.8675318       7.7119212                                7.7119212
              1        7.577325     0.021930565      0.12149381     0.010410954     -0.66079514      -2.0865365    2.100583e-09      0.29033369       103.68995      0.14406856      0.70959214      0.24566447      0.24699543        2.529097       7.7301514       7.4195865       3.8675318        3.8675318       7.4195865                                7.4195865
              1       10.206533     0.021768834      0.12195903     0.010410129      -1.6327753      0.12962437    2.100583e-09      0.20203614       124.48043      0.14437205      0.79791236      0.24559354      0.24692425       2.5598619        7.772484       12.678002       3.8675318        3.8675318       12.678002                                12.678002
              6       11.233213     0.021737357      0.12212665     0.010410456      -1.5894477     -0.04910992    2.100583e-09      0.20380112        123.9913       0.1445082      0.79614698      0.24557967      0.24691033       2.5659147       7.7814794       14.731362       3.8675318        3.8675318       14.731362                                14.731362
              2       9.7565678     0.021877246      0.12039599     0.010413494      -1.6432014      0.67288751    2.100583e-09      0.21201553       121.14071      0.14291743      0.78792988      0.24564111      0.24697199       2.5391779       7.7353679       11.778072       3.8675318        3.8675318       11.778072                                11.778072
              2       9.0187513      0.02190361      0.12033089     0.010413308      -1.5684698      0.52033348    2.100583e-09      0.21874396       119.23689      0.14287869       0.7811997      0.24565266      0.24698358       2.5341857       7.7283211       10.302439       3.8675318        3.8675318       10.302439                                10.302439
              3       6.8358524     0.022038477      0.11972272     0.010413753      -1.4139242      0.73353254    2.100583e-09      0.25929615       109.34259      0.14240539      0.74063684      0.24571185      0.24704299       2.5088796       7.7172411       5.9366413       3.8675318        3.8675318       5.9366413                                5.9366413
              1       7.3152958     0.021990089      0.11949672     0.010413386      -1.2860484      0.97436955    2.100583e-09      0.31593391       99.036721        0.142131      0.68398429      0.24569057      0.24702163       2.5179146       7.7842106        6.895528       3.8675318        3.8675318        6.895528                                 6.895528
              4       5.6452337     0.022099553      0.11912106      0.01041305      -1.3040141      0.60595883    2.100583e-09      0.27481804       106.07383       0.1418648      0.72511067      0.24573872      0.24706995       2.4975454       7.7007849       3.5554039       3.8675318        3.8675318       3.5554039                                3.5554039
              1       5.3143835     0.022002451      0.12009099     0.010409361      -1.5884603      0.93193488    2.100583e-09      0.23478014       114.99904      0.14273763      0.76515933        0.245696      0.24702708       2.5156017       7.7201095       2.8937034       3.8675318        3.8675318       2.8937034                                2.8937034
              4       4.4615499     0.022160451      0.11937408     0.010409786      -1.7000292      0.74691808    2.100583e-09       0.1997985       124.42725      0.14217873      0.80014979       0.2457654      0.24709673       2.4863202       7.6510751       1.1880362       3.8675318        3.8675318       1.1880362                                1.1880362
              4       4.4574112     0.022242276      0.11947343     0.010412257      -1.2479493      0.85613749    2.100583e-09      0.31432362       99.185842      0.14235989      0.68559512      0.24580086      0.24713232       2.4713539       7.7180688       1.1797588       3.8675318        3.8675318       1.1797588                                1.1797588
              1       4.4290948     0.022245263      0.11940917     0.010412297      -1.1703624      0.64349699    2.100583e-09      0.31713033       98.734428      0.14229863      0.68278765      0.24580214      0.24713361       2.4708102       7.7054369       1.1231261       3.8675318        3.8675318       1.1231261                                1.1231261
              3       5.6862765     0.022367028      0.11961245     0.010412725      -1.3212265      0.46906028    2.100583e-09      0.26245459        108.5168      0.14262367      0.73747769      0.24585421      0.24718587       2.4487914       7.6349233       3.6374895       3.8675318        3.8675318       3.6374895                                3.6374895
              1       5.2502252     0.022343022      0.11958376     0.010412622       -1.188887      0.46387251    2.100583e-09      0.29616836       102.15879      0.14257097      0.70375519      0.24584397      0.24717559       2.4531089       7.6607265       2.7653869       3.8675318        3.8675318       2.7653869                                2.7653869
              2       5.1927577     0.022308612      0.12002621     0.010411771       -1.065041     0.051382487    2.100583e-09       0.3018054       101.29085      0.14297901      0.69811691      0.24582928      0.24716084       2.4593178       7.6604651       2.6504519       3.8675318        3.8675318       2.6504519                                2.6504519
              1       5.2279942     0.022357564      0.11969097     0.010411871      -1.2188501      0.51413788    2.100583e-09      0.29254741       102.80198      0.14269273      0.70737714      0.24585018      0.24718182       2.4504921        7.658381       2.7209248       3.8675318        3.8675318       2.7209248                                2.7209248
              3       5.3288696     0.022364776      0.11971402      0.01041179       -1.214305      0.45752386    2.100583e-09       0.2895483       103.33404      0.14272299      0.71037704      0.24585325       0.2471849       2.4491959       7.6525279       2.9226756       3.8675318        3.8675318       2.9226756                                2.9226756
              1       4.9616223     0.022290051      0.11888381      0.01040934      -1.8415433      0.39936633    2.100583e-09      0.16353497       137.34457      0.14181805      0.83642259      0.24582135      0.24715288       2.4626768       7.5959776       2.1881811       3.8675318        3.8675318       2.1881811                                2.1881811
              1       4.9094652     0.022266133      0.11936344     0.010409702      -1.7887722      0.12535155    2.100583e-09      0.16501541       136.85308      0.14227376      0.83494191       0.2458111       0.2471426       2.4670152       7.6071743       2.0838667       3.8675318        3.8675318       2.0838667                                2.0838667
              4       5.0246148     0.022276399      0.11945996     0.010409552      -1.9079181      0.33021673    2.100583e-09      0.15545281       141.01707      0.14238055        0.844507       0.2458155      0.24714702       2.4651517       7.6051574       2.3141661       3.8675318        3.8675318       2.3141661                                2.3141661
              1       5.3360837     0.022375858      0.11832239     0.010409842      -1.9061693      0.76896238    2.100583e-09      0.16276206        137.4892      0.14134244      0.83719556      0.24585798      0.24718965       2.4472062       7.5720388       2.9371038       3.8675318        3.8675318       2.9371038                                2.9371038
              3       4.9370676     0.022341536      0.11919202     0.010408068      -1.6599231       1.1567859    2.100583e-09      0.22672344       116.68323      0.14217775      0.77321788      0.24584334      0.24717495       2.4533766       7.6355738       2.1390716       3.8675318        3.8675318       2.1390716                                2.1390716
              2       5.4752286     0.022340416      0.11930257      0.01040733      -2.0216246       1.6701415    2.100583e-09      0.18330193       129.79438      0.14228718      0.81665066      0.24584286      0.24717447       2.4535783       7.6237875       3.2153935       3.8675318        3.8675318       3.2153935                                3.2153935
              1       5.4815247     0.022342457      0.11928059     0.010407244      -1.8684575       1.4126891    2.100583e-09      0.19879713       124.62792      0.14226724      0.80115144      0.24584373      0.24717535       2.4532106       7.6255651       3.2279859       3.8675318        3.8675318       3.2279859                                3.2279859
              3       5.4854129     0.022342534      0.11928154     0.010407239      -1.8686868       1.4126687    2.100583e-09      0.19875735       124.64055      0.14226827      0.80119123      0.24584376      0.24717538       2.4531968       7.6255298       3.2357622       3.8675318        3.8675318       3.2357622                                3.2357622
              2       6.7449192     0.022321347      0.11988106     0.010405209      -1.5862506       1.0651155    2.100583e-09      0.24182791       113.12286       0.1428466      0.75810979      0.24583472       0.2471663       2.4570171       7.6545807       5.7547748       3.8675318        3.8675318       5.7547748                                5.7547748
              4       6.3661169      0.02229163      0.11901833     0.010405132      -1.1804558       0.5767789    2.100583e-09      0.30761652       100.16355      0.14195416      0.69230373      0.24582202      0.24715356       2.4623907       7.6760806       4.9971703       3.8675318        3.8675318       4.9971703                                4.9971703
              4       6.7710329     0.022331511      0.11932873     0.010405767      -1.6381056      0.24662577    2.100583e-09      0.19115256       127.11191      0.14230443      0.80879801      0.24583906      0.24717066       2.4551833       7.6003379       5.8070022       3.8675318        3.8675318       5.8070022                                5.8070022
              1       7.1494462     0.021930288      0.12108227     0.010405339       -1.721597      0.56891737    2.100583e-09      0.19947527       125.00861      0.14365675      0.80047363      0.24566434      0.24699531       2.5291494       7.7244918       6.5638287       3.8675318        3.8675318       6.5638287                                6.5638287
              2        7.492612     0.021930431      0.12061208     0.010405689      -1.8479828      0.12162531    2.100583e-09      0.16510806       137.29482       0.1431867      0.83484951      0.24566441      0.24699537       2.5291223       7.7026163       7.2501603       3.8675318        3.8675318       7.2501603                                7.2501603
              2       7.1521911      0.02205275      0.11885753     0.010413459      -2.0415424       1.5115599    2.100583e-09      0.17103052       134.42493      0.14155447      0.82892502      0.24571813      0.24704929       2.5062239        7.670494       6.5693187       3.8675318        3.8675318       6.5693187                                6.5693187
              5       7.4544178     0.022070274      0.11860734     0.010413947      -2.1637266       1.7619479    2.100583e-09      0.16056424       138.66699      0.14132181      0.83939395      0.24572584      0.24705703       2.5029693       7.6629162        7.173772       3.8675318        3.8675318        7.173772                                 7.173772
              1        6.277879     0.022208455      0.11795975     0.010412607     -0.78282049      0.54966759    2.100583e-09      0.45439865       82.266373       0.1408124      0.54548259      0.24578627      0.24711767        2.477524       7.8265047       4.8206944       3.8675318        3.8675318       4.8206944                                4.8206944
              4       7.7664424     0.022075485      0.11760349     0.010409268     -0.24448987      -1.9623914    2.100583e-09       0.3744485       90.643131      0.14032317       0.6254533      0.24572814      0.24705933       2.5020026        7.657963       7.7978213       3.8675318        3.8675318       7.7978213                                7.7978213
              7       5.7909139     0.022181624      0.11775513     0.010410871     0.025219416      -1.7436824    2.100583e-09      0.47725053       80.275963      0.14058095      0.52262453      0.24577463      0.24710599       2.4824349       7.6808452       3.8467641       3.8675318        3.8675318       3.8467641                                3.8467641
              2       8.1339464     0.022001215      0.11807263     0.010410929     -0.40058943      -1.6208847    2.100583e-09       0.3570689       92.926891      0.14071804      0.64283771      0.24569546      0.24702654       2.5158327        7.682669       8.5328293       3.8675318        3.8675318       8.5328293                                8.5328293
              2       8.4593877     0.022022358      0.11779141      0.01041206     -0.57051944      -1.0374531    2.100583e-09      0.34842152       94.018795      0.14045796      0.65148719      0.24570476      0.24703587       2.5118838       7.6833895       9.1837119       3.8675318        3.8675318       9.1837119                                9.1837119
              2        7.666613     0.022045121      0.11784994     0.010411429     -0.45611707      -1.2491417    2.100583e-09      0.36603915       91.729177      0.14053925      0.63386499      0.24571477      0.24704592       2.5076428       7.6805728       7.5981624       3.8675318        3.8675318       7.5981624                                7.5981624
             13       8.6738083     0.021882916      0.11981282     0.010406302      -2.0532551       1.0232135    2.100583e-09      0.15939506       139.57067      0.14233992      0.84056373       0.2456436      0.24697448       2.5381029       7.7068891        9.612553       3.8675318        3.8675318        9.612553                                 9.612553
              8       9.6530936     0.021862654      0.11974357     0.010405373      -1.9374835       0.8796823    2.100583e-09      0.17110788       134.70424      0.14225042      0.82884785      0.24563472      0.24696558       2.5419473       7.7130159       11.571124       3.8675318        3.8675318       11.571124                                11.571124
              6       9.4253057     0.021871471      0.11963509     0.010405668      -1.9144263      0.91399511    2.100583e-09       0.1750027       133.16728      0.14215075      0.82495199      0.24563858      0.24696945       2.5402733       7.7113989       11.115548       3.8675318        3.8675318       11.115548                                11.115548
              3       9.4098787     0.021821751      0.12035915     0.010410232      -1.4760662     -0.53490801    2.100583e-09      0.19676287       125.76928       0.1428251      0.80318643      0.24561679      0.24694758       2.5497344       7.7279998       11.084694       3.8675318        3.8675318       11.084694                                11.084694
              7       7.9118172     0.021899533      0.12035739     0.010410751       -1.689562     -0.12507914    2.100583e-09      0.17735557       132.42905      0.14290111      0.82259876      0.24565087      0.24698179       2.5349568       7.7081029       8.0885708       3.8675318        3.8675318       8.0885708                                8.0885708
              3       6.9713234     0.021985959      0.12005683     0.010411437      -1.5781108     -0.71485259    2.100583e-09      0.17454738        133.3743      0.14268698       0.8254076      0.24568876      0.24701981       2.5186881       7.6794536       6.2075832       3.8675318        3.8675318       6.2075832                                6.2075832
              4       7.5037619     0.021952221      0.12051307     0.010411324      -1.7098994     -0.76298179    2.100583e-09      0.15902309       139.86089      0.14310948      0.84093602      0.24567396      0.24700495         2.52502       7.6913823       7.2724601       3.8675318        3.8675318       7.2724601                                7.2724601
              4        8.027963     0.021894834      0.12076242     0.010410195      -1.6337108      -1.2315622    2.100583e-09      0.15939782       139.78854      0.14330144      0.84056125      0.24564882      0.24697972       2.5358459       7.7070823       8.3208624       3.8675318        3.8675318       8.3208624                                8.3208624
              3        8.086151     0.021978952      0.12277532      0.01040861      -1.4760826      0.25490658    2.100583e-09      0.23771112        114.8166      0.14539846      0.76222871      0.24568568      0.24701672       2.5200011       7.7487261       8.4372384       3.8675318        3.8675318       8.4372384                                8.4372384
              2       7.5680662     0.022225668      0.12164051     0.010411329     -0.84582131      -1.1120577    2.100583e-09       0.2953812       102.70084      0.14451037      0.70454358       0.2457937      0.24712514        2.474381       7.6752515       7.4010687       3.8675318        3.8675318       7.4010687                                7.4010687
              1       7.4708808     0.022085325       0.1220863     0.010411311     -0.80234388     -0.37567691    2.100583e-09      0.35633697       93.628808      0.14481581      0.64357247      0.24573247      0.24706368       2.5001788       7.7501762       7.2066979       3.8675318        3.8675318       7.2066979                                7.2066979
              8       7.3386616     0.022058173      0.12238901     0.010409724     -0.49610293     -0.92790126    2.100583e-09      0.40680803       87.682616      0.14509137      0.59308878      0.24572052      0.24705169       2.5052162       7.7649631       6.9422596       3.8675318        3.8675318       6.9422596                                6.9422596
             15       6.9156955      0.02204594      0.12213772     0.010410053      -0.6055305     -0.60447657    2.100583e-09      0.39848735       88.560606      0.14482785      0.60141139      0.24571513      0.24704628       2.5074905       7.7718155       6.0963275       3.8675318        3.8675318       6.0963275                                6.0963275
              6       5.4489564     0.022211162      0.12097878     0.010410353      -1.0448241      0.50513045    2.100583e-09      0.35346259       93.785488      0.14383413      0.64644697      0.24578744      0.24711885       2.4770293       7.7496085       3.1628493       3.8675318        3.8675318       3.1628493                                3.1628493
              1       5.5430413     0.022308272      0.12055234     0.010409982      -1.3089456      0.59358024    2.100583e-09      0.27983311       105.28651       0.1435048      0.72009512      0.24582914       0.2471607       2.4593793       7.6739603       3.3510189       3.8675318        3.8675318       3.3510189                                3.3510189
              3       4.6877962      0.02229866      0.12004055      0.01040982      -1.4561686       1.1432889    2.100583e-09      0.28167645       104.85254       0.1429834      0.71825105      0.24582503      0.24715658       2.4611179       7.6995811       1.6405288       3.8675318        3.8675318       1.6405288                                1.6405288
              3       4.9398502     0.022287514      0.12028451     0.010409224      -1.6214847        1.449944    2.100583e-09      0.26393361       108.35163      0.14321622      0.73599857      0.24582026      0.24715179       2.4631365        7.706813       2.1446367       3.8675318        3.8675318       2.1446367                                2.1446367
              3       4.9372783     0.022184628      0.12073188     0.010409921      -1.8431283       1.4734712    2.100583e-09      0.21378354       120.55499       0.1435607      0.78616166      0.24577593       0.2471073       2.4818843       7.6931448        2.139493       3.8675318        3.8675318        2.139493                                 2.139493
              1       5.3884723     0.022101123      0.12027037     0.010411593      -1.6882187      0.60101778    2.100583e-09      0.19992175       124.60967      0.14301568      0.80002681      0.24573941      0.24707065       2.4972551       7.6755852       3.0418811       3.8675318        3.8675318       3.0418811                                3.0418811
              3       5.0625238     0.022236426      0.11814167     0.010412802      -1.8546167       1.4886713    2.100583e-09      0.19966612       124.16541      0.14102228      0.80028177      0.24579834      0.24712979       2.4724196       7.6400055        2.389984       3.8675318        3.8675318        2.389984                                 2.389984
              1       5.1412736     0.022235744      0.11815073     0.010412832      -1.8637773        1.420232    2.100583e-09      0.19421878       125.89725      0.14103066      0.80573053      0.24579805       0.2471295       2.4725438       7.6333773       2.5474836       3.8675318        3.8675318       2.5474836                                2.5474836
              2       5.5483453     0.022338356      0.11769978     0.010414029      -1.4792029        0.794462    2.100583e-09      0.23630814        113.9993      0.14068233      0.76363005      0.24584198      0.24717359       2.4539495       7.6122604       3.3616271       3.8675318        3.8675318       3.3616271                                3.3616271
             25       6.1335824     0.022378404      0.11823277     0.010414998      -1.8689148       1.5581312    2.100583e-09      0.19999211       124.01187      0.14125537      0.79995578      0.24585907      0.24719074       2.4467493       7.6141694       4.5321013       3.8675318        3.8675318       4.5321013                                4.5321013
              2       6.1164701     0.022369035      0.11785253     0.010414896      -1.9957196       1.7205815    2.100583e-09      0.18259703       129.70326      0.14086576      0.81735527      0.24585507      0.24718673       2.4484309       7.6033394       4.4978765       3.8675318        3.8675318       4.4978765                                4.4978765
              4       6.1316416     0.022377558      0.11785588     0.010414912      -1.9659115       1.6744299    2.100583e-09      0.18574657       128.59561      0.14087763      0.81420491      0.24585871      0.24719038        2.446901       7.6023769       4.5282196       3.8675318        3.8675318       4.5282196                                4.5282196
              5       5.9806445     0.022264249      0.11724548     0.010412867     -0.65924539     -0.87936764    2.100583e-09      0.33023672       96.386094      0.14015392      0.66967657      0.24581029      0.24714179       2.4673576       7.6188744       4.2262253       3.8675318        3.8675318       4.2262253                                4.2262253
              4       6.0173225     0.022254163      0.11728143     0.010412879     -0.48677678      -1.1723254    2.100583e-09      0.35789024       92.597048      0.14017979       0.6420158      0.24580597      0.24713745       2.4691908       7.6253803       4.2995815       3.8675318        3.8675318       4.2995815                                4.2995815
              5       5.3159447     0.022361483      0.11883568     0.010408633     -0.69403704      -1.7540447    2.100583e-09      0.28132865       104.67625      0.14184136      0.71859835      0.24585185      0.24718349       2.4497876       7.5911806       2.8968258       3.8675318        3.8675318       2.8968258                                2.8968258
              4        4.980273     0.022304125      0.11945674      0.01040919     -0.74275278      -1.8924374    2.100583e-09      0.26867774       107.25158      0.14240506      0.73125283      0.24582736      0.24715892       2.4601293       7.6098437       2.2254825       3.8675318        3.8675318       2.2254825                                2.2254825
              3       4.8520772     0.022301551      0.11916041     0.010411373     -0.49546397      -2.3124854    2.100583e-09      0.29919481       101.58418      0.14210615      0.70072771      0.24582626      0.24715782       2.4605949       7.6092775       1.9690908       3.8675318        3.8675318       1.9690908                                1.9690908
              3       4.3619815      0.02228261      0.11884143     0.010409051     -0.70517532      -1.0072413    2.100583e-09        0.319606       98.240542      0.14176823      0.68031103      0.24581816      0.24714969       2.4640253       7.6295235      0.98889949       3.8675318        3.8675318      0.98889949                               0.98889949
              5       4.6727902      0.02238569      0.11859744     0.010410157     -0.83429704      -0.4560975    2.100583e-09      0.32004718        98.09057      0.14162732      0.67986965      0.24586218      0.24719386       2.4454429       7.6170905       1.6105169       3.8675318        3.8675318       1.6105169                                1.6105169
              1       4.5538077     0.022337406      0.11896796     0.010408932     -0.55536885      -1.0057534    2.100583e-09      0.36104311       92.430826      0.14194956      0.63886329      0.24584157      0.24717318       2.4541206        7.634803       1.3725518       3.8675318        3.8675318       1.3725518                                1.3725518
             11       6.6546746     0.022370909      0.11793147     0.010408373     -0.92598767      -2.8018317    2.100583e-09      0.19814724       124.52755      0.14094657      0.80180102      0.24585587      0.24718753       2.4480943       7.5530722       5.5742857       3.8675318        3.8675318       5.5742857                                5.5742857
             10       5.9270635      0.02233669      0.11824126     0.010409493      -1.1739396       -2.506809    2.100583e-09      0.17339743        133.2084      0.14122214      0.82655738      0.24584127      0.24717288       2.4542497       7.5630401       4.1190634       3.8675318        3.8675318       4.1190634                                4.1190634
              3       5.4010328     0.022127094      0.12006226     0.010409764      -1.7483463     -0.88152953    2.100583e-09      0.14969789       143.93748      0.14283355      0.85026353      0.24575081      0.24708209       2.4924596       7.6414194       3.0670021       3.8675318        3.8675318       3.0670021                                3.0670021
              4       5.3862364     0.022132897      0.12016252     0.010408846       -1.845258     -0.64307407    2.100583e-09      0.14450497        146.5225      0.14293961      0.85545783      0.24575335      0.24708464       2.4913899       7.6414279       3.0374092       3.8675318        3.8675318       3.0374092                                3.0374092
              5       5.5968628     0.022327738      0.11958841     0.010409104      -1.4961539     -0.80448764    2.100583e-09      0.18009506       131.01606      0.14256034      0.81985844      0.24583745      0.24716904       2.4558639       7.5948294        3.458662       3.8675318        3.8675318        3.458662                                 3.458662
              1       6.0990827     0.022161269      0.11905462      0.01040614      -1.6391345      0.22130299    2.100583e-09      0.18958252       127.66523      0.14186008      0.81036829      0.24576576      0.24709709       2.4861699       7.6334072       4.4631018       3.8675318        3.8675318       4.4631018                                4.4631018
              6       4.8365063     0.022173151      0.11925002       0.0104069     -0.84793703      0.17541255    2.100583e-09      0.37761196       90.484404      0.14206737      0.62229022      0.24577094      0.24710229       2.4839887       7.7355832       1.9379491       3.8675318        3.8675318       1.9379491                                1.9379491
              8        5.183838     0.022227087      0.11958756     0.010407715     -0.41359511     -0.22479784    2.100583e-09       0.5009504       78.587787      0.14245884      0.49892018      0.24579432      0.24712575       2.4741221       7.8041258       2.6326124       3.8675318        3.8675318       2.6326124                                2.6326124
              1       5.6923208     0.022271751      0.11948288     0.010407952     -0.15692449     -0.60200886    2.100583e-09      0.55641085       74.541493      0.14239883      0.44344535      0.24581351      0.24714502       2.4659953       7.8108532       3.6495779       3.8675318        3.8675318       3.6495779                                3.6495779
              6       4.5535782     0.022198853      0.11944939      0.01040768      0.22493719      -2.4919525    2.100583e-09       0.4878273       79.628175      0.14229243      0.51204653      0.24578211       0.2471135       2.4792798       7.6817812       1.3720928       3.8675318        3.8675318       1.3720928                                1.3720928
              2       4.3498833     0.022250787      0.11932936     0.010408391     0.034413849      -2.2202201    2.100583e-09      0.44795061        83.06228      0.14222433      0.55193348      0.24580452      0.24713599       2.4698049       7.6616169      0.96470297       3.8675318        3.8675318      0.96470297                               0.96470297
              1        4.611186      0.02229036      0.11937856     0.010408307  -0.00025591499      -1.8191972    2.100583e-09      0.47111259       80.988468      0.14231311      0.52876558      0.24582148      0.24715301       2.4626207       7.6721821       1.4873084       3.8675318        3.8675318       1.4873084                                1.4873084
             16       5.0387907     0.022403966      0.11817648     0.010412775     -0.67436547     -0.59509325    2.100583e-09      0.35193844       93.465851      0.14122463      0.64796984      0.24586999       0.2472017       2.4421704       7.6194722       2.3425179       3.8675318        3.8675318       2.3425179                                2.3425179
              3       7.5731048     0.022412952        0.117994      0.01041667      -1.2959308       1.1629507    2.100583e-09      0.32556802       97.069269      0.14105115      0.67434704      0.24587383      0.24720556       2.4405639        7.704484        7.411146       3.8675318        3.8675318        7.411146                                 7.411146
              5       6.6764269     0.022546532      0.11703744     0.010414025      -1.1825022      0.70904389    2.100583e-09      0.30537117       100.08321      0.14022816      0.69454869      0.24593109      0.24726302       2.4168692       7.6104458       5.6177903       3.8675318        3.8675318       5.6177903                                5.6177903
              1       6.9657947     0.022574264      0.11678424     0.010413516      -1.0482584      0.62087691    2.100583e-09      0.34024636       94.762572       0.1400027       0.6596642      0.24594297      0.24727495       2.4119928       7.6280729       6.1965257       3.8675318        3.8675318       6.1965257                                6.1965257
              1        6.438359     0.022527751      0.11678414     0.010413305     -0.98595271      0.54670544    2.100583e-09      0.35438237       92.870507      0.13995608      0.64552444      0.24592303      0.24725494       2.4201799        7.645594       5.1416545       3.8675318        3.8675318       5.1416545                                5.1416545
              1       6.1134402     0.022482795      0.11744472     0.010412068      -1.1374179       1.0480747    2.100583e-09      0.37064097       90.717022      0.14057171      0.62926199      0.24590375      0.24723559       2.4281318       7.7261255       4.4918168       3.8675318        3.8675318       4.4918168                                4.4918168
              2        5.533711     0.022474128      0.11758979     0.010410681      -1.2650265      0.54612444    2.100583e-09      0.27148694       106.27873       0.1407081      0.72844205      0.24590004      0.24723186       2.4296695       7.5941463       3.3323584       3.8675318        3.8675318       3.3323584                                3.3323584
              6       5.0484795     0.022360245      0.11772384     0.010409328       -1.550574       1.0330176    2.100583e-09      0.23635104       113.98365      0.14072828      0.76358715      0.24585132      0.24718296       2.4500101       7.6158963       2.3618954       3.8675318        3.8675318       2.3618954                                2.3618954
              1       5.2602953     0.022341474      0.11746571     0.010409292      -1.4908134       1.0115489    2.100583e-09      0.24828105       111.16977      0.14045138      0.75165389      0.24584331      0.24717492       2.4533878       7.6253483        2.785527       3.8675318        3.8675318        2.785527                                 2.785527
              1       4.9738067     0.022236749      0.11826989     0.010408277      -1.2951464      0.33349005    2.100583e-09      0.25540692       109.80795      0.14115083      0.74452649      0.24579848      0.24712993       2.4723607       7.6359374       2.2125497       3.8675318        3.8675318       2.2125497                                2.2125497
              1       5.1852826     0.022173827      0.11877677     0.010406889      -1.6545527       1.4085131    2.100583e-09      0.24503651       112.22973      0.14159479       0.7548998      0.24577123      0.24710259       2.4838646       7.6942112       2.6355016       3.8675318        3.8675318       2.6355016                                2.6355016
              3       4.7466005     0.022091943      0.11948129     0.010408141      -1.7204243       1.2481058    2.100583e-09      0.22163292       118.19401      0.14221743      0.77830972      0.24573538       0.2470666       2.4989534       7.6943234       1.7581373       3.8675318        3.8675318       1.7581373                                1.7581373
              7       4.6657381     0.022141887      0.12026877     0.010407335      -1.1987891     0.043781995    2.100583e-09      0.27183746       106.84483      0.14305485      0.72809261      0.24575729      0.24708859       2.4897342        7.684566       1.5964127       3.8675318        3.8675318       1.5964127                                1.5964127
              4        5.467086     0.022108884      0.12077364     0.010406426      -1.3885067    -0.006094649    2.100583e-09      0.23265604       115.60636      0.14352672       0.7672843      0.24574282      0.24707407       2.4958207       7.6830242       3.1991084       3.8675318        3.8675318       3.1991084                                3.1991084
              3       5.3328303     0.022097373      0.12089489     0.010407149      -1.4178297   -0.0069596249    2.100583e-09      0.22759206       116.91491      0.14363645      0.77234962      0.24573776      0.24706899       2.4979487       7.6859446        2.930597       3.8675318        3.8675318        2.930597                                 2.930597
              8       4.8527151     0.022156408       0.1204048      0.01040792       -1.785771      0.86108342    2.100583e-09      0.19493383       126.19413       0.1432054      0.80501608      0.24576364      0.24709496       2.4870631       7.6664053       1.9703666       3.8675318        3.8675318       1.9703666                                1.9703666
              1       4.9138768     0.022180109      0.12026528     0.010407593      -1.7180578      0.68906465    2.100583e-09      0.19894869       124.87262      0.14308958      0.80100014      0.24577397      0.24710533       2.4827126       7.6577031       2.0926901       3.8675318        3.8675318       2.0926901                                2.0926901
              1       4.3222285     0.022199637      0.11944486     0.010409217      -1.4426879      0.25648534    2.100583e-09      0.22605532       116.97354      0.14228869      0.77388622      0.24578245      0.24711384       2.4791364       7.6454067      0.90939335       3.8675318        3.8675318      0.90939335                               0.90939335
              1       4.7735207     0.022086144      0.11961448     0.010407684      -1.2022321      0.26243563    2.100583e-09      0.28122263       104.95355      0.14234482      0.71870467      0.24573283      0.24706404       2.5000273       7.6989589       1.8119778       3.8675318        3.8675318       1.8119778                                1.8119778
             10       4.9672653      0.02207365      0.11965024     0.010407561      -1.2227054      0.14090789    2.100583e-09      0.26899425       107.32466      0.14236808      0.73093621      0.24572733      0.24705852        2.502343       7.6924346        2.199467       3.8675318        3.8675318        2.199467                                 2.199467
              1       4.9711492     0.022090191      0.11971656     0.010407249      -1.2957083      0.18385112    2.100583e-09      0.25525322       110.18065      0.14245094      0.74468084       0.2457346      0.24706582       2.4992778       7.6842867       2.2072349       3.8675318        3.8675318       2.2072349                                2.2072349
              2       4.7458761     0.022105796      0.11972093     0.010407338      -1.2350385      0.24032911    2.100583e-09       0.2723474        106.6608      0.14247091      0.72758225      0.24574146      0.24707271       2.4963913       7.6905207       1.7566886       3.8675318        3.8675318       1.7566886                                1.7566886
              8       5.2368409       0.0220721      0.11997575     0.010406694       -1.317015      0.16014967    2.100583e-09      0.25097787        111.1726      0.14269204       0.7489574      0.24572665      0.24705784       2.5026305       7.6895018       2.7386182       3.8675318        3.8675318       2.7386182                                2.7386182
              3       7.1471842     0.021883104      0.12122677     0.010405939      -1.7072222       1.4695371    2.100583e-09      0.24999013       111.71087      0.14375406      0.74994587      0.24564368      0.24697457       2.5380673       7.7941558       6.5593049       3.8675318        3.8675318       6.5593049                                6.5593049
              1       6.4001914      0.02191711      0.12129285     0.010408873      -1.2581444      0.26722379    2.100583e-09      0.27745814       106.03852      0.14385415      0.72247088      0.24565857      0.24698951       2.5316353       7.7585271       5.0653192       3.8675318        3.8675318       5.0653192                                5.0653192
              2       7.0841286     0.021881834      0.12053505      0.01040821     -0.89759959     -0.83646215    2.100583e-09      0.29498184       102.72372      0.14306108      0.70494227      0.24564312      0.24697401        2.538308       7.7395685       6.4331937       3.8675318        3.8675318       6.4331937                                6.4331937
              2        7.075032     0.021931606      0.12018563     0.010411171      -1.0988525     -0.54477224    2.100583e-09      0.26236711       108.83446      0.14276142      0.73756525      0.24566492      0.24699589       2.5289009       7.7177621       6.4150005       3.8675318        3.8675318       6.4150005                                6.4150005
              3       5.3085839     0.022054816      0.12036429     0.010411273     -0.85688048     -0.70161698    2.100583e-09      0.30950105       100.18496       0.1430633      0.69041934      0.24571904       0.2470502       2.5058399       7.7054974       2.8821043       3.8675318        3.8675318       2.8821043                                2.8821043
              1       4.7295697     0.022073715      0.11975459     0.010409219      -1.7667306       1.1907287    2.100583e-09      0.21009209       121.46289       0.1424725      0.78985364      0.24572736      0.24705855       2.5023309         7.69244       1.7240758       3.8675318        3.8675318       1.7240758                                1.7240758
              9       5.0880243     0.022106306      0.12004099     0.010409535      -2.1905434         1.11041    2.100583e-09      0.14368279       146.92664      0.14279149      0.85628018      0.24574169      0.24707293        2.496297       7.6552392       2.4409849       3.8675318        3.8675318       2.4409849                                2.4409849
              1       5.1454335     0.022071763      0.12002597     0.010408724      -2.0762503       1.1365096    2.100583e-09      0.15910324       139.64125      0.14274192      0.84085574       0.2457265      0.24705769        2.502693       7.6688862       2.5558035       3.8675318        3.8675318       2.5558035                                2.5558035
              2       4.8489935     0.022148454      0.12001518      0.01040818      -0.7760379      -1.8192309    2.100583e-09      0.26950731       107.25655      0.14280783      0.73042324      0.24576016      0.24709147       2.4885258       7.6540991       1.9629234       3.8675318        3.8675318       1.9629234                                1.9629234
              5       5.1501193     0.022135884      0.12026432     0.010407581     -0.83951763      -1.8613821    2.100583e-09      0.25710633       109.86495       0.1430444      0.74282752      0.24575466      0.24708595       2.4908395       7.6580245       2.5651749       3.8675318        3.8675318       2.5651749                                2.5651749
              3       4.7142579      0.02233508       0.1190639     0.010408277     -0.54695257     -0.68936753    2.100583e-09      0.39056502       88.884364      0.14204317      0.60933379      0.24584058      0.24717219       2.4545399       7.6606542       1.6934521       3.8675318        3.8675318       1.6934521                                1.6934521
              5       5.0713305     0.022373453      0.11893058     0.010409629      -1.2790693       -0.223832    2.100583e-09      0.23242578       115.17623      0.14194823      0.76751396      0.24585696      0.24718862       2.4476378       7.5939744       2.4075974       3.8675318        3.8675318       2.4075974                                2.4075974
              7       4.1246225      0.02229707       0.1188028     0.010411553      -1.4814692       1.0860548    2.100583e-09      0.26270201       108.34542      0.14174406      0.73722979      0.24582435      0.24715589       2.4614057       7.6673777      0.51418143       3.8675318        3.8675318      0.51418143                               0.51418143
              1       4.2352221     0.022293446      0.11892261     0.010412033      -1.4236581       1.0538614    2.100583e-09      0.27660114        105.6112      0.14186025       0.7233271       0.2458228      0.24715434       2.4620619         7.67995       0.7353806       3.8675318        3.8675318       0.7353806                                0.7353806
              1       5.5587816      0.02238472      0.11988615     0.010410462      -1.5218207       1.2605427    2.100583e-09      0.27208952       106.61601      0.14291507      0.72784042      0.24586177      0.24719345       2.4456168       7.6779701       3.3824997       3.8675318        3.8675318       3.3824997                                3.3824997
              2       5.4393011     0.022389594      0.11972049     0.010410171      -1.7463496        1.509372    2.100583e-09      0.23220195       115.37551      0.14275427      0.76773819      0.24586385      0.24719554       2.4447433       7.6529055       3.1435386       3.8675318        3.8675318       3.1435386                                3.1435386
              1       6.3453814     0.022485279      0.11806018     0.010408666     -0.83405721     -0.58211751    2.100583e-09      0.30836192       99.798943      0.14118965       0.6915577      0.24590482      0.24723666       2.4276914       7.5790043       4.9556992       3.8675318        3.8675318       4.9556992                                4.9556992
              8       5.0769198      0.02223251      0.11909233     0.010407056      -0.6869267      -1.3515666    2.100583e-09       0.3061699        100.4368      0.14196903      0.69375073      0.24579665       0.2471281       2.4731333       7.6341292        2.418776       3.8675318        3.8675318        2.418776                                 2.418776
              4       4.6113969     0.022236477      0.11935349     0.010407821     -0.97086364     -0.65436721    2.100583e-09      0.27952184       105.16081      0.14223416      0.72040583      0.24579836      0.24712981       2.4724103       7.6394926       1.4877303       3.8675318        3.8675318       1.4877303                                1.4877303
              4       4.9499704     0.022226307      0.11959166     0.010407174      -1.1386394     -0.48386424    2.100583e-09      0.25340532       110.49664      0.14246216      0.74652922      0.24579398      0.24712541       2.4742645       7.6391624       2.1648772       3.8675318        3.8675318       2.1648772                                2.1648772
              2       4.9740222      0.02216845      0.11997278      0.01040634     -0.99749576      -0.1989537    2.100583e-09      0.30455066       100.88168      0.14278542      0.69537084      0.24576889      0.24710023       2.4848512       7.6826175       2.2129807       3.8675318        3.8675318       2.2129807                                2.2129807
              3       4.8471059     0.022160121      0.11994455     0.010406462      -1.0506544     0.091587923    2.100583e-09      0.31066461       99.882649      0.14274886       0.6892553      0.24576526      0.24709659       2.4863809       7.6965674       1.9591482       3.8675318        3.8675318       1.9591482                                1.9591482
              4        5.099947     0.022112356      0.12086225     0.010407084      -1.4230499      0.44916133    2.100583e-09      0.24773761       112.04742       0.1436188      0.75219891      0.24574434       0.2470756       2.4951792       7.6982326       2.4648305       3.8675318        3.8675318       2.4648305                                2.4648305
             12       5.5070144     0.021979088      0.12106646     0.010407773      -1.3902899      0.90826912    2.100583e-09      0.28739786       104.12222      0.14368974      0.71252853      0.24568574      0.24701678       2.5199756       7.7723952       3.2789653       3.8675318        3.8675318       3.2789653                                3.2789653
              1       5.2819782     0.021996002      0.12082985      0.01040792      -1.4817675      0.94271122    2.100583e-09      0.26448342        108.4881      0.14347005      0.73544873      0.24569317      0.24702424       2.5168078       7.7505963       2.8288928       3.8675318        3.8675318       2.8288928                                2.8288928
              1       4.4771648     0.022201016      0.12044258     0.010408588      -1.1489941      0.35238436    2.100583e-09       0.3051526       100.84931      0.14328779      0.69476903      0.24578305      0.24711444       2.4788842       7.7016997        1.219266       3.8675318        3.8675318        1.219266                                 1.219266
              5       5.3292147     0.022191481        0.119795     0.010405776     -0.60820297     -0.48829314    2.100583e-09      0.39507097       88.538456      0.14263067      0.60482709      0.24577891      0.24711029        2.480629       7.7114847       2.9233659       3.8675318        3.8675318       2.9233659                                2.9233659
              2       6.3966849     0.022190751      0.12039601     0.010404867        -1.10891     -0.56939916    2.100583e-09      0.26066671         109.112      0.14323095      0.73926632      0.24577859      0.24710997       2.4807629        7.659756       5.0583061       3.8675318        3.8675318       5.0583061                                5.0583061
              1       6.1379376     0.022268758      0.12011021      0.01040579      -1.1845078     -0.37151559    2.100583e-09      0.25221961       110.83494      0.14302316      0.74771549      0.24581223      0.24714373       2.4665386       7.6383092       4.5408117       3.8675318        3.8675318       4.5408117                                4.5408117
              2       4.9533636     0.022199941      0.12021791      0.01040936      -1.6948285      0.15771198    2.100583e-09      0.18328648       130.07759      0.14306204      0.81666637      0.24578258      0.24711397       2.4790809       7.6409106       2.1716636       3.8675318        3.8675318       2.1716636                                2.1716636
              3       5.1263154     0.022201414      0.12032155     0.010409067      -1.8371928      0.32011086    2.100583e-09       0.1684916        135.6914      0.14316716      0.83146509      0.24578322      0.24711462       2.4788113       7.6391953       2.5175671       3.8675318        3.8675318       2.5175671                                2.5175671
              2         5.12981     0.022258133      0.11970931     0.010407918      -1.7917949      0.45410503    2.100583e-09      0.17617504        132.5305      0.14261163       0.8237795      0.24580767      0.24713916       2.4684688       7.6202722       2.5245565       3.8675318        3.8675318       2.5245565                                2.5245565
              3       4.7047415     0.022228141       0.1196715     0.010408164      -1.8596727      0.97111679    2.100583e-09      0.18333283       129.92506      0.14254383      0.81661984      0.24579477      0.24712621       2.4739298       7.6363594       1.6744194       3.8675318        3.8675318       1.6744194                                1.6744194
              6       4.8007825     0.022250753       0.1194134     0.010409694      -2.0140873      0.77970313    2.100583e-09      0.15370591       141.81968      0.14230834      0.84625434       0.2458045      0.24713598        2.469811       7.6133412       1.8665014       3.8675318        3.8675318       1.8665014                                1.8665014
              2       4.7510731     0.022256701      0.11932583     0.010410075      -2.0471529      0.94355375    2.100583e-09      0.15347007       141.90367      0.14222672      0.84649022      0.24580706      0.24713854       2.4687292       7.6123259       1.7670825       3.8675318        3.8675318       1.7670825                                1.7670825
              5       5.0257983     0.022362468       0.1184996       0.0104097      -1.8313859      0.90158668    2.100583e-09      0.17917686       131.08732      0.14150626      0.82077654      0.24585227      0.24718392       2.4496105       7.5866877       2.3165331       3.8675318        3.8675318       2.3165331                                2.3165331
              2       5.0470673      0.02238182       0.1184794     0.010409892      -1.7294558       0.8100115    2.100583e-09      0.19218926       126.55754      0.14150541      0.80776075      0.24586053      0.24719221       2.4461367       7.5867349       2.3590711       3.8675318        3.8675318       2.3590711                                2.3590711
              5       4.9715492     0.022340875      0.11936045     0.010409836      -1.6530241       0.5395026    2.100583e-09      0.19858514       124.71234      0.14234551      0.80136352      0.24584305      0.24717467       2.4534957         7.60653       2.2080348       3.8675318        3.8675318       2.2080348                                2.2080348
             10       5.3367651     0.022310616      0.12007809     0.010410015       -1.234902     -0.46602535    2.100583e-09      0.23639357       114.45917       0.1430329       0.7635456      0.24583014       0.2471617       2.4589555       7.6234007       2.9384665       3.8675318        3.8675318       2.9384665                                2.9384665
              2       4.8378135     0.022081768      0.11970197     0.010409339     -0.41522779      -2.1300174    2.100583e-09      0.33220614       96.580915      0.14242793      0.66770802       0.2457309      0.24706211        2.500838       7.6753309       1.9405634       3.8675318        3.8675318       1.9405634                                1.9405634
             10       4.8589296     0.022092486       0.1194722     0.010410019     -0.45490789      -1.9935924    2.100583e-09      0.32842764        97.09241      0.14220888      0.67148736      0.24573561      0.24706684       2.4988529       7.6700663       1.9827956       3.8675318        3.8675318       1.9827956                                1.9827956
              2       4.6729731     0.022095378      0.11974342     0.010409094     -0.36806012      -2.1326148    2.100583e-09      0.34389086       94.927362      0.14248299      0.65602031      0.24573689      0.24706811       2.4983177       7.6754961       1.6108827       3.8675318        3.8675318       1.6108827                                1.6108827
              3       4.6290027     0.022136449      0.11928032     0.010408983     -0.37742284      -2.1484245    2.100583e-09      0.33766678       95.706194      0.14206096      0.66224575      0.24575491       0.2470862       2.4907355       7.6574522       1.5229419       3.8675318        3.8675318       1.5229419                                1.5229419
              8       4.2138734     0.022180049      0.11888645     0.010409321     -0.79062453     -0.27731485    2.100583e-09      0.34963448       93.973564      0.14171069      0.65027472      0.24577394       0.2471053       2.4827237       7.6872488      0.69268317       3.8675318        3.8675318      0.69268317                               0.69268317
              4       4.2658413     0.022166728      0.11891964     0.010409162     -0.81185863    -0.087187912    2.100583e-09      0.36031057       92.581179      0.14173056      0.63959587      0.24576814      0.24709948       2.4851673       7.7059758      0.79661908       3.8675318        3.8675318      0.79661908                               0.79661908
              4       4.0432428     0.022172105       0.1195941     0.010408952      -1.3310113      0.65115025    2.100583e-09      0.27434111       106.22071      0.14241039        0.725588      0.24577048      0.24710183       2.4841806        7.690535      0.35142197       3.8675318        3.8675318      0.35142197                               0.35142197
              1       4.8820753     0.022294141      0.11894553     0.010411228     -0.65652447      -2.1852231    2.100583e-09      0.27004596       106.88996      0.14188387      0.72988399       0.2458231      0.24715464        2.461936       7.6025954       2.0290871       3.8675318        3.8675318       2.0290871                                2.0290871
              3       5.1515593     0.022340807      0.11815042     0.010413127     -0.19633188      -2.1933942    2.100583e-09      0.37262402       90.853623      0.14113542      0.62727882      0.24584302      0.24717464        2.453508       7.6040775        2.568055       3.8675318        3.8675318        2.568055                                 2.568055
              5       5.1709683     0.022372204      0.11858449     0.010413076    -0.083764727      -1.7773611    2.100583e-09      0.44024132       83.637975      0.14160089      0.55964426      0.24585642      0.24718809       2.4478619       7.6339361        2.606873       3.8675318        3.8675318        2.606873                                 2.606873
              3       5.0385937     0.022361022      0.11864157     0.010412984      -0.2064727      -1.5801144    2.100583e-09      0.41801735       85.844701      0.14164679      0.58187405      0.24585165       0.2471833       2.4498704       7.6338158       2.3421238       3.8675318        3.8675318       2.3421238                                2.3421238
              6       5.3306006     0.022296323      0.12032435     0.010408692     -0.68062988      0.01134291    2.100583e-09      0.42533708       85.370696      0.14326487      0.57455366      0.24582403      0.24715557       2.4615409       7.7479402       2.9261376       3.8675318        3.8675318       2.9261376                                2.9261376
              1       5.3133833     0.022301262       0.1203258     0.010408638     -0.77418885      0.13562824    2.100583e-09      0.40482156       87.505619      0.14327125      0.59507446      0.24582614      0.24715769       2.4606471       7.7389826       2.8917031       3.8675318        3.8675318       2.8917031                                2.8917031
              2       6.3838298     0.022337843      0.12025003      0.01040722     -0.65993095      0.08112439    2.100583e-09      0.44304846       83.622164      0.14323207      0.55683771      0.24584176      0.24717337       2.4540419       7.7587566       5.0325959       3.8675318        3.8675318       5.0325959                                5.0325959
              1       7.2594739     0.022332123      0.12051237     0.010407237     -0.66983129      0.27635672    2.100583e-09      0.47167418       81.081569      0.14348868      0.52820484      0.24583932      0.24717092        2.455073       7.8079114       6.7838841       3.8675318        3.8675318       6.7838841                                6.7838841
              8       6.5611038     0.022383706      0.11940028     0.010406289     -0.80432071      0.22655646    2.100583e-09      0.39979751       87.885533      0.14242818      0.60009918      0.24586133      0.24719301       2.4457986        7.713472        5.387144       3.8675318        3.8675318        5.387144                                 5.387144
              6       7.3014903     0.022361543      0.12011467     0.010405346      -1.1800001      0.45329887    2.100583e-09      0.30273618       101.12844       0.1431204      0.69718598      0.24585187      0.24718352       2.4497768       7.6639608        6.867917       3.8675318        3.8675318        6.867917                                 6.867917
              3       6.3392867     0.022388775      0.11865689     0.010406358      -0.9568974      0.44801545    2.100583e-09       0.3656557       91.777605      0.14168986      0.63424932       0.2458635      0.24719519       2.4448901       7.6919023       4.9435098       3.8675318        3.8675318       4.9435098                                4.9435098
              8       4.7686318     0.022213804       0.1193269     0.010408334      -1.1393627      0.99941714    2.100583e-09      0.37572774       90.630638       0.1421849      0.62417501      0.24578858         0.24712       2.4765466       7.7929095       1.8022001       3.8675318        3.8675318       1.8022001                                1.8022001
              3       4.3901668      0.02212169      0.11960883     0.010408503     -0.92901657     -0.41158905    2.100583e-09      0.30575927       100.63875      0.14237471       0.6941617      0.24574844      0.24707971       2.4934563       7.6837159       1.0452701       3.8675318        3.8675318       1.0452701                                1.0452701
              2       4.7249605     0.022250498      0.11895407     0.010407702     -0.52252967      -1.4323105    2.100583e-09      0.34139632       95.084477      0.14184876      0.65851511      0.24580439      0.24713586       2.4698575       7.6373997       1.7148575       3.8675318        3.8675318       1.7148575                                1.7148575
              2       4.6684445     0.022247551      0.11872127     0.010408144      -0.6239965      -1.2026162    2.100583e-09      0.32801412       96.966954      0.14161301      0.67190064      0.24580312      0.24713459       2.4703937       7.6345039       1.6018254       3.8675318        3.8675318       1.6018254                                1.6018254
              1        4.469677      0.02222073      0.11884413     0.010408166     -0.45158881      -0.9140026    2.100583e-09      0.40071393       87.759094      0.14170905        0.599182      0.24579157        0.247123        2.475282       7.6793296       1.2042904       3.8675318        3.8675318       1.2042904                                1.2042904
              1       4.9398212      0.02231263      0.11873475     0.010407369     -0.97766274      0.31781521    2.100583e-09       0.3444123       94.607635      0.14169157      0.65549825        0.245831      0.24716257       2.4585917       7.6827581       2.1445788       3.8675318        3.8675318       2.1445788                                2.1445788
              2       4.5694544     0.022201397      0.12052187     0.010408696      -1.5015995        1.104667    2.100583e-09      0.26870286       107.48593      0.14336746      0.73122816      0.24578321      0.24711461       2.4788144       7.7124974       1.4038452       3.8675318        3.8675318       1.4038452                                1.4038452
              1       4.4969971     0.022162197      0.12036884     0.010409381      -1.6090771       1.5772829    2.100583e-09      0.27767857       105.42734      0.14317523      0.72225006      0.24576616       0.2470975       2.4859994        7.767202       1.2589307       3.8675318        3.8675318       1.2589307                                1.2589307
              9       4.5084833      0.02215995      0.12037646     0.010409321      -1.6009785       1.5737439    2.100583e-09      0.27935944       105.07851      0.14318061      0.72056875      0.24576518      0.24709651       2.4864123       7.7706635       1.2819031       3.8675318        3.8675318       1.2819031                                1.2819031
              1       4.5294813     0.022084254      0.12026706     0.010408035      -1.5533783       1.2722491    2.100583e-09      0.26829966       107.56929      0.14299551      0.73163129      0.24573199       0.2470632       2.5003773       7.7442145       1.3238991       3.8675318        3.8675318       1.3238991                                1.3238991
              4       4.6332506      0.02207319      0.12044154     0.010407896      -1.5077774        1.149006    2.100583e-09      0.27123165       107.02489      0.14315892      0.72869862      0.24572713      0.24705832       2.5024283        7.744149       1.5314376       3.8675318        3.8675318       1.5314376                                1.5314376
              1       4.4148864      0.02210237      0.12022396     0.010408406      -1.5427084       1.3356098    2.100583e-09      0.27700723       105.84084      0.14297052      0.72292146      0.24573996       0.2470712       2.4970246       7.7516716       1.0947092       3.8675318        3.8675318       1.0947092                                1.0947092
