#        weight    minuslogpost          hrdrag           omch2               w              wa              As           rdrag          omegam        omegamh2        omega_de             YHe             Y_p           DHBBN            zrei       chi2__BAO   minuslogprior minuslogprior__0            chi2 chi2__bao.desi_dr2
              2       25.610411       99.188149      0.12164152       -1.031711     -0.17140906    2.100583e-09       141.69736      0.29446202      0.14428639      0.70546425      0.24569493        0.247026         2.51606       7.7533733       34.054634       8.5830933        8.5830933       34.054634          34.054634
              1        18.26429       102.55784       0.1023469      -1.2253682       0.5486461    2.100583e-09        146.5112      0.25508524      0.12499177      0.74484103      0.24569493        0.247026         2.51606       7.4192773       19.362394       8.5830933        8.5830933       19.362394          19.362394
              2       18.166059       102.28692       0.1023469      -1.2253682       0.5486461    2.100583e-09       146.12417      0.25508524      0.12499177      0.74484103      0.24569493        0.247026         2.51606       7.4192773       19.165931       8.5830933        8.5830933       19.165931          19.165931
              1       18.143417       102.30329       0.1023469      -1.2253682       0.5486461    2.100583e-09       146.14756      0.25508524      0.12499177      0.74484103      0.24569493        0.247026         2.51606       7.4192773       19.120648       8.5830933        8.5830933       19.120648          19.120648
              1       18.439828       102.62387       0.1023469      -1.2253682       0.5486461    2.100583e-09       146.60553      0.25508524      0.12499177      0.74484103      0.24569493        0.247026         2.51606       7.4192773       19.713469       8.5830933        8.5830933       19.713469          19.713469
              1       17.730976       102.69342      0.10268018      -1.2450288      0.62088226    2.100583e-09       146.70489       0.2557654      0.12532505      0.74416087      0.24569493        0.247026         2.51606       7.4305742       18.295765       8.5830933        8.5830933       18.295765          18.295765
              3       14.802446       104.19486     0.098233513      -1.3696481       1.0140552    2.100583e-09        148.8498      0.24669057      0.12087838       0.7532357      0.24569493        0.247026         2.51606       7.3682466       12.438706       8.5830933        8.5830933       12.438706          12.438706
              1        14.84671        104.2334     0.098233513      -1.3696481       1.0140552    2.100583e-09       148.90486      0.24669057      0.12087838       0.7532357      0.24569493        0.247026         2.51606       7.3682466       12.527234       8.5830933        8.5830933       12.527234          12.527234
              1       13.931833       104.89883      0.10353428      -1.4382648      0.99249362    2.100583e-09       149.85548      0.25750846      0.12617915      0.74241781      0.24569493        0.247026         2.51606        7.429338       10.697479       8.5830933        8.5830933       10.697479          10.697479
              3       13.826257       104.11977      0.10353428      -1.4382648      0.99249362    2.100583e-09       148.74253      0.25750846      0.12617915      0.74241781      0.24569493        0.247026         2.51606        7.429338       10.486327       8.5830933        8.5830933       10.486327          10.486327
              2       14.077841       104.07267      0.10353428      -1.4382648      0.99249362    2.100583e-09       148.67525      0.25750846      0.12617915      0.74241781      0.24569493        0.247026         2.51606        7.429338       10.989496       8.5830933        8.5830933       10.989496          10.989496
              3       13.220777       104.72546      0.10353428      -1.4382648      0.99249362    2.100583e-09       149.60781      0.25750846      0.12617915      0.74241781      0.24569493        0.247026         2.51606        7.429338       9.2753676       8.5830933        8.5830933       9.2753676          9.2753676
              3       13.933077       104.09908      0.10353428      -1.4382648      0.99249362    2.100583e-09       148.71298      0.25750846      0.12617915      0.74241781      0.24569493        0.247026         2.51606        7.429338       10.699968       8.5830933        8.5830933       10.699968          10.699968
              5       13.308653       104.24307      0.10353428      -1.4382648      0.99249362    2.100583e-09       148.91866      0.25750846      0.12617915      0.74241781      0.24569493        0.247026         2.51606        7.429338       9.4511194       8.5830933        8.5830933       9.4511194          9.4511194
              2       13.857598       104.11358      0.10353428      -1.4382648      0.99249362    2.100583e-09       148.73369      0.25750846      0.12617915      0.74241781      0.24569493        0.247026         2.51606        7.429338       10.549009       8.5830933        8.5830933       10.549009          10.549009
              1       12.965781       104.38382      0.10353428      -1.4382648      0.99249362    2.100583e-09       149.11975      0.25750846      0.12617915      0.74241781      0.24569493        0.247026         2.51606        7.429338       8.7653754       8.5830933        8.5830933       8.7653754          8.7653754
              1       14.334176       105.42895     0.097475058      -1.5330673       1.4037499    2.100583e-09       150.61278       0.2451427      0.12011992      0.75478357      0.24569493        0.247026         2.51606        7.360905       11.502165       8.5830933        8.5830933       11.502165          11.502165
              2       12.707637       105.98886     0.097475058      -1.5330673       1.4037499    2.100583e-09       151.41266       0.2451427      0.12011992      0.75478357      0.24569493        0.247026         2.51606        7.360905       8.2490873       8.5830933        8.5830933       8.2490873          8.2490873
              1       12.916009       105.58845     0.096857306       -1.510264        1.370431    2.100583e-09       150.84065      0.24388199      0.11950217      0.75604429      0.24569493        0.247026         2.51606       7.3544572        8.665832       8.5830933        8.5830933        8.665832           8.665832
              3       12.850669       105.86715     0.096857306       -1.510264        1.370431    2.100583e-09       151.23878      0.24388199      0.11950217      0.75604429      0.24569493        0.247026         2.51606       7.3544572       8.5351506       8.5830933        8.5830933       8.5351506          8.5351506
              1       12.974738       105.93054     0.096857306       -1.510264        1.370431    2.100583e-09       151.32934      0.24388199      0.11950217      0.75604429      0.24569493        0.247026         2.51606       7.3544572       8.7832896       8.5830933        8.5830933       8.7832896          8.7832896
              1       13.176806       105.49065     0.096857306       -1.510264        1.370431    2.100583e-09       150.70093      0.24388199      0.11950217      0.75604429      0.24569493        0.247026         2.51606       7.3544572        9.187425       8.5830933        8.5830933        9.187425           9.187425
              2       13.253671       106.02481     0.096857306       -1.510264        1.370431    2.100583e-09       151.46401      0.24388199      0.11950217      0.75604429      0.24569493        0.247026         2.51606       7.3544572       9.3411559       8.5830933        8.5830933       9.3411559          9.3411559
              1       13.024886       105.95069     0.096857306       -1.510264        1.370431    2.100583e-09       151.35813      0.24388199      0.11950217      0.75604429      0.24569493        0.247026         2.51606       7.3544572       8.8835855       8.5830933        8.5830933       8.8835855          8.8835855
              1       12.872786       105.61141     0.096857306       -1.510264        1.370431    2.100583e-09       150.87344      0.24388199      0.11950217      0.75604429      0.24569493        0.247026         2.51606       7.3544572       8.5793859       8.5830933        8.5830933       8.5793859          8.5793859
              4       12.800815       105.66274     0.096857306       -1.510264        1.370431    2.100583e-09       150.94677      0.24388199      0.11950217      0.75604429      0.24569493        0.247026         2.51606       7.3544572        8.435443       8.5830933        8.5830933        8.435443           8.435443
              1       12.776649        105.6897     0.096857306       -1.510264        1.370431    2.100583e-09       150.98528      0.24388199      0.11950217      0.75604429      0.24569493        0.247026         2.51606       7.3544572       8.3871112       8.5830933        8.5830933       8.3871112          8.3871112
              2       14.154914       106.21449     0.096857306       -1.510264        1.370431    2.100583e-09       151.73499      0.24388199      0.11950217      0.75604429      0.24569493        0.247026         2.51606       7.3544572       11.143642       8.5830933        8.5830933       11.143642          11.143642
              1       13.187072       105.48756     0.096857306       -1.510264        1.370431    2.100583e-09       150.69652      0.24388199      0.11950217      0.75604429      0.24569493        0.247026         2.51606       7.3544572       9.2079573       8.5830933        8.5830933       9.2079573          9.2079573
              3       15.165923       105.13696     0.096857306       -1.510264        1.370431    2.100583e-09       150.19566      0.24388199      0.11950217      0.75604429      0.24569493        0.247026         2.51606       7.3544572       13.165658       8.5830933        8.5830933       13.165658          13.165658
              3       12.860649       105.87341     0.096857306       -1.510264        1.370431    2.100583e-09       151.24773      0.24388199      0.11950217      0.75604429      0.24569493        0.247026         2.51606       7.3544572       8.5551109       8.5830933        8.5830933       8.5551109          8.5551109
              1       12.766255        105.7851     0.096857306       -1.510264        1.370431    2.100583e-09       151.12157      0.24388199      0.11950217      0.75604429      0.24569493        0.247026         2.51606       7.3544572       8.3663244       8.5830933        8.5830933       8.3663244          8.3663244
              3       12.757039       105.73563     0.096857306       -1.510264        1.370431    2.100583e-09        151.0509      0.24388199      0.11950217      0.75604429      0.24569493        0.247026         2.51606       7.3544572       8.3478912       8.5830933        8.5830933       8.3478912          8.3478912
              1       12.951796       106.64369     0.092894208      -1.5640381       1.5287342    2.100583e-09       152.34813      0.23579403      0.11553907      0.76413224      0.24569493        0.247026         2.51606       7.2915116       8.7374048       8.5830933        8.5830933       8.7374048          8.7374048
              1       13.785101       107.57359     0.092894208      -1.5640381       1.5287342    2.100583e-09       153.67656      0.23579403      0.11553907      0.76413224      0.24569493        0.247026         2.51606       7.2915116       10.404016       8.5830933        8.5830933       10.404016          10.404016
              1       12.356596        107.2792     0.092894208      -1.5640381       1.5287342    2.100583e-09         153.256      0.23579403      0.11553907      0.76413224      0.24569493        0.247026         2.51606       7.2915116       7.5470061       8.5830933        8.5830933       7.5470061          7.5470061
              2       13.408494        107.5137     0.092894208      -1.5640381       1.5287342    2.100583e-09       153.59101      0.23579403      0.11553907      0.76413224      0.24569493        0.247026         2.51606       7.2915116       9.6508008       8.5830933        8.5830933       9.6508008          9.6508008
              1       12.168282       106.86407     0.092894208      -1.5640381       1.5287342    2.100583e-09       152.66295      0.23579403      0.11553907      0.76413224      0.24569493        0.247026         2.51606       7.2915116       7.1703769       8.5830933        8.5830933       7.1703769          7.1703769
              1       13.832678       107.03439      0.10268262      -1.5662517       1.1399233    2.100583e-09       152.90626      0.25577039      0.12532749      0.74415589      0.24569493        0.247026         2.51606       7.3848831        10.49917       8.5830933        8.5830933        10.49917           10.49917
              2       12.013525       106.26986      0.10268262      -1.5662517       1.1399233    2.100583e-09       151.81408      0.25577039      0.12532749      0.74415589      0.24569493        0.247026         2.51606       7.3848831       6.8608634       8.5830933        8.5830933       6.8608634          6.8608634
              1       11.971313       106.28794      0.10268262      -1.5662517       1.1399233    2.100583e-09       151.83992      0.25577039      0.12532749      0.74415589      0.24569493        0.247026         2.51606       7.3848831       6.7764389       8.5830933        8.5830933       6.7764389          6.7764389
              3       12.907213       106.88571      0.10268262      -1.5662517       1.1399233    2.100583e-09       152.69387      0.25577039      0.12532749      0.74415589      0.24569493        0.247026         2.51606       7.3848831       8.6482403       8.5830933        8.5830933       8.6482403          8.6482403
              1       12.711223       106.07983      0.10268262      -1.5662517       1.1399233    2.100583e-09       151.54262      0.25577039      0.12532749      0.74415589      0.24569493        0.247026         2.51606       7.3848831       8.2562597       8.5830933        8.5830933       8.2562597          8.2562597
              1       12.449327       106.13773      0.10268262      -1.5662517       1.1399233    2.100583e-09       151.62533      0.25577039      0.12532749      0.74415589      0.24569493        0.247026         2.51606       7.3848831       7.7324667       8.5830933        8.5830933       7.7324667          7.7324667
              1       9.9610015       105.90577      0.10708998      -1.4241742      0.32687739    2.100583e-09       151.29396        0.264765      0.12973485      0.73516128      0.24569493        0.247026         2.51606        7.429051       2.7558164       8.5830933        8.5830933       2.7558164          2.7558164
              1        9.982119       105.85486      0.10721789      -1.4204307       0.3174863    2.100583e-09       151.22123      0.26502604      0.12986276      0.73490023      0.24569493        0.247026         2.51606       7.4316899       2.7980514       8.5830933        8.5830933       2.7980514          2.7980514
              1       10.526909       106.05012      0.10721789      -1.4204307       0.3174863    2.100583e-09       151.50018      0.26502604      0.12986276      0.73490023      0.24569493        0.247026         2.51606       7.4316899       3.8876312       8.5830933        8.5830933       3.8876312          3.8876312
              2       10.416152       106.02132      0.10721789      -1.4204307       0.3174863    2.100583e-09       151.45903      0.26502604      0.12986276      0.73490023      0.24569493        0.247026         2.51606       7.4316899       3.6661179       8.5830933        8.5830933       3.6661179          3.6661179
              5       9.9340669       105.64976      0.10721789      -1.4204307       0.3174863    2.100583e-09       150.92823      0.26502604      0.12986276      0.73490023      0.24569493        0.247026         2.51606       7.4316899       2.7019473       8.5830933        8.5830933       2.7019473          2.7019473
              1       10.399007        106.0166      0.10721789      -1.4204307       0.3174863    2.100583e-09       151.45229      0.26502604      0.12986276      0.73490023      0.24569493        0.247026         2.51606       7.4316899       3.6318283       8.5830933        8.5830933       3.6318283          3.6318283
              1       10.575806       106.29569      0.10305509      -1.4624985      0.60761727    2.100583e-09       151.85098      0.25653052      0.12569995      0.74339575      0.24569493        0.247026         2.51606       7.3612394       3.9854255       8.5830933        8.5830933       3.9854255          3.9854255
              4       11.023375       106.13942      0.10305509      -1.4624985      0.60761727    2.100583e-09       151.62774      0.25653052      0.12569995      0.74339575      0.24569493        0.247026         2.51606       7.3612394       4.8805627       8.5830933        8.5830933       4.8805627          4.8805627
              1       10.636421       106.26614      0.10305509      -1.4624985      0.60761727    2.100583e-09       151.80877      0.25653052      0.12569995      0.74339575      0.24569493        0.247026         2.51606       7.3612394       4.1066546       8.5830933        8.5830933       4.1066546          4.1066546
              3       10.875141       106.18055      0.10305509      -1.4624985      0.60761727    2.100583e-09        151.6865      0.25653052      0.12569995      0.74339575      0.24569493        0.247026         2.51606       7.3612394       4.5840957       8.5830933        8.5830933       4.5840957          4.5840957
              1       10.471608       105.35633      0.10615646      -1.3898046      0.35009766    2.100583e-09       150.50904      0.26285985      0.12880133      0.73706642      0.24569493        0.247026         2.51606       7.4188479       3.7770304       8.5830933        8.5830933       3.7770304          3.7770304
              3       10.919677       105.64417      0.10615646      -1.3898046      0.35009766    2.100583e-09       150.92024      0.26285985      0.12880133      0.73706642      0.24569493        0.247026         2.51606       7.4188479       4.6731678       8.5830933        8.5830933       4.6731678          4.6731678
              1       10.472757       105.40592      0.10615646      -1.3898046      0.35009766    2.100583e-09       150.57989      0.26285985      0.12880133      0.73706642      0.24569493        0.247026         2.51606       7.4188479       3.7793272       8.5830933        8.5830933       3.7793272          3.7793272
              1        10.47582        105.4137      0.10615646      -1.3898046      0.35009766    2.100583e-09         150.591      0.26285985      0.12880133      0.73706642      0.24569493        0.247026         2.51606       7.4188479       3.7854531       8.5830933        8.5830933       3.7854531          3.7854531
              1       10.517312       105.29226      0.10615646      -1.3898046      0.35009766    2.100583e-09       150.41751      0.26285985      0.12880133      0.73706642      0.24569493        0.247026         2.51606       7.4188479       3.8684372       8.5830933        8.5830933       3.8684372          3.8684372
              2       10.558889       105.26105      0.10615646      -1.3898046      0.35009766    2.100583e-09       150.37294      0.26285985      0.12880133      0.73706642      0.24569493        0.247026         2.51606       7.4188479        3.951592       8.5830933        8.5830933        3.951592           3.951592
              1       11.101353       105.06741      0.10615646      -1.3898046      0.35009766    2.100583e-09       150.09631      0.26285985      0.12880133      0.73706642      0.24569493        0.247026         2.51606       7.4188479       5.0365185       8.5830933        8.5830933       5.0365185          5.0365185
              3        11.38393       105.75691      0.10615646      -1.3898046      0.35009766    2.100583e-09       151.08129      0.26285985      0.12880133      0.73706642      0.24569493        0.247026         2.51606       7.4188479       5.6016741       8.5830933        8.5830933       5.6016741          5.6016741
              1       12.375753       106.20006     0.099176988      -1.4527884      0.80365478    2.100583e-09       151.71438      0.24861603      0.12182185      0.75131024      0.24569493        0.247026         2.51606        7.306935       7.5853195       8.5830933        8.5830933       7.5853195          7.5853195
              2       13.146662       106.02725     0.099176988      -1.4527884      0.80365478    2.100583e-09       151.46751      0.24861603      0.12182185      0.75131024      0.24569493        0.247026         2.51606        7.306935        9.127138       8.5830933        8.5830933        9.127138           9.127138
              7       12.795233       106.09568     0.099176988      -1.4527884      0.80365478    2.100583e-09       151.56526      0.24861603      0.12182185      0.75131024      0.24569493        0.247026         2.51606        7.306935         8.42428       8.5830933        8.5830933         8.42428            8.42428
              2       12.812397       106.09204     0.099176988      -1.4527884      0.80365478    2.100583e-09       151.56006      0.24861603      0.12182185      0.75131024      0.24569493        0.247026         2.51606        7.306935       8.4586071       8.5830933        8.5830933       8.4586071          8.4586071
              1       12.334011       106.40889      0.09998026      -1.4469163       0.8120191    2.100583e-09       152.01271      0.25025536      0.12262513      0.74967091      0.24569493        0.247026         2.51606       7.3262333        7.501835       8.5830933        8.5830933        7.501835           7.501835
              3         14.1915        106.7455      0.09998026      -1.4469163       0.8120191    2.100583e-09       152.49357      0.25025536      0.12262513      0.74967091      0.24569493        0.247026         2.51606       7.3262333       11.216813       8.5830933        8.5830933       11.216813          11.216813
              1       11.913601       106.22024      0.09998026      -1.4469163       0.8120191    2.100583e-09        151.7432      0.25025536      0.12262513      0.74967091      0.24569493        0.247026         2.51606       7.3262333       6.6610164       8.5830933        8.5830933       6.6610164          6.6610164
              1       12.546714       107.17356     0.095624482      -1.5171835         1.05885    2.100583e-09       153.10508      0.24136602      0.11826935      0.75856025      0.24569493        0.247026         2.51606       7.2491281       7.9272411       8.5830933        8.5830933       7.9272411          7.9272411
              1       12.481447       107.18966     0.095624482      -1.5171835         1.05885    2.100583e-09       153.12808      0.24136602      0.11826935      0.75856025      0.24569493        0.247026         2.51606       7.2491281       7.7967074       8.5830933        8.5830933       7.7967074          7.7967074
              3       12.585951       107.84734     0.095624482      -1.5171835         1.05885    2.100583e-09       154.06763      0.24136602      0.11826935      0.75856025      0.24569493        0.247026         2.51606       7.2491281       8.0057149       8.5830933        8.5830933       8.0057149          8.0057149
              1       12.617053       108.22932     0.097550784       -1.511497      0.84602356    2.100583e-09       154.61332      0.24529725      0.12019565      0.75462902      0.24569493        0.247026         2.51606       7.2604474       8.0679186       8.5830933        8.5830933       8.0679186          8.0679186
              1       11.363236       107.61866     0.097550784       -1.511497      0.84602356    2.100583e-09       153.74094      0.24529725      0.12019565      0.75462902      0.24569493        0.247026         2.51606       7.2604474       5.5602851       8.5830933        8.5830933       5.5602851          5.5602851
              6       13.341578       107.17751     0.097550784       -1.511497      0.84602356    2.100583e-09       153.11073      0.24529725      0.12019565      0.75462902      0.24569493        0.247026         2.51606       7.2604474       9.5169703       8.5830933        8.5830933       9.5169703          9.5169703
              1       12.560883        108.2195     0.097550784       -1.511497      0.84602356    2.100583e-09       154.59928      0.24529725      0.12019565      0.75462902      0.24569493        0.247026         2.51606       7.2604474       7.9555791       8.5830933        8.5830933       7.9555791          7.9555791
              3       12.261002       108.51126     0.097610324      -1.5308966      0.86054817    2.100583e-09       155.01609      0.24541876      0.12025519      0.75450751      0.24569493        0.247026         2.51606       7.2576012        7.355818       8.5830933        8.5830933        7.355818           7.355818
              7       10.888612       108.00433     0.097610324      -1.5308966      0.86054817    2.100583e-09        154.2919      0.24541876      0.12025519      0.75450751      0.24569493        0.247026         2.51606       7.2576012       4.6110372       8.5830933        8.5830933       4.6110372          4.6110372
              1       10.890647       107.99948     0.097610324      -1.5308966      0.86054817    2.100583e-09       154.28496      0.24541876      0.12025519      0.75450751      0.24569493        0.247026         2.51606       7.2576012       4.6151081       8.5830933        8.5830933       4.6151081          4.6151081
              1       11.038537       107.87693     0.097610324      -1.5308966      0.86054817    2.100583e-09        154.1099      0.24541876      0.12025519      0.75450751      0.24569493        0.247026         2.51606       7.2576012       4.9108883       8.5830933        8.5830933       4.9108883          4.9108883
             13       11.185343       108.00084     0.097065088      -1.5412136      0.89819617    2.100583e-09       154.28691      0.24430603      0.11970996      0.75562024      0.24569493        0.247026         2.51606        7.247607       5.2044986       8.5830933        8.5830933       5.2044986          5.2044986
              2       11.018554       108.03288     0.097631543      -1.5299858      0.80853792    2.100583e-09       154.33269      0.24546206      0.12027641      0.75446421      0.24569493        0.247026         2.51606       7.2528008       4.8709223       8.5830933        8.5830933       4.8709223          4.8709223
              2       11.114836       107.99121     0.097631543      -1.5299858      0.80853792    2.100583e-09       154.27316      0.24546206      0.12027641      0.75446421      0.24569493        0.247026         2.51606       7.2528008       5.0634862       8.5830933        8.5830933       5.0634862          5.0634862
              1       13.272027       106.38903     0.093742179      -1.5003949       1.2664218    2.100583e-09       151.98433      0.23752458      0.11638705      0.76240169      0.24569493        0.247026         2.51606       7.2665338       9.3778669       8.5830933        8.5830933       9.3778669          9.3778669
              3       13.426676       107.06539     0.093742179      -1.5003949       1.2664218    2.100583e-09       152.95056      0.23752458      0.11638705      0.76240169      0.24569493        0.247026         2.51606       7.2665338       9.6871657       8.5830933        8.5830933       9.6871657          9.6871657
              1       12.627867       106.72413     0.093742179      -1.5003949       1.2664218    2.100583e-09       152.46304      0.23752458      0.11638705      0.76240169      0.24569493        0.247026         2.51606       7.2665338       8.0895482       8.5830933        8.5830933       8.0895482          8.0895482
              4       12.666679         106.628     0.093742179      -1.5003949       1.2664218    2.100583e-09       152.32572      0.23752458      0.11638705      0.76240169      0.24569493        0.247026         2.51606       7.2665338       8.1671709       8.5830933        8.5830933       8.1671709          8.1671709
              2       12.781449       106.86509     0.093742179      -1.5003949       1.2664218    2.100583e-09       152.66442      0.23752458      0.11638705      0.76240169      0.24569493        0.247026         2.51606       7.2665338       8.3967118       8.5830933        8.5830933       8.3967118          8.3967118
              2       12.727204       106.83467     0.093742179      -1.5003949       1.2664218    2.100583e-09       152.62096      0.23752458      0.11638705      0.76240169      0.24569493        0.247026         2.51606       7.2665338       8.2882216       8.5830933        8.5830933       8.2882216          8.2882216
              2       16.267218       107.47312     0.093742179      -1.5003949       1.2664218    2.100583e-09       153.53303      0.23752458      0.11638705      0.76240169      0.24569493        0.247026         2.51606       7.2665338       15.368249       8.5830933        8.5830933       15.368249          15.368249
              1       10.651006       110.29705      0.08912245      -1.7035369       1.6747712    2.100583e-09       157.56721      0.22809656      0.11176732      0.77182971      0.24569493        0.247026         2.51606       7.1587475       4.1358252       8.5830933        8.5830933       4.1358252          4.1358252
              5       10.890058       110.00527      0.08912245      -1.7035369       1.6747712    2.100583e-09       157.15038      0.22809656      0.11176732      0.77182971      0.24569493        0.247026         2.51606       7.1587475       4.6139287       8.5830933        8.5830933       4.6139287          4.6139287
              3       10.705223       110.09744      0.08912245      -1.7035369       1.6747712    2.100583e-09       157.28206      0.22809656      0.11176732      0.77182971      0.24569493        0.247026         2.51606       7.1587475       4.2442594       8.5830933        8.5830933       4.2442594          4.2442594
              2       10.661563       110.13244      0.08912245      -1.7035369       1.6747712    2.100583e-09       157.33206      0.22809656      0.11176732      0.77182971      0.24569493        0.247026         2.51606       7.1587475       4.1569401       8.5830933        8.5830933       4.1569401          4.1569401
              1       10.647791       110.14688      0.08912245      -1.7035369       1.6747712    2.100583e-09       157.35269      0.22809656      0.11176732      0.77182971      0.24569493        0.247026         2.51606       7.1587475       4.1293953       8.5830933        8.5830933       4.1293953          4.1293953
              1       10.776633       110.38514      0.08912245      -1.7035369       1.6747712    2.100583e-09       157.69305      0.22809656      0.11176732      0.77182971      0.24569493        0.247026         2.51606       7.1587475       4.3870795       8.5830933        8.5830933       4.3870795          4.3870795
              2       12.448297       110.77955      0.08912245      -1.7035369       1.6747712    2.100583e-09        158.2565      0.22809656      0.11176732      0.77182971      0.24569493        0.247026         2.51606       7.1587475       7.7304067       8.5830933        8.5830933       7.7304067          7.7304067
              1       12.082404       109.72439      0.08912245      -1.7035369       1.6747712    2.100583e-09       156.74912      0.22809656      0.11176732      0.77182971      0.24569493        0.247026         2.51606       7.1587475       6.9986206       8.5830933        8.5830933       6.9986206          6.9986206
              1       10.620775        110.2484      0.08912245      -1.7035369       1.6747712    2.100583e-09       157.49771      0.22809656      0.11176732      0.77182971      0.24569493        0.247026         2.51606       7.1587475       4.0753639       8.5830933        8.5830933       4.0753639          4.0753639
              4       10.690779        110.1078      0.08912245      -1.7035369       1.6747712    2.100583e-09       157.29686      0.22809656      0.11176732      0.77182971      0.24569493        0.247026         2.51606       7.1587475       4.2153711       8.5830933        8.5830933       4.2153711          4.2153711
              4        10.99199       109.96854      0.08912245      -1.7035369       1.6747712    2.100583e-09       157.09792      0.22809656      0.11176732      0.77182971      0.24569493        0.247026         2.51606       7.1587475        4.817793       8.5830933        8.5830933        4.817793           4.817793
              4       11.296046       110.56025      0.08912245      -1.7035369       1.6747712    2.100583e-09       157.94321      0.22809656      0.11176732      0.77182971      0.24569493        0.247026         2.51606       7.1587475       5.4259062       8.5830933        8.5830933       5.4259062          5.4259062
              3       10.751377       110.06903      0.08912245      -1.7035369       1.6747712    2.100583e-09       157.24148      0.22809656      0.11176732      0.77182971      0.24569493        0.247026         2.51606       7.1587475       4.3365677       8.5830933        8.5830933       4.3365677          4.3365677
              3       10.632677       110.16709      0.08912245      -1.7035369       1.6747712    2.100583e-09       157.38156      0.22809656      0.11176732      0.77182971      0.24569493        0.247026         2.51606       7.1587475       4.0991668       8.5830933        8.5830933       4.0991668          4.0991668
              1       10.936284        110.4533      0.08912245      -1.7035369       1.6747712    2.100583e-09       157.79043      0.22809656      0.11176732      0.77182971      0.24569493        0.247026         2.51606       7.1587475       4.7063812       8.5830933        8.5830933       4.7063812          4.7063812
              3       10.686363       110.11117      0.08912245      -1.7035369       1.6747712    2.100583e-09       157.30167      0.22809656      0.11176732      0.77182971      0.24569493        0.247026         2.51606       7.1587475       4.2065387       8.5830933        8.5830933       4.2065387          4.2065387
              1       13.424176        111.3242     0.087915607      -1.7026363       1.3522496    2.100583e-09       159.03458      0.22563362      0.11056047      0.77429265      0.24569493        0.247026         2.51606        7.061811       9.6821645       8.5830933        8.5830933       9.6821645          9.6821645
              3       12.961319       111.40443     0.087915607      -1.7026363       1.3522496    2.100583e-09       159.14918      0.22563362      0.11056047      0.77429265      0.24569493        0.247026         2.51606        7.061811        8.756451       8.5830933        8.5830933        8.756451           8.756451
              1       11.795315       111.78114     0.087915607      -1.7026363       1.3522496    2.100583e-09       159.68734      0.22563362      0.11056047      0.77429265      0.24569493        0.247026         2.51606        7.061811       6.4244439       8.5830933        8.5830933       6.4244439          6.4244439
              1        11.87096       111.72092     0.087915607      -1.7026363       1.3522496    2.100583e-09       159.60131      0.22563362      0.11056047      0.77429265      0.24569493        0.247026         2.51606        7.061811       6.5757339       8.5830933        8.5830933       6.5757339          6.5757339
              4       11.733275       112.21838     0.092423734      -1.7223717       1.1483287    2.100583e-09       160.31197      0.23483388       0.1150686      0.76509239      0.24569493        0.247026         2.51606       7.1270919        6.300363       8.5830933        8.5830933        6.300363           6.300363
              1        11.28837       112.13646     0.092423734      -1.7223717       1.1483287    2.100583e-09       160.19494      0.23483388       0.1150686      0.76509239      0.24569493        0.247026         2.51606       7.1270919       5.4105539       8.5830933        8.5830933       5.4105539          5.4105539
              1       12.614274        114.0168     0.085627369      -1.8754099       1.6480174    2.100583e-09       162.88114      0.22096375      0.10827224      0.77896252      0.24569493        0.247026         2.51606       6.9933568       8.0623607       8.5830933        8.5830933       8.0623607          8.0623607
              1       11.044731       114.37159     0.085627369      -1.8754099       1.6480174    2.100583e-09       163.38799      0.22096375      0.10827224      0.77896252      0.24569493        0.247026         2.51606       6.9933568       4.9232752       8.5830933        8.5830933       4.9232752          4.9232752
              1       11.117089       114.34378     0.085627369      -1.8754099       1.6480174    2.100583e-09       163.34826      0.22096375      0.10827224      0.77896252      0.24569493        0.247026         2.51606       6.9933568        5.067991       8.5830933        8.5830933        5.067991           5.067991
              2       11.445156       114.24457     0.085627369      -1.8754099       1.6480174    2.100583e-09       163.20653      0.22096375      0.10827224      0.77896252      0.24569493        0.247026         2.51606       6.9933568       5.7241254       8.5830933        8.5830933       5.7241254          5.7241254
              2       10.832377       114.48995     0.085627369      -1.8754099       1.6480174    2.100583e-09       163.55708      0.22096375      0.10827224      0.77896252      0.24569493        0.247026         2.51606       6.9933568       4.4985677       8.5830933        8.5830933       4.4985677          4.4985677
              1       11.988148       114.09505     0.086364278      -1.8505429        1.745506    2.100583e-09       162.99292      0.22246764      0.10900914      0.77745863      0.24569493        0.247026         2.51606       7.0356194       6.8101093       8.5830933        8.5830933       6.8101093          6.8101093
              4        13.68949        114.3325     0.086364278      -1.8505429        1.745506    2.100583e-09       163.33215      0.22246764      0.10900914      0.77745863      0.24569493        0.247026         2.51606       7.0356194       10.212794       8.5830933        8.5830933       10.212794          10.212794
              1       12.571283       114.18647     0.086364278      -1.8505429        1.745506    2.100583e-09       163.12353      0.22246764      0.10900914      0.77745863      0.24569493        0.247026         2.51606       7.0356194       7.9763802       8.5830933        8.5830933       7.9763802          7.9763802
              7       10.944061       113.87139     0.086364278      -1.8505429        1.745506    2.100583e-09       162.67341      0.22246764      0.10900914      0.77745863      0.24569493        0.247026         2.51606       7.0356194       4.7219351       8.5830933        8.5830933       4.7219351          4.7219351
              1         10.4646       113.45598     0.086364278      -1.8505429        1.745506    2.100583e-09       162.07997      0.22246764      0.10900914      0.77745863      0.24569493        0.247026         2.51606       7.0356194        3.763013       8.5830933        8.5830933        3.763013           3.763013
              2       11.064396        113.2164     0.086364278      -1.8505429        1.745506    2.100583e-09       161.73771      0.22246764      0.10900914      0.77745863      0.24569493        0.247026         2.51606       7.0356194       4.9626048       8.5830933        8.5830933       4.9626048          4.9626048
              1       11.569875       113.18143     0.086159685      -1.8309362       1.6586683    2.100583e-09       161.68776      0.22205011      0.10880455      0.77787617      0.24569493        0.247026         2.51606       7.0236307       5.9735631       8.5830933        8.5830933       5.9735631          5.9735631
              1        11.21736       113.26821     0.086159685      -1.8309362       1.6586683    2.100583e-09       161.81172      0.22205011      0.10880455      0.77787617      0.24569493        0.247026         2.51606       7.0236307       5.2685333       8.5830933        8.5830933       5.2685333          5.2685333
              2       10.415436       112.68555     0.086627762      -1.8332613       1.8276663    2.100583e-09       160.97936      0.22300536      0.10927263      0.77692091      0.24569493        0.247026         2.51606       7.0682143       3.6646847       8.5830933        8.5830933       3.6646847          3.6646847
              1       10.305282       113.19024     0.087393495      -1.8639582       1.8138449    2.100583e-09       161.70034      0.22456809      0.11003836      0.77535819      0.24569493        0.247026         2.51606       7.0653504       3.4443777       8.5830933        8.5830933       3.4443777          3.4443777
              1       11.163849        113.6465     0.087393495      -1.8639582       1.8138449    2.100583e-09       162.35214      0.22456809      0.11003836      0.77535819      0.24569493        0.247026         2.51606       7.0653504       5.1615108       8.5830933        8.5830933       5.1615108          5.1615108
              3       10.293635       113.21179     0.087393495      -1.8639582       1.8138449    2.100583e-09       161.73113      0.22456809      0.11003836      0.77535819      0.24569493        0.247026         2.51606       7.0653504       3.4210835       8.5830933        8.5830933       3.4210835          3.4210835
              3       10.829536       112.93849     0.087393495      -1.8639582       1.8138449    2.100583e-09        161.3407      0.22456809      0.11003836      0.77535819      0.24569493        0.247026         2.51606       7.0653504       4.4928856       8.5830933        8.5830933       4.4928856          4.4928856
              2        11.03902       112.88368     0.087393495      -1.8639582       1.8138449    2.100583e-09        161.2624      0.22456809      0.11003836      0.77535819      0.24569493        0.247026         2.51606       7.0653504        4.911853       8.5830933        8.5830933        4.911853           4.911853
              1       10.441148       113.41597     0.087393495      -1.8639582       1.8138449    2.100583e-09       162.02281      0.22456809      0.11003836      0.77535819      0.24569493        0.247026         2.51606       7.0653504       3.7161087       8.5830933        8.5830933       3.7161087          3.7161087
              3       10.638579       112.99879     0.087393495      -1.8639582       1.8138449    2.100583e-09       161.42684      0.22456809      0.11003836      0.77535819      0.24569493        0.247026         2.51606       7.0653504       4.1109719       8.5830933        8.5830933       4.1109719          4.1109719
              2       10.390538       112.94408     0.088152561      -1.8622524       1.7938857    2.100583e-09       161.34869       0.2261172      0.11079743      0.77380907      0.24569493        0.247026         2.51606       7.0782783       3.6148887       8.5830933        8.5830933       3.6148887          3.6148887
              7       10.812737       112.77244     0.088152561      -1.8622524       1.7938857    2.100583e-09       161.10348       0.2261172      0.11079743      0.77380907      0.24569493        0.247026         2.51606       7.0782783        4.459288       8.5830933        8.5830933        4.459288           4.459288
              1       11.050501       112.70978     0.088152561      -1.8622524       1.7938857    2.100583e-09       161.01398       0.2261172      0.11079743      0.77380907      0.24569493        0.247026         2.51606       7.0782783        4.934815       8.5830933        8.5830933        4.934815           4.934815
              1       10.726918         114.048     0.088913348      -1.9251597       1.7316521    2.100583e-09       162.92572      0.22766983      0.11155821      0.77225645      0.24569493        0.247026         2.51606       7.0596767       4.2876487       8.5830933        8.5830933       4.2876487          4.2876487
              2       11.091678        114.4692     0.088913348      -1.9251597       1.7316521    2.100583e-09       163.52743      0.22766983      0.11155821      0.77225645      0.24569493        0.247026         2.51606       7.0596767         5.01717       8.5830933        8.5830933         5.01717            5.01717
              1       10.964092       114.42569     0.088913348      -1.9251597       1.7316521    2.100583e-09       163.46528      0.22766983      0.11155821      0.77225645      0.24569493        0.247026         2.51606       7.0596767        4.761998       8.5830933        8.5830933        4.761998           4.761998
              2       10.456351       113.77672     0.087774406      -1.8823152       1.6911478    2.100583e-09       162.53816      0.22534545      0.11041927      0.77458082      0.24569493        0.247026         2.51606       7.0440076       3.7465146       8.5830933        8.5830933       3.7465146          3.7465146
              3       11.803505       114.43664     0.087774406      -1.8823152       1.6911478    2.100583e-09       163.48091      0.22534545      0.11041927      0.77458082      0.24569493        0.247026         2.51606       7.0440076       6.4408229       8.5830933        8.5830933       6.4408229          6.4408229
              1       11.341436       114.34699     0.087774406      -1.8823152       1.6911478    2.100583e-09       163.35284      0.22534545      0.11041927      0.77458082      0.24569493        0.247026         2.51606       7.0440076       5.5166858       8.5830933        8.5830933       5.5166858          5.5166858
              1       10.560897       114.16828     0.087032975       -1.899777       1.7250591    2.100583e-09       163.09754      0.22383233      0.10967784      0.77609394      0.24569493        0.247026         2.51606       7.0267116       3.9556079       8.5830933        8.5830933       3.9556079          3.9556079
              1       11.397826       113.90769     0.087032975       -1.899777       1.7250591    2.100583e-09       162.72528      0.22383233      0.10967784      0.77609394      0.24569493        0.247026         2.51606       7.0267116       5.6294649       8.5830933        8.5830933       5.6294649          5.6294649
              1       10.880325       114.03933     0.087032975       -1.899777       1.7250591    2.100583e-09       162.91333      0.22383233      0.10967784      0.77609394      0.24569493        0.247026         2.51606       7.0267116       4.5944632       8.5830933        8.5830933       4.5944632          4.5944632
              6       10.431636       114.37248     0.087032975       -1.899777       1.7250591    2.100583e-09       163.38926      0.22383233      0.10967784      0.77609394      0.24569493        0.247026         2.51606       7.0267116        3.697085       8.5830933        8.5830933        3.697085           3.697085
              6       11.615154       114.79587     0.087032975       -1.899777       1.7250591    2.100583e-09        163.9941      0.22383233      0.10967784      0.77609394      0.24569493        0.247026         2.51606       7.0267116       6.0641213       8.5830933        8.5830933       6.0641213          6.0641213
              3       11.844401        116.7456     0.082156842      -2.0090459       1.9243609    2.100583e-09       166.77943      0.21388104      0.10480171      0.78604523      0.24569493        0.247026         2.51606       6.9096073        6.522616       8.5830933        8.5830933        6.522616           6.522616
              4       12.460945       117.54817     0.082156842      -2.0090459       1.9243609    2.100583e-09       167.92595      0.21388104      0.10480171      0.78604523      0.24569493        0.247026         2.51606       6.9096073        7.755703       8.5830933        8.5830933        7.755703           7.755703
              3       11.541603       117.29483     0.082156842      -2.0090459       1.9243609    2.100583e-09       167.56405      0.21388104      0.10480171      0.78604523      0.24569493        0.247026         2.51606       6.9096073         5.91702       8.5830933        8.5830933         5.91702            5.91702
              1       12.238533       118.49696     0.080259276       -2.064099       1.9281586    2.100583e-09       169.28137      0.21000845      0.10290414      0.78991782      0.24569493        0.247026         2.51606       6.8489855       7.3108786       8.5830933        8.5830933       7.3108786          7.3108786
              1       12.533795       118.93563     0.080259276       -2.064099       1.9281586    2.100583e-09       169.90804      0.21000845      0.10290414      0.78991782      0.24569493        0.247026         2.51606       6.8489855       7.9014035       8.5830933        8.5830933       7.9014035          7.9014035
              5       12.296785        118.9684     0.079461776      -2.0711806       1.9846836    2.100583e-09       169.95486       0.2083809      0.10210664      0.79154537      0.24569493        0.247026         2.51606        6.835778       7.4273826       8.5830933        8.5830933       7.4273826          7.4273826
              1        12.98414       119.24121     0.079461776      -2.0711806       1.9846836    2.100583e-09       170.34459       0.2083809      0.10210664      0.79154537      0.24569493        0.247026         2.51606        6.835778        8.802093       8.5830933        8.5830933        8.802093           8.802093
              1       13.155813       119.28313     0.079461776      -2.0711806       1.9846836    2.100583e-09       170.40448       0.2083809      0.10210664      0.79154537      0.24569493        0.247026         2.51606        6.835778       9.1454392       8.5830933        8.5830933       9.1454392          9.1454392
              1       12.716662       119.16491     0.079461776      -2.0711806       1.9846836    2.100583e-09       170.23558       0.2083809      0.10210664      0.79154537      0.24569493        0.247026         2.51606        6.835778       8.2671372       8.5830933        8.5830933       8.2671372          8.2671372
              3       12.237457       118.82245     0.079461776      -2.0711806       1.9846836    2.100583e-09       169.74636       0.2083809      0.10210664      0.79154537      0.24569493        0.247026         2.51606        6.835778        7.308728       8.5830933        8.5830933        7.308728           7.308728
              1       13.554572       119.36755     0.079461776      -2.0711806       1.9846836    2.100583e-09       170.52507       0.2083809      0.10210664      0.79154537      0.24569493        0.247026         2.51606        6.835778        9.942957       8.5830933        8.5830933        9.942957           9.942957
              5       12.285794       118.95837     0.079461776      -2.0711806       1.9846836    2.100583e-09       169.94053       0.2083809      0.10210664      0.79154537      0.24569493        0.247026         2.51606        6.835778       7.4054024       8.5830933        8.5830933       7.4054024          7.4054024
              2       12.411963       119.04382     0.079461776      -2.0711806       1.9846836    2.100583e-09        170.0626       0.2083809      0.10210664      0.79154537      0.24569493        0.247026         2.51606        6.835778       7.6577388       8.5830933        8.5830933       7.6577388          7.6577388
              3       12.268648       118.77048     0.079461776      -2.0711806       1.9846836    2.100583e-09       169.67211       0.2083809      0.10210664      0.79154537      0.24569493        0.247026         2.51606        6.835778        7.371109       8.5830933        8.5830933        7.371109           7.371109
              1       12.232087       118.85003     0.079461776      -2.0711806       1.9846836    2.100583e-09       169.78575       0.2083809      0.10210664      0.79154537      0.24569493        0.247026         2.51606        6.835778       7.2979878       8.5830933        8.5830933       7.2979878          7.2979878
              1       12.234238       118.83413     0.079461776      -2.0711806       1.9846836    2.100583e-09       169.76304       0.2083809      0.10210664      0.79154537      0.24569493        0.247026         2.51606        6.835778       7.3022899       8.5830933        8.5830933       7.3022899          7.3022899
              2       12.599891         118.587     0.079461776      -2.0711806       1.9846836    2.100583e-09          169.41       0.2083809      0.10210664      0.79154537      0.24569493        0.247026         2.51606        6.835778       8.0335947       8.5830933        8.5830933       8.0335947          8.0335947
              4       12.359056       118.69749     0.079461776      -2.0711806       1.9846836    2.100583e-09       169.56784       0.2083809      0.10210664      0.79154537      0.24569493        0.247026         2.51606        6.835778       7.5519261       8.5830933        8.5830933       7.5519261          7.5519261
              1       13.410934       118.37583     0.079461776      -2.0711806       1.9846836    2.100583e-09       169.10832       0.2083809      0.10210664      0.79154537      0.24569493        0.247026         2.51606        6.835778       9.6556818       8.5830933        8.5830933       9.6556818          9.6556818
              1       12.248345        118.9122     0.079461776      -2.0711806       1.9846836    2.100583e-09       169.87457       0.2083809      0.10210664      0.79154537      0.24569493        0.247026         2.51606        6.835778       7.3305039       8.5830933        8.5830933       7.3305039          7.3305039
              1       12.640602       119.13953     0.079461776      -2.0711806       1.9846836    2.100583e-09       170.19932       0.2083809      0.10210664      0.79154537      0.24569493        0.247026         2.51606        6.835778       8.1150171       8.5830933        8.5830933       8.1150171          8.1150171
              1       12.325846       118.99142     0.079461776      -2.0711806       1.9846836    2.100583e-09       169.98774       0.2083809      0.10210664      0.79154537      0.24569493        0.247026         2.51606        6.835778       7.4855057       8.5830933        8.5830933       7.4855057          7.4855057
              9       12.509327       118.62229     0.079461776      -2.0711806       1.9846836    2.100583e-09       169.46041       0.2083809      0.10210664      0.79154537      0.24569493        0.247026         2.51606        6.835778       7.8524679       8.5830933        8.5830933       7.8524679          7.8524679
              2       12.237386        118.8881     0.079461776      -2.0711806       1.9846836    2.100583e-09       169.84015       0.2083809      0.10210664      0.79154537      0.24569493        0.247026         2.51606        6.835778       7.3085852       8.5830933        8.5830933       7.3085852          7.3085852
              1       12.710987       118.54925     0.079461776      -2.0711806       1.9846836    2.100583e-09       169.35607       0.2083809      0.10210664      0.79154537      0.24569493        0.247026         2.51606        6.835778       8.2557883       8.5830933        8.5830933       8.2557883          8.2557883
              1       13.031343       119.25318     0.079461776      -2.0711806       1.9846836    2.100583e-09       170.36168       0.2083809      0.10210664      0.79154537      0.24569493        0.247026         2.51606        6.835778          8.8965       8.5830933        8.5830933          8.8965             8.8965
              4        13.29682       118.39953     0.079461776      -2.0711806       1.9846836    2.100583e-09       169.14219       0.2083809      0.10210664      0.79154537      0.24569493        0.247026         2.51606        6.835778       9.4274541       8.5830933        8.5830933       9.4274541          9.4274541
              1       12.522653       118.61676     0.079461776      -2.0711806       1.9846836    2.100583e-09       169.45252       0.2083809      0.10210664      0.79154537      0.24569493        0.247026         2.51606        6.835778       7.8791187       8.5830933        8.5830933       7.8791187          7.8791187
              1       12.280097       118.75815     0.079461776      -2.0711806       1.9846836    2.100583e-09       169.65449       0.2083809      0.10210664      0.79154537      0.24569493        0.247026         2.51606        6.835778       7.3940065       8.5830933        8.5830933       7.3940065          7.3940065
              3       12.654693       118.62279     0.079679836      -2.0713072       1.9517311    2.100583e-09       169.46113      0.20882592       0.1023247      0.79110035      0.24569493        0.247026         2.51606       6.8364484       8.1431986       8.5830933        8.5830933       8.1431986          8.1431986
              1       12.279716       118.90862     0.079679836      -2.0713072       1.9517311    2.100583e-09       169.86946      0.20882592       0.1023247      0.79110035      0.24569493        0.247026         2.51606       6.8364484       7.3932458       8.5830933        8.5830933       7.3932458          7.3932458
              4       12.539263       119.12106     0.079679836      -2.0713072       1.9517311    2.100583e-09       170.17294      0.20882592       0.1023247      0.79110035      0.24569493        0.247026         2.51606       6.8364484       7.9123404       8.5830933        8.5830933       7.9123404          7.9123404
              5        12.29897       118.95744     0.079679836      -2.0713072       1.9517311    2.100583e-09       169.93919      0.20882592       0.1023247      0.79110035      0.24569493        0.247026         2.51606       6.8364484       7.4317535       8.5830933        8.5830933       7.4317535          7.4317535
              2       12.350691       119.01335     0.079679836      -2.0713072       1.9517311    2.100583e-09       170.01908      0.20882592       0.1023247      0.79110035      0.24569493        0.247026         2.51606       6.8364484       7.5351952       8.5830933        8.5830933       7.5351952          7.5351952
              4       12.355255       119.01707     0.079679836      -2.0713072       1.9517311    2.100583e-09       170.02439      0.20882592       0.1023247      0.79110035      0.24569493        0.247026         2.51606       6.8364484       7.5443243       8.5830933        8.5830933       7.5443243          7.5443243
              2       12.325663       118.79809     0.079679836      -2.0713072       1.9517311    2.100583e-09       169.71155      0.20882592       0.1023247      0.79110035      0.24569493        0.247026         2.51606       6.8364484        7.485139       8.5830933        8.5830933        7.485139           7.485139
              4       12.868706        119.2359     0.079679836      -2.0713072       1.9517311    2.100583e-09       170.33699      0.20882592       0.1023247      0.79110035      0.24569493        0.247026         2.51606       6.8364484       8.5712244       8.5830933        8.5830933       8.5712244          8.5712244
              1       12.346901       118.77841     0.079679836      -2.0713072       1.9517311    2.100583e-09       169.68345      0.20882592       0.1023247      0.79110035      0.24569493        0.247026         2.51606       6.8364484       7.5276161       8.5830933        8.5830933       7.5276161          7.5276161
              1       13.086412       119.29419     0.079679836      -2.0713072       1.9517311    2.100583e-09       170.42027      0.20882592       0.1023247      0.79110035      0.24569493        0.247026         2.51606       6.8364484       9.0066378       8.5830933        8.5830933       9.0066378          9.0066378
              1        12.96418       119.26259     0.079679836      -2.0713072       1.9517311    2.100583e-09       170.37513      0.20882592       0.1023247      0.79110035      0.24569493        0.247026         2.51606       6.8364484       8.7621728       8.5830933        8.5830933       8.7621728          8.7621728
              4        12.83599       119.22626     0.079679836      -2.0713072       1.9517311    2.100583e-09       170.32323      0.20882592       0.1023247      0.79110035      0.24569493        0.247026         2.51606       6.8364484       8.5057935       8.5830933        8.5830933       8.5057935          8.5057935
              8       12.286996        118.9347     0.079679836      -2.0713072       1.9517311    2.100583e-09       169.90672      0.20882592       0.1023247      0.79110035      0.24569493        0.247026         2.51606       6.8364484       7.4078056       8.5830933        8.5830933       7.4078056          7.4078056
              2       12.332074       118.79175     0.079679836      -2.0713072       1.9517311    2.100583e-09        169.7025      0.20882592       0.1023247      0.79110035      0.24569493        0.247026         2.51606       6.8364484       7.4979616       8.5830933        8.5830933       7.4979616          7.4979616
              2       12.342853        118.7819     0.079679836      -2.0713072       1.9517311    2.100583e-09       169.68842      0.20882592       0.1023247      0.79110035      0.24569493        0.247026         2.51606       6.8364484       7.5195189       8.5830933        8.5830933       7.5195189          7.5195189
              1       12.458464       119.08257     0.079679836      -2.0713072       1.9517311    2.100583e-09       170.11796      0.20882592       0.1023247      0.79110035      0.24569493        0.247026         2.51606       6.8364484       7.7507417       8.5830933        8.5830933       7.7507417          7.7507417
              2       12.927422       119.25254     0.079679836      -2.0713072       1.9517311    2.100583e-09       170.36078      0.20882592       0.1023247      0.79110035      0.24569493        0.247026         2.51606       6.8364484        8.688657       8.5830933        8.5830933        8.688657           8.688657
              1       12.382093       119.03701     0.079679836      -2.0713072       1.9517311    2.100583e-09       170.05288      0.20882592       0.1023247      0.79110035      0.24569493        0.247026         2.51606       6.8364484       7.5979989       8.5830933        8.5830933       7.5979989          7.5979989
              2       14.429585       118.24716     0.079679836      -2.0713072       1.9517311    2.100583e-09       168.92451      0.20882592       0.1023247      0.79110035      0.24569493        0.247026         2.51606       6.8364484       11.692984       8.5830933        8.5830933       11.692984          11.692984
              1       13.317904       119.34811     0.079679836      -2.0713072       1.9517311    2.100583e-09        170.4973      0.20882592       0.1023247      0.79110035      0.24569493        0.247026         2.51606       6.8364484       9.4696209       8.5830933        8.5830933       9.4696209          9.4696209
              4       12.727815       119.19221     0.079679836      -2.0713072       1.9517311    2.100583e-09       170.27459      0.20882592       0.1023247      0.79110035      0.24569493        0.247026         2.51606       6.8364484        8.289443       8.5830933        8.5830933        8.289443           8.289443
              3       12.772071       119.20659     0.079679836      -2.0713072       1.9517311    2.100583e-09       170.29512      0.20882592       0.1023247      0.79110035      0.24569493        0.247026         2.51606       6.8364484       8.3779547       8.5830933        8.5830933       8.3779547          8.3779547
              3       12.279639       118.90809     0.079679836      -2.0713072       1.9517311    2.100583e-09        169.8687      0.20882592       0.1023247      0.79110035      0.24569493        0.247026         2.51606       6.8364484       7.3930923       8.5830933        8.5830933       7.3930923          7.3930923
              1       12.796414       118.57585     0.079679836      -2.0713072       1.9517311    2.100583e-09       169.39408      0.20882592       0.1023247      0.79110035      0.24569493        0.247026         2.51606       6.8364484       8.4266419       8.5830933        8.5830933       8.4266419          8.4266419
              1         12.2878       118.93661     0.079679836      -2.0713072       1.9517311    2.100583e-09       169.90944      0.20882592       0.1023247      0.79110035      0.24569493        0.247026         2.51606       6.8364484        7.409413       8.5830933        8.5830933        7.409413           7.409413
              1       12.884769       118.54984     0.079679836      -2.0713072       1.9517311    2.100583e-09       169.35691      0.20882592       0.1023247      0.79110035      0.24569493        0.247026         2.51606       6.8364484       8.6033524       8.5830933        8.5830933       8.6033524          8.6033524
              4         12.4205       118.72735     0.079679836      -2.0713072       1.9517311    2.100583e-09        169.6105      0.20882592       0.1023247      0.79110035      0.24569493        0.247026         2.51606       6.8364484       7.6748141       8.5830933        8.5830933       7.6748141          7.6748141
              1        13.37663       118.43119     0.079679836      -2.0713072       1.9517311    2.100583e-09       169.18741      0.20882592       0.1023247      0.79110035      0.24569493        0.247026         2.51606       6.8364484       9.5870733       8.5830933        8.5830933       9.5870733          9.5870733
              2       14.443299       119.55041     0.079679836      -2.0713072       1.9517311    2.100583e-09        170.7863      0.20882592       0.1023247      0.79110035      0.24569493        0.247026         2.51606       6.8364484       11.720411       8.5830933        8.5830933       11.720411          11.720411
              1       12.281789       118.91901     0.079679836      -2.0713072       1.9517311    2.100583e-09        169.8843      0.20882592       0.1023247      0.79110035      0.24569493        0.247026         2.51606       6.8364484       7.3973917       8.5830933        8.5830933       7.3973917          7.3973917
              1       14.555278       118.22863     0.079679836      -2.0713072       1.9517311    2.100583e-09       168.89804      0.20882592       0.1023247      0.79110035      0.24569493        0.247026         2.51606       6.8364484       11.944369       8.5830933        8.5830933       11.944369          11.944369
              2       12.285607       118.93117     0.079679836      -2.0713072       1.9517311    2.100583e-09       169.90168      0.20882592       0.1023247      0.79110035      0.24569493        0.247026         2.51606       6.8364484       7.4050278       8.5830933        8.5830933       7.4050278          7.4050278
              3       12.378513       118.75417     0.079679836      -2.0713072       1.9517311    2.100583e-09       169.64882      0.20882592       0.1023247      0.79110035      0.24569493        0.247026         2.51606       6.8364484       7.5908388       8.5830933        8.5830933       7.5908388          7.5908388
              2        12.28653       118.85483     0.079679836      -2.0713072       1.9517311    2.100583e-09       169.79262      0.20882592       0.1023247      0.79110035      0.24569493        0.247026         2.51606       6.8364484       7.4068735       8.5830933        8.5830933       7.4068735          7.4068735
              1       12.271966       118.26791     0.079926932      -2.0288619       1.8911566    2.100583e-09       168.95416       0.2093302       0.1025718      0.79059607      0.24569493        0.247026         2.51606       6.8477109       7.3777457       8.5830933        8.5830933       7.3777457          7.3777457
              3       12.359964       118.41212     0.079926932      -2.0288619       1.8911566    2.100583e-09       169.16018       0.2093302       0.1025718      0.79059607      0.24569493        0.247026         2.51606       6.8477109       7.5537417       8.5830933        8.5830933       7.5537417          7.5537417
              2       13.106036       117.87862     0.079926932      -2.0288619       1.8911566    2.100583e-09       168.39803       0.2093302       0.1025718      0.79059607      0.24569493        0.247026         2.51606       6.8477109       9.0458847       8.5830933        8.5830933       9.0458847          9.0458847
              3       12.574583       118.03788     0.079926932      -2.0288619       1.8911566    2.100583e-09       168.62555       0.2093302       0.1025718      0.79059607      0.24569493        0.247026         2.51606       6.8477109       7.9829791       8.5830933        8.5830933       7.9829791          7.9829791
              1       12.437386       118.46066     0.079926932      -2.0288619       1.8911566    2.100583e-09       169.22952       0.2093302       0.1025718      0.79059607      0.24569493        0.247026         2.51606       6.8477109       7.7085858       8.5830933        8.5830933       7.7085858          7.7085858
              2       12.272406       118.29607     0.079926932      -2.0288619       1.8911566    2.100583e-09       168.99439       0.2093302       0.1025718      0.79059607      0.24569493        0.247026         2.51606       6.8477109       7.3786255       8.5830933        8.5830933       7.3786255          7.3786255
              1       12.274036       118.30416     0.079926932      -2.0288619       1.8911566    2.100583e-09       169.00594       0.2093302       0.1025718      0.79059607      0.24569493        0.247026         2.51606       6.8477109       7.3818859       8.5830933        8.5830933       7.3818859          7.3818859
              1       12.480827       118.48288     0.079926932      -2.0288619       1.8911566    2.100583e-09       169.26126       0.2093302       0.1025718      0.79059607      0.24569493        0.247026         2.51606       6.8477109       7.7954668       8.5830933        8.5830933       7.7954668          7.7954668
              1        12.47376       118.08217     0.079926932      -2.0288619       1.8911566    2.100583e-09       168.68881       0.2093302       0.1025718      0.79059607      0.24569493        0.247026         2.51606       6.8477109       7.7813331       8.5830933        8.5830933       7.7813331          7.7813331
              5       12.707967       117.98953     0.079926932      -2.0288619       1.8911566    2.100583e-09       168.55647       0.2093302       0.1025718      0.79059607      0.24569493        0.247026         2.51606       6.8477109       8.2497468       8.5830933        8.5830933       8.2497468          8.2497468
              1       12.620573        118.5419     0.079926932      -2.0288619       1.8911566    2.100583e-09       169.34557       0.2093302       0.1025718      0.79059607      0.24569493        0.247026         2.51606       6.8477109       8.0749588       8.5830933        8.5830933       8.0749588          8.0749588
              1       12.949865       118.64514     0.079926932      -2.0288619       1.8911566    2.100583e-09       169.49306       0.2093302       0.1025718      0.79059607      0.24569493        0.247026         2.51606       6.8477109       8.7335434       8.5830933        8.5830933       8.7335434          8.7335434
              2       12.275055       118.30803     0.079926932      -2.0288619       1.8911566    2.100583e-09       169.01147       0.2093302       0.1025718      0.79059607      0.24569493        0.247026         2.51606       6.8477109       7.3839236       8.5830933        8.5830933       7.3839236          7.3839236
              1       13.639821         118.799     0.079926932      -2.0288619       1.8911566    2.100583e-09       169.71286       0.2093302       0.1025718      0.79059607      0.24569493        0.247026         2.51606       6.8477109       10.113456       8.5830933        8.5830933       10.113456          10.113456
              7       12.987815       118.65523     0.079926932      -2.0288619       1.8911566    2.100583e-09       169.50747       0.2093302       0.1025718      0.79059607      0.24569493        0.247026         2.51606       6.8477109       8.8094434       8.5830933        8.5830933       8.8094434          8.8094434
              3       12.294567       118.21299     0.079926932      -2.0288619       1.8911566    2.100583e-09        168.8757       0.2093302       0.1025718      0.79059607      0.24569493        0.247026         2.51606       6.8477109        7.422947       8.5830933        8.5830933        7.422947           7.422947
              4       12.701918       117.54523     0.082696648      -1.9955469       1.8131318    2.100583e-09       167.92175      0.21498268      0.10534151      0.78494359      0.24569493        0.247026         2.51606       6.9109244       8.2376487       8.5830933        8.5830933       8.2376487          8.2376487
              1       11.754101         117.305     0.082696648      -1.9955469       1.8131318    2.100583e-09       167.57857      0.21498268      0.10534151      0.78494359      0.24569493        0.247026         2.51606       6.9109244       6.3420157       8.5830933        8.5830933       6.3420157          6.3420157
              3       11.529766       117.20171     0.082696648      -1.9955469       1.8131318    2.100583e-09       167.43102      0.21498268      0.10534151      0.78494359      0.24569493        0.247026         2.51606       6.9109244       5.8933461       8.5830933        8.5830933       5.8933461          5.8933461
              3       11.465166       117.15539     0.082696648      -1.9955469       1.8131318    2.100583e-09       167.36484      0.21498268      0.10534151      0.78494359      0.24569493        0.247026         2.51606       6.9109244       5.7641457       8.5830933        8.5830933       5.7641457          5.7641457
              1       11.641732       117.25954     0.082696648      -1.9955469       1.8131318    2.100583e-09       167.51363      0.21498268      0.10534151      0.78494359      0.24569493        0.247026         2.51606       6.9109244       6.1172776       8.5830933        8.5830933       6.1172776          6.1172776
              1       12.529949       117.51085     0.082696648      -1.9955469       1.8131318    2.100583e-09       167.87264      0.21498268      0.10534151      0.78494359      0.24569493        0.247026         2.51606       6.9109244       7.8937118       8.5830933        8.5830933       7.8937118          7.8937118
              5       12.166149        117.4145     0.080045623      -1.9878286       1.8954147    2.100583e-09         167.735      0.20957243      0.10269049      0.79035384      0.24569493        0.247026         2.51606       6.8653528       7.1661119       8.5830933        8.5830933       7.1661119          7.1661119
              1       12.169035         117.411     0.080045623      -1.9878286       1.8954147    2.100583e-09       167.72999      0.20957243      0.10269049      0.79035384      0.24569493        0.247026         2.51606       6.8653528       7.1718834       8.5830933        8.5830933       7.1718834          7.1718834
              1       12.684208       117.81751     0.080045623      -1.9878286       1.8954147    2.100583e-09       168.31073      0.20957243      0.10269049      0.79035384      0.24569493        0.247026         2.51606       6.8653528       8.2022285       8.5830933        8.5830933       8.2022285          8.2022285
              1        12.15278        117.4334     0.080045623      -1.9878286       1.8954147    2.100583e-09       167.76201      0.20957243      0.10269049      0.79035384      0.24569493        0.247026         2.51606       6.8653528       7.1393735       8.5830933        8.5830933       7.1393735          7.1393735
              4       12.166555       117.56964     0.080045623      -1.9878286       1.8954147    2.100583e-09       167.95662      0.20957243      0.10269049      0.79035384      0.24569493        0.247026         2.51606       6.8653528       7.1669224       8.5830933        8.5830933       7.1669224          7.1669224
              2       12.303065       117.67172     0.080045623      -1.9878286       1.8954147    2.100583e-09       168.10246      0.20957243      0.10269049      0.79035384      0.24569493        0.247026         2.51606       6.8653528       7.4399431       8.5830933        8.5830933       7.4399431          7.4399431
              1       12.172307       117.57645     0.080045623      -1.9878286       1.8954147    2.100583e-09       167.96636      0.20957243      0.10269049      0.79035384      0.24569493        0.247026         2.51606       6.8653528       7.1784278       8.5830933        8.5830933       7.1784278          7.1784278
              1       12.552412       117.77564     0.080045623      -1.9878286       1.8954147    2.100583e-09       168.25092      0.20957243      0.10269049      0.79035384      0.24569493        0.247026         2.51606       6.8653528        7.938637       8.5830933        8.5830933        7.938637           7.938637
              4       12.348324       117.28967     0.080045623      -1.9878286       1.8954147    2.100583e-09       167.55667      0.20957243      0.10269049      0.79035384      0.24569493        0.247026         2.51606       6.8653528       7.5304608       8.5830933        8.5830933       7.5304608          7.5304608
              3        12.88993       117.11214     0.080045623      -1.9878286       1.8954147    2.100583e-09       167.30305      0.20957243      0.10269049      0.79035384      0.24569493        0.247026         2.51606       6.8653528       8.6136742       8.5830933        8.5830933       8.6136742          8.6136742
              2       13.022323       117.90613     0.080045623      -1.9878286       1.8954147    2.100583e-09       168.43732      0.20957243      0.10269049      0.79035384      0.24569493        0.247026         2.51606       6.8653528       8.8784595       8.5830933        8.5830933       8.8784595          8.8784595
              2       12.416844       117.25952     0.080045623      -1.9878286       1.8954147    2.100583e-09       167.51361      0.20957243      0.10269049      0.79035384      0.24569493        0.247026         2.51606       6.8653528        7.667502       8.5830933        8.5830933        7.667502           7.667502
              4        12.17139       117.40825     0.080045623      -1.9878286       1.8954147    2.100583e-09       167.72607      0.20957243      0.10269049      0.79035384      0.24569493        0.247026         2.51606       6.8653528       7.1765942       8.5830933        8.5830933       7.1765942          7.1765942
              1       13.884364       118.07441     0.080045623      -1.9878286       1.8954147    2.100583e-09       168.67773      0.20957243      0.10269049      0.79035384      0.24569493        0.247026         2.51606       6.8653528       10.602542       8.5830933        8.5830933       10.602542          10.602542
              1        13.86429       118.07104     0.080045623      -1.9878286       1.8954147    2.100583e-09       168.67291      0.20957243      0.10269049      0.79035384      0.24569493        0.247026         2.51606       6.8653528       10.562394       8.5830933        8.5830933       10.562394          10.562394
              1         13.1114       118.27405     0.079002078      -2.0031783       1.9541821    2.100583e-09       168.96293      0.20744274      0.10164694      0.79248353      0.24569493        0.247026         2.51606       6.8452794       9.0566143       8.5830933        8.5830933       9.0566143          9.0566143
              1       12.423493       117.84863     0.079002078      -2.0031783       1.9541821    2.100583e-09       168.35518      0.20744274      0.10164694      0.79248353      0.24569493        0.247026         2.51606       6.8452794       7.6807987       8.5830933        8.5830933       7.6807987          7.6807987
              1       12.229532       117.80656     0.079563958      -2.0006089       1.9329059    2.100583e-09       168.29509      0.20858944      0.10220882      0.79133683      0.24569493        0.247026         2.51606       6.8555467        7.292878       8.5830933        8.5830933        7.292878           7.292878
              2        12.26294       117.84722     0.079563958      -2.0006089       1.9329059    2.100583e-09       168.35317      0.20858944      0.10220882      0.79133683      0.24569493        0.247026         2.51606       6.8555467       7.3596929       8.5830933        8.5830933       7.3596929          7.3596929
              1        12.57902        117.4817     0.079563958      -2.0006089       1.9329059    2.100583e-09       167.83099      0.20858944      0.10220882      0.79133683      0.24569493        0.247026         2.51606       6.8555467       7.9918536       8.5830933        8.5830933       7.9918536          7.9918536
              1        13.30643       117.28953     0.079563958      -2.0006089       1.9329059    2.100583e-09       167.55647      0.20858944      0.10220882      0.79133683      0.24569493        0.247026         2.51606       6.8555467       9.4466726       8.5830933        8.5830933       9.4466726          9.4466726
              1       12.585053       117.07122     0.080887288      -1.9649818       1.7605558    2.100583e-09        167.2446      0.21129011      0.10353215      0.78863616      0.24569493        0.247026         2.51606       6.8730303       8.0039199       8.5830933        8.5830933       8.0039199          8.0039199
              2       12.389461         117.189     0.080887288      -1.9649818       1.7605558    2.100583e-09       167.41286      0.21129011      0.10353215      0.78863616      0.24569493        0.247026         2.51606       6.8730303       7.6127359       8.5830933        8.5830933       7.6127359          7.6127359
              1       12.634334        117.0506     0.080887288      -1.9649818       1.7605558    2.100583e-09       167.21514      0.21129011      0.10353215      0.78863616      0.24569493        0.247026         2.51606       6.8730303       8.1024821       8.5830933        8.5830933       8.1024821          8.1024821
              1       13.555219       117.77326     0.080887288      -1.9649818       1.7605558    2.100583e-09       168.24752      0.21129011      0.10353215      0.78863616      0.24569493        0.247026         2.51606       6.8730303        9.944252       8.5830933        8.5830933        9.944252           9.944252
              1       14.552922         117.915      0.08180008      -1.9610484       1.6647811    2.100583e-09          168.45      0.21315295      0.10444495      0.78677332      0.24569493        0.247026         2.51606       6.8834526       11.939657       8.5830933        8.5830933       11.939657          11.939657
              2       12.456385        117.0603      0.08180008      -1.9610484       1.6647811    2.100583e-09       167.22901      0.21315295      0.10444495      0.78677332      0.24569493        0.247026         2.51606       6.8834526       7.7465836       8.5830933        8.5830933       7.7465836          7.7465836
              2       13.023172       117.63141      0.08180008      -1.9610484       1.6647811    2.100583e-09       168.04487      0.21315295      0.10444495      0.78677332      0.24569493        0.247026         2.51606       6.8834526       8.8801572       8.5830933        8.5830933       8.8801572          8.8801572
              1         12.5308       118.36799     0.079951852      -2.0203895       1.8281743    2.100583e-09       169.09713      0.20938106      0.10259672      0.79054521      0.24569493        0.247026         2.51606       6.8429801       7.8954127       8.5830933        8.5830933       7.8954127          7.8954127
              3       13.026422        118.6543     0.079951852      -2.0203895       1.8281743    2.100583e-09       169.50615      0.20938106      0.10259672      0.79054521      0.24569493        0.247026         2.51606       6.8429801       8.8866568       8.5830933        8.5830933       8.8866568          8.8866568
              1       12.625929       118.48041     0.079951852      -2.0203895       1.8281743    2.100583e-09       169.25773      0.20938106      0.10259672      0.79054521      0.24569493        0.247026         2.51606       6.8429801       8.0856724       8.5830933        8.5830933       8.0856724          8.0856724
              9       13.041074       118.02586     0.079951852      -2.0203895       1.8281743    2.100583e-09       168.60837      0.20938106      0.10259672      0.79054521      0.24569493        0.247026         2.51606       6.8429801       8.9159608       8.5830933        8.5830933       8.9159608          8.9159608
              2       12.546022       118.40212     0.079951852      -2.0203895       1.8281743    2.100583e-09       169.14588      0.20938106      0.10259672      0.79054521      0.24569493        0.247026         2.51606       6.8429801       7.9258575       8.5830933        8.5830933       7.9258575          7.9258575
              1       13.492915         118.777     0.079951852      -2.0203895       1.8281743    2.100583e-09       169.68143      0.20938106      0.10259672      0.79054521      0.24569493        0.247026         2.51606       6.8429801       9.8196426       8.5830933        8.5830933       9.8196426          9.8196426
              1       12.535516       118.38178     0.079951852      -2.0203895       1.8281743    2.100583e-09       169.11683      0.20938106      0.10259672      0.79054521      0.24569493        0.247026         2.51606       6.8429801       7.9048454       8.5830933        8.5830933       7.9048454          7.9048454
              5       12.540414       118.39229     0.079951852      -2.0203895       1.8281743    2.100583e-09       169.13184      0.20938106      0.10259672      0.79054521      0.24569493        0.247026         2.51606       6.8429801       7.9146419       8.5830933        8.5830933       7.9146419          7.9146419
              1       13.023194       118.03139     0.079951852      -2.0203895       1.8281743    2.100583e-09       168.61627      0.20938106      0.10259672      0.79054521      0.24569493        0.247026         2.51606       6.8429801       8.8802018       8.5830933        8.5830933       8.8802018          8.8802018
              4       11.458673       116.62448     0.081992981      -1.9614224       1.8592929    2.100583e-09        166.6064      0.21354663      0.10463785      0.78637964      0.24569493        0.247026         2.51606       6.9134879       5.7511594       8.5830933        8.5830933       5.7511594          5.7511594
              2       13.194351       117.09567     0.081992981      -1.9614224       1.8592929    2.100583e-09       167.27953      0.21354663      0.10463785      0.78637964      0.24569493        0.247026         2.51606       6.9134879       9.2225161       8.5830933        8.5830933       9.2225161          9.2225161
              1       12.071418       116.86902     0.081992981      -1.9614224       1.8592929    2.100583e-09       166.95574      0.21354663      0.10463785      0.78637964      0.24569493        0.247026         2.51606       6.9134879       6.9766491       8.5830933        8.5830933       6.9766491          6.9766491
              1       12.137689       116.88614     0.081992981      -1.9614224       1.8592929    2.100583e-09        166.9802      0.21354663      0.10463785      0.78637964      0.24569493        0.247026         2.51606       6.9134879       7.1091907       8.5830933        8.5830933       7.1091907          7.1091907
              3       12.208109       116.11602     0.081992981      -1.9614224       1.8592929    2.100583e-09       165.88003      0.21354663      0.10463785      0.78637964      0.24569493        0.247026         2.51606       6.9134879       7.2500321       8.5830933        8.5830933       7.2500321          7.2500321
              1       11.607071       116.71246     0.081992981      -1.9614224       1.8592929    2.100583e-09       166.73209      0.21354663      0.10463785      0.78637964      0.24569493        0.247026         2.51606       6.9134879        6.047956       8.5830933        8.5830933        6.047956           6.047956
              1       11.524314       116.66942     0.081992981      -1.9614224       1.8592929    2.100583e-09       166.67059      0.21354663      0.10463785      0.78637964      0.24569493        0.247026         2.51606       6.9134879       5.8824407       8.5830933        8.5830933       5.8824407          5.8824407
              2       12.055364       116.86475     0.081992981      -1.9614224       1.8592929    2.100583e-09       166.94964      0.21354663      0.10463785      0.78637964      0.24569493        0.247026         2.51606       6.9134879        6.944542       8.5830933        8.5830933        6.944542           6.944542
              2       12.571227       116.98329     0.081992981      -1.9614224       1.8592929    2.100583e-09       167.11898      0.21354663      0.10463785      0.78637964      0.24569493        0.247026         2.51606       6.9134879       7.9762667       8.5830933        8.5830933       7.9762667          7.9762667
              4        11.64019       116.29037     0.081992981      -1.9614224       1.8592929    2.100583e-09        166.1291      0.21354663      0.10463785      0.78637964      0.24569493        0.247026         2.51606       6.9134879       6.1141936       8.5830933        8.5830933       6.1141936          6.1141936
              1       12.153793       116.89019     0.081992981      -1.9614224       1.8592929    2.100583e-09       166.98598      0.21354663      0.10463785      0.78637964      0.24569493        0.247026         2.51606       6.9134879       7.1413985       8.5830933        8.5830933       7.1413985          7.1413985
              2       11.853809       116.98565     0.080797906      -1.9664886       1.9056254    2.100583e-09       167.12236       0.2111077      0.10344277      0.78881857      0.24569493        0.247026         2.51606        6.892445       6.5414324       8.5830933        8.5830933       6.5414324          6.5414324
              6       11.991555       116.83829     0.081031199      -1.9527555       1.8678901    2.100583e-09       166.91184      0.21158381      0.10367607      0.78834246      0.24569493        0.247026         2.51606        6.896761       6.8169243       8.5830933        8.5830933       6.8169243          6.8169243
              2       11.854585       116.49227     0.081031199      -1.9527555       1.8678901    2.100583e-09       166.41753      0.21158381      0.10367607      0.78834246      0.24569493        0.247026         2.51606        6.896761       6.5429836       8.5830933        8.5830933       6.5429836          6.5429836
              2        11.77899       116.69095     0.081031199      -1.9527555       1.8678901    2.100583e-09       166.70136      0.21158381      0.10367607      0.78834246      0.24569493        0.247026         2.51606        6.896761        6.391794       8.5830933        8.5830933        6.391794           6.391794
              3       12.076072       116.87352     0.081031199      -1.9527555       1.8678901    2.100583e-09       166.96218      0.21158381      0.10367607      0.78834246      0.24569493        0.247026         2.51606        6.896761       6.9859574       8.5830933        8.5830933       6.9859574          6.9859574
              3       13.028574        117.1201     0.081031199      -1.9527555       1.8678901    2.100583e-09       167.31443      0.21158381      0.10367607      0.78834246      0.24569493        0.247026         2.51606        6.896761       8.8909611       8.5830933        8.5830933       8.8909611          8.8909611
              8       11.975409       116.42487     0.081031199      -1.9527555       1.8678901    2.100583e-09       166.32124      0.21158381      0.10367607      0.78834246      0.24569493        0.247026         2.51606        6.896761       6.7846317       8.5830933        8.5830933       6.7846317          6.7846317
              1       11.758045       116.63486     0.081031199      -1.9527555       1.8678901    2.100583e-09       166.62124      0.21158381      0.10367607      0.78834246      0.24569493        0.247026         2.51606        6.896761       6.3499024       8.5830933        8.5830933       6.3499024          6.3499024
              1       11.737289       116.63829     0.081080255      -1.9532155       1.8675713    2.100583e-09       166.62612      0.21168392      0.10372512      0.78824235      0.24569493        0.247026         2.51606       6.8976222       6.3083923       8.5830933        8.5830933       6.3083923          6.3083923
              4       11.797264       116.51362     0.081080255      -1.9532155       1.8675713    2.100583e-09       166.44802      0.21168392      0.10372512      0.78824235      0.24569493        0.247026         2.51606       6.8976222       6.4283404       8.5830933        8.5830933       6.4283404          6.4283404
              9       11.747172       116.66785     0.081080255      -1.9532155       1.8675713    2.100583e-09       166.66836      0.21168392      0.10372512      0.78824235      0.24569493        0.247026         2.51606       6.8976222       6.3281574       8.5830933        8.5830933       6.3281574          6.3281574
              6       11.856976       116.47013     0.081080255      -1.9532155       1.8675713    2.100583e-09       166.38589      0.21168392      0.10372512      0.78824235      0.24569493        0.247026         2.51606       6.8976222       6.5477658       8.5830933        8.5830933       6.5477658          6.5477658
              1       12.782794       117.06832     0.081080255      -1.9532155       1.8675713    2.100583e-09       167.24045      0.21168392      0.10372512      0.78824235      0.24569493        0.247026         2.51606       6.8976222       8.3994011       8.5830933        8.5830933       8.3994011          8.3994011
              3       11.750927       116.67497     0.081080255      -1.9532155       1.8675713    2.100583e-09       166.67853      0.21168392      0.10372512      0.78824235      0.24569493        0.247026         2.51606       6.8976222       6.3356683       8.5830933        8.5830933       6.3356683          6.3356683
              5       13.277968        117.5581     0.083802651      -1.9952261       1.7315473    2.100583e-09       167.94014      0.21723983      0.10644752      0.78268644      0.24569493        0.247026         2.51606       6.9263948       9.3897503       8.5830933        8.5830933       9.3897503          9.3897503
              2       11.397791       117.04718     0.083802651      -1.9952261       1.7315473    2.100583e-09       167.21026      0.21723983      0.10644752      0.78268644      0.24569493        0.247026         2.51606       6.9263948       5.6293946       8.5830933        8.5830933       5.6293946          5.6293946
              3       11.360407       116.99946     0.083802651      -1.9952261       1.7315473    2.100583e-09       167.14209      0.21723983      0.10644752      0.78268644      0.24569493        0.247026         2.51606       6.9263948       5.5546265       8.5830933        8.5830933       5.5546265          5.5546265
              1       11.593043        117.1655     0.083802651      -1.9952261       1.7315473    2.100583e-09       167.37929      0.21723983      0.10644752      0.78268644      0.24569493        0.247026         2.51606       6.9263948       6.0199001       8.5830933        8.5830933       6.0199001          6.0199001
              2       13.260727       117.55535     0.083802651      -1.9952261       1.7315473    2.100583e-09       167.93622      0.21723983      0.10644752      0.78268644      0.24569493        0.247026         2.51606       6.9263948       9.3552676       8.5830933        8.5830933       9.3552676          9.3552676
              2       13.806581       117.63694     0.083802651      -1.9952261       1.7315473    2.100583e-09       168.05277      0.21723983      0.10644752      0.78268644      0.24569493        0.247026         2.51606       6.9263948       10.446975       8.5830933        8.5830933       10.446975          10.446975
              1        13.06151       117.52275     0.083802651      -1.9952261       1.7315473    2.100583e-09       167.88964      0.21723983      0.10644752      0.78268644      0.24569493        0.247026         2.51606       6.9263948       8.9568336       8.5830933        8.5830933       8.9568336          8.9568336
              1       11.431942       117.07603     0.083802651      -1.9952261       1.7315473    2.100583e-09       167.25147      0.21723983      0.10644752      0.78268644      0.24569493        0.247026         2.51606       6.9263948       5.6976973       8.5830933        8.5830933       5.6976973          5.6976973
              1       13.986611       117.66183     0.083802651      -1.9952261       1.7315473    2.100583e-09       168.08833      0.21723983      0.10644752      0.78268644      0.24569493        0.247026         2.51606       6.9263948       10.807036       8.5830933        8.5830933       10.807036          10.807036
              4       12.476832       117.41426     0.083802651      -1.9952261       1.7315473    2.100583e-09       167.73466      0.21723983      0.10644752      0.78268644      0.24569493        0.247026         2.51606       6.9263948       7.7874764       8.5830933        8.5830933       7.7874764          7.7874764
              2       11.938282       117.70895     0.080650233      -2.0288917       1.9361101    2.100583e-09       168.15564      0.21080633       0.1032951      0.78911994      0.24569493        0.247026         2.51606       6.8703484       6.7103766       8.5830933        8.5830933       6.7103766          6.7103766
              2        11.91186        117.7246     0.080650233      -2.0288917       1.9361101    2.100583e-09       168.17799      0.21080633       0.1032951      0.78911994      0.24569493        0.247026         2.51606       6.8703484       6.6575325       8.5830933        8.5830933       6.6575325          6.6575325
              6       11.806774        117.8186     0.080650233      -2.0288917       1.9361101    2.100583e-09       168.31229      0.21080633       0.1032951      0.78911994      0.24569493        0.247026         2.51606       6.8703484       6.4473613       8.5830933        8.5830933       6.4473613          6.4473613
              1       12.021807       118.09259     0.080650233      -2.0288917       1.9361101    2.100583e-09        168.7037      0.21080633       0.1032951      0.78911994      0.24569493        0.247026         2.51606       6.8703484        6.877427       8.5830933        8.5830933        6.877427           6.877427
              4       11.894369       117.73589     0.080650233      -2.0288917       1.9361101    2.100583e-09       168.19413      0.21080633       0.1032951      0.78911994      0.24569493        0.247026         2.51606       6.8703484       6.6225515       8.5830933        8.5830933       6.6225515          6.6225515
              3       12.268183       117.57531     0.080650233      -2.0288917       1.9361101    2.100583e-09       167.96473      0.21080633       0.1032951      0.78911994      0.24569493        0.247026         2.51606       6.8703484       7.3701788       8.5830933        8.5830933       7.3701788          7.3701788
              1       11.788523       117.89239     0.080650233      -2.0288917       1.9361101    2.100583e-09        168.4177      0.21080633       0.1032951      0.78911994      0.24569493        0.247026         2.51606       6.8703484       6.4108601       8.5830933        8.5830933       6.4108601          6.4108601
              2       11.859344       117.99727     0.080650233      -2.0288917       1.9361101    2.100583e-09       168.56752      0.21080633       0.1032951      0.78911994      0.24569493        0.247026         2.51606       6.8703484       6.5525023       8.5830933        8.5830933       6.5525023          6.5525023
              4       11.996019       117.67898     0.080650233      -2.0288917       1.9361101    2.100583e-09       168.11282      0.21080633       0.1032951      0.78911994      0.24569493        0.247026         2.51606       6.8703484       6.8258508       8.5830933        8.5830933       6.8258508          6.8258508
              5       12.101903       118.12645     0.080650233      -2.0288917       1.9361101    2.100583e-09       168.75207      0.21080633       0.1032951      0.78911994      0.24569493        0.247026         2.51606       6.8703484       7.0376202       8.5830933        8.5830933       7.0376202          7.0376202
              1       11.870094        118.0058     0.080650233      -2.0288917       1.9361101    2.100583e-09       168.57972      0.21080633       0.1032951      0.78911994      0.24569493        0.247026         2.51606       6.8703484       6.5740021       8.5830933        8.5830933       6.5740021          6.5740021
              3        12.29521        117.5669     0.080650233      -2.0288917       1.9361101    2.100583e-09       167.95271      0.21080633       0.1032951      0.78911994      0.24569493        0.247026         2.51606       6.8703484        7.424234       8.5830933        8.5830933        7.424234           7.424234
              1       12.272348         117.574     0.080650233      -2.0288917       1.9361101    2.100583e-09       167.96285      0.21080633       0.1032951      0.78911994      0.24569493        0.247026         2.51606       6.8703484       7.3785085       8.5830933        8.5830933       7.3785085          7.3785085
              2       12.276311       117.57275     0.080650233      -2.0288917       1.9361101    2.100583e-09       167.96108      0.21080633       0.1032951      0.78911994      0.24569493        0.247026         2.51606       6.8703484       7.3864347       8.5830933        8.5830933       7.3864347          7.3864347
              1       12.711496       118.30363     0.080650233      -2.0288917       1.9361101    2.100583e-09       169.00519      0.21080633       0.1032951      0.78911994      0.24569493        0.247026         2.51606       6.8703484       8.2568062       8.5830933        8.5830933       8.2568062          8.2568062
              2       12.166221       118.15061     0.080650233      -2.0288917       1.9361101    2.100583e-09       168.78659      0.21080633       0.1032951      0.78911994      0.24569493        0.247026         2.51606       6.8703484       7.1662555       8.5830933        8.5830933       7.1662555          7.1662555
              1       12.207767       118.16514     0.080650233      -2.0288917       1.9361101    2.100583e-09       168.80734      0.21080633       0.1032951      0.78911994      0.24569493        0.247026         2.51606       6.8703484       7.2493478       8.5830933        8.5830933       7.2493478          7.2493478
              1        11.93455       117.71107     0.080650233      -2.0288917       1.9361101    2.100583e-09       168.15867      0.21080633       0.1032951      0.78911994      0.24569493        0.247026         2.51606       6.8703484       6.7029142       8.5830933        8.5830933       6.7029142          6.7029142
              3        12.03521       117.66097     0.080650233      -2.0288917       1.9361101    2.100583e-09       168.08711      0.21080633       0.1032951      0.78911994      0.24569493        0.247026         2.51606       6.8703484        6.904233       8.5830933        8.5830933        6.904233           6.904233
              1        11.91942       117.71996     0.080650233      -2.0288917       1.9361101    2.100583e-09       168.17137      0.21080633       0.1032951      0.78911994      0.24569493        0.247026         2.51606       6.8703484        6.672654       8.5830933        8.5830933        6.672654           6.672654
             10       11.793811       117.84488     0.080650233      -2.0288917       1.9361101    2.100583e-09       168.34983      0.21080633       0.1032951      0.78911994      0.24569493        0.247026         2.51606       6.8703484       6.4214345       8.5830933        8.5830933       6.4214345          6.4214345
              3       11.948048       117.70352     0.080650233      -2.0288917       1.9361101    2.100583e-09       168.14788      0.21080633       0.1032951      0.78911994      0.24569493        0.247026         2.51606       6.8703484       6.7299101       8.5830933        8.5830933       6.7299101          6.7299101
              2       12.331125       117.55606     0.080650233      -2.0288917       1.9361101    2.100583e-09       167.93723      0.21080633       0.1032951      0.78911994      0.24569493        0.247026         2.51606       6.8703484       7.4960634       8.5830933        8.5830933       7.4960634          7.4960634
              6       11.791909        117.9081     0.080650233      -2.0288917       1.9361101    2.100583e-09       168.44014      0.21080633       0.1032951      0.78911994      0.24569493        0.247026         2.51606       6.8703484       6.4176307       8.5830933        8.5830933       6.4176307          6.4176307
              3        11.92343       117.72093     0.080299243      -2.0146102       1.9281802    2.100583e-09       168.17276      0.21009002      0.10294411      0.78983625      0.24569493        0.247026         2.51606       6.8662737       6.6806741       8.5830933        8.5830933       6.6806741          6.6806741
              2       12.777349       117.36403     0.080299243      -2.0146102       1.9281802    2.100583e-09        167.6629      0.21009002      0.10294411      0.78983625      0.24569493        0.247026         2.51606       6.8662737       8.3885107       8.5830933        8.5830933       8.3885107          8.3885107
              1       12.468413        117.4444     0.080299243      -2.0146102       1.9281802    2.100583e-09       167.77771      0.21009002      0.10294411      0.78983625      0.24569493        0.247026         2.51606       6.8662737       7.7706389       8.5830933        8.5830933       7.7706389          7.7706389
              2       12.335441       118.05913     0.080299243      -2.0146102       1.9281802    2.100583e-09        168.6559      0.21009002      0.10294411      0.78983625      0.24569493        0.247026         2.51606       6.8662737       7.5046949       8.5830933        8.5830933       7.5046949          7.5046949
              1       12.005506       117.90778     0.080299243      -2.0146102       1.9281802    2.100583e-09       168.43968      0.21009002      0.10294411      0.78983625      0.24569493        0.247026         2.51606       6.8662737       6.8448251       8.5830933        8.5830933       6.8448251          6.8448251
              2       13.414759       117.23529     0.080299243      -2.0146102       1.9281802    2.100583e-09       167.47898      0.21009002      0.10294411      0.78983625      0.24569493        0.247026         2.51606       6.8662737       9.6633305       8.5830933        8.5830933       9.6633305          9.6633305
              3       12.077711       117.59216     0.080299243      -2.0146102       1.9281802    2.100583e-09        167.9888      0.21009002      0.10294411      0.78983625      0.24569493        0.247026         2.51606       6.8662737        6.989236       8.5830933        8.5830933        6.989236           6.989236
              4        12.35985       118.06727     0.080299243      -2.0146102       1.9281802    2.100583e-09       168.66754      0.21009002      0.10294411      0.78983625      0.24569493        0.247026         2.51606       6.8662737       7.5535137       8.5830933        8.5830933       7.5535137          7.5535137
              1       14.577242       115.05505     0.081468826      -1.8275098       1.7847389    2.100583e-09       164.36435      0.21247692      0.10411369      0.78744935      0.24569493        0.247026         2.51606       6.9489732       11.988297       8.5830933        8.5830933       11.988297          11.988297
              1       13.385794       114.85844     0.081468826      -1.8275098       1.7847389    2.100583e-09       164.08348      0.21247692      0.10411369      0.78744935      0.24569493        0.247026         2.51606       6.9489732       9.6054022       8.5830933        8.5830933       9.6054022          9.6054022
              1       13.093038        115.1166     0.081692731      -1.8484388       1.8115404    2.100583e-09       164.45228      0.21293387       0.1043376       0.7869924      0.24569493        0.247026         2.51606       6.9488957       9.0198899       8.5830933        8.5830933       9.0198899          9.0198899
              1       13.792552       115.23695     0.081692731      -1.8484388       1.8115404    2.100583e-09       164.62422      0.21293387       0.1043376       0.7869924      0.24569493        0.247026         2.51606       6.9488957       10.418917       8.5830933        8.5830933       10.418917          10.418917
              3       12.061937       114.44077     0.081692731      -1.8484388       1.8115404    2.100583e-09       163.48681      0.21293387       0.1043376       0.7869924      0.24569493        0.247026         2.51606       6.9488957       6.9576878       8.5830933        8.5830933       6.9576878          6.9576878
              3        12.54138       114.99453     0.081692731      -1.8484388       1.8115404    2.100583e-09        164.2779      0.21293387       0.1043376       0.7869924      0.24569493        0.247026         2.51606       6.9488957       7.9165729       8.5830933        8.5830933       7.9165729          7.9165729
              1       12.326039       114.93369     0.081692731      -1.8484388       1.8115404    2.100583e-09       164.19098      0.21293387       0.1043376       0.7869924      0.24569493        0.247026         2.51606       6.9488957       7.4858918       8.5830933        8.5830933       7.4858918          7.4858918
              5       12.750475       115.04508     0.081692731      -1.8484388       1.8115404    2.100583e-09       164.35011      0.21293387       0.1043376       0.7869924      0.24569493        0.247026         2.51606       6.9488957       8.3347627       8.5830933        8.5830933       8.3347627          8.3347627
              4       12.363607       114.94516     0.081692731      -1.8484388       1.8115404    2.100583e-09       164.20737      0.21293387       0.1043376       0.7869924      0.24569493        0.247026         2.51606       6.9488957       7.5610267       8.5830933        8.5830933       7.5610267          7.5610267
              2       12.050003       114.82953     0.081692731      -1.8484388       1.8115404    2.100583e-09       164.04219      0.21293387       0.1043376       0.7869924      0.24569493        0.247026         2.51606       6.9488957       6.9338188       8.5830933        8.5830933       6.9338188          6.9338188
              2       13.184738        114.1455     0.081692731      -1.8484388       1.8115404    2.100583e-09       163.06501      0.21293387       0.1043376       0.7869924      0.24569493        0.247026         2.51606       6.9488957         9.20329       8.5830933        8.5830933         9.20329            9.20329
              1       12.558835        114.2785     0.081692731      -1.8484388       1.8115404    2.100583e-09         163.255      0.21293387       0.1043376       0.7869924      0.24569493        0.247026         2.51606       6.9488957       7.9514839       8.5830933        8.5830933       7.9514839          7.9514839
              2       12.165477       114.39766     0.081692731      -1.8484388       1.8115404    2.100583e-09       163.42523      0.21293387       0.1043376       0.7869924      0.24569493        0.247026         2.51606       6.9488957       7.1647679       8.5830933        8.5830933       7.1647679          7.1647679
              2       13.593084       112.76151     0.087107079      -1.7363623       1.5070464    2.100583e-09       161.08788      0.22398356      0.10975195      0.77594271      0.24569493        0.247026         2.51606       7.0571709       10.019981       8.5830933        8.5830933       10.019981          10.019981
              1       11.762408       112.41821     0.087107079      -1.7363623       1.5070464    2.100583e-09       160.59744      0.22398356      0.10975195      0.77594271      0.24569493        0.247026         2.51606       7.0571709       6.3586295       8.5830933        8.5830933       6.3586295          6.3586295
              2       11.259261       112.16307     0.087107079      -1.7363623       1.5070464    2.100583e-09       160.23296      0.22398356      0.10975195      0.77594271      0.24569493        0.247026         2.51606       7.0571709       5.3523361       8.5830933        8.5830933       5.3523361          5.3523361
              1       12.082645        112.5008     0.087107079      -1.7363623       1.5070464    2.100583e-09       160.71543      0.22398356      0.10975195      0.77594271      0.24569493        0.247026         2.51606       7.0571709       6.9991042       8.5830933        8.5830933       6.9991042          6.9991042
              1       12.272338       112.54228     0.087107079      -1.7363623       1.5070464    2.100583e-09       160.77469      0.22398356      0.10975195      0.77594271      0.24569493        0.247026         2.51606       7.0571709       7.3784899       8.5830933        8.5830933       7.3784899          7.3784899
              1       11.281529       112.19469     0.087107079      -1.7363623       1.5070464    2.100583e-09       160.27813      0.22398356      0.10975195      0.77594271      0.24569493        0.247026         2.51606       7.0571709        5.396872       8.5830933        8.5830933        5.396872           5.396872
              2       11.267705       112.05733     0.087107079      -1.7363623       1.5070464    2.100583e-09       160.08191      0.22398356      0.10975195      0.77594271      0.24569493        0.247026         2.51606       7.0571709       5.3692237       8.5830933        8.5830933       5.3692237          5.3692237
              8       11.258526       112.07271     0.087107079      -1.7363623       1.5070464    2.100583e-09       160.10388      0.22398356      0.10975195      0.77594271      0.24569493        0.247026         2.51606       7.0571709       5.3508654       8.5830933        8.5830933       5.3508654          5.3508654
              1       11.956562       112.47057     0.087107079      -1.7363623       1.5070464    2.100583e-09       160.67224      0.22398356      0.10975195      0.77594271      0.24569493        0.247026         2.51606       7.0571709       6.7469383       8.5830933        8.5830933       6.7469383          6.7469383
              2       11.387921       111.96048     0.087107079      -1.7363623       1.5070464    2.100583e-09       159.94355      0.22398356      0.10975195      0.77594271      0.24569493        0.247026         2.51606       7.0571709       5.6096556       8.5830933        8.5830933       5.6096556          5.6096556
              1       11.339786       111.99005     0.087107079      -1.7363623       1.5070464    2.100583e-09       159.98578      0.22398356      0.10975195      0.77594271      0.24569493        0.247026         2.51606       7.0571709       5.5133851       8.5830933        8.5830933       5.5133851          5.5133851
              1       11.264756       112.06181     0.087107079      -1.7363623       1.5070464    2.100583e-09        160.0883      0.22398356      0.10975195      0.77594271      0.24569493        0.247026         2.51606       7.0571709       5.3633246       8.5830933        8.5830933       5.3633246          5.3633246
              1       10.793651       113.50522     0.085561582       -1.823894       1.6830775    2.100583e-09       162.15031      0.22082949      0.10820645      0.77909678      0.24569493        0.247026         2.51606       7.0181801       4.4211152       8.5830933        8.5830933       4.4211152          4.4211152
              4       10.820153       113.60895     0.085561582       -1.823894       1.6830775    2.100583e-09        162.2985      0.22082949      0.10820645      0.77909678      0.24569493        0.247026         2.51606       7.0181801       4.4741203       8.5830933        8.5830933       4.4741203          4.4741203
              1       11.049873       113.31819     0.085561582       -1.823894       1.6830775    2.100583e-09       161.88312      0.22082949      0.10820645      0.77909678      0.24569493        0.247026         2.51606       7.0181801       4.9335595       8.5830933        8.5830933       4.9335595          4.9335595
              1       11.079541       113.76291     0.085561582       -1.823894       1.6830775    2.100583e-09       162.51844      0.22082949      0.10820645      0.77909678      0.24569493        0.247026         2.51606       7.0181801       4.9928954       8.5830933        8.5830933       4.9928954          4.9928954
              5       10.965078       113.35666     0.085561582       -1.823894       1.6830775    2.100583e-09       161.93808      0.22082949      0.10820645      0.77909678      0.24569493        0.247026         2.51606       7.0181801       4.7639703       8.5830933        8.5830933       4.7639703          4.7639703
             11       12.264585       113.02191     0.085561582       -1.823894       1.6830775    2.100583e-09       161.45987      0.22082949      0.10820645      0.77909678      0.24569493        0.247026         2.51606       7.0181801       7.3629841       8.5830933        8.5830933       7.3629841          7.3629841
              3       12.668989        114.1179     0.085561582       -1.823894       1.6830775    2.100583e-09       163.02557      0.22082949      0.10820645      0.77909678      0.24569493        0.247026         2.51606       7.0181801       8.1717921       8.5830933        8.5830933       8.1717921          8.1717921
              4       12.339399       114.06401     0.085561582       -1.823894       1.6830775    2.100583e-09       162.94859      0.22082949      0.10820645      0.77909678      0.24569493        0.247026         2.51606       7.0181801       7.5126104       8.5830933        8.5830933       7.5126104          7.5126104
              1       11.315325       113.84226     0.085561582       -1.823894       1.6830775    2.100583e-09        162.6318      0.22082949      0.10820645      0.77909678      0.24569493        0.247026         2.51606       7.0181801       5.4644643       8.5830933        8.5830933       5.4644643          5.4644643
              1        11.11249       113.29372     0.085561582       -1.823894       1.6830775    2.100583e-09       161.84817      0.22082949      0.10820645      0.77909678      0.24569493        0.247026         2.51606       7.0181801       5.0587931       8.5830933        8.5830933       5.0587931          5.0587931
              4       11.264866       113.24268     0.085561582       -1.823894       1.6830775    2.100583e-09       161.77525      0.22082949      0.10820645      0.77909678      0.24569493        0.247026         2.51606       7.0181801       5.3635448       8.5830933        8.5830933       5.3635448          5.3635448
              6       10.980486       113.34907     0.085561582       -1.823894       1.6830775    2.100583e-09       161.92724      0.22082949      0.10820645      0.77909678      0.24569493        0.247026         2.51606       7.0181801       4.7947862       8.5830933        8.5830933       4.7947862          4.7947862
              3        10.96687       113.35576     0.085561582       -1.823894       1.6830775    2.100583e-09        161.9368      0.22082949      0.10820645      0.77909678      0.24569493        0.247026         2.51606       7.0181801        4.767553       8.5830933        8.5830933        4.767553           4.767553
              1       10.922429       115.33553     0.085292216       -1.981525       1.9481034    2.100583e-09       164.76505      0.22027976      0.10793708      0.77964651      0.24569493        0.247026         2.51606       6.9934633       4.6786716       8.5830933        8.5830933       4.6786716          4.6786716
              1       11.497817       115.15485     0.086210388      -1.9597924       1.7504539    2.100583e-09       164.50693      0.22215358      0.10885525      0.77777269      0.24569493        0.247026         2.51606       6.9922197       5.8294477       8.5830933        8.5830933       5.8294477          5.8294477
              1       11.248699        115.2233     0.086210388      -1.9597924       1.7504539    2.100583e-09       164.60471      0.22215358      0.10885525      0.77777269      0.24569493        0.247026         2.51606       6.9922197        5.331212       8.5830933        8.5830933        5.331212           5.331212
              7       10.838753       115.40244     0.086210388      -1.9597924       1.7504539    2.100583e-09       164.86063      0.22215358      0.10885525      0.77777269      0.24569493        0.247026         2.51606       6.9922197       4.5113192       8.5830933        8.5830933       4.5113192          4.5113192
              3       11.396144        115.8693     0.086210388      -1.9597924       1.7504539    2.100583e-09       165.52757      0.22215358      0.10885525      0.77777269      0.24569493        0.247026         2.51606       6.9922197       5.6261022       8.5830933        8.5830933       5.6261022          5.6261022
              1       11.464605       115.88742     0.086210388      -1.9597924       1.7504539    2.100583e-09       165.55346      0.22215358      0.10885525      0.77777269      0.24569493        0.247026         2.51606       6.9922197       5.7630243       8.5830933        8.5830933       5.7630243          5.7630243
              1       11.272119       115.83381     0.086210388      -1.9597924       1.7504539    2.100583e-09       165.47687      0.22215358      0.10885525      0.77777269      0.24569493        0.247026         2.51606       6.9922197       5.3780511       8.5830933        8.5830933       5.3780511          5.3780511
              2       10.971492        115.7233     0.086210388      -1.9597924       1.7504539    2.100583e-09         165.319      0.22215358      0.10885525      0.77777269      0.24569493        0.247026         2.51606       6.9922197       4.7767982       8.5830933        8.5830933       4.7767982          4.7767982
              1       10.774309       115.47054     0.086210388      -1.9597924       1.7504539    2.100583e-09       164.95791      0.22215358      0.10885525      0.77777269      0.24569493        0.247026         2.51606       6.9922197       4.3824315       8.5830933        8.5830933       4.3824315          4.3824315
              2       10.767018       115.48513     0.086210388      -1.9597924       1.7504539    2.100583e-09       164.97875      0.22215358      0.10885525      0.77777269      0.24569493        0.247026         2.51606       6.9922197       4.3678498       8.5830933        8.5830933       4.3678498          4.3678498
              6       10.999093       115.73585     0.086210388      -1.9597924       1.7504539    2.100583e-09       165.33693      0.22215358      0.10885525      0.77777269      0.24569493        0.247026         2.51606       6.9922197       4.8320004       8.5830933        8.5830933       4.8320004          4.8320004
              5       10.625297       114.42479     0.089712563      -1.8842849       1.3457078    2.100583e-09       163.46398      0.22930088      0.11235743      0.77062539      0.24569493        0.247026         2.51606       7.0485195       4.0844065       8.5830933        8.5830933       4.0844065          4.0844065
              1       11.475832       114.09834     0.089712563      -1.8842849       1.3457078    2.100583e-09       162.99763      0.22930088      0.11235743      0.77062539      0.24569493        0.247026         2.51606       7.0485195       5.7854779       8.5830933        8.5830933       5.7854779          5.7854779
              3       10.678611        114.3751     0.089712563      -1.8842849       1.3457078    2.100583e-09       163.39299      0.22930088      0.11235743      0.77062539      0.24569493        0.247026         2.51606       7.0485195       4.1910351       8.5830933        8.5830933       4.1910351          4.1910351
              1       10.603788       114.53474     0.089712563      -1.8842849       1.3457078    2.100583e-09       163.62105      0.22930088      0.11235743      0.77062539      0.24569493        0.247026         2.51606       7.0485195       4.0413892       8.5830933        8.5830933       4.0413892          4.0413892
              5       10.600756       114.52634     0.089712563      -1.8842849       1.3457078    2.100583e-09       163.60905      0.22930088      0.11235743      0.77062539      0.24569493        0.247026         2.51606       7.0485195       4.0353247       8.5830933        8.5830933       4.0353247          4.0353247
              1        10.91702       114.74004     0.089712563      -1.8842849       1.3457078    2.100583e-09       163.91434      0.22930088      0.11235743      0.77062539      0.24569493        0.247026         2.51606       7.0485195       4.6678535       8.5830933        8.5830933       4.6678535          4.6678535
              1       10.660579       114.60605     0.089712563      -1.8842849       1.3457078    2.100583e-09       163.72292      0.22930088      0.11235743      0.77062539      0.24569493        0.247026         2.51606       7.0485195       4.1549718       8.5830933        8.5830933       4.1549718          4.1549718
              1       12.457314       115.08332     0.089712563      -1.8842849       1.3457078    2.100583e-09       164.40474      0.22930088      0.11235743      0.77062539      0.24569493        0.247026         2.51606       7.0485195       7.7484405       8.5830933        8.5830933       7.7484405          7.7484405
              1       11.784428       116.71329     0.086954289      -1.9572942       1.3487506    2.100583e-09       166.73327      0.22367175      0.10959916      0.77625453      0.24569493        0.247026         2.51606       6.9742026       6.4026689       8.5830933        8.5830933       6.4026689          6.4026689
              2       11.663273       116.65678     0.086954289      -1.9572942       1.3487506    2.100583e-09       166.65254      0.22367175      0.10959916      0.77625453      0.24569493        0.247026         2.51606       6.9742026       6.1603598       8.5830933        8.5830933       6.1603598          6.1603598
              1       11.643798       116.64591     0.086954289      -1.9572942       1.3487506    2.100583e-09       166.63701      0.22367175      0.10959916      0.77625453      0.24569493        0.247026         2.51606       6.9742026       6.1214093       8.5830933        8.5830933       6.1214093          6.1214093
              3       10.805416       115.26623     0.087119536      -1.9084004       1.4925496    2.100583e-09       164.66605      0.22400899       0.1097644      0.77591729      0.24569493        0.247026         2.51606       6.9986041       4.4446454       8.5830933        8.5830933       4.4446454          4.4446454
              1       11.910972       111.64981     0.086525593      -1.7022037       1.4900642    2.100583e-09       159.49973      0.22279686      0.10917046      0.77712941      0.24569493        0.247026         2.51606       7.0573252       6.6557564       8.5830933        8.5830933       6.6557564          6.6557564
              1       12.753984       111.29405     0.086525593      -1.7022037       1.4900642    2.100583e-09        158.9915      0.22279686      0.10917046      0.77712941      0.24569493        0.247026         2.51606       7.0573252       8.3417824       8.5830933        8.5830933       8.3417824          8.3417824
              2       11.907657       111.68721     0.086525593      -1.7022037       1.4900642    2.100583e-09       159.55316      0.22279686      0.10917046      0.77712941      0.24569493        0.247026         2.51606       7.0573252       6.6491271       8.5830933        8.5830933       6.6491271          6.6491271
              2       12.312434       111.41152     0.086525593      -1.7022037       1.4900642    2.100583e-09       159.15931      0.22279686      0.10917046      0.77712941      0.24569493        0.247026         2.51606       7.0573252       7.4586818       8.5830933        8.5830933       7.4586818          7.4586818
              3        12.14469       111.87972     0.086525593      -1.7022037       1.4900642    2.100583e-09       159.82817      0.22279686      0.10917046      0.77712941      0.24569493        0.247026         2.51606       7.0573252       7.1231943       8.5830933        8.5830933       7.1231943          7.1231943
              2       11.927075       111.73533     0.086525593      -1.7022037       1.4900642    2.100583e-09       159.62189      0.22279686      0.10917046      0.77712941      0.24569493        0.247026         2.51606       7.0573252       6.6879634       8.5830933        8.5830933       6.6879634          6.6879634
              1       12.035192        111.5272     0.086525593      -1.7022037       1.4900642    2.100583e-09       159.32457      0.22279686      0.10917046      0.77712941      0.24569493        0.247026         2.51606       7.0573252       6.9041976       8.5830933        8.5830933       6.9041976          6.9041976
              2       12.033513       111.82462     0.086525593      -1.7022037       1.4900642    2.100583e-09       159.74946      0.22279686      0.10917046      0.77712941      0.24569493        0.247026         2.51606       7.0573252       6.9008404       8.5830933        8.5830933       6.9008404          6.9008404
              2       11.299362       113.45993     0.086441433      -1.7924949       1.5380131    2.100583e-09       162.08562       0.2226251       0.1090863      0.77730117      0.24569493        0.247026         2.51606       7.0248972       5.4325379       8.5830933        8.5830933       5.4325379          5.4325379
              2       11.103161       113.34581     0.086441433      -1.7924949       1.5380131    2.100583e-09       161.92258       0.2226251       0.1090863      0.77730117      0.24569493        0.247026         2.51606       7.0248972       5.0401362       8.5830933        8.5830933       5.0401362          5.0401362
              2       11.079706       113.17659     0.086441433      -1.7924949       1.5380131    2.100583e-09       161.68085       0.2226251       0.1090863      0.77730117      0.24569493        0.247026         2.51606       7.0248972       4.9932259       8.5830933        8.5830933       4.9932259          4.9932259
              1       11.729886       112.90157     0.086441433      -1.7924949       1.5380131    2.100583e-09       161.28796       0.2226251       0.1090863      0.77730117      0.24569493        0.247026         2.51606       7.0248972       6.2935862       8.5830933        8.5830933       6.2935862          6.2935862
              1       11.132948       113.47036     0.086231245      -1.8566854       1.7186211    2.100583e-09       162.10051      0.22219615      0.10887611      0.77773012      0.24569493        0.247026         2.51606       7.0250442       5.0997094       8.5830933        8.5830933       5.0997094          5.0997094
              2       10.716173       114.02431     0.086231245      -1.8566854       1.7186211    2.100583e-09       162.89188      0.22219615      0.10887611      0.77773012      0.24569493        0.247026         2.51606       7.0250442       4.2661603       8.5830933        8.5830933       4.2661603          4.2661603
              1       10.473484       113.80187     0.086231245      -1.8566854       1.7186211    2.100583e-09        162.5741      0.22219615      0.10887611      0.77773012      0.24569493        0.247026         2.51606       7.0250442       3.7807819       8.5830933        8.5830933       3.7807819          3.7807819
              1       12.229769       113.25427     0.086231245      -1.8566854       1.7186211    2.100583e-09       161.79181      0.22219615      0.10887611      0.77773012      0.24569493        0.247026         2.51606       7.0250442       7.2933522       8.5830933        8.5830933       7.2933522          7.2933522
              1        10.81019       114.06162     0.086231245      -1.8566854       1.7186211    2.100583e-09       162.94517      0.22219615      0.10887611      0.77773012      0.24569493        0.247026         2.51606       7.0250442        4.454193       8.5830933        8.5830933        4.454193           4.454193
              1       10.911977       114.09653     0.086231245      -1.8566854       1.7186211    2.100583e-09       162.99504      0.22219615      0.10887611      0.77773012      0.24569493        0.247026         2.51606       7.0250442       4.6577677       8.5830933        8.5830933       4.6577677          4.6577677
              1       10.969338       114.11443     0.086231245      -1.8566854       1.7186211    2.100583e-09       163.02061      0.22219615      0.10887611      0.77773012      0.24569493        0.247026         2.51606       7.0250442       4.7724891       8.5830933        8.5830933       4.7724891          4.7724891
              6       10.713705       112.95558     0.084710396      -1.8054099       1.8032181    2.100583e-09       161.36512      0.21909237      0.10735526       0.7808339      0.24569493        0.247026         2.51606        7.037104       4.2612228       8.5830933        8.5830933       4.2612228          4.2612228
              2       11.301829       112.60314     0.084710396      -1.8054099       1.8032181    2.100583e-09       160.86163      0.21909237      0.10735526       0.7808339      0.24569493        0.247026         2.51606        7.037104       5.4374708       8.5830933        8.5830933       5.4374708          5.4374708
              3       12.269102       113.45532     0.084710396      -1.8054099       1.8032181    2.100583e-09       162.07902      0.21909237      0.10735526       0.7808339      0.24569493        0.247026         2.51606        7.037104       7.3720171       8.5830933        8.5830933       7.3720171          7.3720171
              2       11.872581       113.38292     0.084710396      -1.8054099       1.8032181    2.100583e-09        161.9756      0.21909237      0.10735526       0.7808339      0.24569493        0.247026         2.51606        7.037104        6.578976       8.5830933        8.5830933        6.578976           6.578976
              3       10.787023       113.04443     0.084710396      -1.8054099       1.8032181    2.100583e-09       161.49205      0.21909237      0.10735526       0.7808339      0.24569493        0.247026         2.51606        7.037104       4.4078592       8.5830933        8.5830933       4.4078592          4.4078592
              1       11.789939       113.36635     0.084710396      -1.8054099       1.8032181    2.100583e-09       161.95193      0.21909237      0.10735526       0.7808339      0.24569493        0.247026         2.51606        7.037104       6.4136918       8.5830933        8.5830933       6.4136918          6.4136918
              2       11.511295       112.55049     0.084710396      -1.8054099       1.8032181    2.100583e-09       160.78641      0.21909237      0.10735526       0.7808339      0.24569493        0.247026         2.51606        7.037104       5.8564036       8.5830933        8.5830933       5.8564036          5.8564036
              1       10.848898       112.76924     0.084710396      -1.8054099       1.8032181    2.100583e-09       161.09891      0.21909237      0.10735526       0.7808339      0.24569493        0.247026         2.51606        7.037104       4.5316086       8.5830933        8.5830933       4.5316086          4.5316086
              2       11.610388       113.32804     0.084710396      -1.8054099       1.8032181    2.100583e-09        161.8972      0.21909237      0.10735526       0.7808339      0.24569493        0.247026         2.51606        7.037104        6.054589       8.5830933        8.5830933        6.054589           6.054589
              2       11.633483       112.52296     0.084710396      -1.8054099       1.8032181    2.100583e-09       160.74709      0.21909237      0.10735526       0.7808339      0.24569493        0.247026         2.51606        7.037104       6.1007804       8.5830933        8.5830933       6.1007804          6.1007804
              5        10.79606       112.80242     0.084710396      -1.8054099       1.8032181    2.100583e-09       161.14631      0.21909237      0.10735526       0.7808339      0.24569493        0.247026         2.51606        7.037104       4.4259339       8.5830933        8.5830933       4.4259339          4.4259339
              1       10.941187          113.13     0.084710396      -1.8054099       1.8032181    2.100583e-09       161.61429      0.21909237      0.10735526       0.7808339      0.24569493        0.247026         2.51606        7.037104       4.7161865       8.5830933        8.5830933       4.7161865          4.7161865
              1       11.424308       113.28407     0.084710396      -1.8054099       1.8032181    2.100583e-09       161.83439      0.21909237      0.10735526       0.7808339      0.24569493        0.247026         2.51606        7.037104       5.6824299       8.5830933        8.5830933       5.6824299          5.6824299
              1       10.958605        112.7165     0.084710396      -1.8054099       1.8032181    2.100583e-09       161.02358      0.21909237      0.10735526       0.7808339      0.24569493        0.247026         2.51606        7.037104       4.7510225       8.5830933        8.5830933       4.7510225          4.7510225
              2       10.938814       112.72499     0.084710396      -1.8054099       1.8032181    2.100583e-09        161.0357      0.21909237      0.10735526       0.7808339      0.24569493        0.247026         2.51606        7.037104       4.7114411       8.5830933        8.5830933       4.7114411          4.7114411
              2       13.891506       112.17997     0.084710396      -1.8054099       1.8032181    2.100583e-09        160.2571      0.21909237      0.10735526       0.7808339      0.24569493        0.247026         2.51606        7.037104       10.616825       8.5830933        8.5830933       10.616825          10.616825
              1       10.984783       113.14831     0.084710396      -1.8054099       1.8032181    2.100583e-09       161.64044      0.21909237      0.10735526       0.7808339      0.24569493        0.247026         2.51606        7.037104         4.80338       8.5830933        8.5830933         4.80338            4.80338
              2        11.61027       112.52804     0.084710396      -1.8054099       1.8032181    2.100583e-09       160.75435      0.21909237      0.10735526       0.7808339      0.24569493        0.247026         2.51606        7.037104       6.0543529       8.5830933        8.5830933       6.0543529          6.0543529
              1       11.120099       112.65712     0.084710396      -1.8054099       1.8032181    2.100583e-09       160.93874      0.21909237      0.10735526       0.7808339      0.24569493        0.247026         2.51606        7.037104       5.0740109       8.5830933        8.5830933       5.0740109          5.0740109
              2        12.94041       112.30074     0.084710396      -1.8054099       1.8032181    2.100583e-09       160.42963      0.21909237      0.10735526       0.7808339      0.24569493        0.247026         2.51606        7.037104       8.7146337       8.5830933        8.5830933       8.7146337          8.7146337
              1       11.247364       112.61832     0.084710396      -1.8054099       1.8032181    2.100583e-09       160.88331      0.21909237      0.10735526       0.7808339      0.24569493        0.247026         2.51606        7.037104       5.3285417       8.5830933        8.5830933       5.3285417          5.3285417
              2       10.628796       112.40364     0.086271615      -1.7886205       1.7217364    2.100583e-09       160.57663      0.22227853      0.10891648      0.77764774      0.24569493        0.247026         2.51606       7.0593367       4.0914045       8.5830933        8.5830933       4.0914045          4.0914045
              2       11.578728       112.07701     0.086271615      -1.7886205       1.7217364    2.100583e-09       160.11001      0.22227853      0.10891648      0.77764774      0.24569493        0.247026         2.51606       7.0593367       5.9912695       8.5830933        8.5830933       5.9912695          5.9912695
              2       11.426675       112.11005     0.086271615      -1.7886205       1.7217364    2.100583e-09       160.15722      0.22227853      0.10891648      0.77764774      0.24569493        0.247026         2.51606       7.0593367       5.6871636       8.5830933        8.5830933       5.6871636          5.6871636
              1       10.855705       112.27529     0.086271615      -1.7886205       1.7217364    2.100583e-09       160.39328      0.22227853      0.10891648      0.77764774      0.24569493        0.247026         2.51606       7.0593367       4.5452239       8.5830933        8.5830933       4.5452239          4.5452239
              2       10.946985       112.74868     0.086271615      -1.7886205       1.7217364    2.100583e-09       161.06955      0.22227853      0.10891648      0.77764774      0.24569493        0.247026         2.51606       7.0593367       4.7277839       8.5830933        8.5830933       4.7277839          4.7277839
              1       11.074739       112.78993     0.086271615      -1.7886205       1.7217364    2.100583e-09       161.12847      0.22227853      0.10891648      0.77764774      0.24569493        0.247026         2.51606       7.0593367       4.9832913       8.5830933        8.5830933       4.9832913          4.9832913
              2       11.282773       112.14422     0.086271615      -1.7886205       1.7217364    2.100583e-09       160.20602      0.22227853      0.10891648      0.77764774      0.24569493        0.247026         2.51606       7.0593367       5.3993598       8.5830933        8.5830933       5.3993598          5.3993598
              1       11.981185        112.3514     0.086404788      -1.7738522       1.5765873    2.100583e-09         160.502      0.22255032      0.10904965      0.77737596      0.24569493        0.247026         2.51606        7.038506        6.796184       8.5830933        8.5830933        6.796184           6.796184
              1       12.369117       112.27511     0.086404788      -1.7738522       1.5765873    2.100583e-09       160.39301      0.22255032      0.10904965      0.77737596      0.24569493        0.247026         2.51606        7.038506       7.5720475       8.5830933        8.5830933       7.5720475          7.5720475
              2       11.266876       112.95833     0.086404788      -1.7738522       1.5765873    2.100583e-09       161.36904      0.22255032      0.10904965      0.77737596      0.24569493        0.247026         2.51606        7.038506       5.3675649       8.5830933        8.5830933       5.3675649          5.3675649
              1       11.408508       113.01361     0.086404788      -1.7738522       1.5765873    2.100583e-09       161.44802      0.22255032      0.10904965      0.77737596      0.24569493        0.247026         2.51606        7.038506       5.6508301       8.5830933        8.5830933       5.6508301          5.6508301
              1       12.249212       113.22228     0.086404788      -1.7738522       1.5765873    2.100583e-09       161.74611      0.22255032      0.10904965      0.77737596      0.24569493        0.247026         2.51606        7.038506       7.3322382       8.5830933        8.5830933       7.3322382          7.3322382
              1       11.056149       112.70564     0.086404788      -1.7738522       1.5765873    2.100583e-09       161.00806      0.22255032      0.10904965      0.77737596      0.24569493        0.247026         2.51606        7.038506       4.9461112       8.5830933        8.5830933       4.9461112          4.9461112
              2       11.044462        112.7837     0.086404788      -1.7738522       1.5765873    2.100583e-09       161.11958      0.22255032      0.10904965      0.77737596      0.24569493        0.247026         2.51606        7.038506        4.922738       8.5830933        8.5830933        4.922738           4.922738
              1       11.048436       112.79491     0.086404788      -1.7738522       1.5765873    2.100583e-09       161.13559      0.22255032      0.10904965      0.77737596      0.24569493        0.247026         2.51606        7.038506       4.9306861       8.5830933        8.5830933       4.9306861          4.9306861
              2       11.965879       113.02014     0.084572192      -1.7835712       1.6269283    2.100583e-09       161.45735      0.21881032      0.10721706      0.78111595      0.24569493        0.247026         2.51606        7.004207       6.7655719       8.5830933        8.5830933       6.7655719          6.7655719
              1       11.633266       113.21895     0.084572192      -1.7835712       1.6269283    2.100583e-09       161.74136      0.21881032      0.10721706      0.78111595      0.24569493        0.247026         2.51606        7.004207       6.1003454       8.5830933        8.5830933       6.1003454          6.1003454
              4       11.622969       113.29264     0.084572192      -1.7835712       1.6269283    2.100583e-09       161.84663      0.21881032      0.10721706      0.78111595      0.24569493        0.247026         2.51606        7.004207       6.0797521       8.5830933        8.5830933       6.0797521          6.0797521
              3       11.808216       113.45207     0.084572192      -1.7835712       1.6269283    2.100583e-09       162.07438      0.21881032      0.10721706      0.78111595      0.24569493        0.247026         2.51606        7.004207       6.4502463       8.5830933        8.5830933       6.4502463          6.4502463
              1       11.804918       113.45045     0.084572192      -1.7835712       1.6269283    2.100583e-09       162.07207      0.21881032      0.10721706      0.78111595      0.24569493        0.247026         2.51606        7.004207       6.4436497       8.5830933        8.5830933       6.4436497          6.4436497
              1       11.717019       113.13654     0.084572192      -1.7835712       1.6269283    2.100583e-09       161.62363      0.21881032      0.10721706      0.78111595      0.24569493        0.247026         2.51606        7.004207       6.2678521       8.5830933        8.5830933       6.2678521          6.2678521
              3        11.65858       113.41017     0.084117577      -1.8070977       1.6872368    2.100583e-09       162.01453      0.21788254      0.10676244      0.78204373      0.24569493        0.247026         2.51606       6.9954793       6.1509742       8.5830933        8.5830933       6.1509742          6.1509742
              4       11.435237       113.65846     0.084117577      -1.8070977       1.6872368    2.100583e-09       162.36923      0.21788254      0.10676244      0.78204373      0.24569493        0.247026         2.51606       6.9954793       5.7042869       8.5830933        8.5830933       5.7042869          5.7042869
              3       11.647379       113.81522     0.084117577      -1.8070977       1.6872368    2.100583e-09       162.59318      0.21788254      0.10676244      0.78204373      0.24569493        0.247026         2.51606       6.9954793       6.1285723       8.5830933        8.5830933       6.1285723          6.1285723
              2       11.472638       113.70776     0.084117577      -1.8070977       1.6872368    2.100583e-09       162.43965      0.21788254      0.10676244      0.78204373      0.24569493        0.247026         2.51606       6.9954793       5.7790889       8.5830933        8.5830933       5.7790889          5.7790889
              3       11.912318       113.91161     0.084117577      -1.8070977       1.6872368    2.100583e-09       162.73087      0.21788254      0.10676244      0.78204373      0.24569493        0.247026         2.51606       6.9954793         6.65845       8.5830933        8.5830933         6.65845            6.65845
              1       11.428824       113.58743     0.084117577      -1.8070977       1.6872368    2.100583e-09       162.26776      0.21788254      0.10676244      0.78204373      0.24569493        0.247026         2.51606       6.9954793       5.6914612       8.5830933        8.5830933       5.6914612          5.6914612
              2        11.45082       113.54629     0.084117577      -1.8070977       1.6872368    2.100583e-09       162.20898      0.21788254      0.10676244      0.78204373      0.24569493        0.247026         2.51606       6.9954793       5.7354529       8.5830933        8.5830933       5.7354529          5.7354529
              2       11.524025        113.7486     0.084117577      -1.8070977       1.6872368    2.100583e-09       162.49801      0.21788254      0.10676244      0.78204373      0.24569493        0.247026         2.51606       6.9954793       5.8818638       8.5830933        8.5830933       5.8818638          5.8818638
              4       11.544373       113.76168     0.084117577      -1.8070977       1.6872368    2.100583e-09       162.51669      0.21788254      0.10676244      0.78204373      0.24569493        0.247026         2.51606       6.9954793       5.9225595       8.5830933        8.5830933       5.9225595          5.9225595
              2       11.429431       113.58551     0.084117577      -1.8070977       1.6872368    2.100583e-09       162.26501      0.21788254      0.10676244      0.78204373      0.24569493        0.247026         2.51606       6.9954793       5.6926748       8.5830933        8.5830933       5.6926748          5.6926748
              1       12.315291       113.21619     0.084117577      -1.8070977       1.6872368    2.100583e-09       161.73741      0.21788254      0.10676244      0.78204373      0.24569493        0.247026         2.51606       6.9954793       7.4643955       8.5830933        8.5830933       7.4643955          7.4643955
              4       12.269814       114.00585     0.084117577      -1.8070977       1.6872368    2.100583e-09        162.8655      0.21788254      0.10676244      0.78204373      0.24569493        0.247026         2.51606       6.9954793       7.3734417       8.5830933        8.5830933       7.3734417          7.3734417
              2       13.858224       114.27995     0.084117577      -1.8070977       1.6872368    2.100583e-09       163.25707      0.21788254      0.10676244      0.78204373      0.24569493        0.247026         2.51606       6.9954793        10.55026       8.5830933        8.5830933        10.55026           10.55026
              1       11.546939       113.46678     0.084117577      -1.8070977       1.6872368    2.100583e-09        162.0954      0.21788254      0.10676244      0.78204373      0.24569493        0.247026         2.51606       6.9954793       5.9276906       8.5830933        8.5830933       5.9276906          5.9276906
              1       12.120627       113.26229     0.084117577      -1.8070977       1.6872368    2.100583e-09       161.80327      0.21788254      0.10676244      0.78204373      0.24569493        0.247026         2.51606       6.9954793       7.0750674       8.5830933        8.5830933       7.0750674          7.0750674
              2       11.440213       113.56196     0.084117577      -1.8070977       1.6872368    2.100583e-09       162.23137      0.21788254      0.10676244      0.78204373      0.24569493        0.247026         2.51606       6.9954793       5.7142389       8.5830933        8.5830933       5.7142389          5.7142389
              1       11.428363       113.58898     0.084117577      -1.8070977       1.6872368    2.100583e-09       162.26998      0.21788254      0.10676244      0.78204373      0.24569493        0.247026         2.51606       6.9954793       5.6905397       8.5830933        8.5830933       5.6905397          5.6905397
              2       11.863549       113.33469     0.084117577      -1.8070977       1.6872368    2.100583e-09        161.9067      0.21788254      0.10676244      0.78204373      0.24569493        0.247026         2.51606       6.9954793       6.5609111       8.5830933        8.5830933       6.5609111          6.5609111
              1       11.430961       113.64851     0.084117577      -1.8070977       1.6872368    2.100583e-09       162.35502      0.21788254      0.10676244      0.78204373      0.24569493        0.247026         2.51606       6.9954793       5.6957346       8.5830933        8.5830933       5.6957346          5.6957346
              1       11.437121        113.5675     0.084117577      -1.8070977       1.6872368    2.100583e-09       162.23928      0.21788254      0.10676244      0.78204373      0.24569493        0.247026         2.51606       6.9954793       5.7080563       8.5830933        8.5830933       5.7080563          5.7080563
              2       11.477564       113.57672     0.083919563      -1.8087953       1.7006257    2.100583e-09       162.25245      0.21747843      0.10656443      0.78244784      0.24569493        0.247026         2.51606       6.9931811       5.7889424       8.5830933        8.5830933       5.7889424          5.7889424
              1       11.840552       113.38565     0.083919563      -1.8087953       1.7006257    2.100583e-09       161.97949      0.21747843      0.10656443      0.78244784      0.24569493        0.247026         2.51606       6.9931811       6.5149179       8.5830933        8.5830933       6.5149179          6.5149179
              2       11.588494       113.49169     0.083919563      -1.8087953       1.7006257    2.100583e-09       162.13099      0.21747843      0.10656443      0.78244784      0.24569493        0.247026         2.51606       6.9931811       6.0108014       8.5830933        8.5830933       6.0108014          6.0108014
              3       11.557661       113.51007     0.083919563      -1.8087953       1.7006257    2.100583e-09       162.15724      0.21747843      0.10656443      0.78244784      0.24569493        0.247026         2.51606       6.9931811       5.9491354       8.5830933        8.5830933       5.9491354          5.9491354
              1       11.660931       113.45521     0.083919563      -1.8087953       1.7006257    2.100583e-09       162.07888      0.21747843      0.10656443      0.78244784      0.24569493        0.247026         2.51606       6.9931811       6.1556748       8.5830933        8.5830933       6.1556748          6.1556748
              2       11.828758        113.9138     0.083919563      -1.8087953       1.7006257    2.100583e-09         162.734      0.21747843      0.10656443      0.78244784      0.24569493        0.247026         2.51606       6.9931811       6.4913304       8.5830933        8.5830933       6.4913304          6.4913304
              3       12.525767       114.09329     0.083919563      -1.8087953       1.7006257    2.100583e-09       162.99041      0.21747843      0.10656443      0.78244784      0.24569493        0.247026         2.51606       6.9931811       7.8853474       8.5830933        8.5830933       7.8853474          7.8853474
              1       11.640682       113.83816     0.083919563      -1.8087953       1.7006257    2.100583e-09       162.62594      0.21747843      0.10656443      0.78244784      0.24569493        0.247026         2.51606       6.9931811       6.1151769       8.5830933        8.5830933       6.1151769          6.1151769
              1       11.736677       113.42326     0.083919563      -1.8087953       1.7006257    2.100583e-09       162.03322      0.21747843      0.10656443      0.78244784      0.24569493        0.247026         2.51606       6.9931811       6.3071684       8.5830933        8.5830933       6.3071684          6.3071684
              2        11.53348       113.52637     0.083919563      -1.8087953       1.7006257    2.100583e-09       162.18053      0.21747843      0.10656443      0.78244784      0.24569493        0.247026         2.51606       6.9931811       5.9007738       8.5830933        8.5830933       5.9007738          5.9007738
              2       12.177953       114.01486     0.083919563      -1.8087953       1.7006257    2.100583e-09       162.87837      0.21747843      0.10656443      0.78244784      0.24569493        0.247026         2.51606       6.9931811       7.1897187       8.5830933        8.5830933       7.1897187          7.1897187
              4        11.52417       113.76923     0.083919563      -1.8087953       1.7006257    2.100583e-09       162.52747      0.21747843      0.10656443      0.78244784      0.24569493        0.247026         2.51606       6.9931811       5.8821527       8.5830933        8.5830933       5.8821527          5.8821527
              2       11.643327       113.83943     0.083919563      -1.8087953       1.7006257    2.100583e-09       162.62776      0.21747843      0.10656443      0.78244784      0.24569493        0.247026         2.51606       6.9931811       6.1204677       8.5830933        8.5830933       6.1204677          6.1204677
              1       11.660079       113.84731     0.083919563      -1.8087953       1.7006257    2.100583e-09       162.63901      0.21747843      0.10656443      0.78244784      0.24569493        0.247026         2.51606       6.9931811       6.1539723       8.5830933        8.5830933       6.1539723          6.1539723
              4       11.475951       113.72364     0.083919563      -1.8087953       1.7006257    2.100583e-09       162.46234      0.21747843      0.10656443      0.78244784      0.24569493        0.247026         2.51606       6.9931811       5.7857156       8.5830933        8.5830933       5.7857156          5.7857156
              3       11.446822       113.65506     0.083919563      -1.8087953       1.7006257    2.100583e-09       162.36437      0.21747843      0.10656443      0.78244784      0.24569493        0.247026         2.51606       6.9931811       5.7274574       8.5830933        8.5830933       5.7274574          5.7274574
              3       11.450537       113.67727     0.083919563      -1.8087953       1.7006257    2.100583e-09       162.39609      0.21747843      0.10656443      0.78244784      0.24569493        0.247026         2.51606       6.9931811       5.7348871       8.5830933        8.5830933       5.7348871          5.7348871
              6       11.447957        113.6363     0.083919563      -1.8087953       1.7006257    2.100583e-09       162.33757      0.21747843      0.10656443      0.78244784      0.24569493        0.247026         2.51606       6.9931811       5.7297268       8.5830933        8.5830933       5.7297268          5.7297268
              1       11.628264       113.47075     0.083919563      -1.8087953       1.7006257    2.100583e-09       162.10106      0.21747843      0.10656443      0.78244784      0.24569493        0.247026         2.51606       6.9931811       6.0903414       8.5830933        8.5830933       6.0903414          6.0903414
              1       11.785373       112.57558     0.086837182       -1.739132       1.4058587    2.100583e-09       160.82225      0.22343275      0.10948205      0.77649352      0.24569493        0.247026         2.51606       7.0330682       6.4045601       8.5830933        8.5830933       6.4045601          6.4045601
              4       12.328166       112.96121     0.086837182       -1.739132       1.4058587    2.100583e-09       161.37316      0.22343275      0.10948205      0.77649352      0.24569493        0.247026         2.51606       7.0330682       7.4901456       8.5830933        8.5830933       7.4901456          7.4901456
              4        12.05018       112.41716     0.086837182       -1.739132       1.4058587    2.100583e-09       160.59594      0.22343275      0.10948205      0.77649352      0.24569493        0.247026         2.51606       7.0330682       6.9341732       8.5830933        8.5830933       6.9341732          6.9341732
              2       13.115252       113.13486     0.086837182       -1.739132       1.4058587    2.100583e-09       161.62122      0.22343275      0.10948205      0.77649352      0.24569493        0.247026         2.51606       7.0330682       9.0643171       8.5830933        8.5830933       9.0643171          9.0643171
              1       12.608706       113.03201     0.086837182       -1.739132       1.4058587    2.100583e-09        161.4743      0.22343275      0.10948205      0.77649352      0.24569493        0.247026         2.51606       7.0330682       8.0512259       8.5830933        8.5830933       8.0512259          8.0512259
              2       11.643736        112.6688     0.087157913      -1.7394934       1.3987514    2.100583e-09       160.95542      0.22408731      0.10980278      0.77583897      0.24569493        0.247026         2.51606       7.0388065       6.1212861       8.5830933        8.5830933       6.1212861          6.1212861
              1       11.617691       112.53955     0.087157913      -1.7394934       1.3987514    2.100583e-09       160.77078      0.22408731      0.10980278      0.77583897      0.24569493        0.247026         2.51606       7.0388065       6.0691945       8.5830933        8.5830933       6.0691945          6.0691945
              2       11.743497       112.74274     0.087157913      -1.7394934       1.3987514    2.100583e-09       161.06105      0.22408731      0.10980278      0.77583897      0.24569493        0.247026         2.51606       7.0388065       6.3208077       8.5830933        8.5830933       6.3208077          6.3208077
              2       15.010383       111.81654     0.087157913      -1.7394934       1.3987514    2.100583e-09       159.73791      0.22408731      0.10980278      0.77583897      0.24569493        0.247026         2.51606       7.0388065        12.85458       8.5830933        8.5830933        12.85458           12.85458
              3       15.333505        111.7811     0.087157913      -1.7394934       1.3987514    2.100583e-09       159.68728      0.22408731      0.10980278      0.77583897      0.24569493        0.247026         2.51606       7.0388065       13.500824       8.5830933        8.5830933       13.500824          13.500824
              1       11.551962       111.55856     0.089819915      -1.7340661       1.3408407    2.100583e-09       159.36938      0.22951996      0.11246478      0.77040631      0.24569493        0.247026         2.51606       7.0898012        5.937737       8.5830933        8.5830933        5.937737           5.937737
              1       10.801738        111.7888     0.089819915      -1.7340661       1.3408407    2.100583e-09       159.69828      0.22951996      0.11246478      0.77040631      0.24569493        0.247026         2.51606       7.0898012       4.4372898       8.5830933        8.5830933       4.4372898          4.4372898
              1       10.871585       112.15632     0.089819915      -1.7340661       1.3408407    2.100583e-09       160.22331      0.22951996      0.11246478      0.77040631      0.24569493        0.247026         2.51606       7.0898012       4.5769832       8.5830933        8.5830933       4.5769832          4.5769832
              1       13.027007       110.57594     0.088940892       -1.616492       1.2154362    2.100583e-09       157.96563      0.22772604      0.11158576      0.77220023      0.24569493        0.247026         2.51606       7.0955435       8.8878272       8.5830933        8.5830933       8.8878272          8.8878272
              1       13.048398       110.59181     0.088940892       -1.616492       1.2154362    2.100583e-09       157.98829      0.22772604      0.11158576      0.77220023      0.24569493        0.247026         2.51606       7.0955435       8.9306098       8.5830933        8.5830933       8.9306098          8.9306098
              1       13.492981       110.16887     0.088940892       -1.616492       1.2154362    2.100583e-09       157.38411      0.22772604      0.11158576      0.77220023      0.24569493        0.247026         2.51606       7.0955435       9.8197755       8.5830933        8.5830933       9.8197755          9.8197755
              2        13.11478       110.63149     0.088940892       -1.616492       1.2154362    2.100583e-09       158.04498      0.22772604      0.11158576      0.77220023      0.24569493        0.247026         2.51606       7.0955435       9.0633742       8.5830933        8.5830933       9.0633742          9.0633742
              2       13.060444        110.5999     0.088940892       -1.616492       1.2154362    2.100583e-09       157.99986      0.22772604      0.11158576      0.77220023      0.24569493        0.247026         2.51606       7.0955435       8.9547008       8.5830933        8.5830933       8.9547008          8.9547008
              1       12.814748       110.35891     0.091800178       -1.637965        1.299411    2.100583e-09       157.65559      0.23356132      0.11444505      0.76636495      0.24569493        0.247026         2.51606       7.1613477       8.4633104       8.5830933        8.5830933       8.4633104          8.4633104
              2       11.886817        110.1921     0.091800178       -1.637965        1.299411    2.100583e-09       157.41728      0.23356132      0.11444505      0.76636495      0.24569493        0.247026         2.51606       7.1613477       6.6074467       8.5830933        8.5830933       6.6074467          6.6074467
              2       11.155815       109.97003     0.091800178       -1.637965        1.299411    2.100583e-09       157.10004      0.23356132      0.11444505      0.76636495      0.24569493        0.247026         2.51606       7.1613477       5.1454433       8.5830933        8.5830933       5.1454433          5.1454433
              1       10.914451       110.57362     0.091091156      -1.6658623       1.2939632    2.100583e-09       157.96231      0.23211433      0.11373602      0.76781194      0.24569493        0.247026         2.51606       7.1343113       4.6627154       8.5830933        8.5830933       4.6627154          4.6627154
              2       10.741684       110.99049      0.08994167      -1.7055677       1.4227777    2.100583e-09       158.55784      0.22976844      0.11258654      0.77015783      0.24569493        0.247026         2.51606       7.1155391       4.3171824       8.5830933        8.5830933       4.3171824          4.3171824
              1       10.758714       111.20042      0.08994167      -1.7055677       1.4227777    2.100583e-09       158.85774      0.22976844      0.11258654      0.77015783      0.24569493        0.247026         2.51606       7.1155391       4.3512417       8.5830933        8.5830933       4.3512417          4.3512417
              1        10.84321       111.25307      0.08994167      -1.7055677       1.4227777    2.100583e-09       158.93295      0.22976844      0.11258654      0.77015783      0.24569493        0.247026         2.51606       7.1155391       4.5202327       8.5830933        8.5830933       4.5202327          4.5202327
              1        10.75481       110.97961      0.08994167      -1.7055677       1.4227777    2.100583e-09        158.5423      0.22976844      0.11258654      0.77015783      0.24569493        0.247026         2.51606       7.1155391       4.3434337       8.5830933        8.5830933       4.3434337          4.3434337
              4       10.705525       111.03019      0.08994167      -1.7055677       1.4227777    2.100583e-09       158.61456      0.22976844      0.11258654      0.77015783      0.24569493        0.247026         2.51606       7.1155391        4.244864       8.5830933        8.5830933        4.244864           4.244864
              1       11.725715       111.51265      0.08994167      -1.7055677       1.4227777    2.100583e-09       159.30378      0.22976844      0.11258654      0.77015783      0.24569493        0.247026         2.51606       7.1155391       6.2852428       8.5830933        8.5830933       6.2852428          6.2852428
              2       10.710956       111.02268      0.08994167      -1.7055677       1.4227777    2.100583e-09       158.60382      0.22976844      0.11258654      0.77015783      0.24569493        0.247026         2.51606       7.1155391       4.2557247       8.5830933        8.5830933       4.2557247          4.2557247
              1       10.768258       110.96949      0.08994167      -1.7055677       1.4227777    2.100583e-09       158.52785      0.22976844      0.11258654      0.77015783      0.24569493        0.247026         2.51606       7.1155391       4.3703299       8.5830933        8.5830933       4.3703299          4.3703299
              2       10.764063       110.97255      0.08994167      -1.7055677       1.4227777    2.100583e-09       158.53222      0.22976844      0.11258654      0.77015783      0.24569493        0.247026         2.51606       7.1155391       4.3619385       8.5830933        8.5830933       4.3619385          4.3619385
              2       11.450031       111.58258     0.086951526      -1.7098411       1.5546723    2.100583e-09       159.40368      0.22366611      0.10959639      0.77626016      0.24569493        0.247026         2.51606       7.0768642       5.7338756       8.5830933        8.5830933       5.7338756          5.7338756
              3       12.728103       111.93364     0.086951526      -1.7098411       1.5546723    2.100583e-09        159.9052      0.22366611      0.10959639      0.77626016      0.24569493        0.247026         2.51606       7.0768642       8.2900193       8.5830933        8.5830933       8.2900193          8.2900193
              1       11.405768       111.55235     0.086951526      -1.7098411       1.5546723    2.100583e-09        159.3605      0.22366611      0.10959639      0.77626016      0.24569493        0.247026         2.51606       7.0768642       5.6453504       8.5830933        8.5830933       5.6453504          5.6453504
              2       11.695756       111.69127     0.086951526      -1.7098411       1.5546723    2.100583e-09       159.55896      0.22366611      0.10959639      0.77626016      0.24569493        0.247026         2.51606       7.0768642       6.2253259       8.5830933        8.5830933       6.2253259          6.2253259
              2       11.336492       111.41774     0.086951526      -1.7098411       1.5546723    2.100583e-09       159.16819      0.22366611      0.10959639      0.77626016      0.24569493        0.247026         2.51606       7.0768642       5.5067974       8.5830933        8.5830933       5.5067974          5.5067974
              1       11.325446       111.37996     0.087148763      -1.7067941       1.5426099    2.100583e-09       159.11423      0.22406863      0.10979363      0.77585764      0.24569493        0.247026         2.51606       7.0798817       5.4847051       8.5830933        8.5830933       5.4847051          5.4847051
              2        11.36277       111.45752     0.087148763      -1.7067941       1.5426099    2.100583e-09       159.22503      0.22406863      0.10979363      0.77585764      0.24569493        0.247026         2.51606       7.0798817       5.5593541       8.5830933        8.5830933       5.5593541          5.5593541
              2       11.361052       111.46757     0.087350514      -1.7061058       1.5287366    2.100583e-09       159.23939      0.22448037      0.10999538       0.7754459      0.24569493        0.247026         2.51606       7.0813754       5.5559167       8.5830933        8.5830933       5.5559167          5.5559167
              2       11.905966       111.75001     0.085134114      -1.7251873       1.6257085    2.100583e-09       159.64287       0.2199571      0.10777898      0.77996917      0.24569493        0.247026         2.51606       7.0469885       6.6457457       8.5830933        8.5830933       6.6457457          6.6457457
              3       12.486205       111.57135     0.085134114      -1.7251873       1.6257085    2.100583e-09       159.38764       0.2199571      0.10777898      0.77996917      0.24569493        0.247026         2.51606       7.0469885       7.8062238       8.5830933        8.5830933       7.8062238          7.8062238
              5       11.763766       112.05174     0.085134114      -1.7251873       1.6257085    2.100583e-09       160.07391       0.2199571      0.10777898      0.77996917      0.24569493        0.247026         2.51606       7.0469885       6.3613457       8.5830933        8.5830933       6.3613457          6.3613457
              2       13.549614       112.47654     0.082193443      -1.7403889       1.6855326    2.100583e-09       160.68077      0.21395573      0.10483831      0.78597054      0.24569493        0.247026         2.51606       6.9905975       9.9330424       8.5830933        8.5830933       9.9330424          9.9330424
              1        12.91435       112.78304     0.082193443      -1.7403889       1.6855326    2.100583e-09       161.11863      0.21395573      0.10483831      0.78597054      0.24569493        0.247026         2.51606       6.9905975        8.662513       8.5830933        8.5830933        8.662513           8.662513
              5       13.560392       112.47373     0.082193443      -1.7403889       1.6855326    2.100583e-09       160.67676      0.21395573      0.10483831      0.78597054      0.24569493        0.247026         2.51606       6.9905975       9.9545972       8.5830933        8.5830933       9.9545972          9.9545972
              1        16.39555       112.03186     0.082193443      -1.7403889       1.6855326    2.100583e-09       160.04552      0.21395573      0.10483831      0.78597054      0.24569493        0.247026         2.51606       6.9905975       15.624914       8.5830933        8.5830933       15.624914          15.624914
              1       18.432298       111.83175     0.082193443      -1.7403889       1.6855326    2.100583e-09       159.75964      0.21395573      0.10483831      0.78597054      0.24569493        0.247026         2.51606       6.9905975        19.69841       8.5830933        8.5830933        19.69841           19.69841
              1        14.98391       112.20931     0.082193443      -1.7403889       1.6855326    2.100583e-09       160.29902      0.21395573      0.10483831      0.78597054      0.24569493        0.247026         2.51606       6.9905975       12.801634       8.5830933        8.5830933       12.801634          12.801634
              2       14.312929       112.31585     0.082193443      -1.7403889       1.6855326    2.100583e-09       160.45122      0.21395573      0.10483831      0.78597054      0.24569493        0.247026         2.51606       6.9905975       11.459672       8.5830933        8.5830933       11.459672          11.459672
              1       14.179332       113.00901     0.082037096      -1.7272483       1.6887541    2.100583e-09       161.44144      0.21363666      0.10468196      0.78628961      0.24569493        0.247026         2.51606       6.9968322       11.192477       8.5830933        8.5830933       11.192477          11.192477
              5       13.773257       112.91965     0.082037096      -1.7272483       1.6887541    2.100583e-09       161.31378      0.21363666      0.10468196      0.78628961      0.24569493        0.247026         2.51606       6.9968322       10.380327       8.5830933        8.5830933       10.380327          10.380327
              4        13.12844        112.4355     0.082037096      -1.7272483       1.6887541    2.100583e-09       160.62214      0.21363666      0.10468196      0.78628961      0.24569493        0.247026         2.51606       6.9968322       9.0906934       8.5830933        8.5830933       9.0906934          9.0906934
              2       13.178849       112.40378     0.082037096      -1.7272483       1.6887541    2.100583e-09       160.57682      0.21363666      0.10468196      0.78628961      0.24569493        0.247026         2.51606       6.9968322       9.1915114       8.5830933        8.5830933       9.1915114          9.1915114
              1       13.041551       112.55445     0.082037096      -1.7272483       1.6887541    2.100583e-09       160.79207      0.21363666      0.10468196      0.78628961      0.24569493        0.247026         2.51606       6.9968322       8.9169148       8.5830933        8.5830933       8.9169148          8.9169148
              1       13.589206       112.24928     0.082037096      -1.7272483       1.6887541    2.100583e-09       160.35612      0.21363666      0.10468196      0.78628961      0.24569493        0.247026         2.51606       6.9968322       10.012225       8.5830933        8.5830933       10.012225          10.012225
              2       13.262957       112.75725     0.082037096      -1.7272483       1.6887541    2.100583e-09       161.08179      0.21363666      0.10468196      0.78628961      0.24569493        0.247026         2.51606       6.9968322       9.3597282       8.5830933        8.5830933       9.3597282          9.3597282
              3       13.328372       112.78465     0.082037096      -1.7272483       1.6887541    2.100583e-09       161.12093      0.21363666      0.10468196      0.78628961      0.24569493        0.247026         2.51606       6.9968322       9.4905565       8.5830933        8.5830933       9.4905565          9.4905565
              1       13.098258       112.65945     0.082037096      -1.7272483       1.6887541    2.100583e-09       160.94207      0.21363666      0.10468196      0.78628961      0.24569493        0.247026         2.51606       6.9968322       9.0303296       8.5830933        8.5830933       9.0303296          9.0303296
              1       13.725764       112.90772     0.082037096      -1.7272483       1.6887541    2.100583e-09       161.29675      0.21363666      0.10468196      0.78628961      0.24569493        0.247026         2.51606       6.9968322       10.285341       8.5830933        8.5830933       10.285341          10.285341
              2       13.305622       112.77551     0.082037096      -1.7272483       1.6887541    2.100583e-09       161.10788      0.21363666      0.10468196      0.78628961      0.24569493        0.247026         2.51606       6.9968322       9.4450581       8.5830933        8.5830933       9.4450581          9.4450581
              5       13.218749       112.73636     0.082037096      -1.7272483       1.6887541    2.100583e-09       161.05195      0.21363666      0.10468196      0.78628961      0.24569493        0.247026         2.51606       6.9968322       9.2713114       8.5830933        8.5830933       9.2713114          9.2713114
              1       13.057871       112.61313     0.082037096      -1.7272483       1.6887541    2.100583e-09        160.8759      0.21363666      0.10468196      0.78628961      0.24569493        0.247026         2.51606       6.9968322       8.9495564       8.5830933        8.5830933       8.9495564          8.9495564
              4       14.359947       113.04353     0.082037096      -1.7272483       1.6887541    2.100583e-09       161.49076      0.21363666      0.10468196      0.78628961      0.24569493        0.247026         2.51606       6.9968322       11.553708       8.5830933        8.5830933       11.553708          11.553708
              2        13.06507        112.4947     0.082037096      -1.7272483       1.6887541    2.100583e-09       160.70671      0.21363666      0.10468196      0.78628961      0.24569493        0.247026         2.51606       6.9968322       8.9639526       8.5830933        8.5830933       8.9639526          8.9639526
              1       13.440552       112.82518     0.082037096      -1.7272483       1.6887541    2.100583e-09       161.17883      0.21363666      0.10468196      0.78628961      0.24569493        0.247026         2.51606       6.9968322       9.7149182       8.5830933        8.5830933       9.7149182          9.7149182
              8       13.042026       112.56958     0.082037096      -1.7272483       1.6887541    2.100583e-09       160.81368      0.21363666      0.10468196      0.78628961      0.24569493        0.247026         2.51606       6.9968322       8.9178655       8.5830933        8.5830933       8.9178655          8.9178655
              2       13.074661       112.48273     0.082037096      -1.7272483       1.6887541    2.100583e-09       160.68961      0.21363666      0.10468196      0.78628961      0.24569493        0.247026         2.51606       6.9968322       8.9831347       8.5830933        8.5830933       8.9831347          8.9831347
              2       13.692132        112.2215     0.082037096      -1.7272483       1.6887541    2.100583e-09       160.31643      0.21363666      0.10468196      0.78628961      0.24569493        0.247026         2.51606       6.9968322       10.218078       8.5830933        8.5830933       10.218078          10.218078
              1       13.465271       112.83331     0.082037096      -1.7272483       1.6887541    2.100583e-09       161.19045      0.21363666      0.10468196      0.78628961      0.24569493        0.247026         2.51606       6.9968322       9.7643554       8.5830933        8.5830933       9.7643554          9.7643554
              2       14.412291       113.05309     0.082037096      -1.7272483       1.6887541    2.100583e-09       161.50442      0.21363666      0.10468196      0.78628961      0.24569493        0.247026         2.51606       6.9968322       11.658396       8.5830933        8.5830933       11.658396          11.658396
              3       13.640794       113.04543     0.082647234      -1.7330082       1.6460252    2.100583e-09       161.49347      0.21488184       0.1052921      0.78504443      0.24569493        0.247026         2.51606        6.994106       10.115402       8.5830933        8.5830933       10.115402          10.115402
              1       13.148981       112.87119     0.082647234      -1.7330082       1.6460252    2.100583e-09       161.24455      0.21488184       0.1052921      0.78504443      0.24569493        0.247026         2.51606        6.994106       9.1317757       8.5830933        8.5830933       9.1317757          9.1317757
              2        13.01382       112.65254     0.082647234      -1.7330082       1.6460252    2.100583e-09       160.93219      0.21488184       0.1052921      0.78504443      0.24569493        0.247026         2.51606        6.994106        8.861454       8.5830933        8.5830933        8.861454           8.861454
              1       14.205966       113.17128     0.082647234      -1.7330082       1.6460252    2.100583e-09       161.67326      0.21488184       0.1052921      0.78504443      0.24569493        0.247026         2.51606        6.994106       11.245746       8.5830933        8.5830933       11.245746          11.245746
              2       13.007193       112.66461     0.082647234      -1.7330082       1.6460252    2.100583e-09       160.94945      0.21488184       0.1052921      0.78504443      0.24569493        0.247026         2.51606        6.994106       8.8482004       8.5830933        8.5830933       8.8482004          8.8482004
              1       12.997096       112.70319     0.082647234      -1.7330082       1.6460252    2.100583e-09       161.00456      0.21488184       0.1052921      0.78504443      0.24569493        0.247026         2.51606        6.994106       8.8280062       8.5830933        8.5830933       8.8280062          8.8280062
              2       14.293204       112.23031     0.082647234      -1.7330082       1.6460252    2.100583e-09       160.32901      0.21488184       0.1052921      0.78504443      0.24569493        0.247026         2.51606        6.994106       11.420221       8.5830933        8.5830933       11.420221          11.420221
              1       13.230733        112.5041     0.082647234      -1.7330082       1.6460252    2.100583e-09       160.72014      0.21488184       0.1052921      0.78504443      0.24569493        0.247026         2.51606        6.994106       9.2952791       8.5830933        8.5830933       9.2952791          9.2952791
              2       14.100926       113.15057     0.082647234      -1.7330082       1.6460252    2.100583e-09       161.64367      0.21488184       0.1052921      0.78504443      0.24569493        0.247026         2.51606        6.994106       11.035664       8.5830933        8.5830933       11.035664          11.035664
              1       14.259392       113.18147     0.082647234      -1.7330082       1.6460252    2.100583e-09       161.68781      0.21488184       0.1052921      0.78504443      0.24569493        0.247026         2.51606        6.994106       11.352597       8.5830933        8.5830933       11.352597          11.352597
              1       14.099678       112.26719     0.082647234      -1.7330082       1.6460252    2.100583e-09        160.3817      0.21488184       0.1052921      0.78504443      0.24569493        0.247026         2.51606        6.994106       11.033169       8.5830933        8.5830933       11.033169          11.033169
              1        13.62087       112.37587     0.082647234      -1.7330082       1.6460252    2.100583e-09       160.53695      0.21488184       0.1052921      0.78504443      0.24569493        0.247026         2.51606        6.994106       10.075554       8.5830933        8.5830933       10.075554          10.075554
              1       14.608071       112.17581     0.082647234      -1.7330082       1.6460252    2.100583e-09       160.25115      0.21488184       0.1052921      0.78504443      0.24569493        0.247026         2.51606        6.994106       12.049956       8.5830933        8.5830933       12.049956          12.049956
              1       14.036879       116.40281     0.089032417       -2.027132       1.7287059    2.100583e-09       166.28973      0.22791282      0.11167728      0.77201345      0.24569493        0.247026         2.51606       7.0339141       10.907572       8.5830933        8.5830933       10.907572          10.907572
              3       14.426008       115.12117     0.089032417       -2.027132       1.7287059    2.100583e-09       164.45882      0.22791282      0.11167728      0.77201345      0.24569493        0.247026         2.51606       7.0339141       11.685829       8.5830933        8.5830933       11.685829          11.685829
              1        13.12106       115.33617     0.089032417       -2.027132       1.7287059    2.100583e-09       164.76596      0.22791282      0.11167728      0.77201345      0.24569493        0.247026         2.51606       7.0339141       9.0759343       8.5830933        8.5830933       9.0759343          9.0759343
              2       12.040604       115.84141     0.089032417       -2.027132       1.7287059    2.100583e-09       165.48774      0.22791282      0.11167728      0.77201345      0.24569493        0.247026         2.51606       7.0339141       6.9150219       8.5830933        8.5830933       6.9150219          6.9150219
              1       13.020278        115.3573     0.089032417       -2.027132       1.7287059    2.100583e-09       164.79614      0.22791282      0.11167728      0.77201345      0.24569493        0.247026         2.51606       7.0339141       8.8743687       8.5830933        8.5830933       8.8743687          8.8743687
              1       12.875185       115.38971     0.089032417       -2.027132       1.7287059    2.100583e-09       164.84244      0.22791282      0.11167728      0.77201345      0.24569493        0.247026         2.51606       7.0339141       8.5841831       8.5830933        8.5830933       8.5841831          8.5841831
              1       14.671947       115.08812     0.089032417       -2.027132       1.7287059    2.100583e-09        164.4116      0.22791282      0.11167728      0.77201345      0.24569493        0.247026         2.51606       7.0339141       12.177707       8.5830933        8.5830933       12.177707          12.177707
              1       12.936303       115.37574     0.089032417       -2.027132       1.7287059    2.100583e-09       164.82249      0.22791282      0.11167728      0.77201345      0.24569493        0.247026         2.51606       7.0339141       8.7064192       8.5830933        8.5830933       8.7064192          8.7064192
              2       14.715427       115.08244     0.089032417       -2.027132       1.7287059    2.100583e-09       164.40349      0.22791282      0.11167728      0.77201345      0.24569493        0.247026         2.51606       7.0339141       12.264667       8.5830933        8.5830933       12.264667          12.264667
              1       13.320322       114.36207     0.090060504      -1.9666733       1.5838512    2.100583e-09       163.37439      0.23001096      0.11270537      0.76991531      0.24569493        0.247026         2.51606       7.0574523       9.4744565       8.5830933        8.5830933       9.4744565          9.4744565
              1       13.330026       114.29541     0.090091495      -1.9663552       1.6008772    2.100583e-09       163.27916      0.23007421      0.11273636      0.76985206      0.24569493        0.247026         2.51606       7.0596603       9.4938658       8.5830933        8.5830933       9.4938658          9.4938658
              4        12.60106       115.38595     0.090091495      -1.9663552       1.6008772    2.100583e-09       164.83707      0.23007421      0.11273636      0.76985206      0.24569493        0.247026         2.51606       7.0596603       8.0359332       8.5830933        8.5830933       8.0359332          8.0359332
              2       12.245723       115.31251     0.090091495      -1.9663552       1.6008772    2.100583e-09       164.73216      0.23007421      0.11273636      0.76985206      0.24569493        0.247026         2.51606       7.0596603       7.3252604       8.5830933        8.5830933       7.3252604          7.3252604
              1       12.179782       115.29741     0.090091495      -1.9663552       1.6008772    2.100583e-09       164.71059      0.23007421      0.11273636      0.76985206      0.24569493        0.247026         2.51606       7.0596603       7.1933774       8.5830933        8.5830933       7.1933774          7.1933774
              3       11.495804       114.72186     0.090091495      -1.9663552       1.6008772    2.100583e-09       163.88838      0.23007421      0.11273636      0.76985206      0.24569493        0.247026         2.51606       7.0596603       5.8254214       8.5830933        8.5830933       5.8254214          5.8254214
              1       11.498524       114.72056     0.090006662      -1.9655062       1.5997703    2.100583e-09       163.88652      0.22990108      0.11265153      0.77002519      0.24569493        0.247026         2.51606       7.0579162       5.8308623       8.5830933        8.5830933       5.8308623          5.8308623
              3       11.592779        115.1516     0.090006662      -1.9655062       1.5997703    2.100583e-09       164.50229      0.22990108      0.11265153      0.77002519      0.24569493        0.247026         2.51606       7.0579162       6.0193722       8.5830933        8.5830933       6.0193722          6.0193722
              2       11.293524        114.9374     0.090006662      -1.9655062       1.5997703    2.100583e-09       164.19628      0.22990108      0.11265153      0.77002519      0.24569493        0.247026         2.51606       7.0579162       5.4208608       8.5830933        8.5830933       5.4208608          5.4208608
              1       17.085536       113.43635     0.096384888      -1.8530349       1.2185221    2.100583e-09       162.05192      0.24291787      0.11902975      0.75700841      0.24569493        0.247026         2.51606       7.1885786       17.004885       8.5830933        8.5830933       17.004885          17.004885
              1        15.77618       113.31107     0.096384888      -1.8530349       1.2185221    2.100583e-09       161.87295      0.24291787      0.11902975      0.75700841      0.24569493        0.247026         2.51606       7.1885786       14.386173       8.5830933        8.5830933       14.386173          14.386173
              4       12.081013        112.7674     0.096384888      -1.8530349       1.2185221    2.100583e-09       161.09629      0.24291787      0.11902975      0.75700841      0.24569493        0.247026         2.51606       7.1885786       6.9958394       8.5830933        8.5830933       6.9958394          6.9958394
              2       11.804459       112.68426     0.096384888      -1.8530349       1.2185221    2.100583e-09       160.97752      0.24291787      0.11902975      0.75700841      0.24569493        0.247026         2.51606       7.1885786       6.4427324       8.5830933        8.5830933       6.4427324          6.4427324
              2       12.124266       112.77863     0.096384888      -1.8530349       1.2185221    2.100583e-09       161.11232      0.24291787      0.11902975      0.75700841      0.24569493        0.247026         2.51606       7.1885786       7.0823445       8.5830933        8.5830933       7.0823445          7.0823445
              3       11.577593       112.27616     0.096384888      -1.8530349       1.2185221    2.100583e-09       160.39452      0.24291787      0.11902975      0.75700841      0.24569493        0.247026         2.51606       7.1885786       5.9889996       8.5830933        8.5830933       5.9889996          5.9889996
              1       11.346298       111.37372      0.09804749      -1.8102339         1.19931    2.100583e-09       159.10531      0.24631093      0.12069236      0.75361534      0.24569493        0.247026         2.51606       7.2301277       5.5264085       8.5830933        8.5830933       5.5264085          5.5264085
              1       12.093534        111.7492      0.09804749      -1.8102339         1.19931    2.100583e-09       159.64172      0.24631093      0.12069236      0.75361534      0.24569493        0.247026         2.51606       7.2301277       7.0208823       8.5830933        8.5830933       7.0208823          7.0208823
              3       11.396601       111.48295      0.09804749      -1.8102339         1.19931    2.100583e-09       159.26136      0.24631093      0.12069236      0.75361534      0.24569493        0.247026         2.51606       7.2301277       5.6270156       8.5830933        8.5830933       5.6270156          5.6270156
              1       12.618388       112.20469     0.093720885      -1.8697164       1.4564772    2.100583e-09       160.29242      0.23748113      0.11636575      0.76244515      0.24569493        0.247026         2.51606       7.1472424       8.0705892       8.5830933        8.5830933       8.0705892          8.0705892
              5       11.026073       112.89985     0.093720885      -1.8697164       1.4564772    2.100583e-09        161.2855      0.23748113      0.11636575      0.76244515      0.24569493        0.247026         2.51606       7.1472424       4.8859585       8.5830933        8.5830933       4.8859585          4.8859585
              1       10.963982       112.85576     0.093720885      -1.8697164       1.4564772    2.100583e-09       161.22252      0.23748113      0.11636575      0.76244515      0.24569493        0.247026         2.51606       7.1472424       4.7617775       8.5830933        8.5830933       4.7617775          4.7617775
              1       11.171049       112.97052     0.093720885      -1.8697164       1.4564772    2.100583e-09       161.38646      0.23748113      0.11636575      0.76244515      0.24569493        0.247026         2.51606       7.1472424       5.1759106       8.5830933        8.5830933       5.1759106          5.1759106
              2       10.920002       112.69988     0.093720885      -1.8697164       1.4564772    2.100583e-09       160.99983      0.23748113      0.11636575      0.76244515      0.24569493        0.247026         2.51606       7.1472424        4.673817       8.5830933        8.5830933        4.673817           4.673817
              5       11.037046       112.59965     0.093720885      -1.8697164       1.4564772    2.100583e-09       160.85665      0.23748113      0.11636575      0.76244515      0.24569493        0.247026         2.51606       7.1472424        4.907905       8.5830933        8.5830933        4.907905           4.907905
              2       11.755049       112.36608     0.093720885      -1.8697164       1.4564772    2.100583e-09       160.52297      0.23748113      0.11636575      0.76244515      0.24569493        0.247026         2.51606       7.1472424       6.3439118       8.5830933        8.5830933       6.3439118          6.3439118
              1       11.059276        112.9187     0.093720885      -1.8697164       1.4564772    2.100583e-09       161.31243      0.23748113      0.11636575      0.76244515      0.24569493        0.247026         2.51606       7.1472424       4.9523654       8.5830933        8.5830933       4.9523654          4.9523654
              1        11.49839       107.58943      0.10370269      -1.4499611      0.29908772    2.100583e-09       153.69919      0.25785216      0.12634756      0.74207411      0.24569493        0.247026         2.51606       7.3550597       5.8305941       8.5830933        8.5830933       5.8305941          5.8305941
              1       12.816263       106.37806      0.10370269      -1.4499611      0.29908772    2.100583e-09       151.96866      0.25785216      0.12634756      0.74207411      0.24569493        0.247026         2.51606       7.3550597       8.4663394       8.5830933        8.5830933       8.4663394          8.4663394
              1       14.048923       106.25017      0.10370269      -1.4499611      0.29908772    2.100583e-09       151.78596      0.25785216      0.12634756      0.74207411      0.24569493        0.247026         2.51606       7.3550597       10.931659       8.5830933        8.5830933       10.931659          10.931659
              2        12.14569       106.45909      0.10370269      -1.4499611      0.29908772    2.100583e-09       152.08441      0.25785216      0.12634756      0.74207411      0.24569493        0.247026         2.51606       7.3550597       7.1251942       8.5830933        8.5830933       7.1251942          7.1251942
              1       13.187325       106.33715      0.10370269      -1.4499611      0.29908772    2.100583e-09       151.91021      0.25785216      0.12634756      0.74207411      0.24569493        0.247026         2.51606       7.3550597       9.2084637       8.5830933        8.5830933       9.2084637          9.2084637
              2        10.11645       106.84401      0.10370269      -1.4499611      0.29908772    2.100583e-09       152.63431      0.25785216      0.12634756      0.74207411      0.24569493        0.247026         2.51606       7.3550597       3.0667125       8.5830933        8.5830933       3.0667125          3.0667125
              3       10.007415       107.24746      0.10370269      -1.4499611      0.29908772    2.100583e-09       153.21065      0.25785216      0.12634756      0.74207411      0.24569493        0.247026         2.51606       7.3550597       2.8486435       8.5830933        8.5830933       2.8486435          2.8486435
              1       11.100333       107.52368      0.10370269      -1.4499611      0.29908772    2.100583e-09       153.60526      0.25785216      0.12634756      0.74207411      0.24569493        0.247026         2.51606       7.3550597       5.0344787       8.5830933        8.5830933       5.0344787          5.0344787
              2       12.375047       106.43019      0.10370269      -1.4499611      0.29908772    2.100583e-09       152.04313      0.25785216      0.12634756      0.74207411      0.24569493        0.247026         2.51606       7.3550597       7.5839065       8.5830933        8.5830933       7.5839065          7.5839065
              1       10.638896       107.43319      0.10370269      -1.4499611      0.29908772    2.100583e-09       153.47598      0.25785216      0.12634756      0.74207411      0.24569493        0.247026         2.51606       7.3550597       4.1116064       8.5830933        8.5830933       4.1116064          4.1116064
              3       10.102756       107.28576      0.10370269      -1.4499611      0.29908772    2.100583e-09       153.26537      0.25785216      0.12634756      0.74207411      0.24569493        0.247026         2.51606       7.3550597        3.039325       8.5830933        8.5830933        3.039325           3.039325
              2       11.288506       107.55585      0.10370269      -1.4499611      0.29908772    2.100583e-09       153.65122      0.25785216      0.12634756      0.74207411      0.24569493        0.247026         2.51606       7.3550597       5.4108245       8.5830933        8.5830933       5.4108245          5.4108245
              1       13.288108       107.81776      0.10370269      -1.4499611      0.29908772    2.100583e-09       154.02537      0.25785216      0.12634756      0.74207411      0.24569493        0.247026         2.51606       7.3550597       9.4100299       8.5830933        8.5830933       9.4100299          9.4100299
              1       10.312378       106.78279      0.10370269      -1.4499611      0.29908772    2.100583e-09       152.54685      0.25785216      0.12634756      0.74207411      0.24569493        0.247026         2.51606       7.3550597       3.4585696       8.5830933        8.5830933       3.4585696          3.4585696
              3       10.229395       106.80694      0.10370269      -1.4499611      0.29908772    2.100583e-09       152.58135      0.25785216      0.12634756      0.74207411      0.24569493        0.247026         2.51606       7.3550597       3.2926033       8.5830933        8.5830933       3.2926033          3.2926033
              1       10.125717       107.29403      0.10370269      -1.4499611      0.29908772    2.100583e-09       153.27718      0.25785216      0.12634756      0.74207411      0.24569493        0.247026         2.51606       7.3550597       3.0852481       8.5830933        8.5830933       3.0852481          3.0852481
              1       10.414065       110.44858      0.10083008       -1.645432       0.5057096    2.100583e-09       157.78369      0.25198969      0.12347495      0.74793658      0.24569493        0.247026         2.51606       7.2765585       3.6619435       8.5830933        8.5830933       3.6619435          3.6619435
              1       10.239725       110.39741      0.10083008       -1.645432       0.5057096    2.100583e-09       157.71058      0.25198969      0.12347495      0.74793658      0.24569493        0.247026         2.51606       7.2765585       3.3132634       8.5830933        8.5830933       3.3132634          3.3132634
              4       9.8325186       110.16087      0.10083008       -1.645432       0.5057096    2.100583e-09       157.37267      0.25198969      0.12347495      0.74793658      0.24569493        0.247026         2.51606       7.2765585       2.4988505       8.5830933        8.5830933       2.4988505          2.4988505
              1       10.312063       109.84797      0.10083008       -1.645432       0.5057096    2.100583e-09       156.92567      0.25198969      0.12347495      0.74793658      0.24569493        0.247026         2.51606       7.2765585       3.4579393       8.5830933        8.5830933       3.4579393          3.4579393
              1       10.571722       109.71304      0.10396651      -1.6315915      0.28325384    2.100583e-09       156.73291      0.25839056      0.12661137      0.74153571      0.24569493        0.247026         2.51606       7.3343146       3.9772568       8.5830933        8.5830933       3.9772568          3.9772568
              1       10.779102       109.86826      0.10396651      -1.6315915      0.28325384    2.100583e-09       156.95465      0.25839056      0.12661137      0.74153571      0.24569493        0.247026         2.51606       7.3343146       4.3920166       8.5830933        8.5830933       4.3920166          4.3920166
              1       10.791726       109.48371      0.10396651      -1.6315915      0.28325384    2.100583e-09        156.4053      0.25839056      0.12661137      0.74153571      0.24569493        0.247026         2.51606       7.3343146       4.4172646       8.5830933        8.5830933       4.4172646          4.4172646
              6       10.595048       109.74989      0.10396651      -1.6315915      0.28325384    2.100583e-09       156.78556      0.25839056      0.12661137      0.74153571      0.24569493        0.247026         2.51606       7.3343146       4.0239101       8.5830933        8.5830933       4.0239101          4.0239101
              1       11.690984       109.46104      0.10045593      -1.6554612      0.63757319    2.100583e-09       156.37292      0.25122612       0.1231008      0.74870015      0.24569493        0.247026         2.51606       7.2734435       6.2157811       8.5830933        8.5830933       6.2157811          6.2157811
              1       10.365496       109.71544      0.10045593      -1.6554612      0.63757319    2.100583e-09       156.73634      0.25122612       0.1231008      0.74870015      0.24569493        0.247026         2.51606       7.2734435       3.5648054       8.5830933        8.5830933       3.5648054          3.5648054
              1       9.8230402        109.9669      0.10045593      -1.6554612      0.63757319    2.100583e-09       157.09558      0.25122612       0.1231008      0.74870015      0.24569493        0.247026         2.51606       7.2734435       2.4798938       8.5830933        8.5830933       2.4798938          2.4798938
              2       9.8650441       109.92145      0.10045593      -1.6554612      0.63757319    2.100583e-09       157.03065      0.25122612       0.1231008      0.74870015      0.24569493        0.247026         2.51606       7.2734435       2.5639017       8.5830933        8.5830933       2.5639017          2.5639017
              1       10.272202       110.46719     0.099155413      -1.6976805       0.7468572    2.100583e-09       157.81027        0.248572      0.12180028      0.75135427      0.24569493        0.247026         2.51606       7.2455229       3.3782166       8.5830933        8.5830933       3.3782166          3.3782166
              4        10.16496       110.86053     0.099155413      -1.6976805       0.7468572    2.100583e-09       158.37218        0.248572      0.12180028      0.75135427      0.24569493        0.247026         2.51606       7.2455229       3.1637332       8.5830933        8.5830933       3.1637332          3.1637332
              2       9.9903251       110.70481     0.099155413      -1.6976805       0.7468572    2.100583e-09       158.14973        0.248572      0.12180028      0.75135427      0.24569493        0.247026         2.51606       7.2455229       2.8144637       8.5830933        8.5830933       2.8144637          2.8144637
              1       11.174284       111.13827     0.099155413      -1.6976805       0.7468572    2.100583e-09       158.76896        0.248572      0.12180028      0.75135427      0.24569493        0.247026         2.51606       7.2455229       5.1823823       8.5830933        8.5830933       5.1823823          5.1823823
              4       10.520478       110.38634     0.099155413      -1.6976805       0.7468572    2.100583e-09       157.69476        0.248572      0.12180028      0.75135427      0.24569493        0.247026         2.51606       7.2455229       3.8747698       8.5830933        8.5830933       3.8747698          3.8747698
              1       13.576459          109.91     0.099155413      -1.6976805       0.7468572    2.100583e-09       157.01429        0.248572      0.12180028      0.75135427      0.24569493        0.247026         2.51606       7.2455229       9.9867321       8.5830933        8.5830933       9.9867321          9.9867321
              4       10.969213       110.27927     0.099155413      -1.6976805       0.7468572    2.100583e-09       157.54182        0.248572      0.12180028      0.75135427      0.24569493        0.247026         2.51606       7.2455229       4.7722392       8.5830933        8.5830933       4.7722392          4.7722392
              1        10.20646       108.77988       0.1032569      -1.5718734      0.25974931    2.100583e-09       155.39982      0.25694237      0.12590176       0.7429839      0.24569493        0.247026         2.51606       7.3261268       3.2467326       8.5830933        8.5830933       3.2467326          3.2467326
              1       9.8153608       109.29782       0.1032569      -1.5718734      0.25974931    2.100583e-09       156.13975      0.25694237      0.12590176       0.7429839      0.24569493        0.247026         2.51606       7.3261268       2.4645351       8.5830933        8.5830933       2.4645351          2.4645351
              3       9.5817186        109.1047       0.1032569      -1.5718734      0.25974931    2.100583e-09       155.86385      0.25694237      0.12590176       0.7429839      0.24569493        0.247026         2.51606       7.3261268       1.9972507       8.5830933        8.5830933       1.9972507          1.9972507
              1       9.5961045       109.05172       0.1032569      -1.5718734      0.25974931    2.100583e-09       155.78817      0.25694237      0.12590176       0.7429839      0.24569493        0.247026         2.51606       7.3261268       2.0260224       8.5830933        8.5830933       2.0260224          2.0260224
              3       9.5816376       109.09903       0.1032569      -1.5718734      0.25974931    2.100583e-09       155.85576      0.25694237      0.12590176       0.7429839      0.24569493        0.247026         2.51606       7.3261268       1.9970885       8.5830933        8.5830933       1.9970885          1.9970885
              4       9.6969808       105.64078       0.1095493      -1.3505324     -0.11674147    2.100583e-09        150.9154      0.26978402      0.13219417      0.73014225      0.24569493        0.247026         2.51606       7.4665941       2.2277751       8.5830933        8.5830933       2.2277751          2.2277751
              1       10.412911       105.81462       0.1095493      -1.3505324     -0.11674147    2.100583e-09       151.16375      0.26978402      0.13219417      0.73014225      0.24569493        0.247026         2.51606       7.4665941       3.6596352       8.5830933        8.5830933       3.6596352          3.6596352
              3       10.852694        106.4169      0.10420184      -1.3651556    -0.026754337    2.100583e-09       152.02414      0.25887084      0.12684671      0.74105544      0.24569493        0.247026         2.51606       7.3619181       4.5392015       8.5830933        8.5830933       4.5392015          4.5392015
              1       11.794224       106.41224      0.10307087      -1.3727307     0.055461753    2.100583e-09       152.01748      0.25656273      0.12571574      0.74336354      0.24569493        0.247026         2.51606       7.3419811        6.422262       8.5830933        8.5830933        6.422262           6.422262
              2       11.275016       106.58422      0.10307087      -1.3727307     0.055461753    2.100583e-09       152.26316      0.25656273      0.12571574      0.74336354      0.24569493        0.247026         2.51606       7.3419811        5.383846       8.5830933        8.5830933        5.383846           5.383846
              2        11.67447       107.03073      0.10307087      -1.3727307     0.055461753    2.100583e-09       152.90105      0.25656273      0.12571574      0.74336354      0.24569493        0.247026         2.51606       7.3419811       6.1827526       8.5830933        8.5830933       6.1827526          6.1827526
              5       11.329659       106.91441      0.10307087      -1.3727307     0.055461753    2.100583e-09       152.73488      0.25656273      0.12571574      0.74336354      0.24569493        0.247026         2.51606       7.3419811       5.4931309       8.5830933        8.5830933       5.4931309          5.4931309
              2        13.15252       107.28918      0.10315282      -1.3718126     0.050818779    2.100583e-09       153.27026      0.25672998      0.12579769      0.74319629      0.24569493        0.247026         2.51606       7.3435485       9.1388544       8.5830933        8.5830933       9.1388544          9.1388544
              6       12.339328       106.95852     0.099144975      -1.4360435       0.6349893    2.100583e-09       152.79789       0.2485507      0.12178984      0.75137557      0.24569493        0.247026         2.51606       7.2916588       7.5124694       8.5830933        8.5830933       7.5124694          7.5124694
              2       12.602553       106.52976     0.099144975      -1.4360435       0.6349893    2.100583e-09       152.18537       0.2485507      0.12178984      0.75137557      0.24569493        0.247026         2.51606       7.2916588       8.0389197       8.5830933        8.5830933       8.0389197          8.0389197
              3       11.983556       108.83084     0.098083073      -1.7253581       1.5312058    2.100583e-09       155.47263      0.24638355      0.12072794      0.75354272      0.24569493        0.247026         2.51606       7.2952554       6.8009263       8.5830933        8.5830933       6.8009263          6.8009263
              2       12.068481       108.77954     0.098083073      -1.7253581       1.5312058    2.100583e-09       155.39935      0.24638355      0.12072794      0.75354272      0.24569493        0.247026         2.51606       7.2952554       6.9707762       8.5830933        8.5830933       6.9707762          6.9707762
              1        11.92344       108.89326     0.098083073      -1.7253581       1.5312058    2.100583e-09        155.5618      0.24638355      0.12072794      0.75354272      0.24569493        0.247026         2.51606       7.2952554       6.6806939       8.5830933        8.5830933       6.6806939          6.6806939
              6       11.949398       108.86018     0.098083073      -1.7253581       1.5312058    2.100583e-09       155.51454      0.24638355      0.12072794      0.75354272      0.24569493        0.247026         2.51606       7.2952554       6.7326103       8.5830933        8.5830933       6.7326103          6.7326103
              2       12.214335       108.71743     0.098083073      -1.7253581       1.5312058    2.100583e-09       155.31062      0.24638355      0.12072794      0.75354272      0.24569493        0.247026         2.51606       7.2952554       7.2624831       8.5830933        8.5830933       7.2624831          7.2624831
              1       12.451408         108.643     0.098083073      -1.7253581       1.5312058    2.100583e-09       155.20429      0.24638355      0.12072794      0.75354272      0.24569493        0.247026         2.51606       7.2952554        7.736629       8.5830933        8.5830933        7.736629           7.736629
              1        12.46522       108.63924     0.098083073      -1.7253581       1.5312058    2.100583e-09       155.19891      0.24638355      0.12072794      0.75354272      0.24569493        0.247026         2.51606       7.2952554       7.7642535       8.5830933        8.5830933       7.7642535          7.7642535
              4       12.046849       108.79093     0.098083073      -1.7253581       1.5312058    2.100583e-09       155.41562      0.24638355      0.12072794      0.75354272      0.24569493        0.247026         2.51606       7.2952554       6.9275113       8.5830933        8.5830933       6.9275113          6.9275113
              3       12.645867       108.59373     0.098083073      -1.7253581       1.5312058    2.100583e-09       155.13389      0.24638355      0.12072794      0.75354272      0.24569493        0.247026         2.51606       7.2952554       8.1255469       8.5830933        8.5830933       8.1255469          8.1255469
              1       12.364292       108.66797     0.098083073      -1.7253581       1.5312058    2.100583e-09       155.23996      0.24638355      0.12072794      0.75354272      0.24569493        0.247026         2.51606       7.2952554       7.5623979       8.5830933        8.5830933       7.5623979          7.5623979
              2       12.107643       108.76075     0.098083073      -1.7253581       1.5312058    2.100583e-09       155.37249      0.24638355      0.12072794      0.75354272      0.24569493        0.247026         2.51606       7.2952554       7.0490989       8.5830933        8.5830933       7.0490989          7.0490989
              4       11.947994       108.86162     0.098083073      -1.7253581       1.5312058    2.100583e-09        155.5166      0.24638355      0.12072794      0.75354272      0.24569493        0.247026         2.51606       7.2952554       6.7298018       8.5830933        8.5830933       6.7298018          6.7298018
              5        13.50633        108.4302     0.098083073      -1.7253581       1.5312058    2.100583e-09       154.90029      0.24638355      0.12072794      0.75354272      0.24569493        0.247026         2.51606       7.2952554       9.8464728       8.5830933        8.5830933       9.8464728          9.8464728
              1       12.395223       109.22546     0.098083073      -1.7253581       1.5312058    2.100583e-09       156.03637      0.24638355      0.12072794      0.75354272      0.24569493        0.247026         2.51606       7.2952554       7.6242596       8.5830933        8.5830933       7.6242596          7.6242596
              1       11.203407       113.00126     0.094894203      -1.8666022       1.2751508    2.100583e-09       161.43037      0.23987565      0.11753907      0.76005062      0.24569493        0.247026         2.51606       7.1583075       5.2406272       8.5830933        8.5830933       5.2406272          5.2406272
              1       10.182663       110.98367     0.096363106       -1.627468      0.54763993    2.100583e-09        158.5481      0.24287341      0.11900797      0.75705286      0.24569493        0.247026         2.51606       7.1878874       3.1991395       8.5830933        8.5830933       3.1991395          3.1991395
              2       10.966461       111.32147     0.096363106       -1.627468      0.54763993    2.100583e-09       159.03068      0.24287341      0.11900797      0.75705286      0.24569493        0.247026         2.51606       7.1878874       4.7667346       8.5830933        8.5830933       4.7667346          4.7667346
              1       10.789088       111.27726     0.096363106       -1.627468      0.54763993    2.100583e-09       158.96751      0.24287341      0.11900797      0.75705286      0.24569493        0.247026         2.51606       7.1878874         4.41199       8.5830933        8.5830933         4.41199            4.41199
              1       10.885427       110.60512     0.096363106       -1.627468      0.54763993    2.100583e-09       158.00732      0.24287341      0.11900797      0.75705286      0.24569493        0.247026         2.51606       7.1878874       4.6046667       8.5830933        8.5830933       4.6046667          4.6046667
              2       10.289996       111.51704     0.098472335      -1.6700229      0.42787446    2.100583e-09       159.31006      0.24717796       0.1211172      0.75274831      0.24569493        0.247026         2.51606       7.2212213       3.4138059       8.5830933        8.5830933       3.4138059          3.4138059
              3       10.100325       111.39179     0.098472335      -1.6700229      0.42787446    2.100583e-09       159.13113      0.24717796       0.1211172      0.75274831      0.24569493        0.247026         2.51606       7.2212213       3.0344637       8.5830933        8.5830933       3.0344637          3.0344637
              1       11.086138        111.7429     0.098472335      -1.6700229      0.42787446    2.100583e-09       159.63271      0.24717796       0.1211172      0.75274831      0.24569493        0.247026         2.51606       7.2212213       5.0060903       8.5830933        8.5830933       5.0060903          5.0060903
              2       10.974147       108.92865      0.10088259      -1.6279001      0.95429012    2.100583e-09       155.61235      0.25209684      0.12352745      0.74782943      0.24569493        0.247026         2.51606       7.3083599       4.7821082       8.5830933        8.5830933       4.7821082          4.7821082
              1       10.211565       108.66819      0.10088259      -1.6279001      0.95429012    2.100583e-09       155.24028      0.25209684      0.12352745      0.74782943      0.24569493        0.247026         2.51606       7.3083599       3.2569439       8.5830933        8.5830933       3.2569439          3.2569439
              4       10.835634       108.89642      0.10088259      -1.6279001      0.95429012    2.100583e-09       155.56632      0.25209684      0.12352745      0.74782943      0.24569493        0.247026         2.51606       7.3083599       4.5050817       8.5830933        8.5830933       4.5050817          4.5050817
              2       10.136564       108.54459      0.10088259      -1.6279001      0.95429012    2.100583e-09        155.0637      0.25209684      0.12352745      0.74782943      0.24569493        0.247026         2.51606       7.3083599       3.1069417       8.5830933        8.5830933       3.1069417          3.1069417
              1       10.677028       107.66656      0.10432727      -1.5996261      0.75736269    2.100583e-09       153.80937      0.25912681      0.12697214      0.74079946      0.24569493        0.247026         2.51606       7.3688159       4.1878685       8.5830933        8.5830933       4.1878685          4.1878685
              2       10.864839       107.60195      0.10432727      -1.5996261      0.75736269    2.100583e-09       153.71708      0.25912681      0.12697214      0.74079946      0.24569493        0.247026         2.51606       7.3688159       4.5634905       8.5830933        8.5830933       4.5634905          4.5634905
              1       11.031087       107.55579      0.10432727      -1.5996261      0.75736269    2.100583e-09       153.65112      0.25912681      0.12697214      0.74079946      0.24569493        0.247026         2.51606       7.3688159       4.8959873       8.5830933        8.5830933       4.8959873          4.8959873
              1       11.483386       108.28371      0.10432727      -1.5996261      0.75736269    2.100583e-09       154.69101      0.25912681      0.12697214      0.74079946      0.24569493        0.247026         2.51606       7.3688159       5.8005854       8.5830933        8.5830933       5.8005854          5.8005854
              2       12.474742       108.44737      0.10432727      -1.5996261      0.75736269    2.100583e-09       154.92481      0.25912681      0.12697214      0.74079946      0.24569493        0.247026         2.51606       7.3688159       7.7832971       8.5830933        8.5830933       7.7832971          7.7832971
              1        13.95591       108.62966      0.10432727      -1.5996261      0.75736269    2.100583e-09       155.18523      0.25912681      0.12697214      0.74079946      0.24569493        0.247026         2.51606       7.3688159       10.745634       8.5830933        8.5830933       10.745634          10.745634
              3       12.142915       108.39817      0.10432727      -1.5996261      0.75736269    2.100583e-09       154.85453      0.25912681      0.12697214      0.74079946      0.24569493        0.247026         2.51606       7.3688159       7.1196425       8.5830933        8.5830933       7.1196425          7.1196425
              2       11.047708        108.5172      0.10238225      -1.6279201      0.94440761    2.100583e-09       155.02458      0.25515739      0.12502712      0.74476888      0.24569493        0.247026         2.51606       7.3379063       4.9292288       8.5830933        8.5830933       4.9292288          4.9292288
              1       9.7234571       108.64463      0.10128623      -1.5736538      0.65630285    2.100583e-09       155.20662       0.2529206       0.1239311      0.74700567      0.24569493        0.247026         2.51606       7.3054319       2.2807275       8.5830933        8.5830933       2.2807275          2.2807275
              2       10.135835       108.22637      0.10128623      -1.5736538      0.65630285    2.100583e-09        154.6091       0.2529206       0.1239311      0.74700567      0.24569493        0.247026         2.51606       7.3054319       3.1054842       8.5830933        8.5830933       3.1054842          3.1054842
              1       9.8975438       108.30373      0.10128623      -1.5736538      0.65630285    2.100583e-09       154.71962       0.2529206       0.1239311      0.74700567      0.24569493        0.247026         2.51606       7.3054319        2.628901       8.5830933        8.5830933        2.628901           2.628901
              3       9.9940843       108.26942      0.10128623      -1.5736538      0.65630285    2.100583e-09       154.67061       0.2529206       0.1239311      0.74700567      0.24569493        0.247026         2.51606       7.3054319       2.8219821       8.5830933        8.5830933       2.8219821          2.8219821
              1       9.6275985       108.54518      0.10128623      -1.5736538      0.65630285    2.100583e-09       155.06455       0.2529206       0.1239311      0.74700567      0.24569493        0.247026         2.51606       7.3054319       2.0890105       8.5830933        8.5830933       2.0890105          2.0890105
              4       9.6635553       108.59801      0.10128623      -1.5736538      0.65630285    2.100583e-09       155.14001       0.2529206       0.1239311      0.74700567      0.24569493        0.247026         2.51606       7.3054319        2.160924       8.5830933        8.5830933        2.160924           2.160924
              1       9.6866271       108.41314      0.10128623      -1.5736538      0.65630285    2.100583e-09       154.87591       0.2529206       0.1239311      0.74700567      0.24569493        0.247026         2.51606       7.3054319       2.2070676       8.5830933        8.5830933       2.2070676          2.2070676
              1       13.031864       114.08615      0.09635826      -1.8779505      0.76751656    2.100583e-09       162.98022      0.24286352      0.11900313      0.75706275      0.24569493        0.247026         2.51606       7.1643271        8.897542       8.5830933        8.5830933        8.897542           8.897542
              5        12.89421       113.86137      0.09635826      -1.8779505      0.76751656    2.100583e-09        162.6591      0.24286352      0.11900313      0.75706275      0.24569493        0.247026         2.51606       7.1643271       8.6222337       8.5830933        8.5830933       8.6222337          8.6222337
              2       13.459536       114.24378      0.09635826      -1.8779505      0.76751656    2.100583e-09        163.2054      0.24286352      0.11900313      0.75706275      0.24569493        0.247026         2.51606       7.1643271       9.7528845       8.5830933        8.5830933       9.7528845          9.7528845
              2        12.88461       113.87948      0.09635826      -1.8779505      0.76751656    2.100583e-09       162.68497      0.24286352      0.11900313      0.75706275      0.24569493        0.247026         2.51606       7.1643271       8.6030336       8.5830933        8.5830933       8.6030336          8.6030336
              5       12.605253       113.57666     0.095303241      -1.8596674      0.79782345    2.100583e-09       162.25237      0.24071042      0.11794811      0.75921585      0.24569493        0.247026         2.51606       7.1448297        8.044319       8.5830933        8.5830933        8.044319           8.044319
              6       14.312231       115.00325     0.094110676      -1.9693385       1.0008948    2.100583e-09       164.29036      0.23827662      0.11675554      0.76164965      0.24569493        0.247026         2.51606       7.1138152       11.458275       8.5830933        8.5830933       11.458275          11.458275
              1       14.090167       115.10455     0.094110676      -1.9693385       1.0008948    2.100583e-09       164.43507      0.23827662      0.11675554      0.76164965      0.24569493        0.247026         2.51606       7.1138152       11.014148       8.5830933        8.5830933       11.014148          11.014148
              1       14.196136       115.04986     0.094110676      -1.9693385       1.0008948    2.100583e-09       164.35694      0.23827662      0.11675554      0.76164965      0.24569493        0.247026         2.51606       7.1138152       11.226085       8.5830933        8.5830933       11.226085          11.226085
              3       16.541001       114.56966     0.094110676      -1.9693385       1.0008948    2.100583e-09       163.67094      0.23827662      0.11675554      0.76164965      0.24569493        0.247026         2.51606       7.1138152       15.915816       8.5830933        8.5830933       15.915816          15.915816
              2       15.477282       114.72939     0.094110676      -1.9693385       1.0008948    2.100583e-09       163.89913      0.23827662      0.11675554      0.76164965      0.24569493        0.247026         2.51606       7.1138152       13.788378       8.5830933        8.5830933       13.788378          13.788378
              2       14.510146       114.02539     0.094861807      -1.9115677      0.87540408    2.100583e-09       162.89341      0.23980954      0.11750667      0.76011673      0.24569493        0.247026         2.51606       7.1321639       11.854106       8.5830933        8.5830933       11.854106          11.854106
              1       10.517261       111.91829     0.098286972      -1.7067278      0.47323064    2.100583e-09       159.88327      0.24679967      0.12093184       0.7531266      0.24569493        0.247026         2.51606       7.2145421        3.868335       8.5830933        8.5830933        3.868335           3.868335
              1       10.577519       111.95061     0.098286972      -1.7067278      0.47323064    2.100583e-09       159.92944      0.24679967      0.12093184       0.7531266      0.24569493        0.247026         2.51606       7.2145421       3.9888523       8.5830933        8.5830933       3.9888523          3.9888523
              1       12.020932       112.30609     0.098286972      -1.7067278      0.47323064    2.100583e-09       160.43727      0.24679967      0.12093184       0.7531266      0.24569493        0.247026         2.51606       7.2145421        6.875678       8.5830933        8.5830933        6.875678           6.875678
              1       12.758416       111.13408     0.098286972      -1.7067278      0.47323064    2.100583e-09       158.76297      0.24679967      0.12093184       0.7531266      0.24569493        0.247026         2.51606       7.2145421       8.3506445       8.5830933        8.5830933       8.3506445          8.3506445
              1       11.911643       112.28775     0.098286972      -1.7067278      0.47323064    2.100583e-09       160.41107      0.24679967      0.12093184       0.7531266      0.24569493        0.247026         2.51606       7.2145421          6.6571       8.5830933        8.5830933          6.6571             6.6571
              3       12.370974       112.36107     0.098286972      -1.7067278      0.47323064    2.100583e-09       160.51582      0.24679967      0.12093184       0.7531266      0.24569493        0.247026         2.51606       7.2145421       7.5757619       8.5830933        8.5830933       7.5757619          7.5757619
              1       12.689554       112.40705     0.098286972      -1.7067278      0.47323064    2.100583e-09        160.5815      0.24679967      0.12093184       0.7531266      0.24569493        0.247026         2.51606       7.2145421       8.2129223       8.5830933        8.5830933       8.2129223          8.2129223
              1       13.469807       113.28971     0.090327465      -1.8693939        1.362644    2.100583e-09       161.84245      0.23055578      0.11297233      0.76937049      0.24569493        0.247026         2.51606       7.0663828       9.7734269       8.5830933        8.5830933       9.7734269          9.7734269
              2       12.455627       113.42459     0.090327465      -1.8693939        1.362644    2.100583e-09       162.03513      0.23055578      0.11297233      0.76937049      0.24569493        0.247026         2.51606       7.0663828       7.7450671       8.5830933        8.5830933       7.7450671          7.7450671
              1       10.581525       114.18682     0.090327465      -1.8693939        1.362644    2.100583e-09       163.12403      0.23055578      0.11297233      0.76937049      0.24569493        0.247026         2.51606       7.0663828       3.9968636       8.5830933        8.5830933       3.9968636          3.9968636
              1       11.225325       113.64948     0.090327465      -1.8693939        1.362644    2.100583e-09       162.35639      0.23055578      0.11297233      0.76937049      0.24569493        0.247026         2.51606       7.0663828       5.2844643       8.5830933        8.5830933       5.2844643          5.2844643
              5       10.690683       114.23972     0.090327465      -1.8693939        1.362644    2.100583e-09        163.1996      0.23055578      0.11297233      0.76937049      0.24569493        0.247026         2.51606       7.0663828       4.2151796       8.5830933        8.5830933       4.2151796          4.2151796
              1       10.527245        114.1526     0.090327465      -1.8693939        1.362644    2.100583e-09       163.07515      0.23055578      0.11297233      0.76937049      0.24569493        0.247026         2.51606       7.0663828       3.8883043       8.5830933        8.5830933       3.8883043          3.8883043
              2       11.333471       113.62455     0.090327465      -1.8693939        1.362644    2.100583e-09       162.32079      0.23055578      0.11297233      0.76937049      0.24569493        0.247026         2.51606       7.0663828       5.5007557       8.5830933        8.5830933       5.5007557          5.5007557
              6       10.476623       113.94246     0.090327465      -1.8693939        1.362644    2.100583e-09       162.77494      0.23055578      0.11297233      0.76937049      0.24569493        0.247026         2.51606       7.0663828       3.7870601       8.5830933        8.5830933       3.7870601          3.7870601
              1       10.754246       113.78702     0.090327465      -1.8693939        1.362644    2.100583e-09       162.55288      0.23055578      0.11297233      0.76937049      0.24569493        0.247026         2.51606       7.0663828       4.3423062       8.5830933        8.5830933       4.3423062          4.3423062
              4       10.889166        113.7407     0.090327465      -1.8693939        1.362644    2.100583e-09       162.48671      0.23055578      0.11297233      0.76937049      0.24569493        0.247026         2.51606       7.0663828        4.612146       8.5830933        8.5830933        4.612146           4.612146
              1       11.427653       113.60405     0.090327465      -1.8693939        1.362644    2.100583e-09       162.29151      0.23055578      0.11297233      0.76937049      0.24569493        0.247026         2.51606       7.0663828       5.6891185       8.5830933        8.5830933       5.6891185          5.6891185
              2       10.974634       114.33801     0.090327465      -1.8693939        1.362644    2.100583e-09       163.34002      0.23055578      0.11297233      0.76937049      0.24569493        0.247026         2.51606       7.0663828       4.7830816       8.5830933        8.5830933       4.7830816          4.7830816
              2       10.573134       114.18202     0.090327465      -1.8693939        1.362644    2.100583e-09       163.11717      0.23055578      0.11297233      0.76937049      0.24569493        0.247026         2.51606       7.0663828       3.9800815       8.5830933        8.5830933       3.9800815          3.9800815
              3        10.47767       114.11004     0.090327465      -1.8693939        1.362644    2.100583e-09       163.01434      0.23055578      0.11297233      0.76937049      0.24569493        0.247026         2.51606       7.0663828       3.7891525       8.5830933        8.5830933       3.7891525          3.7891525
              2       10.479194       114.11166     0.090327465      -1.8693939        1.362644    2.100583e-09       163.01666      0.23055578      0.11297233      0.76937049      0.24569493        0.247026         2.51606       7.0663828       3.7922024       8.5830933        8.5830933       3.7922024          3.7922024
              1       10.440439       114.04507     0.090327465      -1.8693939        1.362644    2.100583e-09       162.92153      0.23055578      0.11297233      0.76937049      0.24569493        0.247026         2.51606       7.0663828       3.7146909       8.5830933        8.5830933       3.7146909          3.7146909
              1       11.912699       114.54452     0.090327465      -1.8693939        1.362644    2.100583e-09       163.63503      0.23055578      0.11297233      0.76937049      0.24569493        0.247026         2.51606       7.0663828       6.6592124       8.5830933        8.5830933       6.6592124          6.6592124
              1       12.380923       114.62165     0.090327465      -1.8693939        1.362644    2.100583e-09       163.74521      0.23055578      0.11297233      0.76937049      0.24569493        0.247026         2.51606       7.0663828       7.5956598       8.5830933        8.5830933       7.5956598          7.5956598
              1       11.841746       113.52387     0.090327465      -1.8693939        1.362644    2.100583e-09       162.17696      0.23055578      0.11297233      0.76937049      0.24569493        0.247026         2.51606       7.0663828       6.5173057       8.5830933        8.5830933       6.5173057          6.5173057
              2        10.44352       114.05622     0.090327465      -1.8693939        1.362644    2.100583e-09       162.93746      0.23055578      0.11297233      0.76937049      0.24569493        0.247026         2.51606       7.0663828       3.7208538       8.5830933        8.5830933       3.7208538          3.7208538
              3       13.524959       114.77795     0.090327465      -1.8693939        1.362644    2.100583e-09        163.9685      0.23055578      0.11297233      0.76937049      0.24569493        0.247026         2.51606       7.0663828       9.8837308       8.5830933        8.5830933       9.8837308          9.8837308
              1       11.974153       114.55527     0.090327465      -1.8693939        1.362644    2.100583e-09       163.65039      0.23055578      0.11297233      0.76937049      0.24569493        0.247026         2.51606       7.0663828       6.7821199       8.5830933        8.5830933       6.7821199          6.7821199
              1       11.417801       113.60615     0.090327465      -1.8693939        1.362644    2.100583e-09        162.2945      0.23055578      0.11297233      0.76937049      0.24569493        0.247026         2.51606       7.0663828        5.669416       8.5830933        8.5830933        5.669416           5.669416
              1       10.862666       114.30341     0.090327465      -1.8693939        1.362644    2.100583e-09       163.29058      0.23055578      0.11297233      0.76937049      0.24569493        0.247026         2.51606       7.0663828       4.5591454       8.5830933        8.5830933       4.5591454          4.5591454
              1       10.849095       113.75363     0.090327465      -1.8693939        1.362644    2.100583e-09       162.50518      0.23055578      0.11297233      0.76937049      0.24569493        0.247026         2.51606       7.0663828       4.5320029       8.5830933        8.5830933       4.5320029          4.5320029
              7       10.841647       114.29642     0.090327465      -1.8693939        1.362644    2.100583e-09       163.28061      0.23055578      0.11297233      0.76937049      0.24569493        0.247026         2.51606       7.0663828       4.5171065       8.5830933        8.5830933       4.5171065          4.5171065
              4       10.444286       114.05841     0.090327465      -1.8693939        1.362644    2.100583e-09       162.94058      0.23055578      0.11297233      0.76937049      0.24569493        0.247026         2.51606       7.0663828       3.7223855       8.5830933        8.5830933       3.7223855          3.7223855
              1       10.491773       113.72823     0.090712466      -1.8110374       1.1359123    2.100583e-09        162.4689       0.2313415      0.11335733      0.76858478      0.24569493        0.247026         2.51606       7.0697768       3.8173602       8.5830933        8.5830933       3.8173602          3.8173602
              4       11.935039        113.1661     0.090712466      -1.8110374       1.1359123    2.100583e-09       161.66586       0.2313415      0.11335733      0.76858478      0.24569493        0.247026         2.51606       7.0697768       6.7038907       8.5830933        8.5830933       6.7038907          6.7038907
              2       11.475444       113.25369     0.090712466      -1.8110374       1.1359123    2.100583e-09       161.79099       0.2313415      0.11335733      0.76858478      0.24569493        0.247026         2.51606       7.0697768       5.7847017       8.5830933        8.5830933       5.7847017          5.7847017
              1       11.339675       113.28334     0.090712466      -1.8110374       1.1359123    2.100583e-09       161.83334       0.2313415      0.11335733      0.76858478      0.24569493        0.247026         2.51606       7.0697768       5.5131641       8.5830933        8.5830933       5.5131641          5.5131641
              1       11.825149        113.1856     0.090712466      -1.8110374       1.1359123    2.100583e-09       161.69372       0.2313415      0.11335733      0.76858478      0.24569493        0.247026         2.51606       7.0697768       6.4841111       8.5830933        8.5830933       6.4841111          6.4841111
              1       12.932589       114.68219      0.08874039      -1.8466932        1.006091    2.100583e-09        163.8317      0.22731685      0.11138526      0.77260942      0.24569493        0.247026         2.51606         7.01282       8.6989923       8.5830933        8.5830933       8.6989923          8.6989923
              2       11.775076       115.46129      0.08874039      -1.8466932        1.006091    2.100583e-09        164.9447      0.22731685      0.11138526      0.77260942      0.24569493        0.247026         2.51606         7.01282       6.3839664       8.5830933        8.5830933       6.3839664          6.3839664
              2        11.63055       115.55881     0.088120276      -1.8566973       1.0525977    2.100583e-09       165.08402      0.22605131      0.11076514      0.77387496      0.24569493        0.247026         2.51606       6.9999818       6.0949142       8.5830933        8.5830933       6.0949142          6.0949142
              2       11.540763       115.46739     0.088120276      -1.8566973       1.0525977    2.100583e-09       164.95342      0.22605131      0.11076514      0.77387496      0.24569493        0.247026         2.51606       6.9999818        5.915339       8.5830933        8.5830933        5.915339           5.915339
              4       12.405843        115.0201     0.088120276      -1.8566973       1.0525977    2.100583e-09       164.31443      0.22605131      0.11076514      0.77387496      0.24569493        0.247026         2.51606       6.9999818       7.6454998       8.5830933        8.5830933       7.6454998          7.6454998
              3       12.743528       114.94928     0.088120276      -1.8566973       1.0525977    2.100583e-09       164.21326      0.22605131      0.11076514      0.77387496      0.24569493        0.247026         2.51606       6.9999818       8.3208701       8.5830933        8.5830933       8.3208701          8.3208701
              2       11.938141        115.1472     0.088120276      -1.8566973       1.0525977    2.100583e-09         164.496      0.22605131      0.11076514      0.77387496      0.24569493        0.247026         2.51606       6.9999818       6.7100962       8.5830933        8.5830933       6.7100962          6.7100962
              4       12.294318       115.79962     0.088120276      -1.8566973       1.0525977    2.100583e-09       165.42803      0.22605131      0.11076514      0.77387496      0.24569493        0.247026         2.51606       6.9999818       7.4224485       8.5830933        8.5830933       7.4224485          7.4224485
              2       11.887956       115.68018     0.088120276      -1.8566973       1.0525977    2.100583e-09        165.2574      0.22605131      0.11076514      0.77387496      0.24569493        0.247026         2.51606       6.9999818       6.6097251       8.5830933        8.5830933       6.6097251          6.6097251
              2       12.679863       115.88551     0.088120276      -1.8566973       1.0525977    2.100583e-09       165.55073      0.22605131      0.11076514      0.77387496      0.24569493        0.247026         2.51606       6.9999818       8.1935401       8.5830933        8.5830933       8.1935401          8.1935401
              5       12.937181       115.93498     0.088120276      -1.8566973       1.0525977    2.100583e-09        165.6214      0.22605131      0.11076514      0.77387496      0.24569493        0.247026         2.51606       6.9999818        8.708176       8.5830933        8.5830933        8.708176           8.708176
              2       11.573311        115.3318     0.088120276      -1.8566973       1.0525977    2.100583e-09       164.75972      0.22605131      0.11076514      0.77387496      0.24569493        0.247026         2.51606       6.9999818       5.9804346       8.5830933        8.5830933       5.9804346          5.9804346
              1       11.795458       114.76233     0.090186667      -1.8104977      0.94147136    2.100583e-09       163.94618      0.23026843      0.11283153      0.76965784      0.24569493        0.247026         2.51606       7.0468701        6.424729       8.5830933        8.5830933        6.424729           6.424729
              5       12.116324        113.9575     0.090186667      -1.8104977      0.94147136    2.100583e-09       162.79643      0.23026843      0.11283153      0.76965784      0.24569493        0.247026         2.51606       7.0468701        7.066462       8.5830933        8.5830933        7.066462           7.066462
              1       12.504416       112.95922     0.091797055      -1.7640267      0.83317016    2.100583e-09       161.37032      0.23355494      0.11444192      0.76637133      0.24569493        0.247026         2.51606        7.083584       7.8426454       8.5830933        8.5830933       7.8426454          7.8426454
              1       10.468831       112.77215     0.094015521      -1.7710206      0.84680517    2.100583e-09       161.10307      0.23808242      0.11666039      0.76184385      0.24569493        0.247026         2.51606        7.130949        3.771476       8.5830933        8.5830933        3.771476           3.771476
              1       10.369386       113.01231     0.094015521      -1.7710206      0.84680517    2.100583e-09       161.44616      0.23808242      0.11666039      0.76184385      0.24569493        0.247026         2.51606        7.130949       3.5725855       8.5830933        8.5830933       3.5725855          3.5725855
              1       11.811143       112.41841     0.094015521      -1.7710206      0.84680517    2.100583e-09       160.59773      0.23808242      0.11666039      0.76184385      0.24569493        0.247026         2.51606        7.130949       6.4560997       8.5830933        8.5830933       6.4560997          6.4560997
              2        11.29057       112.51743     0.094015521      -1.7710206      0.84680517    2.100583e-09       160.73919      0.23808242      0.11666039      0.76184385      0.24569493        0.247026         2.51606        7.130949       5.4149534       8.5830933        8.5830933       5.4149534          5.4149534
              1        11.57339         112.461     0.094015521      -1.7710206      0.84680517    2.100583e-09       160.65857      0.23808242      0.11666039      0.76184385      0.24569493        0.247026         2.51606        7.130949       5.9805933       8.5830933        8.5830933       5.9805933          5.9805933
              1       11.337369       112.50756     0.094015521      -1.7710206      0.84680517    2.100583e-09       160.72509      0.23808242      0.11666039      0.76184385      0.24569493        0.247026         2.51606        7.130949       5.5085509       8.5830933        8.5830933       5.5085509          5.5085509
              1       11.413088       112.49208     0.094015521      -1.7710206      0.84680517    2.100583e-09       160.70297      0.23808242      0.11666039      0.76184385      0.24569493        0.247026         2.51606        7.130949       5.6599901       8.5830933        8.5830933       5.6599901          5.6599901
              1       10.270584       112.12461     0.096297903      -1.7477219      0.75028172    2.100583e-09       160.17802      0.24274035      0.11894277      0.75718593      0.24569493        0.247026         2.51606       7.1783662       3.3749812       8.5830933        8.5830933       3.3749812          3.3749812
              4       10.802374       111.88267     0.096297903      -1.7477219      0.75028172    2.100583e-09       159.83239      0.24274035      0.11894277      0.75718593      0.24569493        0.247026         2.51606       7.1783662       4.4385623       8.5830933        8.5830933       4.4385623          4.4385623
              1       10.780709       111.88876     0.096297903      -1.7477219      0.75028172    2.100583e-09       159.84108      0.24274035      0.11894277      0.75718593      0.24569493        0.247026         2.51606       7.1783662       4.3952307       8.5830933        8.5830933       4.3952307          4.3952307
              2       10.573706        111.9546     0.096297903      -1.7477219      0.75028172    2.100583e-09       159.93514      0.24274035      0.11894277      0.75718593      0.24569493        0.247026         2.51606       7.1783662       3.9812262       8.5830933        8.5830933       3.9812262          3.9812262
              1       10.307044       112.30178     0.096297903      -1.7477219      0.75028172    2.100583e-09       160.43112      0.24274035      0.11894277      0.75718593      0.24569493        0.247026         2.51606       7.1783662       3.4479009       8.5830933        8.5830933       3.4479009          3.4479009
              1       10.351521       112.33366     0.096297903      -1.7477219      0.75028172    2.100583e-09       160.47666      0.24274035      0.11894277      0.75718593      0.24569493        0.247026         2.51606       7.1783662       3.5368548       8.5830933        8.5830933       3.5368548          3.5368548
              3       10.691876        111.9151     0.096297903      -1.7477219      0.75028172    2.100583e-09       159.87871      0.24274035      0.11894277      0.75718593      0.24569493        0.247026         2.51606       7.1783662       4.2175648       8.5830933        8.5830933       4.2175648          4.2175648
              1        10.40365       112.02715     0.096297903      -1.7477219      0.75028172    2.100583e-09       160.03879      0.24274035      0.11894277      0.75718593      0.24569493        0.247026         2.51606       7.1783662       3.6411128       8.5830933        8.5830933       3.6411128          3.6411128
              2       10.606335        112.3758     0.097003257      -1.7536368      0.63069344    2.100583e-09       160.53686      0.24417984      0.11964812      0.75574643      0.24569493        0.247026         2.51606       7.1875649       4.0464837       8.5830933        8.5830933       4.0464837          4.0464837
              1       11.877769       111.81812      0.10002073      -1.7134318      0.47432184    2.100583e-09       159.74017      0.25033794      0.12266559      0.74958833      0.24569493        0.247026         2.51606       7.2500678       6.5893513       8.5830933        8.5830933       6.5893513          6.5893513
              1        11.05567       111.60336      0.10002073      -1.7134318      0.47432184    2.100583e-09       159.43337      0.25033794      0.12266559      0.74958833      0.24569493        0.247026         2.51606       7.2500678       4.9451538       8.5830933        8.5830933       4.9451538          4.9451538
              3       11.093509       111.61745      0.10002073      -1.7134318      0.47432184    2.100583e-09        159.4535      0.25033794      0.12266559      0.74958833      0.24569493        0.247026         2.51606       7.2500678       5.0208316       8.5830933        8.5830933       5.0208316          5.0208316
              1       11.843479       111.81128      0.10002073      -1.7134318      0.47432184    2.100583e-09       159.73039      0.25033794      0.12266559      0.74958833      0.24569493        0.247026         2.51606       7.2500678       6.5207708       8.5830933        8.5830933       6.5207708          6.5207708
              1       11.141278       108.14385      0.10399691      -1.6121542      0.61364141    2.100583e-09       154.49121      0.25845261      0.12664178      0.74147366      0.24569493        0.247026         2.51606       7.3513321       5.1163692       8.5830933        8.5830933       5.1163692          5.1163692
              1       10.180723       108.47435      0.10399691      -1.6121542      0.61364141    2.100583e-09       154.96335      0.25845261      0.12664178      0.74147366      0.24569493        0.247026         2.51606       7.3513321       3.1952592       8.5830933        8.5830933       3.1952592          3.1952592
              3       9.4830245       108.04208      0.10503198      -1.5086961      0.20776099    2.100583e-09       154.34583        0.260565      0.12767685      0.73936127      0.24569493        0.247026         2.51606       7.3683849       1.7998624       8.5830933        8.5830933       1.7998624          1.7998624
              2       9.3756159       107.96435      0.10503198      -1.5086961      0.20776099    2.100583e-09       154.23479        0.260565      0.12767685      0.73936127      0.24569493        0.247026         2.51606       7.3683849       1.5850452       8.5830933        8.5830933       1.5850452          1.5850452
              1       9.4730411       108.56176      0.10328867      -1.5533376      0.33041768    2.100583e-09       155.08823      0.25700722      0.12593354      0.74291905      0.24569493        0.247026         2.51606       7.3321281       1.7798956       8.5830933        8.5830933       1.7798956          1.7798956
              1       9.7862812       108.40058      0.10328867      -1.5533376      0.33041768    2.100583e-09       154.85797      0.25700722      0.12593354      0.74291905      0.24569493        0.247026         2.51606       7.3321281       2.4063759       8.5830933        8.5830933       2.4063759          2.4063759
              1       9.5849195       108.48369      0.10328867      -1.5533376      0.33041768    2.100583e-09        154.9767      0.25700722      0.12593354      0.74291905      0.24569493        0.247026         2.51606       7.3321281       2.0036525       8.5830933        8.5830933       2.0036525          2.0036525
              2       9.4541097       108.58506      0.10328867      -1.5533376      0.33041768    2.100583e-09       155.12151      0.25700722      0.12593354      0.74291905      0.24569493        0.247026         2.51606       7.3321281       1.7420329       8.5830933        8.5830933       1.7420329          1.7420329
              1       9.6859775        108.8432      0.10328867      -1.5533376      0.33041768    2.100583e-09       155.49028      0.25700722      0.12593354      0.74291905      0.24569493        0.247026         2.51606       7.3321281       2.2057684       8.5830933        8.5830933       2.2057684          2.2057684
              1       9.4545826       108.69579      0.10328867      -1.5533376      0.33041768    2.100583e-09       155.27969      0.25700722      0.12593354      0.74291905      0.24569493        0.247026         2.51606       7.3321281       1.7429786       8.5830933        8.5830933       1.7429786          1.7429786
              1       9.4967618        108.7403      0.10328867      -1.5533376      0.33041768    2.100583e-09       155.34329      0.25700722      0.12593354      0.74291905      0.24569493        0.247026         2.51606       7.3321281       1.8273371       8.5830933        8.5830933       1.8273371          1.8273371
              1       9.4525516       108.58743      0.10328867      -1.5533376      0.33041768    2.100583e-09        155.1249      0.25700722      0.12593354      0.74291905      0.24569493        0.247026         2.51606       7.3321281       1.7389166       8.5830933        8.5830933       1.7389166          1.7389166
              1        9.620854       108.46591      0.10328867      -1.5533376      0.33041768    2.100583e-09        154.9513      0.25700722      0.12593354      0.74291905      0.24569493        0.247026         2.51606       7.3321281       2.0755214       8.5830933        8.5830933       2.0755214          2.0755214
              3       10.011012       108.94835      0.10328867      -1.5533376      0.33041768    2.100583e-09        155.6405      0.25700722      0.12593354      0.74291905      0.24569493        0.247026         2.51606       7.3321281       2.8558372       8.5830933        8.5830933       2.8558372          2.8558372
              2       10.395393       109.03857      0.10328867      -1.5533376      0.33041768    2.100583e-09       155.76938      0.25700722      0.12593354      0.74291905      0.24569493        0.247026         2.51606       7.3321281       3.6245986       8.5830933        8.5830933       3.6245986          3.6245986
              3       9.4580659       108.70071      0.10328867      -1.5533376      0.33041768    2.100583e-09       155.28673      0.25700722      0.12593354      0.74291905      0.24569493        0.247026         2.51606       7.3321281       1.7499451       8.5830933        8.5830933       1.7499451          1.7499451
              1       9.4780942       108.74707      0.10319808      -1.5598196      0.35443041    2.100583e-09       155.35296      0.25682234      0.12584295      0.74310393      0.24569493        0.247026         2.51606       7.3304286       1.7900018       8.5830933        8.5830933       1.7900018          1.7900018
              1       9.8869453       108.25391      0.10530558      -1.5163631      0.19405741    2.100583e-09       154.64845      0.26112337      0.12795045       0.7388029      0.24569493        0.247026         2.51606       7.3723097        2.607704       8.5830933        8.5830933        2.607704           2.607704
              1       10.243253       108.34286      0.10530558      -1.5163631      0.19405741    2.100583e-09       154.77551      0.26112337      0.12795045       0.7388029      0.24569493        0.247026         2.51606       7.3723097       3.3203198       8.5830933        8.5830933       3.3203198          3.3203198
              2       9.6547151       108.17641      0.10530558      -1.5163631      0.19405741    2.100583e-09       154.53774      0.26112337      0.12795045       0.7388029      0.24569493        0.247026         2.51606       7.3723097       2.1432437       8.5830933        8.5830933       2.1432437          2.1432437
              1       9.6617765       108.17919      0.10530558      -1.5163631      0.19405741    2.100583e-09        154.5417      0.26112337      0.12795045       0.7388029      0.24569493        0.247026         2.51606       7.3723097       2.1573665       8.5830933        8.5830933       2.1573665          2.1573665
              2       9.4866546       108.50038      0.10275345      -1.5410965      0.32164102    2.100583e-09       155.00055      0.25591493      0.12539832      0.74401134      0.24569493        0.247026         2.51606       7.3225653       1.8071226       8.5830933        8.5830933       1.8071226          1.8071226
              1       9.4796479       108.73442      0.10275345      -1.5410965      0.32164102    2.100583e-09       155.33489      0.25591493      0.12539832      0.74401134      0.24569493        0.247026         2.51606       7.3225653       1.7931092       8.5830933        8.5830933       1.7931092          1.7931092
              4        9.854888       108.89383      0.10275345      -1.5410965      0.32164102    2.100583e-09       155.56261      0.25591493      0.12539832      0.74401134      0.24569493        0.247026         2.51606       7.3225653       2.5435894       8.5830933        8.5830933       2.5435894          2.5435894
              3       9.4108696       108.66254      0.10275345      -1.5410965      0.32164102    2.100583e-09        155.2322      0.25591493      0.12539832      0.74401134      0.24569493        0.247026         2.51606       7.3225653       1.6555527       8.5830933        8.5830933       1.6555527          1.6555527
              1       9.4787539       108.73378      0.10275345      -1.5410965      0.32164102    2.100583e-09       155.33397      0.25591493      0.12539832      0.74401134      0.24569493        0.247026         2.51606       7.3225653       1.7913211       8.5830933        8.5830933       1.7913211          1.7913211
              2       9.4645716       108.51664      0.10275345      -1.5410965      0.32164102    2.100583e-09       155.02377      0.25591493      0.12539832      0.74401134      0.24569493        0.247026         2.51606       7.3225653       1.7629566       8.5830933        8.5830933       1.7629566          1.7629566
              5       9.4845864       108.73792      0.10275345      -1.5410965      0.32164102    2.100583e-09       155.33988      0.25591493      0.12539832      0.74401134      0.24569493        0.247026         2.51606       7.3225653       1.8029862       8.5830933        8.5830933       1.8029862          1.8029862
              2       9.6399549       108.42148      0.10275345      -1.5410965      0.32164102    2.100583e-09       154.88782      0.25591493      0.12539832      0.74401134      0.24569493        0.247026         2.51606       7.3225653       2.1137232       8.5830933        8.5830933       2.1137232          2.1137232
              1       9.8620217        108.3449      0.10275345      -1.5410965      0.32164102    2.100583e-09       154.77843      0.25591493      0.12539832      0.74401134      0.24569493        0.247026         2.51606       7.3225653       2.5578569       8.5830933        8.5830933       2.5578569          2.5578569
              2       9.7939075        108.3659      0.10275345      -1.5410965      0.32164102    2.100583e-09       154.80843      0.25591493      0.12539832      0.74401134      0.24569493        0.247026         2.51606       7.3225653       2.4216285       8.5830933        8.5830933       2.4216285          2.4216285
              2       9.6581234       108.82613      0.10275345      -1.5410965      0.32164102    2.100583e-09       155.46589      0.25591493      0.12539832      0.74401134      0.24569493        0.247026         2.51606       7.3225653       2.1500602       8.5830933        8.5830933       2.1500602          2.1500602
              2       10.584364       108.60004      0.10290325      -1.6311637      0.84961007    2.100583e-09       155.14292      0.25622064      0.12554811      0.74370563      0.24569493        0.247026         2.51606       7.3403274        4.002541       8.5830933        8.5830933        4.002541           4.002541
              2       11.633234       107.98117      0.10290325      -1.6311637      0.84961007    2.100583e-09       154.25882      0.25622064      0.12554811      0.74370563      0.24569493        0.247026         2.51606       7.3403274       6.1002822       8.5830933        8.5830933       6.1002822          6.1002822
              1       10.407591       108.45283      0.10290325      -1.6311637      0.84961007    2.100583e-09       154.93261      0.25622064      0.12554811      0.74370563      0.24569493        0.247026         2.51606       7.3403274        3.648996       8.5830933        8.5830933        3.648996           3.648996
              2       10.247016       108.78174      0.10393379      -1.6238018      0.59070849    2.100583e-09       155.40249      0.25832378      0.12657865      0.74160249      0.24569493        0.247026         2.51606       7.3470728       3.3278463       8.5830933        8.5830933       3.3278463          3.3278463
              3       10.301584       108.69775      0.10393379      -1.6238018      0.59070849    2.100583e-09        155.2825      0.25832378      0.12657865      0.74160249      0.24569493        0.247026         2.51606       7.3470728       3.4369816       8.5830933        8.5830933       3.4369816          3.4369816
              1       10.266717       108.85131      0.10393379      -1.6238018      0.59070849    2.100583e-09       155.50187      0.25832378      0.12657865      0.74160249      0.24569493        0.247026         2.51606       7.3470728       3.3672483       8.5830933        8.5830933       3.3672483          3.3672483
              1       9.3278677       105.70923      0.10939089      -1.3397558     -0.23201469    2.100583e-09       151.01319      0.26946072      0.13203575      0.73046555      0.24569493        0.247026         2.51606       7.4602261       1.4895489       8.5830933        8.5830933       1.4895489          1.4895489
              2       10.751791       106.08545      0.10939089      -1.3397558     -0.23201469    2.100583e-09       151.55065      0.26946072      0.13203575      0.73046555      0.24569493        0.247026         2.51606       7.4602261       4.3373953       8.5830933        8.5830933       4.3373953          4.3373953
              3       11.189203       106.98749      0.10189783      -1.4418619       0.3120167    2.100583e-09       152.83927      0.25416877       0.1245427       0.7457575      0.24569493        0.247026         2.51606        7.320679       5.2122185       8.5830933        8.5830933       5.2122185          5.2122185
              1       10.777873       107.55706      0.10189783      -1.4418619       0.3120167    2.100583e-09       153.65295      0.25416877       0.1245427       0.7457575      0.24569493        0.247026         2.51606        7.320679       4.3895595       8.5830933        8.5830933       4.3895595          4.3895595
              1       10.523685       107.43377      0.10189783      -1.4418619       0.3120167    2.100583e-09       153.47681      0.25416877       0.1245427       0.7457575      0.24569493        0.247026         2.51606        7.320679       3.8811834       8.5830933        8.5830933       3.8811834          3.8811834
              2       11.554431       106.91124      0.10189783      -1.4418619       0.3120167    2.100583e-09       152.73034      0.25416877       0.1245427       0.7457575      0.24569493        0.247026         2.51606        7.320679       5.9426754       8.5830933        8.5830933       5.9426754          5.9426754
              2       10.524631        107.4345      0.10189783      -1.4418619       0.3120167    2.100583e-09       153.47785      0.25416877       0.1245427       0.7457575      0.24569493        0.247026         2.51606        7.320679       3.8830748       8.5830933        8.5830933       3.8830748          3.8830748
              1       10.931313       107.70291      0.10011653      -1.4623188      0.40493821    2.100583e-09        153.8613      0.25053346       0.1227614      0.74939281      0.24569493        0.247026         2.51606         7.28633       4.6964387       8.5830933        8.5830933       4.6964387          4.6964387
              2       9.7807026       108.79416      0.10125735      -1.5521392       0.5184935    2.100583e-09       155.42023      0.25286166      0.12390221      0.74706461      0.24569493        0.247026         2.51606       7.3002738       2.3952186       8.5830933        8.5830933       2.3952186          2.3952186
              3       9.5520981       108.60493      0.10125735      -1.5521392       0.5184935    2.100583e-09        155.1499      0.25286166      0.12390221      0.74706461      0.24569493        0.247026         2.51606       7.3002738       1.9380097       8.5830933        8.5830933       1.9380097          1.9380097
              1       9.5562905       108.62673      0.10125735      -1.5521392       0.5184935    2.100583e-09       155.18104      0.25286166      0.12390221      0.74706461      0.24569493        0.247026         2.51606       7.3002738       1.9463944       8.5830933        8.5830933       1.9463944          1.9463944
              1       9.7220246       108.76738      0.10125735      -1.5521392       0.5184935    2.100583e-09       155.38197      0.25286166      0.12390221      0.74706461      0.24569493        0.247026         2.51606       7.3002738       2.2778627       8.5830933        8.5830933       2.2778627          2.2778627
              5       9.5536084       108.61653      0.10125735      -1.5521392       0.5184935    2.100583e-09       155.16647      0.25286166      0.12390221      0.74706461      0.24569493        0.247026         2.51606       7.3002738       1.9410303       8.5830933        8.5830933       1.9410303          1.9410303
              1       9.7989012       108.39906      0.10125735      -1.5521392       0.5184935    2.100583e-09        154.8558      0.25286166      0.12390221      0.74706461      0.24569493        0.247026         2.51606       7.3002738       2.4316158       8.5830933        8.5830933       2.4316158          2.4316158
              3       9.5519968       108.59732      0.10125735      -1.5521392       0.5184935    2.100583e-09       155.13903      0.25286166      0.12390221      0.74706461      0.24569493        0.247026         2.51606       7.3002738       1.9378071       8.5830933        8.5830933       1.9378071          1.9378071
              1       9.7941537         108.401      0.10125735      -1.5521392       0.5184935    2.100583e-09       154.85857      0.25286166      0.12390221      0.74706461      0.24569493        0.247026         2.51606       7.3002738       2.4221209       8.5830933        8.5830933       2.4221209          2.4221209
              1       9.7683737       108.78885      0.10125735      -1.5521392       0.5184935    2.100583e-09       155.41264      0.25286166      0.12390221      0.74706461      0.24569493        0.247026         2.51606       7.3002738       2.3705608       8.5830933        8.5830933       2.3705608          2.3705608
              2       9.7792311       108.40722      0.10125735      -1.5521392       0.5184935    2.100583e-09       154.86745      0.25286166      0.12390221      0.74706461      0.24569493        0.247026         2.51606       7.3002738       2.3922757       8.5830933        8.5830933       2.3922757          2.3922757
              9       9.5238982       106.49952      0.10600276      -1.4242807      0.16778115    2.100583e-09       152.14217      0.26254618      0.12864763      0.73738009      0.24569493        0.247026         2.51606       7.3984656       1.8816097       8.5830933        8.5830933       1.8816097          1.8816097
              1       9.5898245       106.41345      0.10600276      -1.4242807      0.16778115    2.100583e-09       152.01922      0.26254618      0.12864763      0.73738009      0.24569493        0.247026         2.51606       7.3984656       2.0134624       8.5830933        8.5830933       2.0134624          2.0134624
              2        9.523085       106.50373      0.10600276      -1.4242807      0.16778115    2.100583e-09       152.14819      0.26254618      0.12864763      0.73738009      0.24569493        0.247026         2.51606       7.3984656       1.8799834       8.5830933        8.5830933       1.8799834          1.8799834
              2       9.7864735       105.72889      0.10856657      -1.3798926     0.069924031    2.100583e-09       151.04127      0.26777845      0.13121144      0.73214782      0.24569493        0.247026         2.51606       7.4514814       2.4067604       8.5830933        8.5830933       2.4067604          2.4067604
              1       10.465084         105.163      0.10856657      -1.3798926     0.069924031    2.100583e-09       150.23285      0.26777845      0.13121144      0.73214782      0.24569493        0.247026         2.51606       7.4514814        3.763982       8.5830933        8.5830933        3.763982           3.763982
              2       9.7322229       105.38636      0.10852379      -1.3806425     0.071697149    2.100583e-09       150.55194      0.26769113      0.13116865      0.73223514      0.24569493        0.247026         2.51606       7.4506074       2.2982593       8.5830933        8.5830933       2.2982593          2.2982593
              4       10.152091       105.24932      0.10852379      -1.3806425     0.071697149    2.100583e-09       150.35617      0.26769113      0.13116865      0.73223514      0.24569493        0.247026         2.51606       7.4506074       3.1379963       8.5830933        8.5830933       3.1379963          3.1379963
              1       9.9727003       105.81015      0.10852379      -1.3806425     0.071697149    2.100583e-09       151.15736      0.26769113      0.13116865      0.73223514      0.24569493        0.247026         2.51606       7.4506074       2.7792141       8.5830933        8.5830933       2.7792141          2.7792141
              3       10.207071       105.31966      0.10732737      -1.3449388     0.069992968    2.100583e-09       150.45666      0.26524947      0.12997224       0.7346768      0.24569493        0.247026         2.51606       7.4327162       3.2479548       8.5830933        8.5830933       3.2479548          3.2479548
              1       10.022768       106.27436      0.10563576      -1.4734582      0.51806827    2.100583e-09       151.82051      0.26179719      0.12828062      0.73812908      0.24569493        0.247026         2.51606       7.4033473         2.87935       8.5830933        8.5830933         2.87935            2.87935
              1       11.097646       106.73084      0.10563576      -1.4734582      0.51806827    2.100583e-09       152.47263      0.26179719      0.12828062      0.73812908      0.24569493        0.247026         2.51606       7.4033473       5.0291056       8.5830933        8.5830933       5.0291056          5.0291056
              1       10.750477       105.97608      0.10563576      -1.4734582      0.51806827    2.100583e-09       151.39441      0.26179719      0.12828062      0.73812908      0.24569493        0.247026         2.51606       7.4033473       4.3347673       8.5830933        8.5830933       4.3347673          4.3347673
              1       10.731043       106.65336      0.10563576      -1.4734582      0.51806827    2.100583e-09       152.36194      0.26179719      0.12828062      0.73812908      0.24569493        0.247026         2.51606       7.4033473       4.2958988       8.5830933        8.5830933       4.2958988          4.2958988
              3       10.928768       106.69709      0.10563576      -1.4734582      0.51806827    2.100583e-09       152.42441      0.26179719      0.12828062      0.73812908      0.24569493        0.247026         2.51606       7.4033473       4.6913499       8.5830933        8.5830933       4.6913499          4.6913499
              2       11.046845       106.72098      0.10563576      -1.4734582      0.51806827    2.100583e-09       152.45854      0.26179719      0.12828062      0.73812908      0.24569493        0.247026         2.51606       7.4033473        4.927503       8.5830933        8.5830933        4.927503           4.927503
              3       11.336288       105.86136      0.10563576      -1.4734582      0.51806827    2.100583e-09       151.23052      0.26179719      0.12828062      0.73812908      0.24569493        0.247026         2.51606       7.4033473       5.5063886       8.5830933        8.5830933       5.5063886          5.5063886
              1       11.132941       105.89756      0.10563576      -1.4734582      0.51806827    2.100583e-09       151.28224      0.26179719      0.12828062      0.73812908      0.24569493        0.247026         2.51606       7.4033473       5.0996947       8.5830933        8.5830933       5.0996947          5.0996947
              3       10.270958       106.11436      0.10563576      -1.4734582      0.51806827    2.100583e-09       151.59194      0.26179719      0.12828062      0.73812908      0.24569493        0.247026         2.51606       7.4033473       3.3757285       8.5830933        8.5830933       3.3757285          3.3757285
              1       10.080593       106.21196      0.10563576      -1.4734582      0.51806827    2.100583e-09       151.73137      0.26179719      0.12828062      0.73812908      0.24569493        0.247026         2.51606       7.4033473       2.9949993       8.5830933        8.5830933       2.9949993          2.9949993
              1       15.485894       105.09954      0.10559027      -1.5094657      0.82791373    2.100583e-09       150.14221      0.26170437      0.12823514       0.7382219      0.24569493        0.247026         2.51606       7.4206997       13.805602       8.5830933        8.5830933       13.805602          13.805602
              3        12.06314        105.5405      0.10559027      -1.5094657      0.82791373    2.100583e-09       150.77215      0.26170437      0.12823514       0.7382219      0.24569493        0.247026         2.51606       7.4206997        6.960094       8.5830933        8.5830933        6.960094           6.960094
              1       11.821206       107.74228        0.103162        -1.62762      0.88979179    2.100583e-09       153.91754      0.25674871      0.12580687      0.74317756      0.24569493        0.247026         2.51606        7.349279       6.4762251       8.5830933        8.5830933       6.4762251          6.4762251
              1       10.460824       103.29128       0.1135229      -1.1495573     -0.70581439    2.100583e-09       147.55896      0.27789341      0.13616777      0.72203286      0.24569493        0.247026         2.51606       7.5476993       3.7554607       8.5830933        8.5830933       3.7554607          3.7554607
              3       10.645781       103.02652       0.1135229      -1.1495573     -0.70581439    2.100583e-09       147.18074      0.27789341      0.13616777      0.72203286      0.24569493        0.247026         2.51606       7.5476993       4.1253757       8.5830933        8.5830933       4.1253757          4.1253757
              2       10.264698       103.49827      0.11239918      -1.2454234     -0.29476561    2.100583e-09       147.85468       0.2756001      0.13504405      0.72432618      0.24569493        0.247026         2.51606       7.5295917       3.3632087       8.5830933        8.5830933       3.3632087          3.3632087
              2        9.966794       103.78155      0.11239918      -1.2454234     -0.29476561    2.100583e-09       148.25936       0.2756001      0.13504405      0.72432618      0.24569493        0.247026         2.51606       7.5295917       2.7674015       8.5830933        8.5830933       2.7674015          2.7674015
              2       10.049921       103.59019      0.11239918      -1.2454234     -0.29476561    2.100583e-09       147.98598       0.2756001      0.13504405      0.72432618      0.24569493        0.247026         2.51606       7.5295917       2.9336562       8.5830933        8.5830933       2.9336562          2.9336562
              2        9.945068        103.7456      0.11239918      -1.2454234     -0.29476561    2.100583e-09       148.20799       0.2756001      0.13504405      0.72432618      0.24569493        0.247026         2.51606       7.5295917       2.7239494       8.5830933        8.5830933       2.7239494          2.7239494
              1       10.076027        105.7566      0.11157242      -1.3915783    -0.084075673    2.100583e-09       151.08086      0.27391284      0.13421729      0.72601344      0.24569493        0.247026         2.51606       7.5020832       2.9858679       8.5830933        8.5830933       2.9858679          2.9858679
              3       9.5096009       105.40503      0.11157242      -1.3915783    -0.084075673    2.100583e-09       150.57862      0.27391284      0.13421729      0.72601344      0.24569493        0.247026         2.51606       7.5020832       1.8530152       8.5830933        8.5830933       1.8530152          1.8530152
              6       9.4965203       105.43274      0.11157242      -1.3915783    -0.084075673    2.100583e-09        150.6182      0.27391284      0.13421729      0.72601344      0.24569493        0.247026         2.51606       7.5020832        1.826854       8.5830933        8.5830933        1.826854           1.826854
              1       9.7809525       105.24476      0.11157242      -1.3915783    -0.084075673    2.100583e-09       150.34966      0.27391284      0.13421729      0.72601344      0.24569493        0.247026         2.51606       7.5020832       2.3957183       8.5830933        8.5830933       2.3957183          2.3957183
              1       10.074502       105.75621      0.11157242      -1.3915783    -0.084075673    2.100583e-09        151.0803      0.27391284      0.13421729      0.72601344      0.24569493        0.247026         2.51606       7.5020832       2.9828176       8.5830933        8.5830933       2.9828176          2.9828176
              1       9.6032561       105.58607      0.11157242      -1.3915783    -0.084075673    2.100583e-09       150.83724      0.27391284      0.13421729      0.72601344      0.24569493        0.247026         2.51606       7.5020832       2.0403257       8.5830933        8.5830933       2.0403257          2.0403257
              1       9.6194386       105.47993      0.11175343      -1.3866648    -0.085174078    2.100583e-09       150.68561      0.27428225       0.1343983      0.72564403      0.24569493        0.247026         2.51606       7.5062176       2.0726906       8.5830933        8.5830933       2.0726906          2.0726906
              2       10.884535       105.81142      0.11175343      -1.3866648    -0.085174078    2.100583e-09       151.15918      0.27428225       0.1343983      0.72564403      0.24569493        0.247026         2.51606       7.5062176       4.6028842       8.5830933        8.5830933       4.6028842          4.6028842
              3        9.518906       105.39051      0.11175343      -1.3866648    -0.085174078    2.100583e-09       150.55788      0.27428225       0.1343983      0.72564403      0.24569493        0.247026         2.51606       7.5062176       1.8716255       8.5830933        8.5830933       1.8716255          1.8716255
              3        10.18723       105.82914      0.11212839      -1.4229017    -0.035828412    2.100583e-09       151.18448      0.27504746      0.13477326      0.72487881      0.24569493        0.247026         2.51606       7.5107863       3.2082735       8.5830933        8.5830933       3.2082735          3.2082735
              2       9.7430249       105.21233      0.11006588      -1.3862286      0.02583852    2.100583e-09       150.30333      0.27083825      0.13271074      0.72908802      0.24569493        0.247026         2.51606       7.4779401       2.3198632       8.5830933        8.5830933       2.3198632          2.3198632
              1       11.426758       104.87189      0.11006588      -1.3862286      0.02583852    2.100583e-09       149.81698      0.27083825      0.13271074      0.72908802      0.24569493        0.247026         2.51606       7.4779401       5.6873295       8.5830933        8.5830933       5.6873295          5.6873295
              2       12.906895       106.15528      0.11006588      -1.3862286      0.02583852    2.100583e-09        151.6504      0.27083825      0.13271074      0.72908802      0.24569493        0.247026         2.51606       7.4779401       8.6476026       8.5830933        8.5830933       8.6476026          8.6476026
              3       12.698781       106.13258      0.11006588      -1.3862286      0.02583852    2.100583e-09       151.61797      0.27083825      0.13271074      0.72908802      0.24569493        0.247026         2.51606       7.4779401       8.2313761       8.5830933        8.5830933       8.2313761          8.2313761
              1        11.74265       105.27188       0.1116383      -1.3271567     -0.14414766    2.100583e-09        150.3884      0.27404727      0.13428316        0.725879      0.24569493        0.247026         2.51606       7.5096427       6.3191133       8.5830933        8.5830933       6.3191133          6.3191133
              2       10.257645       105.03097       0.1116383      -1.3271567     -0.14414766    2.100583e-09       150.04425      0.27404727      0.13428316        0.725879      0.24569493        0.247026         2.51606       7.5096427       3.3491031       8.5830933        8.5830933       3.3491031          3.3491031
              1       11.566099        104.1073       0.1116383      -1.3271567     -0.14414766    2.100583e-09       148.72472      0.27404727      0.13428316        0.725879      0.24569493        0.247026         2.51606       7.5096427        5.966011       8.5830933        8.5830933        5.966011           5.966011
              1       12.713081       103.97209       0.1116383      -1.3271567     -0.14414766    2.100583e-09       148.53156      0.27404727      0.13428316        0.725879      0.24569493        0.247026         2.51606       7.5096427        8.259975       8.5830933        8.5830933        8.259975           8.259975
              1       10.206004       103.44145      0.11564805      -1.2826205     -0.36713441    2.100583e-09        147.7735      0.28223044      0.13829292      0.71769583      0.24569493        0.247026         2.51606       7.5841814       3.2458206       8.5830933        8.5830933       3.2458206          3.2458206
              1       9.5865469       103.90007      0.11564805      -1.2826205     -0.36713441    2.100583e-09       148.42867      0.28223044      0.13829292      0.71769583      0.24569493        0.247026         2.51606       7.5841814       2.0069073       8.5830933        8.5830933       2.0069073          2.0069073
              3       9.8601071       103.53179      0.11564805      -1.2826205     -0.36713441    2.100583e-09       147.90256      0.28223044      0.13829292      0.71769583      0.24569493        0.247026         2.51606       7.5841814       2.5540275       8.5830933        8.5830933       2.5540275          2.5540275
              3       9.4760196       103.76911      0.11564805      -1.2826205     -0.36713441    2.100583e-09       148.24159      0.28223044      0.13829292      0.71769583      0.24569493        0.247026         2.51606       7.5841814       1.7858526       8.5830933        8.5830933       1.7858526          1.7858526
              4       9.9126586       104.02765      0.11564805      -1.2826205     -0.36713441    2.100583e-09       148.61093      0.28223044      0.13829292      0.71769583      0.24569493        0.247026         2.51606       7.5841814       2.6591307       8.5830933        8.5830933       2.6591307          2.6591307
              8        9.777192       103.55914      0.11564805      -1.2826205     -0.36713441    2.100583e-09       147.94163      0.28223044      0.13829292      0.71769583      0.24569493        0.247026         2.51606       7.5841814       2.3881975       8.5830933        8.5830933       2.3881975          2.3881975
              6       10.165002       103.45081      0.11564805      -1.2826205     -0.36713441    2.100583e-09       147.78687      0.28223044      0.13829292      0.71769583      0.24569493        0.247026         2.51606       7.5841814       3.1638183       8.5830933        8.5830933       3.1638183          3.1638183
              3       9.5660155       103.88747      0.11564805      -1.2826205     -0.36713441    2.100583e-09       148.41068      0.28223044      0.13829292      0.71769583      0.24569493        0.247026         2.51606       7.5841814       1.9658444       8.5830933        8.5830933       1.9658444          1.9658444
              1        9.588844       103.36922      0.11722021       -1.231265     -0.54302414    2.100583e-09       147.67031      0.28543892      0.13986507      0.71448735      0.24569493        0.247026         2.51606       7.6142649       2.0115014       8.5830933        8.5830933       2.0115014          2.0115014
              1       10.888201       103.65945      0.11722021       -1.231265     -0.54302414    2.100583e-09       148.08493      0.28543892      0.13986507      0.71448735      0.24569493        0.247026         2.51606       7.6142649       4.6102162       8.5830933        8.5830933       4.6102162          4.6102162
              1       10.700413       102.03369      0.11900721      -1.1303702     -0.66129623    2.100583e-09       145.76241      0.28908587      0.14165207      0.71084041      0.24569493        0.247026         2.51606       7.6565479       4.2346398       8.5830933        8.5830933       4.2346398          4.2346398
              1       9.9221002       101.67948      0.11900721      -1.1303702     -0.66129623    2.100583e-09        145.2564      0.28908587      0.14165207      0.71084041      0.24569493        0.247026         2.51606       7.6565479       2.6780139       8.5830933        8.5830933       2.6780139          2.6780139
              2        11.34824       103.07624      0.11533751      -1.3093867     0.095927514    2.100583e-09       147.25178      0.28159669      0.13798238      0.71832959      0.24569493        0.247026         2.51606       7.5959376       5.5302937       8.5830933        8.5830933       5.5302937          5.5302937
              2       11.320755       103.06009      0.11533751      -1.3093867     0.095927514    2.100583e-09        147.2287      0.28159669      0.13798238      0.71832959      0.24569493        0.247026         2.51606       7.5959376        5.475324       8.5830933        8.5830933        5.475324           5.475324
              1       11.685971       102.68259      0.11533751      -1.3093867     0.095927514    2.100583e-09       146.68942      0.28159669      0.13798238      0.71832959      0.24569493        0.247026         2.51606       7.5959376        6.205756       8.5830933        8.5830933        6.205756           6.205756
              1       11.020301       95.859718      0.13964816     -0.61078911      -2.4688185    2.100583e-09       136.94245      0.33121027      0.16229303      0.66871601      0.24569493        0.247026         2.51606       8.0327796       4.8744163       8.5830933        8.5830933       4.8744163          4.8744163
              2       10.523256       95.734531      0.13964816     -0.61078911      -2.4688185    2.100583e-09       136.76362      0.33121027      0.16229303      0.66871601      0.24569493        0.247026         2.51606       8.0327796       3.8803256       8.5830933        8.5830933       3.8803256          3.8803256
              1       10.398696       96.946662      0.13727322     -0.68485101      -2.3495647    2.100583e-09       138.49523      0.32636345      0.15991809      0.67356282      0.24569493        0.247026         2.51606       7.9872569       3.6312061       8.5830933        8.5830933       3.6312061          3.6312061
              1       9.8572794       96.823502      0.13727322     -0.68485101      -2.3495647    2.100583e-09       138.31929      0.32636345      0.15991809      0.67356282      0.24569493        0.247026         2.51606       7.9872569       2.5483723       8.5830933        8.5830933       2.5483723          2.5483723
              1       10.079843       98.812424      0.13281917     -0.81029757      -2.1130533    2.100583e-09       141.16061      0.31727354      0.15546403      0.68265273      0.24569493        0.247026         2.51606       7.9024461       2.9934995       8.5830933        8.5830933       2.9934995          2.9934995
              1       10.099487       98.815682      0.13281917     -0.81029757      -2.1130533    2.100583e-09       141.16526      0.31727354      0.15546403      0.68265273      0.24569493        0.247026         2.51606       7.9024461       3.0327884       8.5830933        8.5830933       3.0327884          3.0327884
              2       10.569689       98.887232      0.13281917     -0.81029757      -2.1130533    2.100583e-09       141.26747      0.31727354      0.15546403      0.68265273      0.24569493        0.247026         2.51606       7.9024461        3.973192       8.5830933        8.5830933        3.973192           3.973192
              2       9.0197885       97.809158      0.13492486      -0.7524931      -2.2819985    2.100583e-09       139.72737      0.32157087      0.15756973       0.6783554      0.24569493        0.247026         2.51606       7.9413299       0.8733905       8.5830933        8.5830933       0.8733905          0.8733905
              2       9.7339993       96.515946       0.1409551     -0.66364972      -2.5866366    2.100583e-09       137.87992      0.33387749      0.16359997      0.66604878      0.24569493        0.247026         2.51606       8.0481054       2.3018121       8.5830933        8.5830933       2.3018121          2.3018121
              3       9.3646341       96.143097       0.1409551     -0.66364972      -2.5866366    2.100583e-09       137.34728      0.33387749      0.16359997      0.66604878      0.24569493        0.247026         2.51606       8.0481054       1.5630817       8.5830933        8.5830933       1.5630817          1.5630817
              1       10.170423       98.344996      0.13528224     -0.76542183      -2.3395204    2.100583e-09       140.49285      0.32230022      0.15792711      0.67762605      0.24569493        0.247026         2.51606       7.9453553       3.1746597       8.5830933        8.5830933       3.1746597          3.1746597
              3       10.049793       98.325534      0.13528224     -0.76542183      -2.3395204    2.100583e-09       140.46505      0.32230022      0.15792711      0.67762605      0.24569493        0.247026         2.51606       7.9453553       2.9333999       8.5830933        8.5830933       2.9333999          2.9333999
              1       10.024314        98.02438      0.13610618     -0.75401077      -2.3402379    2.100583e-09       140.03483      0.32398174      0.15875105      0.67594453      0.24569493        0.247026         2.51606       7.9608527       2.8824411       8.5830933        8.5830933       2.8824411          2.8824411
              3        9.096946       97.797802      0.13610618     -0.75401077      -2.3402379    2.100583e-09       139.71115      0.32398174      0.15875105      0.67594453      0.24569493        0.247026         2.51606       7.9608527       1.0277055       8.5830933        8.5830933       1.0277055          1.0277055
              1       9.0958087       97.477441      0.13610618     -0.75401077      -2.3402379    2.100583e-09       139.25349      0.32398174      0.15875105      0.67594453      0.24569493        0.247026         2.51606       7.9608527       1.0254309       8.5830933        8.5830933       1.0254309          1.0254309
              1       9.5104102       97.354053      0.13610618     -0.75401077      -2.3402379    2.100583e-09       139.07722      0.32398174      0.15875105      0.67594453      0.24569493        0.247026         2.51606       7.9608527       1.8546338       8.5830933        8.5830933       1.8546338          1.8546338
              3       9.1310837       97.811395      0.13610618     -0.75401077      -2.3402379    2.100583e-09       139.73056      0.32398174      0.15875105      0.67594453      0.24569493        0.247026         2.51606       7.9608527       1.0959808       8.5830933        8.5830933       1.0959808          1.0959808
              2       8.9264682       99.669459      0.13029051     -0.88904828      -1.9649734    2.100583e-09       142.38494      0.31211302      0.15293538      0.68781325      0.24569493        0.247026         2.51606       7.8533256      0.68674976       8.5830933        8.5830933      0.68674976         0.68674976
              1       8.8924257       99.368801      0.13029051     -0.88904828      -1.9649734    2.100583e-09       141.95543      0.31211302      0.15293538      0.68781325      0.24569493        0.247026         2.51606       7.8533256      0.61866493       8.5830933        8.5830933      0.61866493         0.61866493
              2       8.8057018       101.00799      0.12465217     -0.97285671      -1.7557225    2.100583e-09       144.29714      0.30060619      0.14729703      0.69932008      0.24569493        0.247026         2.51606       7.7473804      0.44521697       8.5830933        8.5830933      0.44521697         0.44521697
              1       8.6546302       101.11066      0.12465217     -0.97285671      -1.7557225    2.100583e-09        144.4438      0.30060619      0.14729703      0.69932008      0.24569493        0.247026         2.51606       7.7473804      0.14307374       8.5830933        8.5830933      0.14307374         0.14307374
              2       8.6399991         101.191      0.12465217     -0.97285671      -1.7557225    2.100583e-09       144.55857      0.30060619      0.14729703      0.69932008      0.24569493        0.247026         2.51606       7.7473804      0.11381172       8.5830933        8.5830933      0.11381172         0.11381172
              2         8.75042       101.03561      0.12465217     -0.97285671      -1.7557225    2.100583e-09       144.33659      0.30060619      0.14729703      0.69932008      0.24569493        0.247026         2.51606       7.7473804      0.33465333       8.5830933        8.5830933      0.33465333         0.33465333
              2       8.6817034       101.24558      0.12465217     -0.97285671      -1.7557225    2.100583e-09       144.63655      0.30060619      0.14729703      0.69932008      0.24569493        0.247026         2.51606       7.7473804      0.19722025       8.5830933        8.5830933      0.19722025         0.19722025
              3       8.6528629       101.11308      0.12465217     -0.97285671      -1.7557225    2.100583e-09       144.44726      0.30060619      0.14729703      0.69932008      0.24569493        0.247026         2.51606       7.7473804      0.13953918       8.5830933        8.5830933      0.13953918         0.13953918
              5       8.6773614        101.2417      0.12465217     -0.97285671      -1.7557225    2.100583e-09         144.631      0.30060619      0.14729703      0.69932008      0.24569493        0.247026         2.51606       7.7473804      0.18853629       8.5830933        8.5830933      0.18853629         0.18853629
              2       8.6447116       101.20137      0.12465217     -0.97285671      -1.7557225    2.100583e-09       144.57338      0.30060619      0.14729703      0.69932008      0.24569493        0.247026         2.51606       7.7473804      0.12323653       8.5830933        8.5830933      0.12323653         0.12323653
              2       8.6942055       101.17098      0.12525867     -0.96729171      -1.7980417    2.100583e-09       144.52997      0.30184395      0.14790353      0.69808232      0.24569493        0.247026         2.51606       7.7581801      0.22222447       8.5830933        8.5830933      0.22222447         0.22222447
              1       8.7146832        101.1845      0.12525867     -0.96729171      -1.7980417    2.100583e-09       144.54928      0.30184395      0.14790353      0.69808232      0.24569493        0.247026         2.51606       7.7581801       0.2631799       8.5830933        8.5830933       0.2631799          0.2631799
              3       8.6321011       101.03223      0.12525867     -0.96729171      -1.7980417    2.100583e-09       144.33176      0.30184395      0.14790353      0.69808232      0.24569493        0.247026         2.51606       7.7581801     0.098015556       8.5830933        8.5830933     0.098015556        0.098015556
              1       9.5137039       101.42699      0.12525867     -0.96729171      -1.7980417    2.100583e-09        144.8957      0.30184395      0.14790353      0.69808232      0.24569493        0.247026         2.51606       7.7581801       1.8612211       8.5830933        8.5830933       1.8612211          1.8612211
              2       8.7507894       101.20509      0.12525867     -0.96729171      -1.7980417    2.100583e-09       144.57871      0.30184395      0.14790353      0.69808232      0.24569493        0.247026         2.51606       7.7581801      0.33539229       8.5830933        8.5830933      0.33539229         0.33539229
              2        9.002371       99.599742      0.12756984     -0.85415309      -2.0064173    2.100583e-09       142.28535      0.30656063      0.15021471      0.69336564      0.24569493        0.247026         2.51606       7.8060815      0.83855551       8.5830933        8.5830933      0.83855551         0.83855551
              2       10.041001       99.279284      0.12756984     -0.85415309      -2.0064173    2.100583e-09       141.82755      0.30656063      0.15021471      0.69336564      0.24569493        0.247026         2.51606       7.8060815       2.9158164       8.5830933        8.5830933       2.9158164          2.9158164
              1       9.5535522       99.379656      0.12756984     -0.85415309      -2.0064173    2.100583e-09       141.97094      0.30656063      0.15021471      0.69336564      0.24569493        0.247026         2.51606       7.8060815       1.9409179       8.5830933        8.5830933       1.9409179          1.9409179
              1       9.4127491       99.204979      0.12830335     -0.84177188      -2.0467005    2.100583e-09        141.7214      0.30805758      0.15094821      0.69186869      0.24569493        0.247026         2.51606       7.8196738       1.6593116       8.5830933        8.5830933       1.6593116          1.6593116
              1        9.679356       99.780882      0.12830335     -0.84177188      -2.0467005    2.100583e-09       142.54412      0.30805758      0.15094821      0.69186869      0.24569493        0.247026         2.51606       7.8196738       2.1925255       8.5830933        8.5830933       2.1925255          2.1925255
              1       10.257038       99.888319      0.12830335     -0.84177188      -2.0467005    2.100583e-09        142.6976      0.30805758      0.15094821      0.69186869      0.24569493        0.247026         2.51606       7.8196738       3.3478894       8.5830933        8.5830933       3.3478894          3.3478894
              2       9.0041748         99.3643      0.12830335     -0.84177188      -2.0467005    2.100583e-09         141.949      0.30805758      0.15094821      0.69186869      0.24569493        0.247026         2.51606       7.8196738      0.84216304       8.5830933        8.5830933      0.84216304         0.84216304
              1       9.0430568       99.581037      0.12830335     -0.84177188      -2.0467005    2.100583e-09       142.25862      0.30805758      0.15094821      0.69186869      0.24569493        0.247026         2.51606       7.8196738      0.91992695       8.5830933        8.5830933      0.91992695         0.91992695
              1       11.191806       100.05137      0.12232827      -1.0089394      -1.0815665    2.100583e-09       142.93053      0.29586354      0.14497314      0.70406273      0.24569493        0.247026         2.51606       7.7187863       5.2174248       8.5830933        8.5830933       5.2174248          5.2174248
              1       11.143849       100.05989      0.12232827      -1.0089394      -1.0815665    2.100583e-09        142.9427      0.29586354      0.14497314      0.70406273      0.24569493        0.247026         2.51606       7.7187863       5.1215118       8.5830933        8.5830933       5.1215118          5.1215118
              1       9.6761956       99.028247      0.12898177      -0.9296012       -1.435614    2.100583e-09       141.46892      0.30944212      0.15162664      0.69048415      0.24569493        0.247026         2.51606       7.8387356       2.1862047       8.5830933        8.5830933       2.1862047          2.1862047
              1       10.198295       98.773397      0.12898177      -0.9296012       -1.435614    2.100583e-09       141.10485      0.30944212      0.15162664      0.69048415      0.24569493        0.247026         2.51606       7.8387356       3.2304038       8.5830933        8.5830933       3.2304038          3.2304038
              1       11.861564       99.589312      0.12898177      -0.9296012       -1.435614    2.100583e-09       142.27045      0.30944212      0.15162664      0.69048415      0.24569493        0.247026         2.51606       7.8387356        6.556942       8.5830933        8.5830933        6.556942           6.556942
              3       9.9207758        98.85715      0.12898177      -0.9296012       -1.435614    2.100583e-09        141.2245      0.30944212      0.15162664      0.69048415      0.24569493        0.247026         2.51606       7.8387356       2.6753651       8.5830933        8.5830933       2.6753651          2.6753651
              1        11.48413       98.545436      0.12898177      -0.9296012       -1.435614    2.100583e-09       140.77919      0.30944212      0.15162664      0.69048415      0.24569493        0.247026         2.51606       7.8387356       5.8020743       8.5830933        8.5830933       5.8020743          5.8020743
              2       9.7275517       98.955448      0.12898177      -0.9296012       -1.435614    2.100583e-09       141.36493      0.30944212      0.15162664      0.69048415      0.24569493        0.247026         2.51606       7.8387356       2.2889168       8.5830933        8.5830933       2.2889168          2.2889168
              1       10.841001       98.642563      0.12898177      -0.9296012       -1.435614    2.100583e-09       140.91795      0.30944212      0.15162664      0.69048415      0.24569493        0.247026         2.51606       7.8387356       4.5158156       8.5830933        8.5830933       4.5158156          4.5158156
              2       10.102438        98.79899      0.12898177      -0.9296012       -1.435614    2.100583e-09       141.14141      0.30944212      0.15162664      0.69048415      0.24569493        0.247026         2.51606       7.8387356       3.0386904       8.5830933        8.5830933       3.0386904          3.0386904
              2       9.9817603        99.52033      0.12623136     -0.94733805      -1.4572906    2.100583e-09        142.1719      0.30382903      0.14887622      0.69609724      0.24569493        0.247026         2.51606       7.7861895        2.797334       8.5830933        8.5830933        2.797334           2.797334
              2       10.452013       99.429339      0.12623136     -0.94733805      -1.4572906    2.100583e-09       142.04191      0.30382903      0.14887622      0.69609724      0.24569493        0.247026         2.51606       7.7861895       3.7378392       8.5830933        8.5830933       3.7378392          3.7378392
              1       9.3541196       103.21641      0.11837984      -1.1741151      -1.0865927    2.100583e-09       147.45202      0.28780553      0.14102471      0.71212074      0.24569493        0.247026         2.51606       7.6266752       1.5420526       8.5830933        8.5830933       1.5420526          1.5420526
              1       8.8927014       102.66429      0.12115565       -1.119381       -1.313457    2.100583e-09       146.66328      0.29347044      0.14380052      0.70645583      0.24569493        0.247026         2.51606       7.6789199      0.61921622       8.5830933        8.5830933      0.61921622         0.61921622
              5        8.863995       102.72347      0.12115565       -1.119381       -1.313457    2.100583e-09       146.74781      0.29347044      0.14380052      0.70645583      0.24569493        0.247026         2.51606       7.6789199       0.5618035       8.5830933        8.5830933       0.5618035          0.5618035
              2       10.121927       103.16117      0.12115565       -1.119381       -1.313457    2.100583e-09        147.3731      0.29347044      0.14380052      0.70645583      0.24569493        0.247026         2.51606       7.6789199       3.0776671       8.5830933        8.5830933       3.0776671          3.0776671
              1       9.8705331        98.22709      0.13259494     -0.77760531      -2.0771427    2.100583e-09       140.32441      0.31681593      0.15523981      0.68311034      0.24569493        0.247026         2.51606       7.9022466       2.5748797       8.5830933        8.5830933       2.5748797          2.5748797
              2       12.464542       98.599393      0.13259494     -0.77760531      -2.0771427    2.100583e-09       140.85628      0.31681593      0.15523981      0.68311034      0.24569493        0.247026         2.51606       7.9022466       7.7628971       8.5830933        8.5830933       7.7628971          7.7628971
              1       12.889273       102.66019      0.11575235      -1.0223146      -1.2019682    2.100583e-09       146.65741      0.28244329      0.13839721      0.71748298      0.24569493        0.247026         2.51606       7.5891797       8.6123592       8.5830933        8.5830933       8.6123592          8.6123592
              1       14.113025       102.83877      0.11575235      -1.0223146      -1.2019682    2.100583e-09       146.91253      0.28244329      0.13839721      0.71748298      0.24569493        0.247026         2.51606       7.5891797       11.059864       8.5830933        8.5830933       11.059864          11.059864
              4       16.278661       103.06574      0.11575235      -1.0223146      -1.2019682    2.100583e-09       147.23677      0.28244329      0.13839721      0.71748298      0.24569493        0.247026         2.51606       7.5891797       15.391135       8.5830933        8.5830933       15.391135          15.391135
              2        13.80136       102.79869      0.11575235      -1.0223146      -1.2019682    2.100583e-09       146.85527      0.28244329      0.13839721      0.71748298      0.24569493        0.247026         2.51606       7.5891797       10.436533       8.5830933        8.5830933       10.436533          10.436533
              1       11.705169       102.24615      0.11575235      -1.0223146      -1.2019682    2.100583e-09       146.06592      0.28244329      0.13839721      0.71748298      0.24569493        0.247026         2.51606       7.5891797       6.2441519       8.5830933        8.5830933       6.2441519          6.2441519
              1       13.150187       99.700787      0.12649652     -0.77327006      -2.1569234    2.100583e-09        142.4297      0.30437018      0.14914139      0.69555609      0.24569493        0.247026         2.51606       7.7905045       9.1341873       8.5830933        8.5830933       9.1341873          9.1341873
              2       14.252497        95.06733      0.14404851     -0.49237577      -2.9039219    2.100583e-09       135.81047      0.34019056      0.16669337      0.65973571      0.24569493        0.247026         2.51606       8.1094003       11.338808       8.5830933        8.5830933       11.338808          11.338808
              1       10.368467       94.441586      0.14404851     -0.49237577      -2.9039219    2.100583e-09       134.91655      0.34019056      0.16669337      0.65973571      0.24569493        0.247026         2.51606       8.1094003       3.5707484       8.5830933        8.5830933       3.5707484          3.5707484
              1       10.335403       94.407763      0.14404851     -0.49237577      -2.9039219    2.100583e-09       134.86823      0.34019056      0.16669337      0.65973571      0.24569493        0.247026         2.51606       8.1094003       3.5046198       8.5830933        8.5830933       3.5046198          3.5046198
              1       10.479938       94.223362      0.14404851     -0.49237577      -2.9039219    2.100583e-09        134.6048      0.34019056      0.16669337      0.65973571      0.24569493        0.247026         2.51606       8.1094003       3.7936899       8.5830933        8.5830933       3.7936899          3.7936899
              1       9.8308691       99.682359      0.12596411     -0.83393811      -2.0599598    2.100583e-09       142.40337      0.30328363      0.14860898      0.69664264      0.24569493        0.247026         2.51606       7.7773002       2.4955515       8.5830933        8.5830933       2.4955515          2.4955515
              1       9.7423521       99.737903      0.12596411     -0.83393811      -2.0599598    2.100583e-09       142.48272      0.30328363      0.14860898      0.69664264      0.24569493        0.247026         2.51606       7.7773002       2.3185176       8.5830933        8.5830933       2.3185176          2.3185176
              2       10.105451       100.05991      0.12596411     -0.83393811      -2.0599598    2.100583e-09       142.94273      0.30328363      0.14860898      0.69664264      0.24569493        0.247026         2.51606       7.7773002       3.0447158       8.5830933        8.5830933       3.0447158          3.0447158
              3       10.256813       100.13192      0.12533328     -0.83372564       -2.057249    2.100583e-09       143.04559      0.30199621      0.14797814      0.69793006      0.24569493        0.247026         2.51606       7.7657717         3.34744       8.5830933        8.5830933         3.34744            3.34744
              1       10.326034       100.15447      0.12533328     -0.83372564       -2.057249    2.100583e-09       143.07781      0.30199621      0.14797814      0.69793006      0.24569493        0.247026         2.51606       7.7657717       3.4858819       8.5830933        8.5830933       3.4858819          3.4858819
              3       9.9768217       97.657852      0.13590437      -0.7559226      -2.1801482    2.100583e-09       139.51122      0.32356987      0.15854924       0.6763564      0.24569493        0.247026         2.51606       7.9605577       2.7874567       8.5830933        8.5830933       2.7874567          2.7874567
              3       9.2610066       97.263056      0.13590437      -0.7559226      -2.1801482    2.100583e-09       138.94722      0.32356987      0.15854924       0.6763564      0.24569493        0.247026         2.51606       7.9605577       1.3558266       8.5830933        8.5830933       1.3558266          1.3558266
              5       9.3716936       97.483562      0.13590437      -0.7559226      -2.1801482    2.100583e-09       139.26223      0.32356987      0.15854924       0.6763564      0.24569493        0.247026         2.51606       7.9605577       1.5772007       8.5830933        8.5830933       1.5772007          1.5772007
              2       9.2643528       97.419982      0.13590437      -0.7559226      -2.1801482    2.100583e-09        139.1714      0.32356987      0.15854924       0.6763564      0.24569493        0.247026         2.51606       7.9605577       1.3625189       8.5830933        8.5830933       1.3625189          1.3625189
              3       10.192642       96.982474      0.13590437      -0.7559226      -2.1801482    2.100583e-09       138.54639      0.32356987      0.15854924       0.6763564      0.24569493        0.247026         2.51606       7.9605577       3.2190983       8.5830933        8.5830933       3.2190983          3.2190983
              2       9.9326942       96.514752       0.1410567     -0.72430272      -2.3938243    2.100583e-09       137.87822      0.33408484      0.16370157      0.66584143      0.24569493        0.247026         2.51606        8.048672       2.6992018       8.5830933        8.5830933       2.6992018          2.6992018
              1       9.3690672       95.541649        0.144411     -0.59847654      -2.8952376    2.100583e-09       136.48807      0.34093034      0.16705587      0.65899593      0.24569493        0.247026         2.51606       8.1068361       1.5719478       8.5830933        8.5830933       1.5719478          1.5719478
              2       9.3599971       95.556964        0.144411     -0.59847654      -2.8952376    2.100583e-09       136.50995      0.34093034      0.16705587      0.65899593      0.24569493        0.247026         2.51606       8.1068361       1.5538077       8.5830933        8.5830933       1.5538077          1.5538077
              2       9.2568874       96.057786      0.14327479     -0.62107929      -2.8830745    2.100583e-09       137.22541      0.33861155      0.16591966      0.66131472      0.24569493        0.247026         2.51606       8.0858638       1.3475883       8.5830933        8.5830933       1.3475883          1.3475883
              8       9.3860451       96.145061      0.14327479     -0.62107929      -2.8830745    2.100583e-09       137.35009      0.33861155      0.16591966      0.66131472      0.24569493        0.247026         2.51606       8.0858638       1.6059035       8.5830933        8.5830933       1.6059035          1.6059035
              2        9.539693       95.809258      0.14327479     -0.62107929      -2.8830745    2.100583e-09       136.87037      0.33861155      0.16591966      0.66131472      0.24569493        0.247026         2.51606       8.0858638       1.9131994       8.5830933        8.5830933       1.9131994          1.9131994
              1       10.654352       107.87712      0.10529235      -1.4128134     -0.16404599    2.100583e-09       154.11017      0.26109635      0.12793721      0.73882992      0.24569493        0.247026         2.51606       7.3716379       4.1425179       8.5830933        8.5830933       4.1425179          4.1425179
              1       10.960459       106.95157      0.10529235      -1.4128134     -0.16404599    2.100583e-09       152.78795      0.26109635      0.12793721      0.73882992      0.24569493        0.247026         2.51606       7.3716379       4.7547305       8.5830933        8.5830933       4.7547305          4.7547305
              1       13.899698       108.28932      0.10529235      -1.4128134     -0.16404599    2.100583e-09       154.69904      0.26109635      0.12793721      0.73882992      0.24569493        0.247026         2.51606       7.3716379        10.63321       8.5830933        8.5830933        10.63321           10.63321
              1       13.957105       106.59636      0.10529235      -1.4128134     -0.16404599    2.100583e-09       152.28052      0.26109635      0.12793721      0.73882992      0.24569493        0.247026         2.51606       7.3716379       10.748024       8.5830933        8.5830933       10.748024          10.748024
              3       11.167069       103.84078      0.11577705      -1.1838361      -1.1896297    2.100583e-09       148.34397      0.28249371      0.13842192      0.71743256      0.24569493        0.247026         2.51606       7.5734725       5.1679523       8.5830933        8.5830933       5.1679523          5.1679523
              1       9.4937769       104.71154      0.11577705      -1.1838361      -1.1896297    2.100583e-09       149.58792      0.28249371      0.13842192      0.71743256      0.24569493        0.247026         2.51606       7.5734725       1.8213671       8.5830933        8.5830933       1.8213671          1.8213671
              5       9.4775981       104.33567      0.11661859      -1.1555736      -1.2630891    2.100583e-09       149.05096      0.28421114      0.13926346      0.71571513      0.24569493        0.247026         2.51606       7.5905479       1.7890096       8.5830933        8.5830933       1.7890096          1.7890096
              2       8.9761965       103.92936      0.11661859      -1.1555736      -1.2630891    2.100583e-09       148.47052      0.28421114      0.13926346      0.71571513      0.24569493        0.247026         2.51606       7.5905479      0.78620645       8.5830933        8.5830933      0.78620645         0.78620645
              1       8.9039823       104.00506      0.11661859      -1.1555736      -1.2630891    2.100583e-09       148.57866      0.28421114      0.13926346      0.71571513      0.24569493        0.247026         2.51606       7.5905479      0.64177796       8.5830933        8.5830933      0.64177796         0.64177796
              3       8.9113403       103.56484      0.11765128      -1.1148865      -1.3963384    2.100583e-09       147.94976      0.28631868      0.14029615       0.7136076      0.24569493        0.247026         2.51606       7.6109913      0.65649397       8.5830933        8.5830933      0.65649397         0.65649397
              3       9.1124169        103.4203      0.11765128      -1.1148865      -1.3963384    2.100583e-09       147.74328      0.28631868      0.14029615       0.7136076      0.24569493        0.247026         2.51606       7.6109913       1.0586472       8.5830933        8.5830933       1.0586472          1.0586472
              2        9.349765       103.33893      0.11765128      -1.1148865      -1.3963384    2.100583e-09       147.62704      0.28631868      0.14029615       0.7136076      0.24569493        0.247026         2.51606       7.6109913       1.5333434       8.5830933        8.5830933       1.5333434          1.5333434
              6       8.9168487       103.55368      0.11765128      -1.1148865      -1.3963384    2.100583e-09       147.93383      0.28631868      0.14029615       0.7136076      0.24569493        0.247026         2.51606       7.6109913      0.66751073       8.5830933        8.5830933      0.66751073         0.66751073
              4       8.8490149       102.49989      0.11983447      -1.0564918      -1.4686201    2.100583e-09       146.42842      0.29077416      0.14247934      0.70915211      0.24569493        0.247026         2.51606       7.6561422      0.53184329       8.5830933        8.5830933      0.53184329         0.53184329
              1       10.252433       102.09455      0.11983447      -1.0564918      -1.4686201    2.100583e-09       145.84935      0.29077416      0.14247934      0.70915211      0.24569493        0.247026         2.51606       7.6561422       3.3386804       8.5830933        8.5830933       3.3386804          3.3386804
              2       10.127568       103.18427      0.12030142      -1.1063809      -1.6828315    2.100583e-09        147.4061      0.29172712      0.14294629      0.70819915      0.24569493        0.247026         2.51606       7.6563934        3.088949       8.5830933        8.5830933        3.088949           3.088949
              2       10.894563         103.052      0.12030142      -1.1063809      -1.6828315    2.100583e-09       147.21714      0.29172712      0.14294629      0.70819915      0.24569493        0.247026         2.51606       7.6563934       4.6229389       8.5830933        8.5830933       4.6229389          4.6229389
              2       9.8727436       103.24084      0.12030142      -1.1063809      -1.6828315    2.100583e-09       147.48691      0.29172712      0.14294629      0.70819915      0.24569493        0.247026         2.51606       7.6563934       2.5793006       8.5830933        8.5830933       2.5793006          2.5793006
              2       10.315064        103.1478      0.12030142      -1.1063809      -1.6828315    2.100583e-09         147.354      0.29172712      0.14294629      0.70819915      0.24569493        0.247026         2.51606       7.6563934       3.4639409       8.5830933        8.5830933       3.4639409          3.4639409
              1        9.376461       103.68445      0.12030142      -1.1063809      -1.6828315    2.100583e-09       148.12064      0.29172712      0.14294629      0.70819915      0.24569493        0.247026         2.51606       7.6563934       1.5867353       8.5830933        8.5830933       1.5867353          1.5867353
              2         9.36584       103.80636      0.11845989      -1.0688404      -1.7934646    2.100583e-09       148.29481      0.28796889      0.14110476      0.71195738      0.24569493        0.247026         2.51606       7.6222424       1.5654934       8.5830933        8.5830933       1.5654934          1.5654934
              1       9.5220317       103.89473      0.11845989      -1.0688404      -1.7934646    2.100583e-09       148.42105      0.28796889      0.14110476      0.71195738      0.24569493        0.247026         2.51606       7.6222424       1.8778768       8.5830933        8.5830933       1.8778768          1.8778768
              3        9.092821       104.20628      0.11668773      -1.1443676      -1.3451043    2.100583e-09       148.86612      0.28435224       0.1393326      0.71557403      0.24569493        0.247026         2.51606       7.5910489       1.0194555       8.5830933        8.5830933       1.0194555          1.0194555
              5       8.9814756       103.58938      0.11693335      -1.1438217      -1.1087764    2.100583e-09       147.98484       0.2848535      0.13957821      0.71507277      0.24569493        0.247026         2.51606       7.6014242      0.79676458       8.5830933        8.5830933      0.79676458         0.79676458
              1       9.0350402       103.29461      0.11693335      -1.1438217      -1.1087764    2.100583e-09       147.56373       0.2848535      0.13957821      0.71507277      0.24569493        0.247026         2.51606       7.6014242      0.90389383       8.5830933        8.5830933      0.90389383         0.90389383
              3       9.5904425       103.17605      0.12047238      -1.1403605       -1.186652    2.100583e-09       147.39436      0.29207602      0.14311725      0.70785025      0.24569493        0.247026         2.51606       7.6670757       2.0146985       8.5830933        8.5830933       2.0146985          2.0146985
              3       9.2338549       98.841998      0.13273128     -0.87547152      -1.9007028    2.100583e-09       141.20285      0.31709418      0.15537615      0.68283209      0.24569493        0.247026         2.51606       7.8997562       1.3015233       8.5830933        8.5830933       1.3015233          1.3015233
              2       9.6942515       99.024512      0.13273128     -0.87547152      -1.9007028    2.100583e-09       141.46359      0.31709418      0.15537615      0.68283209      0.24569493        0.247026         2.51606       7.8997562       2.2223165       8.5830933        8.5830933       2.2223165          2.2223165
              5       10.003046       99.219469      0.13314918     -0.89382724      -1.9133642    2.100583e-09        141.7421      0.31794703      0.15579404      0.68197924      0.24569493        0.247026         2.51606       7.9053501       2.8399047       8.5830933        8.5830933       2.8399047          2.8399047
              1       10.387024       106.29031      0.11253236      -1.3354941     -0.64231189    2.100583e-09       151.84331      0.27587188      0.13517722      0.72405439      0.24569493        0.247026         2.51606       7.5094893       3.6078608       8.5830933        8.5830933       3.6078608          3.6078608
              1       10.104143       105.47869      0.11253236      -1.3354941     -0.64231189    2.100583e-09       150.68385      0.27587188      0.13517722      0.72405439      0.24569493        0.247026         2.51606       7.5094893       3.0421001       8.5830933        8.5830933       3.0421001          3.0421001
              1       9.3286668       105.70684      0.11253236      -1.3354941     -0.64231189    2.100583e-09       151.00977      0.27587188      0.13517722      0.72405439      0.24569493        0.247026         2.51606       7.5094893       1.4911469       8.5830933        8.5830933       1.4911469          1.4911469
              1       9.0455747       100.99341      0.12701735     -0.98581504      -1.8671212    2.100583e-09       144.27631       0.3054331      0.14966222      0.69449317      0.24569493        0.247026         2.51606        7.787652      0.92496284       8.5830933        8.5830933      0.92496284         0.92496284
              4       9.6093959         100.801      0.12701735     -0.98581504      -1.8671212    2.100583e-09       144.00143       0.3054331      0.14966222      0.69449317      0.24569493        0.247026         2.51606        7.787652       2.0526052       8.5830933        8.5830933       2.0526052          2.0526052
              2       9.5538648       101.39606      0.12701735     -0.98581504      -1.8671212    2.100583e-09       144.85152       0.3054331      0.14966222      0.69449317      0.24569493        0.247026         2.51606        7.787652       1.9415429       8.5830933        8.5830933       1.9415429          1.9415429
              1       9.5190474       98.993175      0.13201936     -0.90721487      -1.7228498    2.100583e-09       141.41882      0.31564129      0.15466423      0.68428498      0.24569493        0.247026         2.51606       7.8881921       1.8719082       8.5830933        8.5830933       1.8719082          1.8719082
              1       10.489215       98.510091      0.13201936     -0.90721487      -1.7228498    2.100583e-09        140.7287      0.31564129      0.15466423      0.68428498      0.24569493        0.247026         2.51606       7.8881921       3.8122428       8.5830933        8.5830933       3.8122428          3.8122428
              2       9.5528763       103.16386      0.11505217      -1.1773948     -0.71751997    2.100583e-09       147.37694      0.28101435      0.13769703      0.71891192      0.24569493        0.247026         2.51606       7.5732788        1.939566       8.5830933        8.5830933        1.939566           1.939566
              2       9.6793348       105.64146      0.10988797      -1.3257264     -0.48200309    2.100583e-09       150.91637      0.27047518      0.13253284      0.72945109      0.24569493        0.247026         2.51606       7.4630372       2.1924831       8.5830933        8.5830933       2.1924831          2.1924831
              5       9.1657327       103.71342      0.11708637      -1.1337488      -1.3691665    2.100583e-09       148.16203      0.28516579      0.13973124      0.71476048      0.24569493        0.247026         2.51606       7.5991076       1.1652788       8.5830933        8.5830933       1.1652788          1.1652788
              1       9.0825789       103.75088      0.11708637      -1.1337488      -1.3691665    2.100583e-09       148.21554      0.28516579      0.13973124      0.71476048      0.24569493        0.247026         2.51606       7.5991076      0.99897115       8.5830933        8.5830933      0.99897115         0.99897115
              2       10.045691       103.49173      0.11708637      -1.1337488      -1.3691665    2.100583e-09       147.84532      0.28516579      0.13973124      0.71476048      0.24569493        0.247026         2.51606       7.5991076       2.9251956       8.5830933        8.5830933       2.9251956          2.9251956
              1       9.0264366       104.01358      0.11708637      -1.1337488      -1.3691665    2.100583e-09       148.59083      0.28516579      0.13973124      0.71476048      0.24569493        0.247026         2.51606       7.5991076      0.88668653       8.5830933        8.5830933      0.88668653         0.88668653
              2       9.0165837       104.00527      0.11701259      -1.1349213      -1.3527745    2.100583e-09       148.57896      0.28501523      0.13965746      0.71491104      0.24569493        0.247026         2.51606       7.5979484      0.86698084       8.5830933        8.5830933      0.86698084         0.86698084
              1       9.5326728       104.19342      0.11701259      -1.1349213      -1.3527745    2.100583e-09       148.84775      0.28501523      0.13965746      0.71491104      0.24569493        0.247026         2.51606       7.5979484        1.899159       8.5830933        8.5830933        1.899159           1.899159
              1        9.623228       100.67306      0.13005558     -0.88067041      -2.4151577    2.100583e-09       143.81866      0.31163357      0.15270045       0.6882927      0.24569493        0.247026         2.51606       7.8413753       2.0802695       8.5830933        8.5830933       2.0802695          2.0802695
              1        11.28925       99.838278      0.13005558     -0.88067041      -2.4151577    2.100583e-09       142.62611      0.31163357      0.15270045       0.6882927      0.24569493        0.247026         2.51606       7.8413753       5.4123136       8.5830933        8.5830933       5.4123136          5.4123136
              1       10.176072       100.00072      0.13005558     -0.88067041      -2.4151577    2.100583e-09       142.85817      0.31163357      0.15270045       0.6882927      0.24569493        0.247026         2.51606       7.8413753       3.1859583       8.5830933        8.5830933       3.1859583          3.1859583
              1       10.072316       100.39792      0.12647894     -0.87097944      -2.3371429    2.100583e-09        143.4256       0.3043343      0.14912381      0.69559197      0.24569493        0.247026         2.51606       7.7780475       2.9784461       8.5830933        8.5830933       2.9784461          2.9784461
              3        9.837858       101.17789      0.12647894     -0.87097944      -2.3371429    2.100583e-09       144.53984       0.3043343      0.14912381      0.69559197      0.24569493        0.247026         2.51606       7.7780475       2.5095294       8.5830933        8.5830933       2.5095294          2.5095294
              1       11.773699       101.45197      0.12647894     -0.87097944      -2.3371429    2.100583e-09       144.93139       0.3043343      0.14912381      0.69559197      0.24569493        0.247026         2.51606       7.7780475       6.3812112       8.5830933        8.5830933       6.3812112          6.3812112
              1       9.3327412       101.06252      0.12647894     -0.87097944      -2.3371429    2.100583e-09       144.37502       0.3043343      0.14912381      0.69559197      0.24569493        0.247026         2.51606       7.7780475       1.4992958       8.5830933        8.5830933       1.4992958          1.4992958
              1       8.9024365       100.86907      0.12647894     -0.87097944      -2.3371429    2.100583e-09       144.09867       0.3043343      0.14912381      0.69559197      0.24569493        0.247026         2.51606       7.7780475      0.63868646       8.5830933        8.5830933      0.63868646         0.63868646
              4       8.8269281       98.372985      0.13332444     -0.72164928      -2.7119356    2.100583e-09       140.53284      0.31830471      0.15596931      0.68162157      0.24569493        0.247026         2.51606       7.9070048      0.48766961       8.5830933        8.5830933      0.48766961         0.48766961
              1       9.4145655       96.977478      0.13742134     -0.63405349      -2.9675829    2.100583e-09       138.53925      0.32666573      0.16006621      0.67326054      0.24569493        0.247026         2.51606       7.9817821       1.6629444       8.5830933        8.5830933       1.6629444          1.6629444
              3       8.9990204       97.690795      0.13571541     -0.71633078       -2.655691    2.100583e-09       139.55828      0.32318425      0.15836028      0.67674203      0.24569493        0.247026         2.51606        7.950934       0.8318542       8.5830933        8.5830933       0.8318542          0.8318542
              2       8.6802685       98.997009      0.13119308     -0.79068642      -2.4021257    2.100583e-09        141.4243      0.31395499      0.15383795      0.68597128      0.24569493        0.247026         2.51606       7.8690379      0.19435037       8.5830933        8.5830933      0.19435037         0.19435037
              1       8.6269657       99.081337      0.13119308     -0.79068642      -2.4021257    2.100583e-09       141.54477      0.31395499      0.15383795      0.68597128      0.24569493        0.247026         2.51606       7.8690379     0.087744909       8.5830933        8.5830933     0.087744909        0.087744909
              1       9.0337219       98.847084      0.13119308     -0.79068642      -2.4021257    2.100583e-09       141.21012      0.31395499      0.15383795      0.68597128      0.24569493        0.247026         2.51606       7.8690379      0.90125733       8.5830933        8.5830933      0.90125733         0.90125733
              2       9.8174113       99.487258      0.13119308     -0.79068642      -2.4021257    2.100583e-09       142.12465      0.31395499      0.15383795      0.68597128      0.24569493        0.247026         2.51606       7.8690379       2.4686361       8.5830933        8.5830933       2.4686361          2.4686361
              1       9.5282935       98.732576      0.13119308     -0.79068642      -2.4021257    2.100583e-09       141.04654      0.31395499      0.15383795      0.68597128      0.24569493        0.247026         2.51606       7.8690379       1.8904004       8.5830933        8.5830933       1.8904004          1.8904004
              2       9.4885532       99.348916      0.12772046     -0.88229133      -1.8476002    2.100583e-09       141.92702      0.30686801      0.15036532      0.69305827      0.24569493        0.247026         2.51606        7.809886       1.8109199       8.5830933        8.5830933       1.8109199          1.8109199
              1       9.5502565       99.928017      0.12772046     -0.88229133      -1.8476002    2.100583e-09       142.75431      0.30686801      0.15036532      0.69305827      0.24569493        0.247026         2.51606        7.809886       1.9343265       8.5830933        8.5830933       1.9343265          1.9343265
              2       9.2611711       98.653126      0.13132829     -0.77103484      -2.2479044    2.100583e-09       140.93304      0.31423094      0.15397316      0.68569534      0.24569493        0.247026         2.51606       7.8762855       1.3561557       8.5830933        8.5830933       1.3561557          1.3561557
              1       9.7494859       98.786437      0.13132829     -0.77103484      -2.2479044    2.100583e-09       141.12348      0.31423094      0.15397316      0.68569534      0.24569493        0.247026         2.51606       7.8762855       2.3327852       8.5830933        8.5830933       2.3327852          2.3327852
              1       9.0329674       98.519353      0.13132829     -0.77103484      -2.2479044    2.100583e-09       140.74193      0.31423094      0.15397316      0.68569534      0.24569493        0.247026         2.51606       7.8762855      0.89974819       8.5830933        8.5830933      0.89974819         0.89974819
              2       9.2801759       98.660063      0.13132829     -0.77103484      -2.2479044    2.100583e-09       140.94295      0.31423094      0.15397316      0.68569534      0.24569493        0.247026         2.51606       7.8762855       1.3941652       8.5830933        8.5830933       1.3941652          1.3941652
              1        9.918878       101.50017      0.12330746     -0.98986549      -1.5229954    2.100583e-09       145.00024      0.29786189      0.14595233      0.70206438      0.24569493        0.247026         2.51606       7.7262383       2.6715694       8.5830933        8.5830933       2.6715694          2.6715694
              2       8.9815024       101.24609      0.12330746     -0.98986549      -1.5229954    2.100583e-09       144.63727      0.29786189      0.14595233      0.70206438      0.24569493        0.247026         2.51606       7.7262383      0.79681832       8.5830933        8.5830933      0.79681832         0.79681832
              2       9.5974502       107.54381      0.10862926      -1.3887245     -0.66945462    2.100583e-09       153.63402      0.26790638      0.13127412       0.7320199      0.24569493        0.247026         2.51606       7.4266264       2.0287138       8.5830933        8.5830933       2.0287138          2.0287138
              2        9.493638       106.17392      0.11190035      -1.3857001     -0.38418692    2.100583e-09       151.67703      0.27458207      0.13454522       0.7253442      0.24569493        0.247026         2.51606       7.4991007       1.8210894       8.5830933        8.5830933       1.8210894          1.8210894
              2       9.0330606       104.75408      0.11443822      -1.2151312     -0.97164481    2.100583e-09       149.64869      0.27976141      0.13708309      0.72016486      0.24569493        0.247026         2.51606       7.5498798      0.89993471       8.5830933        8.5830933      0.89993471         0.89993471
              1       10.146296       105.05253      0.11443822      -1.2151312     -0.97164481    2.100583e-09       150.07505      0.27976141      0.13708309      0.72016486      0.24569493        0.247026         2.51606       7.5498798       3.1264045       8.5830933        8.5830933       3.1264045          3.1264045
              2       9.9252096       105.01151      0.11443822      -1.2151312     -0.97164481    2.100583e-09       150.01644      0.27976141      0.13708309      0.72016486      0.24569493        0.247026         2.51606       7.5498798       2.6842327       8.5830933        8.5830933       2.6842327          2.6842327
              1       10.063836       102.16673      0.12223309     -0.96997195      -1.8257262    2.100583e-09       145.95248       0.2956693      0.14487796      0.70425697      0.24569493        0.247026         2.51606       7.7010889       2.9614856       8.5830933        8.5830933       2.9614856          2.9614856
              2       8.9428713       101.75625      0.12223309     -0.96997195      -1.8257262    2.100583e-09       145.36608       0.2956693      0.14487796      0.70425697      0.24569493        0.247026         2.51606       7.7010889      0.71955606       8.5830933        8.5830933      0.71955606         0.71955606
              3       9.6853864       101.43694      0.12223309     -0.96997195      -1.8257262    2.100583e-09       144.90992       0.2956693      0.14487796      0.70425697      0.24569493        0.247026         2.51606       7.7010889       2.2045863       8.5830933        8.5830933       2.2045863          2.2045863
              1       9.3887079       102.01734      0.12223309     -0.96997195      -1.8257262    2.100583e-09       145.73906       0.2956693      0.14487796      0.70425697      0.24569493        0.247026         2.51606       7.7010889       1.6112292       8.5830933        8.5830933       1.6112292          1.6112292
              5       9.9997767       102.15499      0.12223309     -0.96997195      -1.8257262    2.100583e-09        145.9357       0.2956693      0.14487796      0.70425697      0.24569493        0.247026         2.51606       7.7010889       2.8333669       8.5830933        8.5830933       2.8333669          2.8333669
              5       9.3775076       100.24558      0.12924465     -0.82852433      -2.4168799    2.100583e-09       143.20797      0.30997861      0.15188952      0.68994767      0.24569493        0.247026         2.51606       7.8304999       1.5888287       8.5830933        8.5830933       1.5888287          1.5888287
              5       8.8641144       98.732576      0.13366391      -0.7233274      -2.7504681    2.100583e-09       141.04654      0.31899751      0.15630878      0.68092876      0.24569493        0.247026         2.51606        7.912261      0.56204227       8.5830933        8.5830933      0.56204227         0.56204227
              3         9.06626       98.798841      0.13366391      -0.7233274      -2.7504681    2.100583e-09        141.1412      0.31899751      0.15630878      0.68092876      0.24569493        0.247026         2.51606        7.912261       0.9663334       8.5830933        8.5830933       0.9663334          0.9663334
              1       8.6624414       98.503018      0.13366391      -0.7233274      -2.7504681    2.100583e-09        140.7186      0.31899751      0.15630878      0.68092876      0.24569493        0.247026         2.51606        7.912261      0.15869615       8.5830933        8.5830933      0.15869615         0.15869615
              2        8.649215       98.621026      0.13340798     -0.73226181      -2.7277525    2.100583e-09       140.88718       0.3184752      0.15605285      0.68145107      0.24569493        0.247026         2.51606       7.9074097      0.13224345       8.5830933        8.5830933      0.13224345         0.13224345
              1       8.6741959       98.735336      0.13340798     -0.73226181      -2.7277525    2.100583e-09       141.05048       0.3184752      0.15605285      0.68145107      0.24569493        0.247026         2.51606       7.9074097      0.18220529       8.5830933        8.5830933      0.18220529         0.18220529
              1       9.6369083       99.458094      0.12753285     -0.84347305      -1.9042698    2.100583e-09       142.08299      0.30648514      0.15017772      0.69344113      0.24569493        0.247026         2.51606        7.808797       2.1076301       8.5830933        8.5830933       2.1076301          2.1076301
              2       9.2084537       100.93358      0.12527858      -1.0469319      -1.2628859    2.100583e-09       144.19082      0.30188459      0.14792345      0.69804168      0.24569493        0.247026         2.51606       7.7637449       1.2507208       8.5830933        8.5830933       1.2507208          1.2507208
              4       9.2383984       102.73742      0.12113092      -1.1563149      -1.0508886    2.100583e-09       146.76774      0.29341998      0.14377579      0.70650629      0.24569493        0.247026         2.51606        7.681301       1.3106102       8.5830933        8.5830933       1.3106102          1.3106102
              1       8.9066229       101.42549      0.12435829      -1.0467227      -1.3940922    2.100583e-09       144.89355      0.30000644      0.14700315      0.69991983      0.24569493        0.247026         2.51606       7.7434748      0.64705918       8.5830933        8.5830933      0.64705918         0.64705918
              1       11.217834       102.50501      0.11919908     -0.90705423       -2.211886    2.100583e-09       146.43572      0.28947744      0.14184394      0.71044883      0.24569493        0.247026         2.51606       7.6413553       5.2694805       8.5830933        8.5830933       5.2694805          5.2694805
              1       12.363824       102.86047      0.11919908     -0.90705423       -2.211886    2.100583e-09       146.94353      0.28947744      0.14184394      0.71044883      0.24569493        0.247026         2.51606       7.6413553       7.5614624       8.5830933        8.5830933       7.5614624          7.5614624
              1       11.208354       102.39869      0.11919908     -0.90705423       -2.211886    2.100583e-09       146.28384      0.28947744      0.14184394      0.71044883      0.24569493        0.247026         2.51606       7.6413553       5.2505214       8.5830933        8.5830933       5.2505214          5.2505214
              1       11.253212       102.53882      0.11919908     -0.90705423       -2.211886    2.100583e-09       146.48402      0.28947744      0.14184394      0.71044883      0.24569493        0.247026         2.51606       7.6413553       5.3402377       8.5830933        8.5830933       5.3402377          5.3402377
              1       9.8408585       97.057101      0.13484817     -0.64495973       -2.711198    2.100583e-09         138.653      0.32141436      0.15749303      0.67851192      0.24569493        0.247026         2.51606       7.9403227       2.5155303       8.5830933        8.5830933       2.5155303          2.5155303
              7       9.5550213       97.147173      0.13484817     -0.64495973       -2.711198    2.100583e-09       138.78168      0.32141436      0.15749303      0.67851192      0.24569493        0.247026         2.51606       7.9403227       1.9438561       8.5830933        8.5830933       1.9438561          1.9438561
              5       8.8234294       99.537562      0.12902998      -0.8372732      -2.2334567    2.100583e-09       142.19652       0.3095405      0.15167484      0.69038577      0.24569493        0.247026         2.51606       7.8293645      0.48067223       8.5830933        8.5830933      0.48067223         0.48067223
              1       11.083314        108.7422      0.10696673      -1.4295333     -0.88165073    2.100583e-09         155.346      0.26451347       0.1296116      0.73541281      0.24569493        0.247026         2.51606       7.3853815       5.0004406       8.5830933        8.5830933       5.0004406          5.0004406
              1       11.951593       109.35872      0.10696673      -1.4295333     -0.88165073    2.100583e-09       156.22674      0.26451347       0.1296116      0.73541281      0.24569493        0.247026         2.51606       7.3853815       6.7369989       8.5830933        8.5830933       6.7369989          6.7369989
             12       10.862689       108.94012      0.10696673      -1.4295333     -0.88165073    2.100583e-09       155.62874      0.26451347       0.1296116      0.73541281      0.24569493        0.247026         2.51606       7.3853815       4.5591909       8.5830933        8.5830933       4.5591909          4.5591909
              2         11.3074        110.0731      0.10371601      -1.5166916     -0.58896417    2.100583e-09       157.24728      0.25787935      0.12636088      0.74204692      0.24569493        0.247026         2.51606       7.3178959       5.4486126       8.5830933        8.5830933       5.4486126          5.4486126
              1       13.015639       107.43987     0.097991153      -1.4281255      0.49757308    2.100583e-09       153.48553      0.24619596      0.12063602      0.75373031      0.24569493        0.247026         2.51606       7.2570659       8.8650921       8.5830933        8.5830933       8.8650921          8.8650921
              3       12.394838       103.12104      0.10973582      -1.2484915      0.11836448    2.100583e-09       147.31577      0.27016466      0.13238068      0.72976161      0.24569493        0.247026         2.51606       7.5021354       7.6234894       8.5830933        8.5830933       7.6234894          7.6234894
              1       12.499613       103.18396      0.10973582      -1.2484915      0.11836448    2.100583e-09       147.40566      0.27016466      0.13238068      0.72976161      0.24569493        0.247026         2.51606       7.5021354       7.8330394       8.5830933        8.5830933       7.8330394          7.8330394
              1       11.622106       99.773933      0.12179579     -0.97885132     -0.99563602    2.100583e-09       142.53419      0.29477684      0.14444065      0.70514943      0.24569493        0.247026         2.51606       7.7159668       6.0780255       8.5830933        8.5830933       6.0780255          6.0780255
              1       11.709722       99.723401      0.12179579     -0.97885132     -0.99563602    2.100583e-09         142.462      0.29477684      0.14444065      0.70514943      0.24569493        0.247026         2.51606       7.7159668       6.2532577       8.5830933        8.5830933       6.2532577          6.2532577
              1       11.568287       99.978563      0.12113533     -0.99730646     -0.94243957    2.100583e-09       142.82652      0.29342898       0.1437802      0.70649729      0.24569493        0.247026         2.51606       7.7032851       5.9703879       8.5830933        8.5830933       5.9703879          5.9703879
              1       12.789796       100.39024      0.11830841      -1.0457041     -0.60231336    2.100583e-09       143.41463      0.28765975      0.14095328      0.71226652      0.24569493        0.247026         2.51606       7.6587309       8.4134052       8.5830933        8.5830933       8.4134052          8.4134052
              4       12.852298       100.27852      0.11830841      -1.0457041     -0.60231336    2.100583e-09       143.25502      0.28765975      0.14095328      0.71226652      0.24569493        0.247026         2.51606       7.6587309       8.5384104       8.5830933        8.5830933       8.5384104          8.5384104
              1       11.694875       102.45472      0.11267523      -1.1917015      -0.2136002    2.100583e-09       146.36389      0.27616347       0.1353201       0.7237628      0.24569493        0.247026         2.51606       7.5478552       6.2235632       8.5830933        8.5830933       6.2235632          6.2235632
              1       11.599657       102.53728      0.11267523      -1.1917015      -0.2136002    2.100583e-09       146.48183      0.27616347       0.1353201       0.7237628      0.24569493        0.247026         2.51606       7.5478552       6.0331274       8.5830933        8.5830933       6.0331274          6.0331274
              1       10.362016       105.06903      0.10794267      -1.3648301      0.10419776    2.100583e-09       150.09861      0.26650517      0.13058753       0.7334211      0.24569493        0.247026         2.51606       7.4433938       3.5578455       8.5830933        8.5830933       3.5578455          3.5578455
              1       10.271644       105.09527      0.10794267      -1.3648301      0.10419776    2.100583e-09       150.13611      0.26650517      0.13058753       0.7334211      0.24569493        0.247026         2.51606       7.4433938        3.377101       8.5830933        8.5830933        3.377101           3.377101
             11       9.6268836       101.84938      0.11902672       -1.111208     -0.90559802    2.100583e-09       145.49911      0.28912568      0.14167158      0.71080059      0.24569493        0.247026         2.51606       7.6506173       2.0875806       8.5830933        8.5830933       2.0875806          2.0875806
              1       11.243283         98.8651      0.13302782     -0.93194569      -1.8469374    2.100583e-09       141.23586      0.31769936      0.15567269      0.68222691      0.24569493        0.247026         2.51606       7.9013406       5.3203788       8.5830933        8.5830933       5.3203788          5.3203788
              2       10.692223       98.966832      0.13302782     -0.93194569      -1.8469374    2.100583e-09       141.38119      0.31769936      0.15567269      0.68222691      0.24569493        0.247026         2.51606       7.9013406       4.2182588       8.5830933        8.5830933       4.2182588          4.2182588
              1       10.159439       102.10966       0.1264143         -1.0299      -2.0573036    2.100583e-09       145.87094      0.30420239      0.14905917      0.69572389      0.24569493        0.247026         2.51606       7.7699402       3.1526915       8.5830933        8.5830933       3.1526915          3.1526915
              2       10.836473       108.11542      0.10692043      -1.4617818     -0.48741985    2.100583e-09        154.4506      0.26441897      0.12956529       0.7355073      0.24569493        0.247026         2.51606       7.3899792       4.5067604       8.5830933        8.5830933       4.5067604          4.5067604
              3       11.158524        108.9363      0.10692043      -1.4617818     -0.48741985    2.100583e-09       155.62328      0.26441897      0.12956529       0.7355073      0.24569493        0.247026         2.51606       7.3899792       5.1508623       8.5830933        8.5830933       5.1508623          5.1508623
              4       9.4122205       107.31849      0.10748721      -1.4474663     -0.19329657    2.100583e-09       153.31212      0.26557566      0.13013208      0.73435061      0.24569493        0.247026         2.51606       7.4107399       1.6582543       8.5830933        8.5830933       1.6582543          1.6582543
              2       9.4549341       106.92374       0.1085468      -1.4586922    -0.051945409    2.100583e-09        152.7482      0.26773809      0.13119167      0.73218818      0.24569493        0.247026         2.51606       7.4352583       1.7436815       8.5830933        8.5830933       1.7436815          1.7436815
              1       9.4193006       107.05621       0.1085468      -1.4586922    -0.051945409    2.100583e-09       152.93745      0.26773809      0.13119167      0.73218818      0.24569493        0.247026         2.51606       7.4352583       1.6724147       8.5830933        8.5830933       1.6724147          1.6724147
              1       9.9594835       107.30902       0.1085468      -1.4586922    -0.051945409    2.100583e-09        153.2986      0.26773809      0.13119167      0.73218818      0.24569493        0.247026         2.51606       7.4352583       2.7527804       8.5830933        8.5830933       2.7527804          2.7527804
              2       9.9579699       107.23705      0.10839452      -1.4600525   -0.0010390215    2.100583e-09       153.19579      0.26742731      0.13103938      0.73249896      0.24569493        0.247026         2.51606       7.4338815       2.7497533       8.5830933        8.5830933       2.7497533          2.7497533
              3       10.118695       109.53955      0.10251953      -1.6449813      0.57676659    2.100583e-09       156.48508      0.25543755       0.1251644      0.74448873      0.24569493        0.247026         2.51606       7.3144903       3.0712036       8.5830933        8.5830933       3.0712036          3.0712036
              1       13.833859       106.34202       0.1087814      -1.5310599      0.74871527    2.100583e-09       151.91717      0.26821688      0.13142627      0.73170939      0.24569493        0.247026         2.51606       7.4707408       10.501531       8.5830933        8.5830933       10.501531          10.501531
              1       13.343393       104.82706       0.1105523       -1.507029      0.70166799    2.100583e-09       149.75294      0.27183096      0.13319717      0.72809531      0.24569493        0.247026         2.51606       7.5067536       9.5206002       8.5830933        8.5830933       9.5206002          9.5206002
              2       12.567936       105.22951       0.1105523       -1.507029      0.70166799    2.100583e-09       150.32788      0.27183096      0.13319717      0.72809531      0.24569493        0.247026         2.51606       7.5067536       7.9696855       8.5830933        8.5830933       7.9696855          7.9696855
              2       9.4981494       103.62266      0.11641916       -1.133405      -1.3074857    2.100583e-09       148.03237      0.28380414      0.13906403      0.71612213      0.24569493        0.247026         2.51606       7.5877047       1.8301123       8.5830933        8.5830933       1.8301123          1.8301123
              5       9.1381972       104.04399      0.11641916       -1.133405      -1.3074857    2.100583e-09       148.63427      0.28380414      0.13906403      0.71612213      0.24569493        0.247026         2.51606       7.5877047       1.1102079       8.5830933        8.5830933       1.1102079          1.1102079
              1       9.1629119       104.05617      0.11641916       -1.133405      -1.3074857    2.100583e-09       148.65167      0.28380414      0.13906403      0.71612213      0.24569493        0.247026         2.51606       7.5877047       1.1596373       8.5830933        8.5830933       1.1596373          1.1596373
              1       9.0756117        103.6947      0.11665489      -1.1535113      -1.0567918    2.100583e-09       148.13529      0.28428522      0.13929976      0.71564105      0.24569493        0.247026         2.51606       7.5964857      0.98503689       8.5830933        8.5830933      0.98503689         0.98503689
              1       9.1715912       103.87807      0.11567913       -1.162573      -1.0001571    2.100583e-09       148.39725      0.28229386      0.13832399      0.71763241      0.24569493        0.247026         2.51606       7.5783513       1.1769957       8.5830933        8.5830933       1.1769957          1.1769957
              2       9.4327781       103.45206      0.11567913       -1.162573      -1.0001571    2.100583e-09       147.78865      0.28229386      0.13832399      0.71763241      0.24569493        0.247026         2.51606       7.5783513       1.6993695       8.5830933        8.5830933       1.6993695          1.6993695
              1       9.2271735        103.9014      0.11567913       -1.162573      -1.0001571    2.100583e-09       148.43058      0.28229386      0.13832399      0.71763241      0.24569493        0.247026         2.51606       7.5783513       1.2881604       8.5830933        8.5830933       1.2881604          1.2881604
              1       8.9800437       100.99338      0.12730253     -0.97491934      -1.8408532    2.100583e-09       144.27626      0.30601509       0.1499474      0.69391118      0.24569493        0.247026         2.51606        7.794278      0.79390074       8.5830933        8.5830933      0.79390074         0.79390074
              1       10.052525       100.45126      0.12730253     -0.97491934      -1.8408532    2.100583e-09        143.5018      0.30601509       0.1499474      0.69391118      0.24569493        0.247026         2.51606        7.794278       2.9388627       8.5830933        8.5830933       2.9388627          2.9388627
              4       10.098948       105.27368      0.11135685       -1.411804     0.020278407    2.100583e-09       150.39098       0.2734729      0.13400172      0.72645338      0.24569493        0.247026         2.51606       7.4993855       3.0317086       8.5830933        8.5830933       3.0317086          3.0317086
              1       9.8427885       105.65267      0.11135685       -1.411804     0.020278407    2.100583e-09       150.93238       0.2734729      0.13400172      0.72645338      0.24569493        0.247026         2.51606       7.4993855       2.5193905       8.5830933        8.5830933       2.5193905          2.5193905
              3       9.1456037       102.94502      0.11707942         -1.1483     -0.86657284    2.100583e-09       147.06431       0.2851516      0.13972428      0.71477467      0.24569493        0.247026         2.51606        7.610637       1.1250207       8.5830933        8.5830933       1.1250207          1.1250207
              3       9.9370298       99.319612      0.12609561     -0.91315821      -1.4719748    2.100583e-09       141.88516      0.30355199      0.14874047      0.69637429      0.24569493        0.247026         2.51606       7.7869577       2.7078731       8.5830933        8.5830933       2.7078731          2.7078731
              4       10.664113       104.09987      0.11063645       -1.263174     -0.14489936    2.100583e-09        148.7141      0.27200269      0.13328132      0.72792358      0.24569493        0.247026         2.51606       7.4998683       4.1620395       8.5830933        8.5830933       4.1620395          4.1620395
              1       10.470361       103.96854      0.11063645       -1.263174     -0.14489936    2.100583e-09       148.52648      0.27200269      0.13328132      0.72792358      0.24569493        0.247026         2.51606       7.4998683       3.7745346       8.5830933        8.5830933       3.7745346          3.7745346
              1       10.874297       100.88359      0.11939702      -1.0229612     -0.98585645    2.100583e-09       144.11942       0.2898814      0.14204188      0.71004487      0.24569493        0.247026         2.51606       7.6656625       4.5824075       8.5830933        8.5830933       4.5824075          4.5824075
              3        10.55619       99.207341      0.12551971     -0.94283379      -1.2578322    2.100583e-09       141.72477      0.30237668      0.14816457      0.69754959      0.24569493        0.247026         2.51606       7.7796991       3.9461932       8.5830933        8.5830933       3.9461932          3.9461932
              1       10.035502       102.87578      0.11480909      -1.1928784     -0.44348683    2.100583e-09        146.9654      0.28051829      0.13745396      0.71940798      0.24569493        0.247026         2.51606       7.5771095       2.9048172       8.5830933        8.5830933       2.9048172          2.9048172
              2       10.820838       102.51254      0.11480909      -1.1928784     -0.44348683    2.100583e-09       146.44649      0.28051829      0.13745396      0.71940798      0.24569493        0.247026         2.51606       7.5771095       4.4754889       8.5830933        8.5830933       4.4754889          4.4754889
              1       10.859196       103.20252      0.11480909      -1.1928784     -0.44348683    2.100583e-09       147.43217      0.28051829      0.13745396      0.71940798      0.24569493        0.247026         2.51606       7.5771095        4.552206       8.5830933        8.5830933        4.552206           4.552206
              2       9.9460979       102.07551      0.12015135      -1.1223824     -0.82497017    2.100583e-09       145.82215      0.29142085      0.14279622      0.70850542      0.24569493        0.247026         2.51606       7.6731422       2.7260093       8.5830933        8.5830933       2.7260093          2.7260093
              3       9.3814886        108.5946      0.10381685      -1.5147124     0.094002021    2.100583e-09       155.13514      0.25808514      0.12646172      0.74184113      0.24569493        0.247026         2.51606       7.3384936       1.5967907       8.5830933        8.5830933       1.5967907          1.5967907
              1       9.5125096       108.43415      0.10381685      -1.5147124     0.094002021    2.100583e-09       154.90593      0.25808514      0.12646172      0.74184113      0.24569493        0.247026         2.51606       7.3384936       1.8588326       8.5830933        8.5830933       1.8588326          1.8588326
              1       9.0382596        105.5319      0.11107573      -1.3055295     -0.51741302    2.100583e-09       150.75986      0.27289918       0.1337206      0.72702709      0.24569493        0.247026         2.51606       7.4876038       0.9103326       8.5830933        8.5830933       0.9103326          0.9103326
              1       9.8691357       100.00906      0.12934895      -1.0124251      -1.4289212    2.100583e-09       142.87008      0.31019147      0.15199382       0.6897348      0.24569493        0.247026         2.51606       7.8372791       2.5720848       8.5830933        8.5830933       2.5720848          2.5720848
              2       10.190364       100.24884      0.12934895      -1.0124251      -1.4289212    2.100583e-09       143.21263      0.31019147      0.15199382       0.6897348      0.24569493        0.247026         2.51606       7.8372791       3.2145416       8.5830933        8.5830933       3.2145416          3.2145416
              1       9.9149072       100.11935      0.12934895      -1.0124251      -1.4289212    2.100583e-09       143.02764      0.31019147      0.15199382       0.6897348      0.24569493        0.247026         2.51606       7.8372791       2.6636279       8.5830933        8.5830933       2.6636279          2.6636279
              3       10.514308       100.33707      0.12934895      -1.0124251      -1.4289212    2.100583e-09       143.33867      0.31019147      0.15199382       0.6897348      0.24569493        0.247026         2.51606       7.8372791         3.86243       8.5830933        8.5830933         3.86243            3.86243
              1       10.198478       100.25149      0.12934895      -1.0124251      -1.4289212    2.100583e-09       143.21641      0.31019147      0.15199382       0.6897348      0.24569493        0.247026         2.51606       7.8372791       3.2307687       8.5830933        8.5830933       3.2307687          3.2307687
              1       9.8815081       98.695674      0.13674898     -0.80500807      -2.6062489    2.100583e-09       140.99382      0.32529356      0.15939385      0.67463271      0.24569493        0.247026         2.51606       7.9634736       2.5968296       8.5830933        8.5830933       2.5968296          2.5968296
              1       10.519654       98.964435      0.13674898     -0.80500807      -2.6062489    2.100583e-09       141.37776      0.32529356      0.15939385      0.67463271      0.24569493        0.247026         2.51606       7.9634736        3.873121       8.5830933        8.5830933        3.873121           3.873121
              1       10.505699       98.376939      0.13674898     -0.80500807      -2.6062489    2.100583e-09       140.53848      0.32529356      0.15939385      0.67463271      0.24569493        0.247026         2.51606       7.9634736       3.8452113       8.5830933        8.5830933       3.8452113          3.8452113
              1       10.053606       103.41126      0.12227863      -1.1440684      -1.5315019    2.100583e-09       147.73037      0.29576224       0.1449235      0.70416403      0.24569493        0.247026         2.51606       7.6935645       2.9410255       8.5830933        8.5830933       2.9410255          2.9410255
              3       10.389624       103.53155      0.12227863      -1.1440684      -1.5315019    2.100583e-09       147.90222      0.29576224       0.1449235      0.70416403      0.24569493        0.247026         2.51606       7.6935645       3.6130609       8.5830933        8.5830933       3.6130609          3.6130609
             10       11.207719       104.89808      0.11941861      -1.1910737      -1.5927777    2.100583e-09        149.8544      0.28992546      0.14206348      0.71000081      0.24569493        0.247026         2.51606       7.6349175       5.2492513       8.5830933        8.5830933       5.2492513          5.2492513
              2       10.545006       104.68133      0.11941861      -1.1910737      -1.5927777    2.100583e-09       149.54475      0.28992546      0.14206348      0.71000081      0.24569493        0.247026         2.51606       7.6349175       3.9238253       8.5830933        8.5830933       3.9238253          3.9238253
              1       10.226251       103.49395      0.11478813       -1.092831      -1.2931652    2.100583e-09       147.84851       0.2804755        0.137433      0.71945077      0.24569493        0.247026         2.51606       7.5604528        3.286315       8.5830933        8.5830933        3.286315           3.286315
              2       11.521899       103.19987      0.11478813       -1.092831      -1.2931652    2.100583e-09       147.42839       0.2804755        0.137433      0.71945077      0.24569493        0.247026         2.51606       7.5604528       5.8776123       8.5830933        8.5830933       5.8776123          5.8776123
              2       11.476447       103.20701      0.11478813       -1.092831      -1.2931652    2.100583e-09       147.43859       0.2804755        0.137433      0.71945077      0.24569493        0.247026         2.51606       7.5604528       5.7867066       8.5830933        8.5830933       5.7867066          5.7867066
              4       10.845778       103.32093      0.11478813       -1.092831      -1.2931652    2.100583e-09       147.60134       0.2804755        0.137433      0.71945077      0.24569493        0.247026         2.51606       7.5604528       4.5253697       8.5830933        8.5830933       4.5253697          4.5253697
              4       10.729101       103.18797      0.11507164      -1.0840644      -1.2977993    2.100583e-09       147.41138       0.2810541      0.13771651      0.71887217      0.24569493        0.247026         2.51606       7.5666824       4.2920148       8.5830933        8.5830933       4.2920148          4.2920148
              1       10.214495       102.34204      0.12032775     -0.92930277      -2.0886701    2.100583e-09       146.20292      0.29178085      0.14297262      0.70814542      0.24569493        0.247026         2.51606       7.6633177       3.2628029       8.5830933        8.5830933       3.2628029          3.2628029
              1       9.6845662       97.659815      0.13796491     -0.76192372       -2.559807    2.100583e-09       139.51402      0.32777505      0.16060978      0.67215122      0.24569493        0.247026         2.51606        7.988771       2.2029458       8.5830933        8.5830933       2.2029458          2.2029458
              2       10.208587       97.533937      0.13796491     -0.76192372       -2.559807    2.100583e-09        139.3342      0.32777505      0.16060978      0.67215122      0.24569493        0.247026         2.51606        7.988771       3.2509867       8.5830933        8.5830933       3.2509867          3.2509867
              2       9.9019224       98.145192      0.13796491     -0.76192372       -2.559807    2.100583e-09       140.20742      0.32777505      0.16060978      0.67215122      0.24569493        0.247026         2.51606        7.988771       2.6376581       8.5830933        8.5830933       2.6376581          2.6376581
              3       9.8786911       97.606081      0.13796491     -0.76192372       -2.559807    2.100583e-09       139.43726      0.32777505      0.16060978      0.67215122      0.24569493        0.247026         2.51606        7.988771       2.5911955       8.5830933        8.5830933       2.5911955          2.5911955
              2       10.541017       98.272929      0.13796491     -0.76192372       -2.559807    2.100583e-09        140.3899      0.32777505      0.16060978      0.67215122      0.24569493        0.247026         2.51606        7.988771       3.9158468       8.5830933        8.5830933       3.9158468          3.9158468
              1       9.3746116       97.934522      0.13796491     -0.76192372       -2.559807    2.100583e-09       139.90646      0.32777505      0.16060978      0.67215122      0.24569493        0.247026         2.51606        7.988771       1.5830366       8.5830933        8.5830933       1.5830366          1.5830366
              4       9.2775779       97.367859      0.13948932      -0.7176179      -2.7083866    2.100583e-09       139.09694       0.3308861      0.16213419      0.66904017      0.24569493        0.247026         2.51606       8.0161685       1.3889691       8.5830933        8.5830933       1.3889691          1.3889691
              4       10.030635       97.861621      0.13902459     -0.77839775      -2.5192285    2.100583e-09       139.80232      0.32993767      0.16166946       0.6699886      0.24569493        0.247026         2.51606       8.0067941       2.8950839       8.5830933        8.5830933       2.8950839          2.8950839
              1       10.004198       97.818563      0.13902459     -0.77839775      -2.5192285    2.100583e-09        139.7408      0.32993767      0.16166946       0.6699886      0.24569493        0.247026         2.51606       8.0067941         2.84221       8.5830933        8.5830933         2.84221            2.84221
              2       10.124491       97.927361      0.13902459     -0.77839775      -2.5192285    2.100583e-09       139.89623      0.32993767      0.16166946       0.6699886      0.24569493        0.247026         2.51606       8.0067941       3.0827959       8.5830933        8.5830933       3.0827959          3.0827959
              2       11.662702       97.331122      0.13902459     -0.77839775      -2.5192285    2.100583e-09       139.04446      0.32993767      0.16166946       0.6699886      0.24569493        0.247026         2.51606       8.0067941       6.1592165       8.5830933        8.5830933       6.1592165          6.1592165
              1       11.482787       98.646003      0.13780983     -0.75416263      -2.7134817    2.100583e-09       140.92286      0.32745857       0.1604547       0.6724677      0.24569493        0.247026         2.51606       7.9840307       5.7993868       8.5830933        8.5830933       5.7993868          5.7993868
              1       10.372783       112.04983     0.095493988      -1.7274521      0.87485752    2.100583e-09       160.07118       0.2410997      0.11813885      0.75882657      0.24569493        0.247026         2.51606       7.1708719       3.5793795       8.5830933        8.5830933       3.5793795          3.5793795
              4       9.9456182       111.80676     0.095493988      -1.7274521      0.87485752    2.100583e-09       159.72394       0.2410997      0.11813885      0.75882657      0.24569493        0.247026         2.51606       7.1708719       2.7250498       8.5830933        8.5830933       2.7250498          2.7250498
              1        9.940667       111.76191     0.095493988      -1.7274521      0.87485752    2.100583e-09       159.65988       0.2410997      0.11813885      0.75882657      0.24569493        0.247026         2.51606       7.1708719       2.7151474       8.5830933        8.5830933       2.7151474          2.7151474
              2       9.9993001       111.11356     0.095904355      -1.6589387       0.7094425    2.100583e-09       158.73366      0.24193719      0.11854922      0.75798908      0.24569493        0.247026         2.51606        7.181712       2.8324135       8.5830933        8.5830933       2.8324135          2.8324135
              2       10.008291       111.04523     0.095904355      -1.6589387       0.7094425    2.100583e-09       158.63605      0.24193719      0.11854922      0.75798908      0.24569493        0.247026         2.51606        7.181712       2.8503956       8.5830933        8.5830933       2.8503956          2.8503956
              3       9.9439113       110.37819      0.10011715      -1.6394977      0.52860724    2.100583e-09       157.68312      0.25053473      0.12276202      0.74939154      0.24569493        0.247026         2.51606       7.2636429       2.7216361       8.5830933        8.5830933       2.7216361          2.7216361
              3       9.7321254       110.10321      0.10011715      -1.6394977      0.52860724    2.100583e-09        157.2903      0.25053473      0.12276202      0.74939154      0.24569493        0.247026         2.51606       7.2636429       2.2980643       8.5830933        8.5830933       2.2980643          2.2980643
              4       11.169056       110.67559      0.10011715      -1.6394977      0.52860724    2.100583e-09       158.10799      0.25053473      0.12276202      0.74939154      0.24569493        0.247026         2.51606       7.2636429       5.1719258       8.5830933        8.5830933       5.1719258          5.1719258
              6       11.255916       110.69025      0.10011715      -1.6394977      0.52860724    2.100583e-09       158.12893      0.25053473      0.12276202      0.74939154      0.24569493        0.247026         2.51606       7.2636429       5.3456448       8.5830933        8.5830933       5.3456448          5.3456448
              1       10.832568       110.58093     0.099586666      -1.5849427       0.2934736    2.100583e-09       157.97276      0.24945211      0.12223153      0.75047416      0.24569493        0.247026         2.51606       7.2501319       4.4989486       8.5830933        8.5830933       4.4989486          4.4989486
              2       10.767007       109.75038     0.099586666      -1.5849427       0.2934736    2.100583e-09       156.78626      0.24945211      0.12223153      0.75047416      0.24569493        0.247026         2.51606       7.2501319       4.3678271       8.5830933        8.5830933       4.3678271          4.3678271
              3       11.375062       110.67913     0.099586666      -1.5849427       0.2934736    2.100583e-09       158.11304      0.24945211      0.12223153      0.75047416      0.24569493        0.247026         2.51606       7.2501319        5.583937       8.5830933        8.5830933        5.583937           5.583937
              2       10.007643       107.68588      0.10799569      -1.5162946     0.090783393    2.100583e-09       153.83698      0.26661338      0.13064056      0.73331289      0.24569493        0.247026         2.51606       7.4224104       2.8490986       8.5830933        8.5830933       2.8490986          2.8490986
              6       9.9560238        107.5157      0.10799569      -1.5162946     0.090783393    2.100583e-09       153.59386      0.26661338      0.13064056      0.73331289      0.24569493        0.247026         2.51606       7.4224104       2.7458611       8.5830933        8.5830933       2.7458611          2.7458611
              3        9.984821       107.48519      0.10799569      -1.5162946     0.090783393    2.100583e-09       153.55026      0.26661338      0.13064056      0.73331289      0.24569493        0.247026         2.51606       7.4224104       2.8034554       8.5830933        8.5830933       2.8034554          2.8034554
              1       10.576866       107.25525      0.10799569      -1.5162946     0.090783393    2.100583e-09       153.22178      0.26661338      0.13064056      0.73331289      0.24569493        0.247026         2.51606       7.4224104       3.9875447       8.5830933        8.5830933       3.9875447          3.9875447
              1       11.110815       108.01358      0.10799569      -1.5162946     0.090783393    2.100583e-09       154.30512      0.26661338      0.13064056      0.73331289      0.24569493        0.247026         2.51606       7.4224104        5.055443       8.5830933        8.5830933        5.055443           5.055443
              2       9.9517834       107.52162      0.10799569      -1.5162946     0.090783393    2.100583e-09       153.60232      0.26661338      0.13064056      0.73331289      0.24569493        0.247026         2.51606       7.4224104       2.7373803       8.5830933        8.5830933       2.7373803          2.7373803
              2        9.104314       101.04498      0.12479055      -1.0548137       -1.291202    2.100583e-09       144.34997      0.30088861      0.14743542      0.69903766      0.24569493        0.247026         2.51606       7.7532348       1.0424415       8.5830933        8.5830933       1.0424415          1.0424415
              6       9.0633194       101.10181      0.12479055      -1.0548137       -1.291202    2.100583e-09       144.43115      0.30088861      0.14743542      0.69903766      0.24569493        0.247026         2.51606       7.7532348      0.96045231       8.5830933        8.5830933      0.96045231         0.96045231
              1       9.9554906       101.50845      0.12004537      -1.1147729     -0.71870541    2.100583e-09       145.01207      0.29120456      0.14269023      0.70872171      0.24569493        0.247026         2.51606       7.6758983       2.7447946       8.5830933        8.5830933       2.7447946          2.7447946
              1         10.2875       101.52894      0.11956775      -1.1269308     -0.61643886    2.100583e-09       145.04135      0.29022983      0.14221262      0.70969644      0.24569493        0.247026         2.51606       7.6693447       3.4088142       8.5830933        8.5830933       3.4088142          3.4088142
             11        10.19895       101.43376      0.11956775      -1.1269308     -0.61643886    2.100583e-09       144.90537      0.29022983      0.14221262      0.70969644      0.24569493        0.247026         2.51606       7.6693447       3.2317131       8.5830933        8.5830933       3.2317131          3.2317131
              3        10.70629       101.68551      0.11956775      -1.1269308     -0.61643886    2.100583e-09       145.26501      0.29022983      0.14221262      0.70969644      0.24569493        0.247026         2.51606       7.6693447       4.2463932       8.5830933        8.5830933       4.2463932          4.2463932
              2       14.428032       100.64221      0.11956775      -1.1269308     -0.61643886    2.100583e-09       143.77458      0.29022983      0.14221262      0.70969644      0.24569493        0.247026         2.51606       7.6693447       11.689878       8.5830933        8.5830933       11.689878          11.689878
              1       12.709013       100.81838      0.11956775      -1.1269308     -0.61643886    2.100583e-09       144.02626      0.29022983      0.14221262      0.70969644      0.24569493        0.247026         2.51606       7.6693447       8.2518391       8.5830933        8.5830933       8.2518391          8.2518391
              1       12.801974       100.61228      0.12152588      -1.1247572     -0.70365838    2.100583e-09       143.73182      0.29422602      0.14417075      0.70570025      0.24569493        0.247026         2.51606       7.7028442       8.4377609       8.5830933        8.5830933       8.4377609          8.4377609
              1       10.384506       101.47995      0.12152588      -1.1247572     -0.70365838    2.100583e-09       144.97135      0.29422602      0.14417075      0.70570025      0.24569493        0.247026         2.51606       7.7028442       3.6028256       8.5830933        8.5830933       3.6028256          3.6028256
              1       9.1834993       102.50067      0.12012252      -1.1279036     -0.99794955    2.100583e-09       146.42953      0.29136201      0.14276739      0.70856426      0.24569493        0.247026         2.51606       7.6666276        1.200812       8.5830933        8.5830933        1.200812           1.200812
              1       9.2069638       104.93986      0.11428836      -1.2978538       -0.570504    2.100583e-09       149.91409      0.27945556      0.13693323      0.72047071      0.24569493        0.247026         2.51606       7.5495055        1.247741       8.5830933        8.5830933        1.247741           1.247741
              1       9.3409055       104.58049      0.11428836      -1.2978538       -0.570504    2.100583e-09        149.4007      0.27945556      0.13693323      0.72047071      0.24569493        0.247026         2.51606       7.5495055       1.5156245       8.5830933        8.5830933       1.5156245          1.5156245
              1       9.7642008        106.3276      0.10833827      -1.4088532     -0.16054933    2.100583e-09       151.89658      0.26731252      0.13098313      0.73261376      0.24569493        0.247026         2.51606       7.4332936       2.3622151       8.5830933        8.5830933       2.3622151          2.3622151
              2       12.472182        107.1543      0.11407474      -1.4091818     -0.97658935    2.100583e-09       153.07757       0.2790196      0.13671961      0.72090667      0.24569493        0.247026         2.51606       7.5265419       7.7781765       8.5830933        8.5830933       7.7781765          7.7781765
              3       12.242132       107.03519      0.11432573      -1.2860711      -1.6692514    2.100583e-09       152.90742      0.27953183       0.1369706      0.72039444      0.24569493        0.247026         2.51606       7.5290369       7.3180773       8.5830933        8.5830933       7.3180773          7.3180773
              6       12.216537       106.92726      0.11432573      -1.2860711      -1.6692514    2.100583e-09       152.75322      0.27953183       0.1369706      0.72039444      0.24569493        0.247026         2.51606       7.5290369       7.2668877       8.5830933        8.5830933       7.2668877          7.2668877
              2       11.957175       106.68521        0.114729      -1.2791692      -1.6415226    2.100583e-09       152.40745      0.28035483      0.13737387      0.71957144      0.24569493        0.247026         2.51606       7.5377525       6.7481634       8.5830933        8.5830933       6.7481634          6.7481634
              1       12.339956       107.30591      0.11336067      -1.3173189       -1.564696    2.100583e-09       153.29416      0.27756233      0.13600554      0.72236394      0.24569493        0.247026         2.51606       7.5096061       7.5137256       8.5830933        8.5830933       7.5137256          7.5137256
              2       12.455642       107.20928      0.11336067      -1.3173189       -1.564696    2.100583e-09       153.15611      0.27756233      0.13600554      0.72236394      0.24569493        0.247026         2.51606       7.5096061       7.7450966       8.5830933        8.5830933       7.7450966          7.7450966
              7       10.927262       105.12961      0.11575832      -1.1760495       -1.721671    2.100583e-09       150.18515      0.28245548      0.13840319      0.71747079      0.24569493        0.247026         2.51606       7.5635181       4.6883366       8.5830933        8.5830933       4.6883366          4.6883366
              1       10.258303       105.55953      0.11575832      -1.1760495       -1.721671    2.100583e-09       150.79933      0.28245548      0.13840319      0.71747079      0.24569493        0.247026         2.51606       7.5635181       3.3504194       8.5830933        8.5830933       3.3504194          3.3504194
              1       10.828191       107.31545      0.11145055      -1.2942414      -1.4079532    2.100583e-09       153.30779      0.27366411      0.13409541      0.72626216      0.24569493        0.247026         2.51606       7.4758808       4.4901954       8.5830933        8.5830933       4.4901954          4.4901954
              2       11.409569       107.56756      0.11145055      -1.2942414      -1.4079532    2.100583e-09       153.66795      0.27366411      0.13409541      0.72626216      0.24569493        0.247026         2.51606       7.4758808       5.6529523       8.5830933        8.5830933       5.6529523          5.6529523
              1       12.434346       107.76885      0.11145055      -1.2942414      -1.4079532    2.100583e-09        153.9555      0.27366411      0.13409541      0.72626216      0.24569493        0.247026         2.51606       7.4758808       7.7025062       8.5830933        8.5830933       7.7025062          7.7025062
              3       12.027724       110.57427      0.09960507      -1.4777631     -0.53032409    2.100583e-09       157.96324      0.24948967      0.12224994      0.75043661      0.24569493        0.247026         2.51606       7.2371962       6.8892615       8.5830933        8.5830933       6.8892615          6.8892615
              3       9.7858563       100.07446      0.12781807     -0.76310051      -2.6544758    2.100583e-09       142.96351      0.30706721      0.15046293      0.69285906      0.24569493        0.247026         2.51606       7.8052775        2.405526       8.5830933        8.5830933        2.405526           2.405526
              1       10.775811       101.20531      0.12975433     -0.85281381      -2.7593077    2.100583e-09       144.57901      0.31101877       0.1523992       0.6889075      0.24569493        0.247026         2.51606       7.8325214       4.3854357       8.5830933        8.5830933       4.3854357          4.3854357
              3       10.142359       101.07253      0.12975433     -0.85281381      -2.7593077    2.100583e-09       144.38933      0.31101877       0.1523992       0.6889075      0.24569493        0.247026         2.51606       7.8325214       3.1185308       8.5830933        8.5830933       3.1185308          3.1185308
              2       10.331451       100.48029      0.12975433     -0.85281381      -2.7593077    2.100583e-09       143.54327      0.31101877       0.1523992       0.6889075      0.24569493        0.247026         2.51606       7.8325214       3.4967162       8.5830933        8.5830933       3.4967162          3.4967162
              2       11.117851       101.26159      0.12975433     -0.85281381      -2.7593077    2.100583e-09       144.65941      0.31101877       0.1523992       0.6889075      0.24569493        0.247026         2.51606       7.8325214       5.0695146       8.5830933        8.5830933       5.0695146          5.0695146
              2       11.685165        101.3493      0.13023701     -0.86752825      -2.7490591    2.100583e-09       144.78471      0.31200383      0.15288188      0.68792244      0.24569493        0.247026         2.51606       7.8404911       6.2041436       8.5830933        8.5830933       6.2041436          6.2041436
              2       11.578182       103.22654      0.11861503      -1.1991885       -1.115856    2.100583e-09       147.46649       0.2882855      0.14125989      0.71164077      0.24569493        0.247026         2.51606       7.6281743       5.9901778       8.5830933        8.5830933       5.9901778          5.9901778
              1       11.590515        103.0939      0.11845945      -1.1854516      -1.1283724    2.100583e-09       147.27701      0.28796799      0.14110431      0.71195828      0.24569493        0.247026         2.51606       7.6261556       6.0148427       8.5830933        8.5830933       6.0148427          6.0148427
              3        12.15858       103.03036      0.11845945      -1.1854516      -1.1283724    2.100583e-09       147.18622      0.28796799      0.14110431      0.71195828      0.24569493        0.247026         2.51606       7.6261556       7.1509739       8.5830933        8.5830933       7.1509739          7.1509739
              1       8.9963328       103.80079      0.11845945      -1.1854516      -1.1283724    2.100583e-09       148.28685      0.28796799      0.14110431      0.71195828      0.24569493        0.247026         2.51606       7.6261556      0.82647907       8.5830933        8.5830933      0.82647907         0.82647907
              2       9.0493345        103.5978      0.11845945      -1.1854516      -1.1283724    2.100583e-09       147.99686      0.28796799      0.14110431      0.71195828      0.24569493        0.247026         2.51606       7.6261556      0.93248246       8.5830933        8.5830933      0.93248246         0.93248246
              2       9.7457704       104.02961      0.11303794      -1.3134857      -0.1098199    2.100583e-09       148.61373      0.27690368       0.1356828      0.72302259      0.24569493        0.247026         2.51606       7.5403388       2.3253542       8.5830933        8.5830933       2.3253542          2.3253542
              2        9.803849       104.27493      0.11222299      -1.3336958    -0.026700053    2.100583e-09       148.96418      0.27524052      0.13486786      0.72468575      0.24569493        0.247026         2.51606       7.5254471       2.4415114       8.5830933        8.5830933       2.4415114          2.4415114
              2       11.424423       101.97872      0.12704844      -1.1283471      -1.4739175    2.100583e-09       145.68388      0.30549655      0.14969331      0.69442972      0.24569493        0.247026         2.51606       7.7844679       5.6826596       8.5830933        8.5830933       5.6826596          5.6826596
              9       11.428989        102.0045      0.12704844      -1.1283471      -1.4739175    2.100583e-09       145.72071      0.30549655      0.14969331      0.69442972      0.24569493        0.247026         2.51606       7.7844679       5.6917918       8.5830933        8.5830933       5.6917918          5.6917918
              1       11.590214       97.245994      0.13241544     -0.78354693      -1.9503362    2.100583e-09       138.92285      0.31644961      0.15506031      0.68347666      0.24569493        0.247026         2.51606       7.9015938       6.0142417       8.5830933        8.5830933       6.0142417          6.0142417
              1        9.719223       97.670898      0.13241544     -0.78354693      -1.9503362    2.100583e-09       139.52985      0.31644961      0.15506031      0.68347666      0.24569493        0.247026         2.51606       7.9015938       2.2722595       8.5830933        8.5830933       2.2722595          2.2722595
              1       9.6759271       97.733176      0.13241544     -0.78354693      -1.9503362    2.100583e-09       139.61882      0.31644961      0.15506031      0.68347666      0.24569493        0.247026         2.51606       7.9015938       2.1856676       8.5830933        8.5830933       2.1856676          2.1856676
              1       9.7444601       97.844929      0.13241544     -0.78354693      -1.9503362    2.100583e-09       139.77847      0.31644961      0.15506031      0.68347666      0.24569493        0.247026         2.51606       7.9015938       2.3227337       8.5830933        8.5830933       2.3227337          2.3227337
              2       9.8191039       97.887193      0.13241544     -0.78354693      -1.9503362    2.100583e-09       139.83885      0.31644961      0.15506031      0.68347666      0.24569493        0.247026         2.51606       7.9015938       2.4720213       8.5830933        8.5830933       2.4720213          2.4720213
              1       9.9259311       97.358411      0.13360219     -0.76057461      -1.9796029    2.100583e-09       139.08344      0.31887155      0.15624706      0.68105472      0.24569493        0.247026         2.51606       7.9242614       2.6856757       8.5830933        8.5830933       2.6856757          2.6856757
              1       10.581492       100.18068      0.13236322     -0.91477465      -2.1530942    2.100583e-09       143.11526      0.31634304      0.15500809      0.68358323      0.24569493        0.247026         2.51606       7.8849915       3.9967972       8.5830933        8.5830933       3.9967972          3.9967972
              3       9.7615745       99.914468      0.13236322     -0.91477465      -2.1530942    2.100583e-09       142.73495      0.31634304      0.15500809      0.68358323      0.24569493        0.247026         2.51606       7.8849915       2.3569624       8.5830933        8.5830933       2.3569624          2.3569624
              8       8.8959013       100.22174      0.12973682     -0.91388148      -2.0714766    2.100583e-09       143.17391      0.31098304      0.15238169      0.68894323      0.24569493        0.247026         2.51606       7.8391289      0.62561601       8.5830933        8.5830933      0.62561601         0.62561601
              1       9.2475864       99.912089      0.12973682     -0.91388148      -2.0714766    2.100583e-09       142.73156      0.31098304      0.15238169      0.68894323      0.24569493        0.247026         2.51606       7.8391289       1.3289862       8.5830933        8.5830933       1.3289862          1.3289862
              5       9.1996777       100.11362      0.12914636     -0.92543148      -2.0426004    2.100583e-09       143.01945      0.30977802      0.15179123      0.69014825      0.24569493        0.247026         2.51606       7.8280304       1.2331687       8.5830933        8.5830933       1.2331687          1.2331687
              1        8.909461       100.24166      0.12914636     -0.92543148      -2.0426004    2.100583e-09       143.20237      0.30977802      0.15179123      0.69014825      0.24569493        0.247026         2.51606       7.8280304      0.65273551       8.5830933        8.5830933      0.65273551         0.65273551
              5       9.0481288       100.16776      0.12914636     -0.92543148      -2.0426004    2.100583e-09        143.0968      0.30977802      0.15179123      0.69014825      0.24569493        0.247026         2.51606       7.8280304      0.93007109       8.5830933        8.5830933      0.93007109         0.93007109
              1       10.013166       104.08002      0.11993101      -1.2157486      -1.2243149    2.100583e-09       148.68574      0.29097117      0.14257587       0.7089551      0.24569493        0.247026         2.51606       7.6494814       2.8601455       8.5830933        8.5830933       2.8601455          2.8601455
              3       10.613247       103.67237      0.11993101      -1.2157486      -1.2243149    2.100583e-09       148.10339      0.29097117      0.14257587       0.7089551      0.24569493        0.247026         2.51606       7.6494814       4.0603072       8.5830933        8.5830933       4.0603072          4.0603072
              1       10.065394       104.11539      0.11993101      -1.2157486      -1.2243149    2.100583e-09       148.73627      0.29097117      0.14257587       0.7089551      0.24569493        0.247026         2.51606       7.6494814        2.964602       8.5830933        8.5830933        2.964602           2.964602
              2       9.5072498       100.39896      0.13068775     -0.85654717      -2.4819991    2.100583e-09       143.42709      0.31292371      0.15333262      0.68700256      0.24569493        0.247026         2.51606       7.8534726        1.848313       8.5830933        8.5830933        1.848313           1.848313
              3       8.9968602        100.1785      0.13068775     -0.85654717      -2.4819991    2.100583e-09       143.11215      0.31292371      0.15333262      0.68700256      0.24569493        0.247026         2.51606       7.8534726      0.82753388       8.5830933        8.5830933      0.82753388         0.82753388
              5       10.814926       100.63525      0.13068775     -0.85654717      -2.4819991    2.100583e-09       143.76464      0.31292371      0.15333262      0.68700256      0.24569493        0.247026         2.51606       7.8534726       4.4636659       8.5830933        8.5830933       4.4636659          4.4636659
              1       9.0141304       100.05471      0.13068775     -0.85654717      -2.4819991    2.100583e-09        142.9353      0.31292371      0.15333262      0.68700256      0.24569493        0.247026         2.51606       7.8534726      0.86207425       8.5830933        8.5830933      0.86207425         0.86207425
              2       9.9411204       99.760912      0.13068775     -0.85654717      -2.4819991    2.100583e-09       142.51559      0.31292371      0.15333262      0.68700256      0.24569493        0.247026         2.51606       7.8534726       2.7160543       8.5830933        8.5830933       2.7160543          2.7160543
              1       11.335649        99.55591      0.13068775     -0.85654717      -2.4819991    2.100583e-09       142.22273      0.31292371      0.15333262      0.68700256      0.24569493        0.247026         2.51606       7.8534726       5.5051114       8.5830933        8.5830933       5.5051114          5.5051114
              1       10.499206       102.47554      0.11870375      -1.2522803     -0.33229569    2.100583e-09       146.39362      0.28846656      0.14134861      0.71145971      0.24569493        0.247026         2.51606       7.6475862       3.8322252       8.5830933        8.5830933       3.8322252          3.8322252
              2       10.363793       102.58959      0.11870375      -1.2522803     -0.33229569    2.100583e-09       146.55656      0.28846656      0.14134861      0.71145971      0.24569493        0.247026         2.51606       7.6475862       3.5613991       8.5830933        8.5830933       3.5613991          3.5613991
              3       10.386151       102.55485      0.11870375      -1.2522803     -0.33229569    2.100583e-09       146.50693      0.28846656      0.14134861      0.71145971      0.24569493        0.247026         2.51606       7.6475862       3.6061152       8.5830933        8.5830933       3.6061152          3.6061152
              2       10.831949       99.998045      0.12976065      -1.0399632      -1.3909171    2.100583e-09       142.85435      0.31103167      0.15240552       0.6888946      0.24569493        0.247026         2.51606        7.843098        4.497712       8.5830933        8.5830933        4.497712           4.497712
              1       10.665535       100.05921      0.12976065      -1.0399632      -1.3909171    2.100583e-09       142.94172      0.31103167      0.15240552       0.6888946      0.24569493        0.247026         2.51606        7.843098        4.164884       8.5830933        8.5830933        4.164884           4.164884
              1       11.002081        99.94964      0.12976065      -1.0399632      -1.3909171    2.100583e-09        142.7852      0.31103167      0.15240552       0.6888946      0.24569493        0.247026         2.51606        7.843098       4.8379756       8.5830933        8.5830933       4.8379756          4.8379756
              1       10.709928        100.1542      0.12892041      -1.0436268       -1.395519    2.100583e-09       143.07743       0.3093169      0.15156528      0.69060937      0.24569493        0.247026         2.51606       7.8274195       4.2536697       8.5830933        8.5830933       4.2536697          4.2536697
              3       11.209833       100.81599      0.12892041      -1.0436268       -1.395519    2.100583e-09       144.02285       0.3093169      0.15156528      0.69060937      0.24569493        0.247026         2.51606       7.8274195       5.2534802       8.5830933        8.5830933       5.2534802          5.2534802
              2       9.0881378       101.66357       0.1225142     -0.94720675      -1.9150019    2.100583e-09       145.23367      0.29624299      0.14515906      0.70368329      0.24569493        0.247026         2.51606       7.7064359        1.010089       8.5830933        8.5830933        1.010089           1.010089
              5       8.9939172        101.1768      0.12450928     -0.90206773      -2.1387255    2.100583e-09       144.53828      0.30031459      0.14715415      0.69961168      0.24569493        0.247026         2.51606       7.7428799      0.82164779       8.5830933        8.5830933      0.82164779         0.82164779
              5       9.2165687        101.3299      0.12450928     -0.90206773      -2.1387255    2.100583e-09       144.75699      0.30031459      0.14715415      0.69961168      0.24569493        0.247026         2.51606       7.7428799       1.2669508       8.5830933        8.5830933       1.2669508          1.2669508
              5       9.3454207       100.92452      0.12450928     -0.90206773      -2.1387255    2.100583e-09       144.17788      0.30031459      0.14715415      0.69961168      0.24569493        0.247026         2.51606       7.7428799       1.5246549       8.5830933        8.5830933       1.5246549          1.5246549
              2       9.3913357       101.38945      0.12450928     -0.90206773      -2.1387255    2.100583e-09       144.84208      0.30031459      0.14715415      0.69961168      0.24569493        0.247026         2.51606       7.7428799       1.6164848       8.5830933        8.5830933       1.6164848          1.6164848
              2       9.1170486       101.28482      0.12450928     -0.90206773      -2.1387255    2.100583e-09        144.6926      0.30031459      0.14715415      0.69961168      0.24569493        0.247026         2.51606       7.7428799       1.0679107       8.5830933        8.5830933       1.0679107          1.0679107
              3       12.771931       109.26715      0.10513331      -1.3406884      -1.4179631    2.100583e-09       156.09592       0.2607718      0.12777818      0.73915447      0.24569493        0.247026         2.51606       7.3453767       8.3776756       8.5830933        8.5830933       8.3776756          8.3776756
              1       12.607958       109.38467      0.10513331      -1.3406884      -1.4179631    2.100583e-09       156.26381       0.2607718      0.12777818      0.73915447      0.24569493        0.247026         2.51606       7.3453767       8.0497291       8.5830933        8.5830933       8.0497291          8.0497291
              2       10.205216       104.26292      0.11826763      -1.0815076      -1.7895641    2.100583e-09       148.94702      0.28757653       0.1409125      0.71234975      0.24569493        0.247026         2.51606       7.6176558        3.244246       8.5830933        8.5830933        3.244246           3.244246
              1       9.4029209       103.98125      0.11826763      -1.0815076      -1.7895641    2.100583e-09       148.54465      0.28757653       0.1409125      0.71234975      0.24569493        0.247026         2.51606       7.6176558       1.6396553       8.5830933        8.5830933       1.6396553          1.6396553
              1       9.7451775       104.14585      0.11826763      -1.0815076      -1.7895641    2.100583e-09       148.77978      0.28757653       0.1409125      0.71234975      0.24569493        0.247026         2.51606       7.6176558       2.3241685       8.5830933        8.5830933       2.3241685          2.3241685
              1       10.457592       105.87695      0.11505394      -1.2496457      -1.2363575    2.100583e-09       151.25279      0.28101796       0.1376988      0.71890831      0.24569493        0.247026         2.51606         7.55294        3.748997       8.5830933        8.5830933        3.748997           3.748997
              4       10.073884       105.78294      0.11505394      -1.2496457      -1.2363575    2.100583e-09       151.11848      0.28101796       0.1376988      0.71890831      0.24569493        0.247026         2.51606         7.55294       2.9815823       8.5830933        8.5830933       2.9815823          2.9815823
              2       10.749946       106.90159      0.11300505      -1.3114511       -1.183237    2.100583e-09       152.71656      0.27683656      0.13564991      0.72308972      0.24569493        0.247026         2.51606       7.5091434       4.3337052       8.5830933        8.5830933       4.3337052          4.3337052
              3       10.282155       106.64507      0.11300505      -1.3114511       -1.183237    2.100583e-09        152.3501      0.27683656      0.13564991      0.72308972      0.24569493        0.247026         2.51606       7.5091434       3.3981232       8.5830933        8.5830933       3.3981232          3.3981232
              1       11.085213       106.27259      0.11300505      -1.3114511       -1.183237    2.100583e-09       151.81799      0.27683656      0.13564991      0.72308972      0.24569493        0.247026         2.51606       7.5091434        5.004239       8.5830933        8.5830933        5.004239           5.004239
              4        10.97098       106.00596      0.11361399      -1.2913188      -1.2398047    2.100583e-09       151.43709       0.2780793      0.13625886      0.72184697      0.24569493        0.247026         2.51606       7.5215776       4.7757742       8.5830933        8.5830933       4.7757742          4.7757742
              1       10.453179       104.10076      0.11806246      -1.3162373     -0.56232603    2.100583e-09       148.71537       0.2871578      0.14070732      0.71276847      0.24569493        0.247026         2.51606       7.6203388       3.7401718       8.5830933        8.5830933       3.7401718          3.7401718
              1       10.540697       102.31613      0.11976462      -1.2374071      -0.3740521    2.100583e-09        146.1659       0.2906316      0.14240948      0.70929467      0.24569493        0.247026         2.51606       7.6678712       3.9152072       8.5830933        8.5830933       3.9152072          3.9152072
              1       12.339758        109.2022     0.099885102      -1.7453314       1.3212646    2.100583e-09       156.00315      0.25006116      0.12252997      0.74986511      0.24569493        0.247026         2.51606        7.294114       7.5133296       8.5830933        8.5830933       7.5133296          7.5133296
              3       13.456704       108.89873       0.1025143      -1.7143404       1.2735956    2.100583e-09       155.56961      0.25542687      0.12515917       0.7444994      0.24569493        0.247026         2.51606       7.3507417       9.7472215       8.5830933        8.5830933       9.7472215          9.7472215
              2        12.77203       108.68152       0.1025143      -1.7143404       1.2735956    2.100583e-09       155.25932      0.25542687      0.12515917       0.7444994      0.24569493        0.247026         2.51606       7.3507417       8.3778736       8.5830933        8.5830933       8.3778736          8.3778736
              7       11.456037        102.4609      0.11851531      -1.2376513     -0.22604184    2.100583e-09       146.37272      0.28808198      0.14116017      0.71184429      0.24569493        0.247026         2.51606       7.6507685       5.7458874       8.5830933        8.5830933       5.7458874          5.7458874
              1       11.780952       102.60281      0.11746748      -1.2519883     -0.11820544    2.100583e-09       146.57544      0.28594356      0.14011234      0.71398272      0.24569493        0.247026         2.51606        7.634142       6.3957176       8.5830933        8.5830933       6.3957176          6.3957176
              1       12.051259        102.6582      0.11746748      -1.2519883     -0.11820544    2.100583e-09       146.65457      0.28594356      0.14011234      0.71398272      0.24569493        0.247026         2.51606        7.634142       6.9363321       8.5830933        8.5830933       6.9363321          6.9363321
              1       11.336292       102.06134      0.11746748      -1.2519883     -0.11820544    2.100583e-09       145.80191      0.28594356      0.14011234      0.71398272      0.24569493        0.247026         2.51606        7.634142       5.5063971       8.5830933        8.5830933       5.5063971          5.5063971
              1       13.015449       102.81172      0.11746748      -1.2519883     -0.11820544    2.100583e-09       146.87388      0.28594356      0.14011234      0.71398272      0.24569493        0.247026         2.51606        7.634142       8.8647109       8.5830933        8.5830933       8.8647109          8.8647109
              1       11.066833       102.34299      0.11746748      -1.2519883     -0.11820544    2.100583e-09       146.20428      0.28594356      0.14011234      0.71398272      0.24569493        0.247026         2.51606        7.634142       4.9674804       8.5830933        8.5830933       4.9674804          4.9674804
              2         10.6252       100.37377      0.12461637     -0.91737837      -1.9347867    2.100583e-09       143.39111      0.30053314      0.14726124      0.69939313      0.24569493        0.247026         2.51606       7.7477192       4.0842142       8.5830933        8.5830933       4.0842142          4.0842142
              2       11.266384       100.79142      0.12429393     -0.89034873      -2.2714844    2.100583e-09       143.98774       0.2998751       0.1469388      0.70005117      0.24569493        0.247026         2.51606       7.7373155       5.3665822       8.5830933        8.5830933       5.3665822          5.3665822
              3       12.322174       100.66865      0.12429393     -0.89034873      -2.2714844    2.100583e-09       143.81236       0.2998751       0.1469388      0.70005117      0.24569493        0.247026         2.51606       7.7373155       7.4781612       8.5830933        8.5830933       7.4781612          7.4781612
              1       12.065067        101.9791      0.12429393     -0.89034873      -2.2714844    2.100583e-09       145.68443       0.2998751       0.1469388      0.70005117      0.24569493        0.247026         2.51606       7.7373155       6.9639474       8.5830933        8.5830933       6.9639474          6.9639474
              1       12.282701       107.69561      0.10480606      -1.2854874     -0.81102567    2.100583e-09       153.85088      0.26010394      0.12745093      0.73982234      0.24569493        0.247026         2.51606       7.3559661       7.3992147       8.5830933        8.5830933       7.3992147          7.3992147
              3       12.479001       107.10737      0.10480606      -1.2854874     -0.81102567    2.100583e-09       153.01052      0.26010394      0.12745093      0.73982234      0.24569493        0.247026         2.51606       7.3559661       7.7918147       8.5830933        8.5830933       7.7918147          7.7918147
              1       9.1459424       102.14059      0.12359389     -0.96139205      -2.0953162    2.100583e-09       145.91513      0.29844644      0.14623876      0.70147983      0.24569493        0.247026         2.51606       7.7219656       1.1256983       8.5830933        8.5830933       1.1256983          1.1256983
              3       9.8187817       107.53215      0.10937432      -1.3700899     -0.79794906    2.100583e-09       153.61736      0.26942691      0.13201919      0.73049936      0.24569493        0.247026         2.51606       7.4402469       2.4713769       8.5830933        8.5830933       2.4713769          2.4713769
              1        10.60931       110.09963     0.096901631      -1.7317768       1.2384785    2.100583e-09       157.28519      0.24397244       0.1195465      0.75595383      0.24569493        0.247026         2.51606       7.2276165       4.0524337       8.5830933        8.5830933       4.0524337          4.0524337
              8       11.706325       110.85442     0.096901631      -1.7317768       1.2384785    2.100583e-09       158.36346      0.24397244       0.1195465      0.75595383      0.24569493        0.247026         2.51606       7.2276165       6.2464641       8.5830933        8.5830933       6.2464641          6.2464641
              1       10.568223       110.11372     0.096901631      -1.7317768       1.2384785    2.100583e-09       157.30532      0.24397244       0.1195465      0.75595383      0.24569493        0.247026         2.51606       7.2276165       3.9702591       8.5830933        8.5830933       3.9702591          3.9702591
              2       10.804585       109.79392     0.098603178      -1.6343128      0.62461761    2.100583e-09       156.84845      0.24744499      0.12124804      0.75248128      0.24569493        0.247026         2.51606        7.237677       4.4429842       8.5830933        8.5830933       4.4429842          4.4429842
              6        10.33051       110.57214     0.098603178      -1.6343128      0.62461761    2.100583e-09        157.9602      0.24744499      0.12124804      0.75248128      0.24569493        0.247026         2.51606        7.237677       3.4948344       8.5830933        8.5830933       3.4948344          3.4948344
              1       9.9781337       109.99983     0.098603178      -1.6343128      0.62461761    2.100583e-09       157.14261      0.24744499      0.12124804      0.75248128      0.24569493        0.247026         2.51606        7.237677       2.7900808       8.5830933        8.5830933       2.7900808          2.7900808
              1       10.932622       106.41051      0.10825516      -1.4461587      0.28851759    2.100583e-09       152.01502      0.26714292      0.13090003      0.73278335      0.24569493        0.247026         2.51606       7.4460305       4.6990574       8.5830933        8.5830933       4.6990574          4.6990574
              1       11.224745       108.79681     0.095100389      -1.6184899         1.32285    2.100583e-09       155.42401      0.24029644      0.11774526      0.75962983      0.24569493        0.247026         2.51606        7.242535       5.2833043       8.5830933        8.5830933       5.2833043          5.2833043
              2        10.73901       108.48383     0.095100389      -1.6184899         1.32285    2.100583e-09        154.9769      0.24029644      0.11774526      0.75962983      0.24569493        0.247026         2.51606        7.242535       4.3118331       8.5830933        8.5830933       4.3118331          4.3118331
              5         12.2267       109.00935     0.095100389      -1.6184899         1.32285    2.100583e-09       155.72764      0.24029644      0.11774526      0.75962983      0.24569493        0.247026         2.51606        7.242535       7.2872132       8.5830933        8.5830933       7.2872132          7.2872132
              2       10.199181        111.6167     0.090284917      -1.7774683       1.6111312    2.100583e-09       159.45243      0.23046895      0.11292978      0.76945732      0.24569493        0.247026         2.51606       7.1262529        3.232176       8.5830933        8.5830933        3.232176           3.232176
              4       11.543483        108.2142       0.1010257      -1.5155458       0.6338416    2.100583e-09       154.59172      0.25238891      0.12367057      0.74753736      0.24569493        0.247026         2.51606       7.3103032       5.9207785       8.5830933        8.5830933       5.9207785          5.9207785
              3       11.092114       109.24605     0.096285349      -1.5653827      0.85065437    2.100583e-09       156.06579      0.24271473      0.11893022      0.75721155      0.24569493        0.247026         2.51606       7.2198019       5.0180418       8.5830933        8.5830933       5.0180418          5.0180418
              2       11.790274       109.42255     0.096285349      -1.5653827      0.85065437    2.100583e-09       156.31792      0.24271473      0.11893022      0.75721155      0.24569493        0.247026         2.51606       7.2198019       6.4143614       8.5830933        8.5830933       6.4143614          6.4143614
              2       12.377234       104.89861      0.11537271      -1.1517436      -1.2316669    2.100583e-09       149.85516      0.28166853      0.13801758      0.71825774      0.24569493        0.247026         2.51606       7.5676193       7.5882812       8.5830933        8.5830933       7.5882812          7.5882812
              2        9.082621       104.21095      0.11537271      -1.1517436      -1.2316669    2.100583e-09       148.87278      0.28166853      0.13801758      0.71825774      0.24569493        0.247026         2.51606       7.5676193      0.99905552       8.5830933        8.5830933      0.99905552         0.99905552
              2       8.7527254       99.982219      0.13018702     -0.83819822      -2.4790324    2.100583e-09       142.83174      0.31190181      0.15283189      0.68802446      0.24569493        0.247026         2.51606       7.8457896      0.33926432       8.5830933        8.5830933      0.33926432         0.33926432
              2       8.8452336       99.885446      0.13018702     -0.83819822      -2.4790324    2.100583e-09       142.69349      0.31190181      0.15283189      0.68802446      0.24569493        0.247026         2.51606       7.8457896      0.52428053       8.5830933        8.5830933      0.52428053         0.52428053
              1       10.495972       99.509706      0.13018702     -0.83819822      -2.4790324    2.100583e-09       142.15672      0.31190181      0.15283189      0.68802446      0.24569493        0.247026         2.51606       7.8457896       3.8257572       8.5830933        8.5830933       3.8257572          3.8257572
              2       11.344145       99.402941      0.13018702     -0.83819822      -2.4790324    2.100583e-09        142.0042      0.31190181      0.15283189      0.68802446      0.24569493        0.247026         2.51606       7.8457896       5.5221032       8.5830933        8.5830933       5.5221032          5.5221032
              9       9.8118104       102.59354      0.12064233      -1.1960597     -0.87791655    2.100583e-09       146.56221      0.29242285       0.1432872      0.70750342      0.24569493        0.247026         2.51606       7.6727148       2.4574342       8.5830933        8.5830933       2.4574342          2.4574342
              3       9.8126725       102.83465      0.12001297      -1.2121044     -0.83479076    2.100583e-09       146.90664      0.29113844      0.14265783      0.70878783      0.24569493        0.247026         2.51606       7.6604013       2.4591585       8.5830933        8.5830933       2.4591585          2.4591585
              1       10.658982       103.47922      0.12001297      -1.2121044     -0.83479076    2.100583e-09       147.82746      0.29113844      0.14265783      0.70878783      0.24569493        0.247026         2.51606       7.6604013       4.1517776       8.5830933        8.5830933       4.1517776          4.1517776
              4       9.6665806       103.22851      0.12001297      -1.2121044     -0.83479076    2.100583e-09       147.46931      0.29113844      0.14265783      0.70878783      0.24569493        0.247026         2.51606       7.6604013       2.1669746       8.5830933        8.5830933       2.1669746          2.1669746
              2       9.4882843       103.00947      0.12001297      -1.2121044     -0.83479076    2.100583e-09       147.15638      0.29113844      0.14265783      0.70878783      0.24569493        0.247026         2.51606       7.6604013       1.8103821       8.5830933        8.5830933       1.8103821          1.8103821
              1         9.25426       103.88273      0.11723243      -1.2498979     -0.77206488    2.100583e-09        148.4039      0.28546387      0.13987729      0.71446241      0.24569493        0.247026         2.51606       7.6054632       1.3423335       8.5830933        8.5830933       1.3423335          1.3423335
              1       9.4513403       103.78868      0.11723243      -1.2498979     -0.77206488    2.100583e-09       148.26955      0.28546387      0.13987729      0.71446241      0.24569493        0.247026         2.51606       7.6054632       1.7364941       8.5830933        8.5830933       1.7364941          1.7364941
              2       10.513581       107.25077      0.10732083      -1.5168794      0.14897944    2.100583e-09       153.21538      0.26523612       0.1299657      0.73469015      0.24569493        0.247026         2.51606       7.4109668       3.8609763       8.5830933        8.5830933       3.8609763          3.8609763
              5        9.745644       97.224446      0.13522998     -0.63751837      -2.8842127    2.100583e-09       138.89207      0.32219356      0.15787485      0.67773271      0.24569493        0.247026         2.51606       7.9443595       2.3251014       8.5830933        8.5830933       2.3251014          2.3251014
              1       9.4520909       98.328779      0.13218351     -0.71855744      -2.4662942    2.100583e-09       140.46968      0.31597628      0.15482838      0.68394999      0.24569493        0.247026         2.51606       7.8915802       1.7379953       8.5830933        8.5830933       1.7379953          1.7379953
              1        9.394856       98.306084      0.13218351     -0.71855744      -2.4662942    2.100583e-09       140.43726      0.31597628      0.15482838      0.68394999      0.24569493        0.247026         2.51606       7.8915802       1.6235254       8.5830933        8.5830933       1.6235254          1.6235254
              7       9.7384483       97.528202      0.13355484     -0.67608347      -2.4959703    2.100583e-09         139.326       0.3187749       0.1561997      0.68115137      0.24569493        0.247026         2.51606       7.9191652       2.3107101       8.5830933        8.5830933       2.3107101          2.3107101
              1       9.6967041        97.48998      0.13355484     -0.67608347      -2.4959703    2.100583e-09        139.2714       0.3187749       0.1561997      0.68115137      0.24569493        0.247026         2.51606       7.9191652       2.2272216       8.5830933        8.5830933       2.2272216          2.2272216
              1       10.432463        97.12147      0.13355484     -0.67608347      -2.4959703    2.100583e-09       138.74496       0.3187749       0.1561997      0.68115137      0.24569493        0.247026         2.51606       7.9191652       3.6987394       8.5830933        8.5830933       3.6987394          3.6987394
              3        9.675437       97.441049      0.13355484     -0.67608347      -2.4959703    2.100583e-09        139.2015       0.3187749       0.1561997      0.68115137      0.24569493        0.247026         2.51606       7.9191652       2.1846875       8.5830933        8.5830933       2.1846875          2.1846875
              1       9.7073091       97.371769      0.13355484     -0.67608347      -2.4959703    2.100583e-09       139.10253       0.3187749       0.1561997      0.68115137      0.24569493        0.247026         2.51606       7.9191652       2.2484317       8.5830933        8.5830933       2.2484317          2.2484317
              2       9.6836201       97.403614      0.13355484     -0.67608347      -2.4959703    2.100583e-09       139.14802       0.3187749       0.1561997      0.68115137      0.24569493        0.247026         2.51606       7.9191652       2.2010536       8.5830933        8.5830933       2.2010536          2.2010536
              1       10.199957       102.35752      0.12028501      -1.0627844      -1.2164253    2.100583e-09       146.22503      0.29169364      0.14292988      0.70823264      0.24569493        0.247026         2.51606        7.670393       3.2337273       8.5830933        8.5830933       3.2337273          3.2337273
              3       9.3620397       102.17024      0.12028501      -1.0627844      -1.2164253    2.100583e-09       145.95749      0.29169364      0.14292988      0.70823264      0.24569493        0.247026         2.51606        7.670393       1.5578927       8.5830933        8.5830933       1.5578927          1.5578927
              3       8.9670914       101.65298      0.12279365     -0.99801956      -1.5917385    2.100583e-09       145.21854       0.2968133      0.14543852      0.70311298      0.24569493        0.247026         2.51606       7.7142495      0.76799633       8.5830933        8.5830933      0.76799633         0.76799633
              1       9.9084345        103.1441      0.12091178      -1.1460002      -1.1614596    2.100583e-09       147.34872      0.29297275      0.14355665      0.70695353      0.24569493        0.247026         2.51606       7.6754335       2.6506823       8.5830933        8.5830933       2.6506823          2.6506823
              1       9.1002337       104.42013      0.11548454      -1.2669418     -0.65271242    2.100583e-09       149.17161      0.28189675      0.13812941      0.71802952      0.24569493        0.247026         2.51606        7.573497       1.0342808       8.5830933        8.5830933       1.0342808          1.0342808
              3        9.124345       104.43578      0.11548454      -1.2669418     -0.65271242    2.100583e-09       149.19398      0.28189675      0.13812941      0.71802952      0.24569493        0.247026         2.51606        7.573497       1.0825035       8.5830933        8.5830933       1.0825035          1.0825035
              1       10.071201       103.91377      0.11548454      -1.2669418     -0.65271242    2.100583e-09       148.44824      0.28189675      0.13812941      0.71802952      0.24569493        0.247026         2.51606        7.573497       2.9762146       8.5830933        8.5830933       2.9762146          2.9762146
              1       9.8045006        104.6564      0.11548454      -1.2669418     -0.65271242    2.100583e-09       149.50914      0.28189675      0.13812941      0.71802952      0.24569493        0.247026         2.51606        7.573497       2.4428147       8.5830933        8.5830933       2.4428147          2.4428147
              6       9.3616025       108.13073      0.10503615       -1.505639      0.12871925    2.100583e-09       154.47247       0.2605735      0.12768101      0.73935278      0.24569493        0.247026         2.51606       7.3656837       1.5570185       8.5830933        8.5830933       1.5570185          1.5570185
              1       9.6068467       107.84396      0.10503615       -1.505639      0.12871925    2.100583e-09        154.0628       0.2605735      0.12768101      0.73935278      0.24569493        0.247026         2.51606       7.3656837       2.0475068       8.5830933        8.5830933       2.0475068          2.0475068
             10       9.4326715       106.29215      0.10719623       -1.393773    -0.062330154    2.100583e-09       151.84593      0.26498184       0.1298411      0.73494443      0.24569493        0.247026         2.51606       7.4162485       1.6991564       8.5830933        8.5830933       1.6991564          1.6991564
              2       10.126765       106.07417      0.10719623       -1.393773    -0.062330154    2.100583e-09       151.53453      0.26498184       0.1298411      0.73494443      0.24569493        0.247026         2.51606       7.4162485       3.0873433       8.5830933        8.5830933       3.0873433          3.0873433
              2       9.5174296        106.2508      0.10719623       -1.393773    -0.062330154    2.100583e-09       151.78685      0.26498184       0.1298411      0.73494443      0.24569493        0.247026         2.51606       7.4162485       1.8686726       8.5830933        8.5830933       1.8686726          1.8686726
              1       9.5900838       106.22174      0.10719623       -1.393773    -0.062330154    2.100583e-09       151.74535      0.26498184       0.1298411      0.73494443      0.24569493        0.247026         2.51606       7.4162485       2.0139809       8.5830933        8.5830933       2.0139809          2.0139809
              2       9.5442676       106.03559      0.10865249      -1.3527737       -0.353122    2.100583e-09       151.47942      0.26795379      0.13129736      0.73197248      0.24569493        0.247026         2.51606       7.4396152       1.9223486       8.5830933        8.5830933       1.9223486          1.9223486
              1       11.687612       105.07481      0.11112404      -1.2944145     -0.21677978    2.100583e-09       150.10688      0.27299778      0.13376891       0.7269285      0.24569493        0.247026         2.51606        7.501116       6.2090366       8.5830933        8.5830933       6.2090366          6.2090366
              1       9.6175581       104.58451      0.11112404      -1.2944145     -0.21677978    2.100583e-09       149.40645      0.27299778      0.13376891       0.7269285      0.24569493        0.247026         2.51606        7.501116       2.0689297       8.5830933        8.5830933       2.0689297          2.0689297
              5        9.932798       104.73853      0.11112404      -1.2944145     -0.21677978    2.100583e-09       149.62647      0.27299778      0.13376891       0.7269285      0.24569493        0.247026         2.51606        7.501116       2.6994094       8.5830933        8.5830933       2.6994094          2.6994094
              1        9.665469       104.38885      0.11112404      -1.2944145     -0.21677978    2.100583e-09       149.12692      0.27299778      0.13376891       0.7269285      0.24569493        0.247026         2.51606        7.501116       2.1647514       8.5830933        8.5830933       2.1647514          2.1647514
              1       10.255494       104.82752      0.11112404      -1.2944145     -0.21677978    2.100583e-09        149.7536      0.27299778      0.13376891       0.7269285      0.24569493        0.247026         2.51606        7.501116       3.3448008       8.5830933        8.5830933       3.3448008          3.3448008
              1       9.9252231        105.9649      0.10636013       -1.429146      0.29305755    2.100583e-09       151.37843      0.26327551        0.129005      0.73665077      0.24569493        0.247026         2.51606       7.4116187       2.6842597       8.5830933        8.5830933       2.6842597          2.6842597
              1        10.51715       106.49133      0.10636013       -1.429146      0.29305755    2.100583e-09       152.13047      0.26327551        0.129005      0.73665077      0.24569493        0.247026         2.51606       7.4116187       3.8681139       8.5830933        8.5830933       3.8681139          3.8681139
              3       10.543546       106.46683      0.10640091      -1.4276986      0.29181509    2.100583e-09       152.09547      0.26335873      0.12904578      0.73656754      0.24569493        0.247026         2.51606       7.4126131       3.9209047       8.5830933        8.5830933       3.9209047          3.9209047
              6       9.7949907       106.20328      0.10640091      -1.4276986      0.29181509    2.100583e-09       151.71897      0.26335873      0.12904578      0.73656754      0.24569493        0.247026         2.51606       7.4126131       2.4237947       8.5830933        8.5830933       2.4237947          2.4237947
              2       9.7407803       106.10629      0.10640091      -1.4276986      0.29181509    2.100583e-09       151.58042      0.26335873      0.12904578      0.73656754      0.24569493        0.247026         2.51606       7.4126131        2.315374       8.5830933        8.5830933        2.315374           2.315374
              1       11.687662       107.79522      0.11135878       -1.469653      -0.6206464    2.100583e-09       153.99317      0.27347683      0.13400364      0.72644945      0.24569493        0.247026         2.51606       7.4751025       6.2091379       8.5830933        8.5830933       6.2091379          6.2091379
              1       11.727714       107.80473      0.11066915      -1.3648655      -1.2631127    2.100583e-09       154.00676      0.27206941      0.13331401      0.72785686      0.24569493        0.247026         2.51606        7.457776        6.289242       8.5830933        8.5830933        6.289242           6.289242
              1       12.291091       107.63658      0.11066915      -1.3648655      -1.2631127    2.100583e-09       153.76655      0.27206941      0.13331401      0.72785686      0.24569493        0.247026         2.51606        7.457776       7.4159961       8.5830933        8.5830933       7.4159961          7.4159961
              1       11.816121       108.21226      0.11066915      -1.3648655      -1.2631127    2.100583e-09       154.58895      0.27206941      0.13331401      0.72785686      0.24569493        0.247026         2.51606        7.457776       6.4660561       8.5830933        8.5830933       6.4660561          6.4660561
              1        12.52349       109.28196      0.10842924      -1.5424204     -0.43292505    2.100583e-09       156.11709      0.26749818      0.13107411      0.73242809      0.24569493        0.247026         2.51606       7.4146858       7.8807927       8.5830933        8.5830933       7.8807927          7.8807927
              1       12.188066       109.16239      0.10842924      -1.5424204     -0.43292505    2.100583e-09       155.94627      0.26749818      0.13107411      0.73242809      0.24569493        0.247026         2.51606       7.4146858       7.2099464       8.5830933        8.5830933       7.2099464          7.2099464
              1       12.926019       109.38011      0.10842924      -1.5424204     -0.43292505    2.100583e-09       156.25729      0.26749818      0.13107411      0.73242809      0.24569493        0.247026         2.51606       7.4146858       8.6858507       8.5830933        8.5830933       8.6858507          8.6858507
              1       12.810141       110.55723      0.10543955      -1.6170982     -0.25722718    2.100583e-09        157.9389      0.26139678      0.12808442      0.73852949      0.24569493        0.247026         2.51606       7.3517957       8.4540955       8.5830933        8.5830933       8.4540955          8.4540955
              3       12.669388       110.11826      0.10543955      -1.6170982     -0.25722718    2.100583e-09        157.3118      0.26139678      0.12808442      0.73852949      0.24569493        0.247026         2.51606       7.3517957       8.1725896       8.5830933        8.5830933       8.1725896          8.1725896
              1       12.550887        110.1804      0.10543955      -1.6170982     -0.25722718    2.100583e-09       157.40057      0.26139678      0.12808442      0.73852949      0.24569493        0.247026         2.51606       7.3517957        7.935588       8.5830933        8.5830933        7.935588           7.935588
              2       11.463095       108.11598      0.10757416      -1.6042763      0.44798756    2.100583e-09        154.4514      0.26575311      0.13021903      0.73417316      0.24569493        0.247026         2.51606       7.4165897       5.7600037       8.5830933        8.5830933       5.7600037          5.7600037
              1       12.479128         109.314      0.10369583      -1.7273767      0.99831262    2.100583e-09       156.16286      0.25783817       0.1263407       0.7420881      0.24569493        0.247026         2.51606       7.3480738       7.7920703       8.5830933        8.5830933       7.7920703          7.7920703
              2       13.079162       108.91726      0.10369583      -1.7273767      0.99831262    2.100583e-09       155.59609      0.25783817       0.1263407       0.7420881      0.24569493        0.247026         2.51606       7.3480738       8.9921383       8.5830933        8.5830933       8.9921383          8.9921383
              6       12.934217       108.95659      0.10369583      -1.7273767      0.99831262    2.100583e-09       155.65227      0.25783817       0.1263407       0.7420881      0.24569493        0.247026         2.51606       7.3480738        8.702247       8.5830933        8.5830933        8.702247           8.702247
              1       12.598026       109.08209      0.10369583      -1.7273767      0.99831262    2.100583e-09       155.83155      0.25783817       0.1263407       0.7420881      0.24569493        0.247026         2.51606       7.3480738       8.0298647       8.5830933        8.5830933       8.0298647          8.0298647
              1       11.360427       99.700058      0.12445812      -1.0382053     -0.76282476    2.100583e-09       142.42865      0.30021017      0.14710298       0.6997161      0.24569493        0.247026         2.51606        7.766346       5.5546682       8.5830933        8.5830933       5.5546682          5.5546682
              2        10.18695        103.5429      0.11484529      -1.1343764       -1.155052    2.100583e-09       147.91842      0.28059216      0.13749016      0.71933411      0.24569493        0.247026         2.51606       7.5609924       3.2077129       8.5830933        8.5830933       3.2077129          3.2077129
              4       9.7178343       101.58804      0.11940119      -1.1031649     -0.81421484    2.100583e-09       145.12577      0.28988991      0.14204606      0.71003636      0.24569493        0.247026         2.51606        7.661762       2.2694821       8.5830933        8.5830933       2.2694821          2.2694821
              8       9.7202758       101.58485      0.11940119      -1.1031649     -0.81421484    2.100583e-09       145.12122      0.28988991      0.14204606      0.71003636      0.24569493        0.247026         2.51606        7.661762       2.2743651       8.5830933        8.5830933       2.2743651          2.2743651
              1       9.6016744       100.11812      0.12436136     -0.97340441      -1.3696226    2.100583e-09       143.02588      0.30001272      0.14700623      0.69991355      0.24569493        0.247026         2.51606       7.7515089       2.0371622       8.5830933        8.5830933       2.0371622          2.0371622
              1       9.6785776       101.55087      0.12017097      -1.0217213      -1.2396043    2.100583e-09       145.07267      0.29146089      0.14281584      0.70846538      0.24569493        0.247026         2.51606       7.6719736       2.1909686       8.5830933        8.5830933       2.1909686          2.1909686
              4       9.5148793       103.89568      0.11313656      -1.2199198     -0.53985003    2.100583e-09        148.4224      0.27710496      0.13578143      0.72282132      0.24569493        0.247026         2.51606       7.5373323        1.863572       8.5830933        8.5830933        1.863572           1.863572
              3       10.005494       107.38667      0.10344854       -1.544319      0.71238906    2.100583e-09       153.40953      0.25733348      0.12609341      0.74259279      0.24569493        0.247026         2.51606        7.359168       2.8448011       8.5830933        8.5830933       2.8448011          2.8448011
              3        10.70845       107.69092      0.10344854       -1.544319      0.71238906    2.100583e-09       153.84417      0.25733348      0.12609341      0.74259279      0.24569493        0.247026         2.51606        7.359168        4.250713       8.5830933        8.5830933        4.250713           4.250713
              3       9.0750935        96.60585       0.1392565      -0.6607525      -2.7226104    2.100583e-09       138.00836      0.33041095      0.16190137      0.66951532      0.24569493        0.247026         2.51606       8.0162367      0.98400046       8.5830933        8.5830933      0.98400046         0.98400046
              2       10.814293       96.284972       0.1392565      -0.6607525      -2.7226104    2.100583e-09       137.54996      0.33041095      0.16190137      0.66951532      0.24569493        0.247026         2.51606       8.0162367       4.4623998       8.5830933        8.5830933       4.4623998          4.4623998
              2       10.159021       98.486973       0.1328323     -0.92045778      -1.5515839    2.100583e-09       140.69568      0.31730033      0.15547716      0.68262594      0.24569493        0.247026         2.51606       7.9056664       3.1518557       8.5830933        8.5830933       3.1518557          3.1518557
              5       9.4377049       107.23854       0.1064426      -1.4854984      0.15275822    2.100583e-09       153.19792      0.26344381      0.12908747      0.73648246      0.24569493        0.247026         2.51606       7.3976155       1.7092233       8.5830933        8.5830933       1.7092233          1.7092233
              1       10.852629       105.93099      0.11541596      -1.3657377      -0.7345798    2.100583e-09       151.32998      0.28175679      0.13806083      0.71816948      0.24569493        0.247026         2.51606       7.5606915       4.5390709       8.5830933        8.5830933       4.5390709          4.5390709
              2       11.781865       105.37204      0.11541596      -1.3657377      -0.7345798    2.100583e-09       150.53148      0.28175679      0.13806083      0.71816948      0.24569493        0.247026         2.51606       7.5606915       6.3975436       8.5830933        8.5830933       6.3975436          6.3975436
              3       12.031804       105.67593      0.11497371      -1.3772111     -0.76615561    2.100583e-09       150.96562      0.28085425      0.13761858      0.71907202      0.24569493        0.247026         2.51606        7.550478       6.8974221       8.5830933        8.5830933       6.8974221          6.8974221
              7       11.232989       106.30517      0.11497371      -1.3772111     -0.76615561    2.100583e-09       151.86453      0.28085425      0.13761858      0.71907202      0.24569493        0.247026         2.51606        7.550478        5.299792       8.5830933        8.5830933        5.299792           5.299792
              2       10.692056       97.062551      0.14083306     -0.73291636      -2.7117672    2.100583e-09       138.66079      0.33362842      0.16347793      0.66629785      0.24569493        0.247026         2.51606       8.0383623       4.2179263       8.5830933        8.5830933       4.2179263          4.2179263
              2       10.147852       97.241581      0.14083306     -0.73291636      -2.7117672    2.100583e-09       138.91654      0.33362842      0.16347793      0.66629785      0.24569493        0.247026         2.51606       8.0383623       3.1295175       8.5830933        8.5830933       3.1295175          3.1295175
              1       10.134942       97.453098      0.14083306     -0.73291636      -2.7117672    2.100583e-09       139.21871      0.33362842      0.16347793      0.66629785      0.24569493        0.247026         2.51606       8.0383623       3.1036968       8.5830933        8.5830933       3.1036968          3.1036968
              2       10.879279       97.022905      0.14083306     -0.73291636      -2.7117672    2.100583e-09       138.60415      0.33362842      0.16347793      0.66629785      0.24569493        0.247026         2.51606       8.0383623       4.5923722       8.5830933        8.5830933       4.5923722          4.5923722
              2        9.278841       98.609482      0.13428534     -0.83495637      -2.2636073    2.100583e-09       140.87069      0.32026574      0.15693021      0.67966053      0.24569493        0.247026         2.51606       7.9234918       1.3914955       8.5830933        8.5830933       1.3914955          1.3914955
              2       9.1261295       98.841153      0.13428534     -0.83495637      -2.2636073    2.100583e-09       141.20165      0.32026574      0.15693021      0.67966053      0.24569493        0.247026         2.51606       7.9234918       1.0860725       8.5830933        8.5830933       1.0860725          1.0860725
              2       9.4215527       98.982907      0.13428534     -0.83495637      -2.2636073    2.100583e-09       141.40415      0.32026574      0.15693021      0.67966053      0.24569493        0.247026         2.51606       7.9234918       1.6769188       8.5830933        8.5830933       1.6769188          1.6769188
              2       9.2264924       98.633311      0.13428534     -0.83495637      -2.2636073    2.100583e-09       140.90473      0.32026574      0.15693021      0.67966053      0.24569493        0.247026         2.51606       7.9234918       1.2867982       8.5830933        8.5830933       1.2867982          1.2867982
              6        9.458238       104.62178      0.11659026      -1.2750999     -0.78078236    2.100583e-09       149.45968      0.28415332      0.13923513      0.71577295      0.24569493        0.247026         2.51606       7.5904564       1.7502894       8.5830933        8.5830933       1.7502894          1.7502894
              2       9.6043612       106.35949       0.1093293      -1.4531403      0.10321507    2.100583e-09       151.94212      0.26933504      0.13197417      0.73059123      0.24569493        0.247026         2.51606       7.4573801       2.0425359       8.5830933        8.5830933       2.0425359          2.0425359
              1       9.6136752       106.30686       0.1093293      -1.4531403      0.10321507    2.100583e-09       151.86695      0.26933504      0.13197417      0.73059123      0.24569493        0.247026         2.51606       7.4573801       2.0611639       8.5830933        8.5830933       2.0611639          2.0611639
              2        11.22611       102.45212      0.12606992      -1.0788302       -1.970145    2.100583e-09       146.36017      0.30349956      0.14871479      0.69642671      0.24569493        0.247026         2.51606       7.7615796       5.2860335       8.5830933        8.5830933       5.2860335          5.2860335
              2       11.121284       102.55006      0.12606992      -1.0788302       -1.970145    2.100583e-09       146.50008      0.30349956      0.14871479      0.69642671      0.24569493        0.247026         2.51606       7.7615796       5.0763821       8.5830933        8.5830933       5.0763821          5.0763821
              2       11.396061       102.37694      0.12606992      -1.0788302       -1.970145    2.100583e-09       146.25277      0.30349956      0.14871479      0.69642671      0.24569493        0.247026         2.51606       7.7615796        5.625935       8.5830933        8.5830933        5.625935           5.625935
              1       11.389281       102.89263      0.12276447      -1.2452038     -0.86904263    2.100583e-09       146.98948      0.29675374      0.14540933      0.70317253      0.24569493        0.247026         2.51606       7.7080322       5.6123758       8.5830933        8.5830933       5.6123758          5.6123758
              2       12.090731       102.65099      0.12276447      -1.2452038     -0.86904263    2.100583e-09       146.64427      0.29675374      0.14540933      0.70317253      0.24569493        0.247026         2.51606       7.7080322       7.0152749       8.5830933        8.5830933       7.0152749          7.0152749
              3       12.187228       102.00056      0.12422508      -1.2166008     -0.86892751    2.100583e-09       145.71509      0.29973459      0.14686995      0.70019168      0.24569493        0.247026         2.51606       7.7378832       7.2082693       8.5830933        8.5830933       7.2082693          7.2082693
              3       11.671048       102.51794      0.12422508      -1.2166008     -0.86892751    2.100583e-09        146.4542      0.29973459      0.14686995      0.70019168      0.24569493        0.247026         2.51606       7.7378832       6.1759098       8.5830933        8.5830933       6.1759098          6.1759098
              4        11.12173       106.21585      0.11530983      -1.3398696      -1.0747399    2.100583e-09       151.73693       0.2815402       0.1379547      0.71838607      0.24569493        0.247026         2.51606       7.5539614       5.0772737       8.5830933        8.5830933       5.0772737          5.0772737
              4       12.019246       110.27158     0.099298259        -1.65354      0.42630542    2.100583e-09       157.53083      0.24886352      0.12194313      0.75106275      0.24569493        0.247026         2.51606       7.2404885        6.872306       8.5830933        8.5830933        6.872306           6.872306
              3       10.611509        110.5245     0.099298259        -1.65354      0.42630542    2.100583e-09       157.89214      0.24886352      0.12194313      0.75106275      0.24569493        0.247026         2.51606       7.2404885       4.0568323       8.5830933        8.5830933       4.0568323          4.0568323
              4       9.7907405       108.34511      0.10693266      -1.4948828     -0.19950355    2.100583e-09       154.77873      0.26444392      0.12957752      0.73548235      0.24569493        0.247026         2.51606       7.3944036       2.4152945       8.5830933        8.5830933       2.4152945          2.4152945
              1        9.392811       106.07698      0.11127834        -1.26208     -0.99888008    2.100583e-09       151.53854      0.27331266       0.1339232      0.72661361      0.24569493        0.247026         2.51606       7.4830376       1.6194354       8.5830933        8.5830933       1.6194354          1.6194354
              1       10.470085       106.43288      0.11127834        -1.26208     -0.99888008    2.100583e-09       152.04697      0.27331266       0.1339232      0.72661361      0.24569493        0.247026         2.51606       7.4830376       3.7739828       8.5830933        8.5830933       3.7739828          3.7739828
              3       10.825952       103.61639      0.11822069      -1.0768618      -1.4445568    2.100583e-09       148.02342      0.28748073      0.14086556      0.71244554      0.24569493        0.247026         2.51606       7.6241935       4.4857167       8.5830933        8.5830933       4.4857167          4.4857167
              3       10.527306       103.57161      0.11822069      -1.0768618      -1.4445568    2.100583e-09       147.95944      0.28748073      0.14086556      0.71244554      0.24569493        0.247026         2.51606       7.6241935       3.8884251       8.5830933        8.5830933       3.8884251          3.8884251
              1       11.191262        105.5837      0.10941579      -1.2339968     -0.65673812    2.100583e-09       150.83386      0.26951155      0.13206066      0.73041472      0.24569493        0.247026         2.51606       7.4586464       5.2163382       8.5830933        8.5830933       5.2163382          5.2163382
              1       11.064672       104.85577      0.10941579      -1.2339968     -0.65673812    2.100583e-09       149.79395      0.26951155      0.13206066      0.73041472      0.24569493        0.247026         2.51606       7.4586464       4.9631565       8.5830933        8.5830933       4.9631565          4.9631565
              1       10.856093       105.50709      0.10941579      -1.2339968     -0.65673812    2.100583e-09       150.72442      0.26951155      0.13206066      0.73041472      0.24569493        0.247026         2.51606       7.4586464       4.5460004       8.5830933        8.5830933       4.5460004          4.5460004
              1        10.86236       104.90318      0.10941579      -1.2339968     -0.65673812    2.100583e-09       149.86169      0.26951155      0.13206066      0.73041472      0.24569493        0.247026         2.51606       7.4586464       4.5585333       8.5830933        8.5830933       4.5585333          4.5585333
              1       10.499246       105.39441      0.10941579      -1.2339968     -0.65673812    2.100583e-09       150.56344      0.26951155      0.13206066      0.73041472      0.24569493        0.247026         2.51606       7.4586464       3.8323055       8.5830933        8.5830933       3.8323055          3.8323055
              2       11.198611       107.41515      0.10231902      -1.3827863    -0.064158765    2.100583e-09       153.45021      0.25502835      0.12496389      0.74489792      0.24569493        0.247026         2.51606       7.3193214       5.2310359       8.5830933        8.5830933       5.2310359          5.2310359
              2       11.658653       105.68258      0.10714241      -1.3356054     0.048646635    2.100583e-09       150.97512        0.264872      0.12978728      0.73505427      0.24569493        0.247026         2.51606       7.4294646       6.1511198       8.5830933        8.5830933       6.1511198          6.1511198
              3       10.065361       105.53261      0.10977791       -1.258468      -0.5919475    2.100583e-09       150.76088      0.27025056      0.13242277      0.72967571      0.24569493        0.247026         2.51606        7.465057       2.9645354       8.5830933        8.5830933       2.9645354          2.9645354
              1       11.274572        104.8174      0.10977791       -1.258468      -0.5919475    2.100583e-09       149.73914      0.27025056      0.13242277      0.72967571      0.24569493        0.247026         2.51606        7.465057       5.3829566       8.5830933        8.5830933       5.3829566          5.3829566
              1        9.797072       105.40745      0.10977791       -1.258468      -0.5919475    2.100583e-09       150.58207      0.27025056      0.13242277      0.72967571      0.24569493        0.247026         2.51606        7.465057       2.4279574       8.5830933        8.5830933       2.4279574          2.4279574
              2       9.6000937       98.451395      0.13109693     -0.79625299      -2.0038296    2.100583e-09       140.64485      0.31375877       0.1537418       0.6861675      0.24569493        0.247026         2.51606       7.8754132       2.0340009       8.5830933        8.5830933       2.0340009          2.0340009
              1       9.4553774       98.155252      0.13109693     -0.79625299      -2.0038296    2.100583e-09       140.22179      0.31375877       0.1537418       0.6861675      0.24569493        0.247026         2.51606       7.8754132       1.7445682       8.5830933        8.5830933       1.7445682          1.7445682
              2       9.3662109       98.234682      0.13109693     -0.79625299      -2.0038296    2.100583e-09       140.33526      0.31375877       0.1537418       0.6861675      0.24569493        0.247026         2.51606       7.8754132       1.5662352       8.5830933        8.5830933       1.5662352          1.5662352
              5       9.3569246       98.274215      0.13109693     -0.79625299      -2.0038296    2.100583e-09       140.39174      0.31375877       0.1537418       0.6861675      0.24569493        0.247026         2.51606       7.8754132       1.5476627       8.5830933        8.5830933       1.5476627          1.5476627
              6       8.9331248       99.392807      0.12862706     -0.82720737      -2.1252553    2.100583e-09       141.98972      0.30871822      0.15127193      0.69120805      0.24569493        0.247026         2.51606       7.8251405      0.70006294       8.5830933        8.5830933      0.70006294         0.70006294
              1       8.9611568       99.455883      0.12862706     -0.82720737      -2.1252553    2.100583e-09       142.07983      0.30871822      0.15127193      0.69120805      0.24569493        0.247026         2.51606       7.8251405      0.75612701       8.5830933        8.5830933      0.75612701         0.75612701
              2       12.204404       104.16257      0.11091098       -1.253607     -0.13372933    2.100583e-09       148.80368      0.27256294      0.13355584      0.72736333      0.24569493        0.247026         2.51606       7.5074133       7.2426218       8.5830933        8.5830933       7.2426218          7.2426218
              4        9.881692       96.359846      0.13998424      -0.7225361      -2.2753087    2.100583e-09       137.65692      0.33189614      0.16262911      0.66803013      0.24569493        0.247026         2.51606        8.032737       2.5971974       8.5830933        8.5830933       2.5971974          2.5971974
              8       9.9095086       97.179464      0.13682121     -0.78968339       -1.968157    2.100583e-09       138.82781      0.32544097      0.15946608       0.6744853      0.24569493        0.247026         2.51606       7.9784766       2.6528307       8.5830933        8.5830933       2.6528307          2.6528307
              3       9.9625375       97.037588      0.13682121     -0.78968339       -1.968157    2.100583e-09       138.62513      0.32544097      0.15946608       0.6744853      0.24569493        0.247026         2.51606       7.9784766       2.7588884       8.5830933        8.5830933       2.7588884          2.7588884
              1       9.9617316        97.22804      0.13682121     -0.78968339       -1.968157    2.100583e-09        138.8972      0.32544097      0.15946608       0.6744853      0.24569493        0.247026         2.51606       7.9784766       2.7572766       8.5830933        8.5830933       2.7572766          2.7572766
              6        9.893429       97.126261      0.13682121     -0.78968339       -1.968157    2.100583e-09        138.7518      0.32544097      0.15946608       0.6744853      0.24569493        0.247026         2.51606       7.9784766       2.6206714       8.5830933        8.5830933       2.6206714          2.6206714
              1       8.9067471       102.54492      0.12114552      -1.0379882      -1.6224749    2.100583e-09       146.49274      0.29344977      0.14379039       0.7064765      0.24569493        0.247026         2.51606       7.6791048      0.64730769       8.5830933        8.5830933      0.64730769         0.64730769
              6       9.8235597       101.99787      0.12114552      -1.0379882      -1.6224749    2.100583e-09       145.71124      0.29344977      0.14379039       0.7064765      0.24569493        0.247026         2.51606       7.6791048       2.4809329       8.5830933        8.5830933       2.4809329          2.4809329
              6       8.9281155       102.55487      0.12114552      -1.0379882      -1.6224749    2.100583e-09       146.50696      0.29344977      0.14379039       0.7064765      0.24569493        0.247026         2.51606       7.6791048      0.69004446       8.5830933        8.5830933      0.69004446         0.69004446
              2        9.624011       102.03622      0.12114552      -1.0379882      -1.6224749    2.100583e-09       145.76603      0.29344977      0.14379039       0.7064765      0.24569493        0.247026         2.51606       7.6791048       2.0818354       8.5830933        8.5830933       2.0818354          2.0818354
              2       12.492743       103.13712      0.12114552      -1.0379882      -1.6224749    2.100583e-09       147.33874      0.29344977      0.14379039       0.7064765      0.24569493        0.247026         2.51606       7.6791048        7.819299       8.5830933        8.5830933        7.819299           7.819299
              1        12.36098       103.76688       0.1203142      -1.0221041      -1.9510497    2.100583e-09        148.2384       0.2917532      0.14295907      0.70817307      0.24569493        0.247026         2.51606       7.6582514       7.5557731       8.5830933        8.5830933       7.5557731          7.5557731
              3       10.835648       104.78139      0.11672249      -1.1055471      -1.6878263    2.100583e-09        149.6877      0.28442318      0.13936736      0.71550309      0.24569493        0.247026         2.51606       7.5880141       4.5051101       8.5830933        8.5830933       4.5051101          4.5051101
              1       10.630902       104.85732       0.1150575      -1.1201096      -1.4951947    2.100583e-09       149.79618      0.28102523      0.13770236      0.71890104      0.24569493        0.247026         2.51606        7.558482       4.0956164       8.5830933        8.5830933       4.0956164          4.0956164
              4       9.8010526       104.64431       0.1150575      -1.1201096      -1.4951947    2.100583e-09       149.49188      0.28102523      0.13770236      0.71890104      0.24569493        0.247026         2.51606        7.558482       2.4359186       8.5830933        8.5830933       2.4359186          2.4359186
              5       9.7507529       104.22797      0.11714248      -1.0872609      -1.6815147    2.100583e-09        148.8971       0.2852803      0.13978735      0.71464597      0.24569493        0.247026         2.51606       7.5976714       2.3353191       8.5830933        8.5830933       2.3353191          2.3353191
              2       10.032782       104.30556      0.11714248      -1.0872609      -1.6815147    2.100583e-09       149.00794       0.2852803      0.13978735      0.71464597      0.24569493        0.247026         2.51606       7.5976714       2.8993768       8.5830933        8.5830933       2.8993768          2.8993768
              1       10.244148       103.45919      0.11682235      -1.0761491       -1.334162    2.100583e-09       147.79885      0.28462698      0.13946722      0.71529929      0.24569493        0.247026         2.51606       7.6001992       3.3221098       8.5830933        8.5830933       3.3221098          3.3221098
              1       10.280786       102.76605      0.11682235      -1.0761491       -1.334162    2.100583e-09       146.80865      0.28462698      0.13946722      0.71529929      0.24569493        0.247026         2.51606       7.6001992       3.3953854       8.5830933        8.5830933       3.3953854          3.3953854
              3       9.6192879       101.69952      0.12116463      -1.0063063      -1.6387355    2.100583e-09       145.28503      0.29348876      0.14380949      0.70643751      0.24569493        0.247026         2.51606       7.6819095       2.0723892       8.5830933        8.5830933       2.0723892          2.0723892
              2       9.7062215       101.68055      0.12116463      -1.0063063      -1.6387355    2.100583e-09       145.25793      0.29348876      0.14380949      0.70643751      0.24569493        0.247026         2.51606       7.6819095       2.2462564       8.5830933        8.5830933       2.2462564          2.2462564
              2       9.4382444       102.29597      0.12116463      -1.0063063      -1.6387355    2.100583e-09        146.1371      0.29348876      0.14380949      0.70643751      0.24569493        0.247026         2.51606       7.6819095       1.7103023       8.5830933        8.5830933       1.7103023          1.7103023
              2       9.6024335       100.86401      0.12506066     -0.95491537      -1.6183352    2.100583e-09       144.09145      0.30143986      0.14770553      0.69848641      0.24569493        0.247026         2.51606       7.7597231       2.0386805       8.5830933        8.5830933       2.0386805          2.0386805
              1       9.8399504       100.91218      0.12506066     -0.95491537      -1.6183352    2.100583e-09       144.16026      0.30143986      0.14770553      0.69848641      0.24569493        0.247026         2.51606       7.7597231       2.5137142       8.5830933        8.5830933       2.5137142          2.5137142
              1       9.7048597       98.734643      0.13128316      -0.8315929      -1.9031806    2.100583e-09       141.04949      0.31413883      0.15392803      0.68578744      0.24569493        0.247026         2.51606       7.8778096       2.2435328       8.5830933        8.5830933       2.2435328          2.2435328
              6        9.318469       98.219611      0.13284292     -0.77958692      -2.1252094    2.100583e-09       140.31373      0.31732201      0.15548779      0.68260426      0.24569493        0.247026         2.51606        7.905367       1.4707515       8.5830933        8.5830933       1.4707515          1.4707515
              4       9.9052827       98.371768      0.13284292     -0.77958692      -2.1252094    2.100583e-09        140.5311      0.31732201      0.15548779      0.68260426      0.24569493        0.247026         2.51606        7.905367       2.6443787       8.5830933        8.5830933       2.6443787          2.6443787
              2       9.0678732       98.049969      0.13284292     -0.77958692      -2.1252094    2.100583e-09       140.07138      0.31732201      0.15548779      0.68260426      0.24569493        0.247026         2.51606        7.905367      0.96955993       8.5830933        8.5830933      0.96955993         0.96955993
              1       9.6247347       105.14643      0.11527562      -1.1642066      -1.5161429    2.100583e-09       150.20918      0.28147038      0.13792049      0.71845589      0.24569493        0.247026         2.51606       7.5586639       2.0832828       8.5830933        8.5830933       2.0832828          2.0832828
              7       10.285902       106.35044      0.11386589      -1.3049121      -1.0586026    2.100583e-09        151.9292      0.27859338      0.13651076      0.72133289      0.24569493        0.247026         2.51606       7.5288652       3.4056171       8.5830933        8.5830933       3.4056171          3.4056171
              3       9.2774985       104.11803      0.11708839      -1.1804189      -1.0855406    2.100583e-09       148.74005      0.28516991      0.13973325      0.71475636      0.24569493        0.247026         2.51606        7.601442       1.3888104       8.5830933        8.5830933       1.3888104          1.3888104
              5        8.808344       103.81821      0.11708839      -1.1804189      -1.0855406    2.100583e-09       148.31173      0.28516991      0.13973325      0.71475636      0.24569493        0.247026         2.51606        7.601442      0.45050151       8.5830933        8.5830933      0.45050151         0.45050151
              1       8.9189114       103.71752      0.11708839      -1.1804189      -1.0855406    2.100583e-09       148.16788      0.28516991      0.13973325      0.71475636      0.24569493        0.247026         2.51606        7.601442      0.67163621       8.5830933        8.5830933      0.67163621         0.67163621
              1       9.1976499       103.58115      0.11508365      -1.2301747     -0.54225978    2.100583e-09       147.97307       0.2810786      0.13772852      0.71884767      0.24569493        0.247026         2.51606        7.573543       1.2291132       8.5830933        8.5830933       1.2291132          1.2291132
              2       9.2084483        103.6585      0.11508365      -1.2301747     -0.54225978    2.100583e-09       148.08358       0.2810786      0.13772852      0.71884767      0.24569493        0.247026         2.51606        7.573543         1.25071       8.5830933        8.5830933         1.25071            1.25071
              2       9.3837346       103.77878      0.11508365      -1.2301747     -0.54225978    2.100583e-09        148.2554       0.2810786      0.13772852      0.71884767      0.24569493        0.247026         2.51606        7.573543       1.6012826       8.5830933        8.5830933       1.6012826          1.6012826
              1        9.249618       103.51693      0.11508365      -1.2301747     -0.54225978    2.100583e-09       147.88132       0.2810786      0.13772852      0.71884767      0.24569493        0.247026         2.51606        7.573543       1.3330494       8.5830933        8.5830933       1.3330494          1.3330494
              1       10.702482       101.48781      0.12921847     -0.97193268      -2.2122835    2.100583e-09       144.98258      0.30992517      0.15186333       0.6900011      0.24569493        0.247026         2.51606       7.8229678       4.2387771       8.5830933        8.5830933       4.2387771          4.2387771
              4       10.016173       104.10101      0.11786088      -1.1879116      -1.3749217    2.100583e-09       148.71573      0.28674642      0.14050575      0.71317985      0.24569493        0.247026         2.51606       7.6093025       2.8661596       8.5830933        8.5830933       2.8661596          2.8661596
              6       9.4358834       104.53393      0.11786088      -1.1879116      -1.3749217    2.100583e-09       149.33418      0.28674642      0.14050575      0.71317985      0.24569493        0.247026         2.51606       7.6093025       1.7055802       8.5830933        8.5830933       1.7055802          1.7055802
              3       9.4768691       104.18085      0.11839735      -1.1560328       -1.549385    2.100583e-09       148.82978      0.28784125      0.14104221      0.71208502      0.24569493        0.247026         2.51606        7.618778       1.7875516       8.5830933        8.5830933       1.7875516          1.7875516
              5       9.9954497       107.69857      0.10258373      -1.5624699      0.70694793    2.100583e-09        153.8551      0.25556856       0.1252286      0.74435771      0.24569493        0.247026         2.51606       7.3375014       2.8247128       8.5830933        8.5830933       2.8247128          2.8247128
              1       11.194899       107.39642      0.10258373      -1.5624699      0.70694793    2.100583e-09       153.42345      0.25556856       0.1252286      0.74435771      0.24569493        0.247026         2.51606       7.3375014       5.2236114       8.5830933        8.5830933       5.2236114          5.2236114
              2       10.057637       108.06157      0.10258373      -1.5624699      0.70694793    2.100583e-09       154.37368      0.25556856       0.1252286      0.74435771      0.24569493        0.247026         2.51606       7.3375014       2.9490881       8.5830933        8.5830933       2.9490881          2.9490881
              2        10.07101       96.238217      0.13689336     -0.64478635      -2.4846795    2.100583e-09       137.48317      0.32558822      0.15953823      0.67433805      0.24569493        0.247026         2.51606       7.9812187       2.9758326       8.5830933        8.5830933       2.9758326          2.9758326
              2        9.510017        98.25165      0.13090992     -0.74426472      -2.2923608    2.100583e-09        140.3595      0.31337711      0.15355478      0.68654916      0.24569493        0.247026         2.51606       7.8701905       1.8538474       8.5830933        8.5830933       1.8538474          1.8538474
              1       10.555758        98.68141      0.13090992     -0.74426472      -2.2923608    2.100583e-09       140.97344      0.31337711      0.15355478      0.68654916      0.24569493        0.247026         2.51606       7.8701905       3.9453291       8.5830933        8.5830933       3.9453291          3.9453291
              2       10.174426         97.7767       0.1334951     -0.67648778      -2.5177231    2.100583e-09         139.681        0.318653      0.15613997      0.68127327      0.24569493        0.247026         2.51606       7.9175943        3.182666       8.5830933        8.5830933        3.182666           3.182666
              2       11.413186       97.015718       0.1334951     -0.67648778      -2.5177231    2.100583e-09       138.59388        0.318653      0.15613997      0.68127327      0.24569493        0.247026         2.51606       7.9175943       5.6601858       8.5830933        8.5830933       5.6601858          5.6601858
              1       9.6284896       97.449585       0.1334951     -0.67648778      -2.5177231    2.100583e-09       139.21369        0.318653      0.15613997      0.68127327      0.24569493        0.247026         2.51606       7.9175943       2.0907926       8.5830933        8.5830933       2.0907926          2.0907926
              4       9.9110283       95.728113      0.14352147     -0.63459559      -2.8051881    2.100583e-09       136.75445      0.33911496      0.16616633      0.66081131      0.24569493        0.247026         2.51606       8.0904493       2.6558701       8.5830933        8.5830933       2.6558701          2.6558701
              4       11.841547       95.417706      0.14352147     -0.63459559      -2.8051881    2.100583e-09       136.31101      0.33911496      0.16616633      0.66081131      0.24569493        0.247026         2.51606       8.0904493       6.5169067       8.5830933        8.5830933       6.5169067          6.5169067
              9       8.6959013       100.07247      0.12812643     -0.87464486      -2.1694813    2.100583e-09       142.96067      0.30769653       0.1507713      0.69222974      0.24569493        0.247026         2.51606       7.8110907      0.22561601       8.5830933        8.5830933      0.22561601         0.22561601
              3       9.4034066       100.51349      0.12812643     -0.87464486      -2.1694813    2.100583e-09        143.5907      0.30769653       0.1507713      0.69222974      0.24569493        0.247026         2.51606       7.8110907       1.6406265       8.5830933        8.5830933       1.6406265          1.6406265
              1       9.5401813       100.95498      0.12701932     -0.84728874      -2.4578643    2.100583e-09        144.2214      0.30543712      0.14966419      0.69448915      0.24569493        0.247026         2.51606       7.7876605        1.914176       8.5830933        8.5830933        1.914176           1.914176
              4       9.0634902       99.398179      0.13178887     -0.73930452       -2.816528    2.100583e-09        141.9974      0.31517089      0.15443374      0.68475538      0.24569493        0.247026         2.51606       7.8763382      0.96079392       8.5830933        8.5830933      0.96079392         0.96079392
              2        8.900633       99.126562      0.13178887     -0.73930452       -2.816528    2.100583e-09       141.60937      0.31517089      0.15443374      0.68475538      0.24569493        0.247026         2.51606       7.8763382      0.63507944       8.5830933        8.5830933      0.63507944         0.63507944
              5        9.019449       99.062477      0.13178887     -0.73930452       -2.816528    2.100583e-09       141.51782      0.31517089      0.15443374      0.68475538      0.24569493        0.247026         2.51606       7.8763382      0.87271145       8.5830933        8.5830933      0.87271145         0.87271145
              1       9.9793705       106.25781      0.11370659      -1.3266441     -0.91698555    2.100583e-09       151.79686      0.27826829      0.13635146      0.72165798      0.24569493        0.247026         2.51606       7.5268566       2.7925544       8.5830933        8.5830933       2.7925544          2.7925544
              1       10.476271       109.20402      0.10411426      -1.5141513      -0.2998572    2.100583e-09       156.00575      0.25869209      0.12675913      0.74123418      0.24569493        0.247026         2.51606       7.3327065       3.7863562       8.5830933        8.5830933       3.7863562          3.7863562
              1       10.108643       109.38133      0.10411426      -1.5141513      -0.2998572    2.100583e-09       156.25904      0.25869209      0.12675913      0.74123418      0.24569493        0.247026         2.51606       7.3327065       3.0510997       8.5830933        8.5830933       3.0510997          3.0510997
              1       9.5796318        108.2896      0.10244532      -1.4912701      0.19297679    2.100583e-09       154.69942       0.2552861      0.12509019      0.74464017      0.24569493        0.247026         2.51606       7.3176619        1.993077       8.5830933        8.5830933        1.993077           1.993077
              1       9.7281694       108.47358      0.10244532      -1.4912701      0.19297679    2.100583e-09       154.96226       0.2552861      0.12509019      0.74464017      0.24569493        0.247026         2.51606       7.3176619       2.2901522       8.5830933        8.5830933       2.2901522          2.2901522
              1       10.365547       111.15162      0.09557041      -1.7768097        1.339084    2.100583e-09       158.78803      0.24125567      0.11821528      0.75867061      0.24569493        0.247026         2.51606       7.1983302       3.5649067       8.5830933        8.5830933       3.5649067          3.5649067
              2       10.542618        111.0783     0.094104637      -1.7819131       1.5244601    2.100583e-09       158.68328      0.23826429       0.1167495      0.76166198      0.24569493        0.247026         2.51606       7.1897196       3.9190499       8.5830933        8.5830933       3.9190499          3.9190499
              2       10.827046        110.7346     0.094104637      -1.7819131       1.5244601    2.100583e-09       158.19229      0.23826429       0.1167495      0.76166198      0.24569493        0.247026         2.51606       7.1897196       4.4879047       8.5830933        8.5830933       4.4879047          4.4879047
              1       10.711001       110.63885     0.094099367      -1.7688765       1.4858137    2.100583e-09       158.05549      0.23825354      0.11674423      0.76167273      0.24569493        0.247026         2.51606       7.1885247       4.2558148       8.5830933        8.5830933       4.2558148          4.2558148
              1       10.368345       110.82746     0.094099367      -1.7688765       1.4858137    2.100583e-09       158.32494      0.23825354      0.11674423      0.76167273      0.24569493        0.247026         2.51606       7.1885247       3.5705025       8.5830933        8.5830933       3.5705025          3.5705025
              5       10.438571       107.78185      0.10159244      -1.6001213      0.95696236    2.100583e-09       153.97408      0.25354553      0.12423731      0.74638074      0.24569493        0.247026         2.51606       7.3298523       3.7109552       8.5830933        8.5830933       3.7109552          3.7109552
              4       11.452758       108.35277      0.10159244      -1.6001213      0.95696236    2.100583e-09       154.78967      0.25354553      0.12423731      0.74638074      0.24569493        0.247026         2.51606       7.3298523       5.7393302       8.5830933        8.5830933       5.7393302          5.7393302
              3       10.938021       108.24018      0.10159244      -1.6001213      0.95696236    2.100583e-09       154.62883      0.25354553      0.12423731      0.74638074      0.24569493        0.247026         2.51606       7.3298523       4.7098559       8.5830933        8.5830933       4.7098559          4.7098559
              9       10.342013       107.98551      0.10159244      -1.6001213      0.95696236    2.100583e-09       154.26502      0.25354553      0.12423731      0.74638074      0.24569493        0.247026         2.51606       7.3298523       3.5178387       8.5830933        8.5830933       3.5178387          3.5178387
              1       10.989106       107.59293      0.10159244      -1.6001213      0.95696236    2.100583e-09       153.70418      0.25354553      0.12423731      0.74638074      0.24569493        0.247026         2.51606       7.3298523       4.8120252       8.5830933        8.5830933       4.8120252          4.8120252
              2       10.472236       108.08078      0.10159244      -1.6001213      0.95696236    2.100583e-09       154.40111      0.25354553      0.12423731      0.74638074      0.24569493        0.247026         2.51606       7.3298523       3.7782863       8.5830933        8.5830933       3.7782863          3.7782863
              3       10.933792       107.60672      0.10159244      -1.6001213      0.95696236    2.100583e-09       153.72388      0.25354553      0.12423731      0.74638074      0.24569493        0.247026         2.51606       7.3298523       4.7013978       8.5830933        8.5830933       4.7013978          4.7013978
              3       10.318505       107.93685      0.10159244      -1.6001213      0.95696236    2.100583e-09        154.1955      0.25354553      0.12423731      0.74638074      0.24569493        0.247026         2.51606       7.3298523        3.470824       8.5830933        8.5830933        3.470824           3.470824
              2       10.796189       106.89545      0.10435591      -1.5373802      0.81231269    2.100583e-09       152.70779      0.25918526      0.12700078      0.74074101      0.24569493        0.247026         2.51606       7.3874068       4.4261915       8.5830933        8.5830933       4.4261915          4.4261915
              1        11.39865       107.07092      0.10435591      -1.5373802      0.81231269    2.100583e-09       152.95846      0.25918526      0.12700078      0.74074101      0.24569493        0.247026         2.51606       7.3874068       5.6311126       8.5830933        8.5830933       5.6311126          5.6311126
              3       11.612659       106.30539      0.10435591      -1.5373802      0.81231269    2.100583e-09       151.86484      0.25918526      0.12700078      0.74074101      0.24569493        0.247026         2.51606       7.3874068       6.0591312       8.5830933        8.5830933       6.0591312          6.0591312
              2       10.896633       102.39656      0.11639454      -1.2463053     -0.22070965    2.100583e-09        146.2808      0.28375389       0.1390394      0.71617239      0.24569493        0.247026         2.51606       7.6095903       4.6270791       8.5830933        8.5830933       4.6270791          4.6270791
              1       10.296116       102.72681      0.11639454      -1.2463053     -0.22070965    2.100583e-09       146.75259      0.28375389       0.1390394      0.71617239      0.24569493        0.247026         2.51606       7.6095903       3.4260457       8.5830933        8.5830933       3.4260457          3.4260457
              8       10.986617       102.37534      0.11639454      -1.2463053     -0.22070965    2.100583e-09       146.25048      0.28375389       0.1390394      0.71617239      0.24569493        0.247026         2.51606       7.6095903       4.8070482       8.5830933        8.5830933       4.8070482          4.8070482
              2       12.026213       102.19184      0.11639454      -1.2463053     -0.22070965    2.100583e-09       145.98834      0.28375389       0.1390394      0.71617239      0.24569493        0.247026         2.51606       7.6095903       6.8862393       8.5830933        8.5830933       6.8862393          6.8862393
              2        12.87659       99.934144      0.12461827      -1.0973488     -0.79812779    2.100583e-09       142.76306      0.30053701      0.14726313      0.69938927      0.24569493        0.247026         2.51606       7.7601126       8.5869932       8.5830933        8.5830933       8.5869932          8.5869932
              3       12.398596        103.9181      0.11512134      -1.3696453     -0.12595329    2.100583e-09       148.45442      0.28115552      0.13776621      0.71877075      0.24569493        0.247026         2.51606       7.5720955       7.6310044       8.5830933        8.5830933       7.6310044          7.6310044
              2        11.49629       104.05736      0.11512134      -1.3696453     -0.12595329    2.100583e-09       148.65337      0.28115552      0.13776621      0.71877075      0.24569493        0.247026         2.51606       7.5720955        5.826393       8.5830933        8.5830933        5.826393           5.826393
              2       10.512126       104.63021      0.11512134      -1.3696453     -0.12595329    2.100583e-09       149.47173      0.28115552      0.13776621      0.71877075      0.24569493        0.247026         2.51606       7.5720955       3.8580646       8.5830933        8.5830933       3.8580646          3.8580646
              3       11.862533       104.95459      0.11512134      -1.3696453     -0.12595329    2.100583e-09       149.93513      0.28115552      0.13776621      0.71877075      0.24569493        0.247026         2.51606       7.5720955       6.5588793       8.5830933        8.5830933       6.5588793          6.5588793
              1       11.205383       104.11376      0.11512134      -1.3696453     -0.12595329    2.100583e-09       148.73394      0.28115552      0.13776621      0.71877075      0.24569493        0.247026         2.51606       7.5720955       5.2445789       8.5830933        8.5830933       5.2445789          5.2445789
              1       10.690574       104.24603      0.11512134      -1.3696453     -0.12595329    2.100583e-09        148.9229      0.28115552      0.13776621      0.71877075      0.24569493        0.247026         2.51606       7.5720955       4.2149623       8.5830933        8.5830933       4.2149623          4.2149623
              5       10.540949       104.30296      0.11512134      -1.3696453     -0.12595329    2.100583e-09       149.00422      0.28115552      0.13776621      0.71877075      0.24569493        0.247026         2.51606       7.5720955       3.9157123       8.5830933        8.5830933       3.9157123          3.9157123
              1       11.066585       105.19924      0.10930918      -1.4663195      0.54972838    2.100583e-09       150.28463      0.26929397      0.13195405       0.7306323      0.24569493        0.247026         2.51606       7.4795493       4.9669826       8.5830933        8.5830933       4.9669826          4.9669826
              1       10.284125       105.34723      0.10878296      -1.4070743      0.14594605    2.100583e-09       150.49604      0.26822005      0.13142783      0.73170622      0.24569493        0.247026         2.51606       7.4552936       3.4020637       8.5830933        8.5830933       3.4020637          3.4020637
              1       12.319285       105.03029      0.10878296      -1.4070743      0.14594605    2.100583e-09       150.04327      0.26822005      0.13142783      0.73170622      0.24569493        0.247026         2.51606       7.4552936        7.472384       8.5830933        8.5830933        7.472384           7.472384
              1       11.279245       106.19956      0.10878296      -1.4070743      0.14594605    2.100583e-09       151.71366      0.26822005      0.13142783      0.73170622      0.24569493        0.247026         2.51606       7.4552936       5.3923025       8.5830933        8.5830933       5.3923025          5.3923025
              2       12.187858       111.85056     0.099673739      -1.8114148       0.8609373    2.100583e-09       159.78651      0.24962981      0.12231861      0.75029646      0.24569493        0.247026         2.51606       7.2453935        7.209529       8.5830933        8.5830933        7.209529           7.209529
              2       12.439028       112.61789     0.097279031      -1.8671112       1.0570591    2.100583e-09        160.8827      0.24474265       0.1199239      0.75518362      0.24569493        0.247026         2.51606       7.1963011       7.7118692       8.5830933        8.5830933       7.7118692          7.7118692
              3       13.723804       113.63397     0.094955739       -1.868708      0.78727945    2.100583e-09       162.33424      0.24000124      0.11760061      0.75992504      0.24569493        0.247026         2.51606       7.1360022       10.281422       8.5830933        8.5830933       10.281422          10.281422
              1       12.406121       113.93981     0.094955739       -1.868708      0.78727945    2.100583e-09       162.77116      0.24000124      0.11760061      0.75992504      0.24569493        0.247026         2.51606       7.1360022       7.6460563       8.5830933        8.5830933       7.6460563          7.6460563
              4       12.236878       114.32929     0.094955739       -1.868708      0.78727945    2.100583e-09       163.32756      0.24000124      0.11760061      0.75992504      0.24569493        0.247026         2.51606       7.1360022       7.3075702       8.5830933        8.5830933       7.3075702          7.3075702
              4       13.161193        112.7472     0.097005476      -1.8418286       1.1788636    2.100583e-09       161.06742      0.24418437      0.11965034       0.7557419      0.24569493        0.247026         2.51606       7.2011257       9.1562004       8.5830933        8.5830933       9.1562004          9.1562004
              2       11.692508       112.00497     0.097005476      -1.8418286       1.1788636    2.100583e-09       160.00709      0.24418437      0.11965034       0.7557419      0.24569493        0.247026         2.51606       7.2011257       6.2188289       8.5830933        8.5830933       6.2188289          6.2188289
              2       11.721722       111.99236     0.097005476      -1.8418286       1.1788636    2.100583e-09       159.98909      0.24418437      0.11965034       0.7557419      0.24569493        0.247026         2.51606       7.2011257       6.2772574       8.5830933        8.5830933       6.2772574          6.2772574
              9       11.478308       112.17066     0.097005476      -1.8418286       1.1788636    2.100583e-09       160.24381      0.24418437      0.11965034       0.7557419      0.24569493        0.247026         2.51606       7.2011257       5.7904298       8.5830933        8.5830933       5.7904298          5.7904298
              3       10.554971       104.87555      0.11321733      -1.1401122      -1.2530805    2.100583e-09       149.82222       0.2772698       0.1358622      0.72265648      0.24569493        0.247026         2.51606       7.5263656       3.9437549       8.5830933        8.5830933       3.9437549          3.9437549
              2       13.680998       108.19581      0.10521036      -1.3140978     -0.73245025    2.100583e-09       154.56544      0.26092904      0.12785523      0.73899723      0.24569493        0.247026         2.51606       7.3633724        10.19581       8.5830933        8.5830933        10.19581           10.19581
              1       11.094931       107.67783      0.10521036      -1.3140978     -0.73245025    2.100583e-09       153.82547      0.26092904      0.12785523      0.73899723      0.24569493        0.247026         2.51606       7.3633724       5.0236756       8.5830933        8.5830933       5.0236756          5.0236756
              1       11.161132        107.3499      0.10521036      -1.3140978     -0.73245025    2.100583e-09       153.35701      0.26092904      0.12785523      0.73899723      0.24569493        0.247026         2.51606       7.3633724       5.1560768       8.5830933        8.5830933       5.1560768          5.1560768
              1       11.160104       107.35032      0.10521205      -1.3141097     -0.73270266    2.100583e-09        153.3576      0.26093249      0.12785692      0.73899379      0.24569493        0.247026         2.51606       7.3633986       5.1540214       8.5830933        8.5830933       5.1540214          5.1540214
              2       11.283013       107.75933      0.10521205      -1.3141097     -0.73270266    2.100583e-09       153.94191      0.26093249      0.12785692      0.73899379      0.24569493        0.247026         2.51606       7.3633986       5.3998398       8.5830933        8.5830933       5.3998398          5.3998398
              1       11.152654       107.24807      0.10648421      -1.2999508     -0.69059495    2.100583e-09       153.21153      0.26352874      0.12912908      0.73639753      0.24569493        0.247026         2.51606       7.3917327       5.1391211       8.5830933        8.5830933       5.1391211          5.1391211
              1       10.589762       106.77665      0.10648421      -1.2999508     -0.69059495    2.100583e-09       152.53808      0.26352874      0.12912908      0.73639753      0.24569493        0.247026         2.51606       7.3917327       4.0133373       8.5830933        8.5830933       4.0133373          4.0133373
              4       9.5026498        101.6626      0.12189326     -0.93228241      -1.9304255    2.100583e-09       145.23228      0.29497577      0.14453813       0.7049505      0.24569493        0.247026         2.51606       7.6957742       1.8391131       8.5830933        8.5830933       1.8391131          1.8391131
              1       9.5933678       101.44693      0.12189326     -0.93228241      -1.9304255    2.100583e-09       144.92419      0.29497577      0.14453813       0.7049505      0.24569493        0.247026         2.51606       7.6957742        2.020549       8.5830933        8.5830933        2.020549           2.020549
              2       9.2091252       103.74445      0.11491504      -1.1584886     -0.97926558    2.100583e-09       148.20635       0.2807345       0.1375599      0.71919177      0.24569493        0.247026         2.51606       7.5646353       1.2520638       8.5830933        8.5830933       1.2520638          1.2520638
              1       9.2937304       103.88097      0.11491504      -1.1584886     -0.97926558    2.100583e-09       148.40139       0.2807345       0.1375599      0.71919177      0.24569493        0.247026         2.51606       7.5646353       1.4212743       8.5830933        8.5830933       1.4212743          1.4212743
              4       9.6417471        105.1511      0.11031321      -1.2520363     -0.60248233    2.100583e-09       150.21586      0.27134301      0.13295807      0.72858326      0.24569493        0.247026         2.51606       7.4760222       2.1173077       8.5830933        8.5830933       2.1173077          2.1173077
              1       9.4296847       100.88204      0.12289395     -0.94422577       -1.620237    2.100583e-09        144.1172      0.29701799      0.14553882      0.70290828      0.24569493        0.247026         2.51606       7.7205685       1.6931829       8.5830933        8.5830933       1.6931829          1.6931829
              1       8.5940517       99.618326      0.12992054     -0.83967078      -2.2753701    2.100583e-09       142.31189      0.31135798      0.15256541      0.68856829      0.24569493        0.247026         2.51606       7.8445169     0.021916794       8.5830933        8.5830933     0.021916794        0.021916794
              1       8.5896415        99.63979      0.12992054     -0.83967078      -2.2753701    2.100583e-09       142.34256      0.31135798      0.15256541      0.68856829      0.24569493        0.247026         2.51606       7.8445169      0.01309652       8.5830933        8.5830933      0.01309652         0.01309652
              2       9.1769204       97.306904      0.13635831     -0.66504309       -2.837044    2.100583e-09       139.00986      0.32449628      0.15900318      0.67542999      0.24569493        0.247026         2.51606       7.9630006       1.1876542       8.5830933        8.5830933       1.1876542          1.1876542
              1        8.977621       97.946665      0.13432782     -0.69967348      -2.7461514    2.100583e-09       139.92381      0.32035242      0.15697269      0.67957385      0.24569493        0.247026         2.51606       7.9259809      0.78905548       8.5830933        8.5830933      0.78905548         0.78905548
              6       8.7804991       98.028257      0.13432782     -0.69967348      -2.7461514    2.100583e-09       140.04037      0.32035242      0.15697269      0.67957385      0.24569493        0.247026         2.51606       7.9259809       0.3948116       8.5830933        8.5830933       0.3948116          0.3948116
              1        9.027299       98.367307      0.13432782     -0.69967348      -2.7461514    2.100583e-09       140.52472      0.32035242      0.15697269      0.67957385      0.24569493        0.247026         2.51606       7.9259809      0.88841143       8.5830933        8.5830933      0.88841143         0.88841143
              7       9.2165051       98.419515      0.13432782     -0.69967348      -2.7461514    2.100583e-09       140.59931      0.32035242      0.15697269      0.67957385      0.24569493        0.247026         2.51606       7.9259809       1.2668235       8.5830933        8.5830933       1.2668235          1.2668235
              2       9.9893195       107.80597      0.10606891       -1.398602     -0.54846314    2.100583e-09       154.00853      0.26268117      0.12871377       0.7372451      0.24569493        0.247026         2.51606       7.3771957       2.8124525       8.5830933        8.5830933       2.8124525          2.8124525
              2       10.390563       108.85841      0.10098392      -1.6529126       1.0026105    2.100583e-09       155.51202      0.25230365      0.12362879      0.74762262      0.24569493        0.247026         2.51606       7.3087719         3.61494       8.5830933        8.5830933         3.61494            3.61494
              1       10.405801       109.64978     0.098811591      -1.7058722        1.152127    2.100583e-09       156.64255      0.24787032      0.12145646      0.75205595      0.24569493        0.247026         2.51606        7.265169        3.645415       8.5830933        8.5830933        3.645415           3.645415
              4        10.40542       107.46855      0.10374087      -1.5439224       0.7239081    2.100583e-09        153.5265      0.25793007      0.12638573       0.7419962      0.24569493        0.247026         2.51606       7.3660262       3.6446542       8.5830933        8.5830933       3.6446542          3.6446542
              2       9.5205481       109.14382      0.10241428      -1.5808689      0.37719844    2.100583e-09       155.91974      0.25522275      0.12505915      0.74470352      0.24569493        0.247026         2.51606       7.3124786       1.8749097       8.5830933        8.5830933       1.8749097          1.8749097
              2       9.9896856       99.339524       0.1319863     -0.86799203      -1.9713254    2.100583e-09       141.91361      0.31557382      0.15463117      0.68435246      0.24569493        0.247026         2.51606       7.8855399       2.8131847       8.5830933        8.5830933       2.8131847          2.8131847
              3       10.338391       98.407666       0.1334215     -0.83626797      -1.8606423    2.100583e-09       140.58238      0.31850279      0.15606637      0.68142348      0.24569493        0.247026         2.51606        7.916601       3.5105949       8.5830933        8.5830933       3.5105949          3.5105949
              1       9.7105276       98.232639      0.13549368      -0.8022069      -2.1655943    2.100583e-09       140.33234      0.32273172      0.15813855      0.67719455      0.24569493        0.247026         2.51606        7.949548       2.2548687       8.5830933        8.5830933       2.2548687          2.2548687
              8       9.2184151       95.768896      0.14204453     -0.61644845      -2.7471674    2.100583e-09       136.81271      0.33610081       0.1646894      0.66382546      0.24569493        0.247026         2.51606       8.0676332       1.2706437       8.5830933        8.5830933       1.2706437          1.2706437
              1       11.659627       108.14231      0.10461389      -1.5624388      0.62486319    2.100583e-09       154.48902      0.25971175      0.12725876      0.74021452      0.24569493        0.247026         2.51606       7.3729044       6.1530679       8.5830933        8.5830933       6.1530679          6.1530679
              5       10.405851       107.36021      0.10461389      -1.5624388      0.62486319    2.100583e-09       153.37173      0.25971175      0.12725876      0.74021452      0.24569493        0.247026         2.51606       7.3729044       3.6455163       8.5830933        8.5830933       3.6455163          3.6455163
              1       9.9938834       107.65867      0.10461389      -1.5624388      0.62486319    2.100583e-09        153.7981      0.25971175      0.12725876      0.74021452      0.24569493        0.247026         2.51606       7.3729044       2.8215803       8.5830933        8.5830933       2.8215803          2.8215803
              3       10.000784       107.67112      0.10461389      -1.5624388      0.62486319    2.100583e-09       153.81588      0.25971175      0.12725876      0.74021452      0.24569493        0.247026         2.51606       7.3729044       2.8353817       8.5830933        8.5830933       2.8353817          2.8353817
              3       10.666218        109.9523     0.094694321      -1.7257593       1.4208125    2.100583e-09       157.07471      0.23946773      0.11733919      0.76045854      0.24569493        0.247026         2.51606       7.2068028       4.1662484       8.5830933        8.5830933       4.1662484          4.1662484
              1       9.9578614       104.89606      0.11012149      -1.2406647     -0.59686036    2.100583e-09       149.85152      0.27095175      0.13276636      0.72897452      0.24569493        0.247026         2.51606       7.4737972       2.7495363       8.5830933        8.5830933       2.7495363          2.7495363
              1       9.8069259       102.44098      0.11702778       -1.091105     -0.98016733    2.100583e-09       146.34426      0.28504622      0.13967265      0.71488005      0.24569493        0.247026         2.51606       7.6126268       2.4476652       8.5830933        8.5830933       2.4476652          2.4476652
              1       9.6798694       102.42744      0.11730645      -1.0903561      -1.0013248    2.100583e-09       146.32491      0.28561493      0.13995132      0.71431134      0.24569493        0.247026         2.51606       7.6173438       2.1935522       8.5830933        8.5830933       2.1935522          2.1935522
              1         9.75887        98.05096      0.13083214      -0.7880117      -2.0113492    2.100583e-09        140.0728      0.31321839      0.15347701      0.68670788      0.24569493        0.247026         2.51606       7.8712708       2.3515534       8.5830933        8.5830933       2.3515534          2.3515534
              2       13.836406       97.470925      0.13083214      -0.7880117      -2.0113492    2.100583e-09       139.24418      0.31321839      0.15347701      0.68670788      0.24569493        0.247026         2.51606       7.8712708       10.506625       8.5830933        8.5830933       10.506625          10.506625
              7       10.612356       99.371318      0.13595455     -0.82443821      -2.7558793    2.100583e-09       141.95903      0.32367227      0.15859941        0.676254      0.24569493        0.247026         2.51606       7.9458389       4.0585257       8.5830933        8.5830933       4.0585257          4.0585257
              1       10.348976       98.409508      0.13857996     -0.75527966      -2.9468346    2.100583e-09       140.58501      0.32903027      0.16122483        0.670896      0.24569493        0.247026         2.51606       7.9939142       3.5317647       8.5830933        8.5830933       3.5317647          3.5317647
              2       9.2399819       101.24122      0.12749534      -0.9693472       -1.986196    2.100583e-09       144.63031      0.30640858       0.1501402      0.69351769      0.24569493        0.247026         2.51606       7.7954866       1.3137772       8.5830933        8.5830933       1.3137772          1.3137772
              2       9.0203752       101.03164      0.12749534      -0.9693472       -1.986196    2.100583e-09       144.33092      0.30640858       0.1501402      0.69351769      0.24569493        0.247026         2.51606       7.7954866      0.87456392       8.5830933        8.5830933      0.87456392         0.87456392
              1       9.4839442       101.55956      0.12699627      -1.0107595      -1.9247324    2.100583e-09       145.08508      0.30539007      0.14964113       0.6945362      0.24569493        0.247026         2.51606       7.7842708       1.8017018       8.5830933        8.5830933       1.8017018          1.8017018
              1       9.4762014       101.51187      0.12699627      -1.0107595      -1.9247324    2.100583e-09       145.01696      0.30539007      0.14964113       0.6945362      0.24569493        0.247026         2.51606       7.7842708       1.7862163       8.5830933        8.5830933       1.7862163          1.7862163
             10       9.4912538       101.47604      0.12699627      -1.0107595      -1.9247324    2.100583e-09       144.96577      0.30539007      0.14964113       0.6945362      0.24569493        0.247026         2.51606       7.7842708        1.816321       8.5830933        8.5830933        1.816321           1.816321
              1       9.5676047       101.63935      0.12699627      -1.0107595      -1.9247324    2.100583e-09       145.19907      0.30539007      0.14964113       0.6945362      0.24569493        0.247026         2.51606       7.7842708       1.9690228       8.5830933        8.5830933       1.9690228          1.9690228
              1       10.054819        101.2365      0.12699627      -1.0107595      -1.9247324    2.100583e-09       144.62357      0.30539007      0.14964113       0.6945362      0.24569493        0.247026         2.51606       7.7842708       2.9434506       8.5830933        8.5830933       2.9434506          2.9434506
              4       9.8736213       102.01262      0.12414645       -1.105713        -1.44953    2.100583e-09       145.73231      0.29957411      0.14679132      0.70035216      0.24569493        0.247026         2.51606       7.7331147        2.581056       8.5830933        8.5830933        2.581056           2.581056
              1       10.052679       102.80647      0.12103424      -1.2170473      -0.8577786    2.100583e-09       146.86639      0.29322267      0.14367911       0.7067036      0.24569493        0.247026         2.51606       7.6785404       2.9391724       8.5830933        8.5830933       2.9391724          2.9391724
              7       10.057204        103.1242      0.12103424      -1.2170473      -0.8577786    2.100583e-09       147.32028      0.29322267      0.14367911       0.7067036      0.24569493        0.247026         2.51606       7.6785404       2.9482213       8.5830933        8.5830933       2.9482213          2.9482213
              1       12.720884       103.61515      0.12103424      -1.2170473      -0.8577786    2.100583e-09       148.02165      0.29322267      0.14367911       0.7067036      0.24569493        0.247026         2.51606       7.6785404       8.2755805       8.5830933        8.5830933       8.2755805          8.2755805
              3       10.627114       102.63394      0.12103424      -1.2170473      -0.8577786    2.100583e-09       146.61991      0.29322267      0.14367911       0.7067036      0.24569493        0.247026         2.51606       7.6785404       4.0880416       8.5830933        8.5830933       4.0880416          4.0880416
              1       9.9038428       103.05382       0.1218207      -1.1927606       -1.069233    2.100583e-09       147.21975      0.29482768      0.14446556      0.70509859      0.24569493        0.247026         2.51606       7.6904148       2.6414991       8.5830933        8.5830933       2.6414991          2.6414991
              3       9.9399211       103.08119       0.1218207      -1.1927606       -1.069233    2.100583e-09       147.25885      0.29482768      0.14446556      0.70509859      0.24569493        0.247026         2.51606       7.6904148       2.7136556       8.5830933        8.5830933       2.7136556          2.7136556
              2       10.263771       107.16465      0.11155676      -1.3599331      -0.9706871    2.100583e-09       153.09235      0.27388086      0.13420162      0.72604541      0.24569493        0.247026         2.51606       7.4808515       3.3613559       8.5830933        8.5830933       3.3613559          3.3613559
              4       10.319416       107.22514      0.11155676      -1.3599331      -0.9706871    2.100583e-09       153.17878      0.27388086      0.13420162      0.72604541      0.24569493        0.247026         2.51606       7.4808515       3.4726455       8.5830933        8.5830933       3.4726455          3.4726455
              2       11.447582       106.68606      0.11155676      -1.3599331      -0.9706871    2.100583e-09       152.40866      0.27388086      0.13420162      0.72604541      0.24569493        0.247026         2.51606       7.4808515       5.7289767       8.5830933        8.5830933       5.7289767          5.7289767
              3       11.529626       106.38483      0.11405404       -1.369423     -0.97317455    2.100583e-09       151.97833      0.27897735       0.1366989      0.72094892      0.24569493        0.247026         2.51606       7.5291257       5.8930651       8.5830933        8.5830933       5.8930651          5.8930651
              3       11.704481       106.94508      0.11405404       -1.369423     -0.97317455    2.100583e-09       152.77868      0.27897735       0.1366989      0.72094892      0.24569493        0.247026         2.51606       7.5291257       6.2427755       8.5830933        8.5830933       6.2427755          6.2427755
              1       11.359445       110.26114      0.10188224      -1.6444099      0.18630305    2.100583e-09       157.51591      0.25413695      0.12452711      0.74578932      0.24569493        0.247026         2.51606       7.2871134       5.5527037       8.5830933        8.5830933       5.5527037          5.5527037
              1       12.881816       110.00643      0.10188224      -1.6444099      0.18630305    2.100583e-09       157.15205      0.25413695      0.12452711      0.74578932      0.24569493        0.247026         2.51606       7.2871134       8.5974445       8.5830933        8.5830933       8.5974445          8.5974445
              1       10.551158       103.90796      0.11818364      -1.3154535     -0.42116104    2.100583e-09       148.43994      0.28740511       0.1408285      0.71252116      0.24569493        0.247026         2.51606       7.6268711       3.9361295       8.5830933        8.5830933       3.9361295          3.9361295
              1       11.082405       104.94658      0.11511162      -1.4088605    -0.057531921    2.100583e-09       149.92369      0.28113568      0.13775648      0.71879059      0.24569493        0.247026         2.51606       7.5695499       4.9986235       8.5830933        8.5830933       4.9986235          4.9986235
              1       10.534639        107.7691      0.10620179      -1.5755365      0.42408251    2.100583e-09       153.95585      0.26295236      0.12884666      0.73697391      0.24569493        0.247026         2.51606       7.3920352       3.9030916       8.5830933        8.5830933       3.9030916          3.9030916
              1       10.450316       108.16446      0.10620179      -1.5755365      0.42408251    2.100583e-09       154.52066      0.26295236      0.12884666      0.73697391      0.24569493        0.247026         2.51606       7.3920352       3.7344453       8.5830933        8.5830933       3.7344453          3.7344453
              4       9.2556609       105.25531      0.11336374      -1.3278434     -0.56467209    2.100583e-09       150.36473      0.27756859      0.13600861      0.72235768      0.24569493        0.247026         2.51606       7.5285707       1.3451352       8.5830933        8.5830933       1.3451352          1.3451352
              3       9.2082028       105.28864      0.11336374      -1.3278434     -0.56467209    2.100583e-09       150.41234      0.27756859      0.13600861      0.72235768      0.24569493        0.247026         2.51606       7.5285707       1.2502191       8.5830933        8.5830933       1.2502191          1.2502191
             10       9.1609815       105.41882      0.11336374      -1.3278434     -0.56467209    2.100583e-09       150.59831      0.27756859      0.13600861      0.72235768      0.24569493        0.247026         2.51606       7.5285707       1.1557764       8.5830933        8.5830933       1.1557764          1.1557764
              1       9.1654811        105.3362      0.11336374      -1.3278434     -0.56467209    2.100583e-09       150.48028      0.27756859      0.13600861      0.72235768      0.24569493        0.247026         2.51606       7.5285707       1.1647755       8.5830933        8.5830933       1.1647755          1.1647755
              1       9.3445075       105.20951      0.11336374      -1.3278434     -0.56467209    2.100583e-09        150.2993      0.27756859      0.13600861      0.72235768      0.24569493        0.247026         2.51606       7.5285707       1.5228285       8.5830933        8.5830933       1.5228285          1.5228285
              2       11.062994       104.85798      0.11631157      -1.1112059       -2.010984    2.100583e-09       149.79711      0.28358457      0.13895644       0.7163417      0.24569493        0.247026         2.51606       7.5741629       4.9598019       8.5830933        8.5830933       4.9598019          4.9598019
              4       11.381866       102.78797      0.12281239     -0.91036953      -2.8587932    2.100583e-09       146.83995      0.29685154      0.14545725      0.70307473      0.24569493        0.247026         2.51606       7.6990698       5.5975446       8.5830933        8.5830933       5.5975446          5.5975446
              3       12.707164       103.55379      0.12281239     -0.91036953      -2.8587932    2.100583e-09       147.93399      0.29685154      0.14545725      0.70307473      0.24569493        0.247026         2.51606       7.6990698       8.2481411       8.5830933        8.5830933       8.2481411          8.2481411
              1        12.69633       103.55221      0.12281239     -0.91036953      -2.8587932    2.100583e-09       147.93172      0.29685154      0.14545725      0.70307473      0.24569493        0.247026         2.51606       7.6990698       8.2264735       8.5830933        8.5830933       8.2264735          8.2264735
              1       13.515384       103.66101      0.12281239     -0.91036953      -2.8587932    2.100583e-09       148.08715      0.29685154      0.14545725      0.70307473      0.24569493        0.247026         2.51606       7.6990698       9.8645814       8.5830933        8.5830933       9.8645814          9.8645814
              2       14.582445       108.72859      0.11049046      -1.2849515      -1.8114037    2.100583e-09       155.32656      0.27170475      0.13313533      0.72822152      0.24569493        0.247026         2.51606       7.4514028       11.998703       8.5830933        8.5830933       11.998703          11.998703
              1       13.000722       107.92922      0.11049046      -1.2849515      -1.8114037    2.100583e-09       154.18459      0.27170475      0.13313533      0.72822152      0.24569493        0.247026         2.51606       7.4514028       8.8352577       8.5830933        8.5830933       8.8352577          8.8352577
              1       12.922496       108.37425      0.11049046      -1.2849515      -1.8114037    2.100583e-09       154.82035      0.27170475      0.13313533      0.72822152      0.24569493        0.247026         2.51606       7.4514028       8.6788046       8.5830933        8.5830933       8.6788046          8.6788046
              2       10.506357       108.14006      0.10735628      -1.3529145      -1.0240751    2.100583e-09        154.4858      0.26530846      0.13000114      0.73461781      0.24569493        0.247026         2.51606       7.3965509       3.8465274       8.5830933        8.5830933       3.8465274          3.8465274
              1       9.6751005       104.16418      0.11780107      -1.0816049      -1.7651555    2.100583e-09       148.80596      0.28662436      0.14044593      0.71330192      0.24569493        0.247026         2.51606       7.6091666       2.1840144       8.5830933        8.5830933       2.1840144          2.1840144
              1       9.3924754        103.9592      0.11780107      -1.0816049      -1.7651555    2.100583e-09       148.51315      0.28662436      0.14044593      0.71330192      0.24569493        0.247026         2.51606       7.6091666       1.6187643       8.5830933        8.5830933       1.6187643          1.6187643
              3       8.9127244       104.11212      0.11651499      -1.1582352      -1.2471069    2.100583e-09        148.7316       0.2839997      0.13915985      0.71592657      0.24569493        0.247026         2.51606       7.5886798      0.65926231       8.5830933        8.5830933      0.65926231         0.65926231
              3       9.0364012       103.91302      0.11651499      -1.1582352      -1.2471069    2.100583e-09       148.44717       0.2839997      0.13915985      0.71592657      0.24569493        0.247026         2.51606       7.5886798      0.90661573       8.5830933        8.5830933      0.90661573         0.90661573
              3       9.4129844       104.33961      0.11651499      -1.1582352      -1.2471069    2.100583e-09       149.05658       0.2839997      0.13915985      0.71592657      0.24569493        0.247026         2.51606       7.5886798       1.6597821       8.5830933        8.5830933       1.6597821          1.6597821
              1       9.1477619       104.25509      0.11651499      -1.1582352      -1.2471069    2.100583e-09       148.93584       0.2839997      0.13915985      0.71592657      0.24569493        0.247026         2.51606       7.5886798       1.1293372       8.5830933        8.5830933       1.1293372          1.1293372
              1       9.1046481       99.809235      0.12836016     -0.90862699       -1.748834    2.100583e-09       142.58462      0.30817352      0.15100503      0.69175275      0.24569493        0.247026         2.51606       7.8214042       1.0431096       8.5830933        8.5830933       1.0431096          1.0431096
              2       8.8588257       99.621108      0.12836016     -0.90862699       -1.748834    2.100583e-09       142.31587      0.30817352      0.15100503      0.69175275      0.24569493        0.247026         2.51606       7.8214042      0.55146485       8.5830933        8.5830933      0.55146485         0.55146485
              2       9.7870582        99.26775      0.12836016     -0.90862699       -1.748834    2.100583e-09       141.81107      0.30817352      0.15100503      0.69175275      0.24569493        0.247026         2.51606       7.8214042       2.4079299       8.5830933        8.5830933       2.4079299          2.4079299
              1       8.8728432       99.580457      0.12836016     -0.90862699       -1.748834    2.100583e-09        142.2578      0.30817352      0.15100503      0.69175275      0.24569493        0.247026         2.51606       7.8214042      0.57949992       8.5830933        8.5830933      0.57949992         0.57949992
              1       10.621317        99.13356      0.12836016     -0.90862699       -1.748834    2.100583e-09       141.61937      0.30817352      0.15100503      0.69175275      0.24569493        0.247026         2.51606       7.8214042       4.0764475       8.5830933        8.5830933       4.0764475          4.0764475
              1       8.9659109       99.746406      0.12836016     -0.90862699       -1.748834    2.100583e-09       142.49487      0.30817352      0.15100503      0.69175275      0.24569493        0.247026         2.51606       7.8214042      0.76563517       8.5830933        8.5830933      0.76563517         0.76563517
              1       8.9114238       99.707728      0.12861153     -0.90240753      -1.7906721    2.100583e-09       142.43961      0.30868651      0.15125639      0.69123976      0.24569493        0.247026         2.51606       7.8255689      0.65666109       8.5830933        8.5830933      0.65666109         0.65666109
              2       8.8441572       99.653188      0.12861153     -0.90240753      -1.7906721    2.100583e-09        142.3617      0.30868651      0.15125639      0.69123976      0.24569493        0.247026         2.51606       7.8255689      0.52212791       8.5830933        8.5830933      0.52212791         0.52212791
              1       8.8919588        101.5415      0.12264247      -1.0110313      -1.4826018    2.100583e-09       145.05929      0.29650478      0.14528734      0.70342149      0.24569493        0.247026         2.51606       7.7128144      0.61773104       8.5830933        8.5830933      0.61773104         0.61773104
              3       10.861962       100.87988      0.12264247      -1.0110313      -1.4826018    2.100583e-09       144.11412      0.29650478      0.14528734      0.70342149      0.24569493        0.247026         2.51606       7.7128144       4.5577372       8.5830933        8.5830933       4.5577372          4.5577372
              3       9.8688874       101.81571      0.12264247      -1.0110313      -1.4826018    2.100583e-09       145.45102      0.29650478      0.14528734      0.70342149      0.24569493        0.247026         2.51606       7.7128144       2.5715882       8.5830933        8.5830933       2.5715882          2.5715882
              1       10.958369        101.9815      0.12264247      -1.0110313      -1.4826018    2.100583e-09       145.68786      0.29650478      0.14528734      0.70342149      0.24569493        0.247026         2.51606       7.7128144       4.7505508       8.5830933        8.5830933       4.7505508          4.7505508
              1       11.410835       100.79749      0.12428515     -0.93570966      -1.5512692    2.100583e-09       143.99641      0.29985718      0.14693002      0.70006909      0.24569493        0.247026         2.51606       7.7490305       5.6554826       8.5830933        8.5830933       5.6554826          5.6554826
              1        10.35965       108.70674     0.099714151      -1.5188799      0.50125941    2.100583e-09       155.29534      0.24971228      0.12235902      0.75021399      0.24569493        0.247026         2.51606       7.2735251       3.5531142       8.5830933        8.5830933       3.5531142          3.5531142
              2       10.503752       108.76078     0.099714151      -1.5188799      0.50125941    2.100583e-09       155.37254      0.24971228      0.12235902      0.75021399      0.24569493        0.247026         2.51606       7.2735251       3.8413173       8.5830933        8.5830933       3.8413173          3.8413173
              1       10.688427       108.81631     0.099714151      -1.5188799      0.50125941    2.100583e-09       155.45187      0.24971228      0.12235902      0.75021399      0.24569493        0.247026         2.51606       7.2735251       4.2106682       8.5830933        8.5830933       4.2106682          4.2106682
              1       10.858006       108.17042     0.099714151      -1.5188799      0.50125941    2.100583e-09       154.52917      0.24971228      0.12235902      0.75021399      0.24569493        0.247026         2.51606       7.2735251       4.5498245       8.5830933        8.5830933       4.5498245          4.5498245
              1       10.163159       108.44433     0.099714151      -1.5188799      0.50125941    2.100583e-09       154.92047      0.24971228      0.12235902      0.75021399      0.24569493        0.247026         2.51606       7.2735251       3.1601312       8.5830933        8.5830933       3.1601312          3.1601312
              2       9.1732593        106.4714       0.1091955      -1.3428233     -0.55011591    2.100583e-09       152.10201      0.26906198      0.13184037      0.73086429      0.24569493        0.247026         2.51606       7.4454371        1.180332       8.5830933        8.5830933        1.180332           1.180332
              1       9.1908257       106.57764       0.1091955      -1.3428233     -0.55011591    2.100583e-09       152.25376      0.26906198      0.13184037      0.73086429      0.24569493        0.247026         2.51606       7.4454371       1.2154648       8.5830933        8.5830933       1.2154648          1.2154648
              3       9.2073053       106.70569      0.10955548      -1.3731833     -0.44514435    2.100583e-09        152.4367      0.26979662      0.13220034      0.73012965      0.24569493        0.247026         2.51606       7.4524062        1.248424       8.5830933        8.5830933        1.248424           1.248424
              4       9.2207619       105.12602      0.11346817      -1.2631873     -0.73454303    2.100583e-09       150.18002      0.27778172      0.13611304      0.72214456      0.24569493        0.247026         2.51606       7.5325265       1.2753373       8.5830933        8.5830933       1.2753373          1.2753373
              2       8.8439353       104.32113      0.11548278      -1.2065893     -0.98192793    2.100583e-09       149.03018      0.28189316      0.13812765      0.71803311      0.24569493        0.247026         2.51606       7.5706487      0.52168404       8.5830933        8.5830933      0.52168404         0.52168404
              1       9.2969965       104.03609      0.11548278      -1.2065893     -0.98192793    2.100583e-09       148.62299      0.28189316      0.13812765      0.71803311      0.24569493        0.247026         2.51606       7.5706487       1.4278065       8.5830933        8.5830933       1.4278065          1.4278065
              1       8.9011523        104.2026      0.11548278      -1.2065893     -0.98192793    2.100583e-09       148.86085      0.28189316      0.13812765      0.71803311      0.24569493        0.247026         2.51606       7.5706487      0.63611809       8.5830933        8.5830933      0.63611809         0.63611809
              1       9.0156291       104.46143      0.11548278      -1.2065893     -0.98192793    2.100583e-09       149.23061      0.28189316      0.13812765      0.71803311      0.24569493        0.247026         2.51606       7.5706487      0.86507157       8.5830933        8.5830933      0.86507157         0.86507157
              1       9.4464354       107.56272      0.10689965      -1.4088545     -0.42824274    2.100583e-09       153.66103      0.26437656      0.12954451      0.73554972      0.24569493        0.247026         2.51606       7.3961391       1.7266841       8.5830933        8.5830933       1.7266841          1.7266841
              1       9.3381861       100.56767      0.12935311     -0.95015924      -1.9402433    2.100583e-09        143.6681      0.31019994      0.15199797      0.68972633      0.24569493        0.247026         2.51606         7.83177       1.5101856       8.5830933        8.5830933       1.5101856          1.5101856
              2       9.3187981       100.56027      0.12935311     -0.95015924      -1.9402433    2.100583e-09       143.65752      0.31019994      0.15199797      0.68972633      0.24569493        0.247026         2.51606         7.83177       1.4714096       8.5830933        8.5830933       1.4714096          1.4714096
              3       9.4908123       100.14163      0.12935311     -0.95015924      -1.9402433    2.100583e-09       143.05947      0.31019994      0.15199797      0.68972633      0.24569493        0.247026         2.51606         7.83177        1.815438       8.5830933        8.5830933        1.815438           1.815438
              1       9.5528864       100.34221      0.12909453     -0.96717946      -1.9032334    2.100583e-09       143.34601      0.30967223      0.15173939      0.69025404      0.24569493        0.247026         2.51606       7.8264182       1.9395862       8.5830933        8.5830933       1.9395862          1.9395862
              3       9.3128119       101.96025      0.12346493       -1.110206      -1.2850113    2.100583e-09        145.6575      0.29818326       0.1461098      0.70174301      0.24569493        0.247026         2.51606       7.7236123       1.4594372       8.5830933        8.5830933       1.4594372          1.4594372
              1       9.2063989       103.34891      0.11601782      -1.2148506     -0.65979289    2.100583e-09       147.64131      0.28298507      0.13866268      0.71694121      0.24569493        0.247026         2.51606        7.589311       1.2466113       8.5830933        8.5830933       1.2466113          1.2466113
              3       9.5632617       103.22592      0.11601782      -1.2148506     -0.65979289    2.100583e-09        147.4656      0.28298507      0.13866268      0.71694121      0.24569493        0.247026         2.51606        7.589311       1.9603368       8.5830933        8.5830933       1.9603368          1.9603368
              1       9.6801417       103.19625      0.11601782      -1.2148506     -0.65979289    2.100583e-09       147.42322      0.28298507      0.13866268      0.71694121      0.24569493        0.247026         2.51606        7.589311       2.1940969       8.5830933        8.5830933       2.1940969          2.1940969
              1       10.137635       100.77319      0.12776129     -0.96740457      -2.0610018    2.100583e-09        143.9617      0.30695135      0.15040616      0.69297492      0.24569493        0.247026         2.51606       7.7991698       3.1090832       8.5830933        8.5830933       3.1090832          3.1090832
              1       9.1933501       101.16867      0.12776129     -0.96740457      -2.0610018    2.100583e-09       144.52668      0.30695135      0.15040616      0.69297492      0.24569493        0.247026         2.51606       7.7991698       1.2205137       8.5830933        8.5830933       1.2205137          1.2205137
              1       9.2157556       101.07622      0.12776129     -0.96740457      -2.0610018    2.100583e-09        144.3946      0.30695135      0.15040616      0.69297492      0.24569493        0.247026         2.51606       7.7991698       1.2653247       8.5830933        8.5830933       1.2653247          1.2653247
              1       9.9357993       101.46715      0.12776129     -0.96740457      -2.0610018    2.100583e-09       144.95307      0.30695135      0.15040616      0.69297492      0.24569493        0.247026         2.51606       7.7991698        2.705412       8.5830933        8.5830933        2.705412           2.705412
              3       11.779186       99.884924      0.13498688     -0.79874686      -2.8464472    2.100583e-09       142.69275      0.32169745      0.15763175      0.67822882      0.24569493        0.247026         2.51606       7.9290164       6.3921852       8.5830933        8.5830933       6.3921852          6.3921852
              3        10.96015       99.891044      0.13061601     -0.85066492      -2.6363429    2.100583e-09       142.70149      0.31277729      0.15326087      0.68714898      0.24569493        0.247026         2.51606        7.850143       4.7541144       8.5830933        8.5830933       4.7541144          4.7541144
              2       11.522104       99.011377      0.13055822     -0.79562989      -2.5792739    2.100583e-09       141.44482      0.31265936      0.15320309      0.68726691      0.24569493        0.247026         2.51606        7.853968        5.878021       8.5830933        8.5830933        5.878021           5.878021
              3       12.352949       98.004443      0.13240839     -0.74451732        -2.59202    2.100583e-09       140.00635      0.31643521      0.15505325      0.68349106      0.24569493        0.247026         2.51606       7.8910004       7.5397114       8.5830933        8.5830933       7.5397114          7.5397114
              3       8.9578049       98.480737      0.13257894     -0.74406436      -2.5976064    2.100583e-09       140.68677      0.31678329      0.15522381      0.68314298      0.24569493        0.247026         2.51606       7.8939901      0.74942327       8.5830933        8.5830933      0.74942327         0.74942327
              5       8.8748224       98.785859      0.13180852     -0.76331329      -2.5531715    2.100583e-09       141.12266      0.31521099      0.15445339      0.68471528      0.24569493        0.247026         2.51606       7.8794651       0.5834583       8.5830933        8.5830933       0.5834583          0.5834583
              3       9.0025381       98.435247      0.13290301     -0.73286222      -2.6736815    2.100583e-09       140.62178      0.31744464      0.15554787      0.68248163      0.24569493        0.247026         2.51606       7.8992865      0.83888962       8.5830933        8.5830933      0.83888962         0.83888962
              3       10.147682        105.5512      0.11537536      -1.3320999     -0.72150231    2.100583e-09       150.78743      0.28167394      0.13802023      0.71825233      0.24569493        0.247026         2.51606       7.5631695       3.1291765       8.5830933        8.5830933       3.1291765          3.1291765
              3       10.599908       106.77037      0.11334855      -1.3338032      -1.1039015    2.100583e-09        152.5291      0.27753759      0.13599342      0.72238868      0.24569493        0.247026         2.51606       7.5156293       4.0336301       8.5830933        8.5830933       4.0336301          4.0336301
              1       10.312444        106.7342      0.11114572      -1.4596244      -0.1151819    2.100583e-09       152.47742      0.27304201      0.13379059      0.72688426      0.24569493        0.247026         2.51606       7.4844615       3.4587005       8.5830933        8.5830933       3.4587005          3.4587005
              1       9.9388131       103.48444      0.12044474       -1.204448     -0.99327399    2.100583e-09       147.83492      0.29201961      0.14308961      0.70790666      0.24569493        0.247026         2.51606       7.6652442       2.7114396       8.5830933        8.5830933       2.7114396          2.7114396
              2       10.157507       103.54304      0.12044474       -1.204448     -0.99327399    2.100583e-09       147.91862      0.29201961      0.14308961      0.70790666      0.24569493        0.247026         2.51606       7.6652442       3.1488282       8.5830933        8.5830933       3.1488282          3.1488282
              6       10.595136       102.83685      0.12044474       -1.204448     -0.99327399    2.100583e-09       146.90978      0.29201961      0.14308961      0.70790666      0.24569493        0.247026         2.51606       7.6652442       4.0240856       8.5830933        8.5830933       4.0240856          4.0240856
              2       9.7247894       103.40916      0.12044474       -1.204448     -0.99327399    2.100583e-09       147.72737      0.29201961      0.14308961      0.70790666      0.24569493        0.247026         2.51606       7.6652442       2.2833922       8.5830933        8.5830933       2.2833922          2.2833922
              1       10.548934       105.87272      0.11497237      -1.3695854      -0.6328311    2.100583e-09       151.24675       0.2808515      0.13761724      0.71907477      0.24569493        0.247026         2.51606        7.554066       3.9316807       8.5830933        8.5830933       3.9316807          3.9316807
              1       10.201065       97.617244      0.13302367     -0.84196185      -1.6547872    2.100583e-09       139.45321      0.31769088      0.15566853      0.68223539      0.24569493        0.247026         2.51606       7.9143342       3.2359432       8.5830933        8.5830933       3.2359432          3.2359432
              4       10.942058       98.031449      0.13302367     -0.84196185      -1.6547872    2.100583e-09       140.04493      0.31769088      0.15566853      0.68223539      0.24569493        0.247026         2.51606       7.9143342       4.7179295       8.5830933        8.5830933       4.7179295          4.7179295
              2       8.7461057       97.433139      0.13632902     -0.68959102      -2.6106855    2.100583e-09        139.1902      0.32443651      0.15897389      0.67548976      0.24569493        0.247026         2.51606       7.9647549      0.32602477       8.5830933        8.5830933      0.32602477         0.32602477
              1       8.7696279       97.423814       0.1362632     -0.69145799       -2.589361    2.100583e-09       139.17688      0.32430217      0.15890806       0.6756241      0.24569493        0.247026         2.51606       7.9638583      0.37306926       8.5830933        8.5830933      0.37306926         0.37306926
              1       10.621624       96.888329       0.1362632     -0.69145799       -2.589361    2.100583e-09        138.4119      0.32430217      0.15890806       0.6756241      0.24569493        0.247026         2.51606       7.9638583       4.0770615       8.5830933        8.5830933       4.0770615          4.0770615
              1       11.384987       96.796507       0.1362632     -0.69145799       -2.589361    2.100583e-09       138.28072      0.32430217      0.15890806       0.6756241      0.24569493        0.247026         2.51606       7.9638583       5.6037884       8.5830933        8.5830933       5.6037884          5.6037884
              3       11.305684       107.74698      0.10546522      -1.4546562     -0.28492199    2.100583e-09       153.92425      0.26144916      0.12811009      0.73847711      0.24569493        0.247026         2.51606       7.3664981        5.445182       8.5830933        8.5830933        5.445182           5.445182
              2        9.538574       108.19268      0.10546522      -1.4546562     -0.28492199    2.100583e-09       154.56098      0.26144916      0.12811009      0.73847711      0.24569493        0.247026         2.51606       7.3664981       1.9109615       8.5830933        8.5830933       1.9109615          1.9109615
              1       9.6949851       108.33987      0.10551087      -1.4525542     -0.36890979    2.100583e-09       154.77124      0.26154233      0.12815574      0.73838394      0.24569493        0.247026         2.51606       7.3653094       2.2237837       8.5830933        8.5830933       2.2237837          2.2237837
              2       10.571011       108.05935      0.10551087      -1.4525542     -0.36890979    2.100583e-09       154.37051      0.26154233      0.12815574      0.73838394      0.24569493        0.247026         2.51606       7.3653094       3.9758358       8.5830933        8.5830933       3.9758358          3.9758358
              1       9.7047334       108.49785      0.10538764      -1.4733708     -0.30344244    2.100583e-09       154.99693      0.26129083      0.12803251      0.73863544      0.24569493        0.247026         2.51606       7.3624986       2.2432802       8.5830933        8.5830933       2.2432802          2.2432802
              2       10.144553       107.22977      0.11105094      -1.3360693      -1.0475309    2.100583e-09       153.18538      0.27284859      0.13369581      0.72707769      0.24569493        0.247026         2.51606       7.4712514       3.1229194       8.5830933        8.5830933       3.1229194          3.1229194
              1       10.670531       109.15397      0.10484632      -1.4648204     -0.61308286    2.100583e-09       155.93425       0.2601861      0.12749119      0.73974017      0.24569493        0.247026         2.51606       7.3448213       4.1748755       8.5830933        8.5830933       4.1748755          4.1748755
              5       10.516666       109.45301      0.10484632      -1.4648204     -0.61308286    2.100583e-09       156.36144       0.2601861      0.12749119      0.73974017      0.24569493        0.247026         2.51606       7.3448213       3.8671456       8.5830933        8.5830933       3.8671456          3.8671456
              1        9.693942       110.09193     0.097866247      -1.6477429       0.8115175    2.100583e-09       157.27418      0.24594105      0.12051111      0.75398522      0.24569493        0.247026         2.51606       7.2311068       2.2216975       8.5830933        8.5830933       2.2216975          2.2216975
              2       9.9207988       109.88958     0.097866247      -1.6477429       0.8115175    2.100583e-09       156.98512      0.24594105      0.12051111      0.75398522      0.24569493        0.247026         2.51606       7.2311068       2.6754111       8.5830933        8.5830933       2.6754111          2.6754111
              1        9.754854       109.98347     0.097866247      -1.6477429       0.8115175    2.100583e-09       157.11924      0.24594105      0.12051111      0.75398522      0.24569493        0.247026         2.51606       7.2311068       2.3435215       8.5830933        8.5830933       2.3435215          2.3435215
              1        9.967906       109.87031     0.097866247      -1.6477429       0.8115175    2.100583e-09       156.95759      0.24594105      0.12051111      0.75398522      0.24569493        0.247026         2.51606       7.2311068       2.7696253       8.5830933        8.5830933       2.7696253          2.7696253
              3       9.5714648       108.68208       0.1009526      -1.5602838      0.55251534    2.100583e-09       155.26011      0.25223972      0.12359746      0.74768655      0.24569493        0.247026         2.51606       7.2945966        1.976743       8.5830933        8.5830933        1.976743           1.976743
              2       9.5792597       108.66095       0.1009526      -1.5602838      0.55251534    2.100583e-09       155.22993      0.25223972      0.12359746      0.74768655      0.24569493        0.247026         2.51606       7.2945966       1.9923327       8.5830933        8.5830933       1.9923327          1.9923327
              5       9.6338764       108.80514       0.1009526      -1.5602838      0.55251534    2.100583e-09       155.43592      0.25223972      0.12359746      0.74768655      0.24569493        0.247026         2.51606       7.2945966       2.1015661       8.5830933        8.5830933       2.1015661          2.1015661
              1       10.390768       108.33545       0.1009526      -1.5602838      0.55251534    2.100583e-09       154.76493      0.25223972      0.12359746      0.74768655      0.24569493        0.247026         2.51606       7.2945966       3.6153495       8.5830933        8.5830933       3.6153495          3.6153495
              1       11.533228       103.80251      0.10990553      -1.2121824     -0.30139077    2.100583e-09       148.28929        0.270511      0.13255039      0.72941527      0.24569493        0.247026         2.51606       7.4858647       5.9002702       8.5830933        8.5830933       5.9002702          5.9002702
              1       12.939331        107.7562     0.097390127      -1.4779844       0.5805549    2.100583e-09       153.93743      0.24496937      0.12003499       0.7549569      0.24569493        0.247026         2.51606       7.2398958       8.7124749       8.5830933        8.5830933       8.7124749          8.7124749
              3       12.014868       108.09226     0.097390127      -1.4779844       0.5805549    2.100583e-09       154.41752      0.24496937      0.12003499       0.7549569      0.24569493        0.247026         2.51606       7.2398958       6.8635494       8.5830933        8.5830933       6.8635494          6.8635494
              2       11.383948       106.95202      0.10401457       -1.330364     -0.36391531    2.100583e-09       152.78859      0.25848865      0.12665944      0.74143762      0.24569493        0.247026         2.51606       7.3488396       5.6017088       8.5830933        8.5830933       5.6017088          5.6017088
              5       10.390493       102.75791       0.1172737      -1.1126623     -0.89152045    2.100583e-09       146.79702       0.2855481      0.13991857      0.71437817      0.24569493        0.247026         2.51606        7.617674        3.614799       8.5830933        8.5830933        3.614799           3.614799
              1       10.640283         102.807       0.1172737      -1.1126623     -0.89152045    2.100583e-09       146.86714       0.2855481      0.13991857      0.71437817      0.24569493        0.247026         2.51606        7.617674       4.1143789       8.5830933        8.5830933       4.1143789          4.1143789
              2       10.583761       104.22002      0.11586643      -1.2498494     -0.55456329    2.100583e-09       148.88575      0.28267612       0.1385113      0.71725015      0.24569493        0.247026         2.51606        7.585792       4.0013349       8.5830933        8.5830933       4.0013349          4.0013349
              1       9.9560908       104.10422      0.11586643      -1.2498494     -0.55456329    2.100583e-09       148.72032      0.28267612       0.1385113      0.71725015      0.24569493        0.247026         2.51606        7.585792        2.745995       8.5830933        8.5830933        2.745995           2.745995
              4       9.3970472       103.55151      0.11586643      -1.2498494     -0.55456329    2.100583e-09       147.93073      0.28267612       0.1385113      0.71725015      0.24569493        0.247026         2.51606        7.585792       1.6279078       8.5830933        8.5830933       1.6279078          1.6279078
              3       9.2783594       102.85738      0.11930313       -1.176396     -0.97801527    2.100583e-09       146.93911       0.2896898        0.141948      0.71023647      0.24569493        0.247026         2.51606       7.6467331       1.3905323       8.5830933        8.5830933       1.3905323          1.3905323
              1       9.1077707       102.92497      0.11930313       -1.176396     -0.97801527    2.100583e-09       147.03568       0.2896898        0.141948      0.71023647      0.24569493        0.247026         2.51606       7.6467331       1.0493548       8.5830933        8.5830933       1.0493548          1.0493548
              6       9.1825724       102.89224      0.11930313       -1.176396     -0.97801527    2.100583e-09       146.98892       0.2896898        0.141948      0.71023647      0.24569493        0.247026         2.51606       7.6467331       1.1989583       8.5830933        8.5830933       1.1989583          1.1989583
              1       9.4491209       104.67127      0.11458953      -1.3051583     -0.59662348    2.100583e-09       149.53038       0.2800702       0.1372344      0.71985607      0.24569493        0.247026         2.51606       7.5538136       1.7320552       8.5830933        8.5830933       1.7320552          1.7320552
              2        10.53279       101.55098      0.12535561      -1.1464786      -1.0522864    2.100583e-09       145.07282      0.30204178      0.14800047      0.69788449      0.24569493        0.247026         2.51606       7.7608596       3.8993932       8.5830933        8.5830933       3.8993932          3.8993932
              3        10.64372       101.48473      0.12535561      -1.1464786      -1.0522864    2.100583e-09       144.97818      0.30204178      0.14800047      0.69788449      0.24569493        0.247026         2.51606       7.7608596       4.1212535       8.5830933        8.5830933       4.1212535          4.1212535
              2           9.549       102.71447      0.12112282      -1.1473717      -1.2594194    2.100583e-09       146.73495      0.29340344      0.14376769      0.70652283      0.24569493        0.247026         2.51606       7.6770323       1.9318134       8.5830933        8.5830933       1.9318134          1.9318134
              1       10.792394       102.47242      0.12112282      -1.1473717      -1.2594194    2.100583e-09       146.38917      0.29340344      0.14376769      0.70652283      0.24569493        0.247026         2.51606       7.6770323       4.4186017       8.5830933        8.5830933       4.4186017          4.4186017
              1       9.4036671       102.76065      0.12112282      -1.1473717      -1.2594194    2.100583e-09       146.80092      0.29340344      0.14376769      0.70652283      0.24569493        0.247026         2.51606       7.6770323       1.6411476       8.5830933        8.5830933       1.6411476          1.6411476
              1       10.135421       103.50084      0.11972868      -1.0861395      -1.8687921    2.100583e-09       147.85834      0.29055825      0.14237354      0.70936802      0.24569493        0.247026         2.51606       7.6437714       3.1046564       8.5830933        8.5830933       3.1046564          3.1046564
              3         9.55004       103.72138      0.11972868      -1.0861395      -1.8687921    2.100583e-09        148.1734      0.29055825      0.14237354      0.70936802      0.24569493        0.247026         2.51606       7.6437714       1.9338934       8.5830933        8.5830933       1.9338934          1.9338934
              1        11.16344       102.24652      0.12215795     -0.84985218       -2.805092    2.100583e-09       146.06646      0.29551595      0.14480281      0.70441033      0.24569493        0.247026         2.51606        7.691477       5.1606935       8.5830933        8.5830933       5.1606935          5.1606935
              4        11.08888       102.29534      0.12215795     -0.84985218       -2.805092    2.100583e-09       146.13619      0.29551595      0.14480281      0.70441033      0.24569493        0.247026         2.51606        7.691477       5.0115744       8.5830933        8.5830933       5.0115744          5.0115744
              1       9.2437988       105.96239      0.10997435      -1.3803811     -0.15601605    2.100583e-09       151.37485      0.27065147      0.13261922      0.72927481      0.24569493        0.247026         2.51606       7.4693964       1.3214111       8.5830933        8.5830933       1.3214111          1.3214111
              2       9.2153835       105.94077      0.10997435      -1.3803811     -0.15601605    2.100583e-09       151.34395      0.27065147      0.13261922      0.72927481      0.24569493        0.247026         2.51606       7.4693964       1.2645804       8.5830933        8.5830933       1.2645804          1.2645804
              3       9.2382865       107.02563      0.10674731      -1.4248522     -0.10843238    2.100583e-09       152.89376      0.26406567      0.12939218       0.7358606      0.24569493        0.247026         2.51606       7.4014303       1.3103865       8.5830933        8.5830933       1.3103865          1.3103865
              3       9.9175768       107.45477      0.10674731      -1.4248522     -0.10843238    2.100583e-09       153.50681      0.26406567      0.12939218       0.7358606      0.24569493        0.247026         2.51606       7.4014303       2.6689671       8.5830933        8.5830933       2.6689671          2.6689671
              1       9.6487133        106.8431      0.10674731      -1.4248522     -0.10843238    2.100583e-09         152.633      0.26406567      0.12939218       0.7358606      0.24569493        0.247026         2.51606       7.4014303         2.13124       8.5830933        8.5830933         2.13124            2.13124
              5        11.30213       106.53535      0.10674731      -1.4248522     -0.10843238    2.100583e-09       152.19336      0.26406567      0.12939218       0.7358606      0.24569493        0.247026         2.51606       7.4014303       5.4380727       8.5830933        8.5830933       5.4380727          5.4380727
              2       9.9952579       107.47263      0.10674731      -1.4248522     -0.10843238    2.100583e-09       153.53232      0.26406567      0.12939218       0.7358606      0.24569493        0.247026         2.51606       7.4014303       2.8243293       8.5830933        8.5830933       2.8243293          2.8243293
              1        9.736588       107.89542      0.10555329      -1.4310796     -0.16479765    2.100583e-09       154.13631      0.26162889      0.12819816      0.73829738      0.24569493        0.247026         2.51606       7.3746679       2.3069894       8.5830933        8.5830933       2.3069894          2.3069894
              4       11.307233       108.20615      0.10555329      -1.4310796     -0.16479765    2.100583e-09       154.58022      0.26162889      0.12819816      0.73829738      0.24569493        0.247026         2.51606       7.3746679       5.4482785       8.5830933        8.5830933       5.4482785          5.4482785
              1       11.599763       107.84685      0.10522321      -1.3923315     -0.21198082    2.100583e-09       154.06693      0.26095525      0.12786807      0.73897102      0.24569493        0.247026         2.51606       7.3710518       6.0333398       8.5830933        8.5830933       6.0333398          6.0333398
              2       10.400646       106.94599      0.10522321      -1.3923315     -0.21198082    2.100583e-09       152.77998      0.26095525      0.12786807      0.73897102      0.24569493        0.247026         2.51606       7.3710518       3.6351045       8.5830933        8.5830933       3.6351045          3.6351045
              6       9.9498425       107.07538      0.10522321      -1.3923315     -0.21198082    2.100583e-09       152.96484      0.26095525      0.12786807      0.73897102      0.24569493        0.247026         2.51606       7.3710518       2.7334985       8.5830933        8.5830933       2.7334985          2.7334985
              4       9.0171535       102.31316      0.11994695      -1.0284624      -1.5485397    2.100583e-09       146.16165      0.29100371      0.14259182      0.70892256      0.24569493        0.247026         2.51606       7.6589952      0.86812044       8.5830933        8.5830933      0.86812044         0.86812044
              7       8.6905457       101.80517      0.12327576     -0.99772681       -1.787394    2.100583e-09       145.43596       0.2977972      0.14592063      0.70212907      0.24569493        0.247026         2.51606       7.7190082      0.21490485       8.5830933        8.5830933      0.21490485         0.21490485
              1       8.7044092       102.09243       0.1222501      -1.0204968      -1.6914225    2.100583e-09       145.84632      0.29570402      0.14489497      0.70422225      0.24569493        0.247026         2.51606       7.6998918      0.24263174       8.5830933        8.5830933      0.24263174         0.24263174
              1       8.7369581       102.16925       0.1222501      -1.0204968      -1.6914225    2.100583e-09       145.95607      0.29570402      0.14489497      0.70422225      0.24569493        0.247026         2.51606       7.6998918      0.30772956       8.5830933        8.5830933      0.30772956         0.30772956
              3       8.6370393        100.9151      0.12575691     -0.95142872      -1.8379303    2.100583e-09       144.16443      0.30286077      0.14840178       0.6970655      0.24569493        0.247026         2.51606       7.7678978        0.107892       8.5830933        8.5830933        0.107892           0.107892
              1       8.7731463       101.31601      0.12584843     -0.93865122      -2.1123502    2.100583e-09       144.73716      0.30304754       0.1484933      0.69687873      0.24569493        0.247026         2.51606       7.7652562      0.38010598       8.5830933        8.5830933      0.38010598         0.38010598
              1       8.8008893       101.35186      0.12584843     -0.93865122      -2.1123502    2.100583e-09       144.78837      0.30304754       0.1484933      0.69687873      0.24569493        0.247026         2.51606       7.7652562      0.43559203       8.5830933        8.5830933      0.43559203         0.43559203
              1       9.6292601       99.479216      0.13001265     -0.71699683      -2.9818459    2.100583e-09       142.11317      0.31154596      0.15265752      0.68838031      0.24569493        0.247026         2.51606       7.8431514       2.0923336       8.5830933        8.5830933       2.0923336          2.0923336
              2       9.7805416       99.418732      0.13001265     -0.71699683      -2.9818459    2.100583e-09       142.02676      0.31154596      0.15265752      0.68838031      0.24569493        0.247026         2.51606       7.8431514       2.3948966       8.5830933        8.5830933       2.3948966          2.3948966
              7       9.5096755       99.680792      0.13001265     -0.71699683      -2.9818459    2.100583e-09       142.40113      0.31154596      0.15265752      0.68838031      0.24569493        0.247026         2.51606       7.8431514       1.8531645       8.5830933        8.5830933       1.8531645          1.8531645
              3       9.6597426       99.777024      0.13001265     -0.71699683      -2.9818459    2.100583e-09       142.53861      0.31154596      0.15265752      0.68838031      0.24569493        0.247026         2.51606       7.8431514       2.1532987       8.5830933        8.5830933       2.1532987          2.1532987
              2       11.039065       93.532947      0.14756437     -0.50314301      -2.7826651    2.100583e-09        133.6185      0.34736579      0.17020924      0.65256048      0.24569493        0.247026         2.51606       8.1705759       4.9119427       8.5830933        8.5830933       4.9119427          4.9119427
              3       10.858462       95.355372      0.14259899     -0.50899131      -2.9855372    2.100583e-09       136.22196      0.33723236      0.16524386      0.66269391      0.24569493        0.247026         2.51606       8.0814298       4.5507374       8.5830933        8.5830933       4.5507374          4.5507374
              3        12.08556       95.523524      0.14259899     -0.50899131      -2.9855372    2.100583e-09       136.46218      0.33723236      0.16524386      0.66269391      0.24569493        0.247026         2.51606       8.0814298       7.0049329       8.5830933        8.5830933       7.0049329          7.0049329
              4       11.609071       95.465024      0.14259899     -0.50899131      -2.9855372    2.100583e-09       136.37861      0.33723236      0.16524386      0.66269391      0.24569493        0.247026         2.51606       8.0814298       6.0519556       8.5830933        8.5830933       6.0519556          6.0519556
              2       12.037624       95.517919      0.14259899     -0.50899131      -2.9855372    2.100583e-09       136.45417      0.33723236      0.16524386      0.66269391      0.24569493        0.247026         2.51606       8.0814298       6.9090607       8.5830933        8.5830933       6.9090607          6.9090607
              1       15.990633       94.094877      0.14259899     -0.50899131      -2.9855372    2.100583e-09       134.42125      0.33723236      0.16524386      0.66269391      0.24569493        0.247026         2.51606       8.0814298        14.81508       8.5830933        8.5830933        14.81508           14.81508
              1       11.027759       104.01814      0.11908848      -1.0241442      -2.3826261    2.100583e-09       148.59735      0.28925174      0.14173335      0.71067453      0.24569493        0.247026         2.51606       7.6278357       4.8893317       8.5830933        8.5830933       4.8893317          4.8893317
              2       10.787279       104.35579      0.11908848      -1.0241442      -2.3826261    2.100583e-09       149.07969      0.28925174      0.14173335      0.71067453      0.24569493        0.247026         2.51606       7.6278357       4.4083705       8.5830933        8.5830933       4.4083705          4.4083705
              1       8.8742406        102.4925      0.12161333      -1.0425543      -1.6145036    2.100583e-09       146.41786      0.29440449       0.1442582      0.70552178      0.24569493        0.247026         2.51606       7.6876766      0.58229457       8.5830933        8.5830933      0.58229457         0.58229457
              1       10.293491       102.81979      0.12161333      -1.0425543      -1.6145036    2.100583e-09       146.88541      0.29440449       0.1442582      0.70552178      0.24569493        0.247026         2.51606       7.6876766       3.4207964       8.5830933        8.5830933       3.4207964          3.4207964
              1       9.6770246       108.43973      0.10548208      -1.4428847     -0.35401506    2.100583e-09       154.91389      0.26148356      0.12812695      0.73844271      0.24569493        0.247026         2.51606       7.3661048       2.1878626       8.5830933        8.5830933       2.1878626          2.1878626
              6       9.7013118       108.45286      0.10548208      -1.4428847     -0.35401506    2.100583e-09       154.93265      0.26148356      0.12812695      0.73844271      0.24569493        0.247026         2.51606       7.3661048       2.2364371       8.5830933        8.5830933       2.2364371          2.2364371
              1       9.5594312       108.25246      0.10548208      -1.4428847     -0.35401506    2.100583e-09       154.64637      0.26148356      0.12812695      0.73844271      0.24569493        0.247026         2.51606       7.3661048       1.9526759       8.5830933        8.5830933       1.9526759          1.9526759
              2       10.529189       110.87227     0.096796591      -1.7464272        1.064518    2.100583e-09       158.38896      0.24375808      0.11944146      0.75616819      0.24569493        0.247026         2.51606       7.2070186       3.8921909       8.5830933        8.5830933       3.8921909          3.8921909
              3        10.43805       110.90162     0.096796591      -1.7464272        1.064518    2.100583e-09       158.43089      0.24375808      0.11944146      0.75616819      0.24569493        0.247026         2.51606       7.2070186       3.7099129       8.5830933        8.5830933       3.7099129          3.7099129
              1        10.52842       104.50094      0.11929051      -1.1481347      -1.6124427    2.100583e-09       149.28705      0.28966404      0.14193538      0.71026223      0.24569493        0.247026         2.51606       7.6352835       3.8906531       8.5830933        8.5830933       3.8906531          3.8906531
              2       10.594165       106.31463      0.11425833      -1.2532295      -1.3712822    2.100583e-09       151.87804      0.27939429       0.1369032      0.72053199      0.24569493        0.247026         2.51606       7.5346808       4.0221426       8.5830933        8.5830933       4.0221426          4.0221426
              1       10.680941       106.22574      0.11463773      -1.2448397      -1.4146623    2.100583e-09       151.75106      0.28016857       0.1372826       0.7197577      0.24569493        0.247026         2.51606        7.541938       4.1956955       8.5830933        8.5830933       4.1956955          4.1956955
              1       10.084572       105.91903      0.11463773      -1.2448397      -1.4146623    2.100583e-09        151.3129      0.28016857       0.1372826       0.7197577      0.24569493        0.247026         2.51606        7.541938       3.0029564       8.5830933        8.5830933       3.0029564          3.0029564
              2       11.959538       109.78321      0.10299516      -1.5489499     -0.32055657    2.100583e-09       156.83315      0.25640822      0.12564003      0.74351805      0.24569493        0.247026         2.51606       7.3060742       6.7528891       8.5830933        8.5830933       6.7528891          6.7528891
              1       10.684185       110.14677      0.10299516      -1.5489499     -0.32055657    2.100583e-09       157.35252      0.25640822      0.12564003      0.74351805      0.24569493        0.247026         2.51606       7.3060742        4.202184       8.5830933        8.5830933        4.202184           4.202184
              1       11.380405        109.8991      0.10299516      -1.5489499     -0.32055657    2.100583e-09       156.99872      0.25640822      0.12564003      0.74351805      0.24569493        0.247026         2.51606       7.3060742       5.5946228       8.5830933        8.5830933       5.5946228          5.5946228
              1       10.104115       102.87876      0.12193254     -0.93345843      -2.5143163    2.100583e-09       146.96966      0.29505594      0.14457741      0.70487033      0.24569493        0.247026         2.51606       7.6859132       3.0420436       8.5830933        8.5830933       3.0420436          3.0420436
              3       10.683689       103.73599      0.12020389     -0.97020031      -2.4952859    2.100583e-09       148.19427      0.29152808      0.14284876      0.70839819      0.24569493        0.247026         2.51606       7.6510133       4.2011914       8.5830933        8.5830933       4.2011914          4.2011914
              2         11.8971        104.0435      0.12020389     -0.97020031      -2.4952859    2.100583e-09       148.63357      0.29152808      0.14284876      0.70839819      0.24569493        0.247026         2.51606       7.6510133       6.6280137       8.5830933        8.5830933       6.6280137          6.6280137
              2       12.050799       104.06858      0.12020389     -0.97020031      -2.4952859    2.100583e-09        148.6694      0.29152808      0.14284876      0.70839819      0.24569493        0.247026         2.51606       7.6510133       6.9354109       8.5830933        8.5830933       6.9354109          6.9354109
              1       9.4656551       108.16603      0.10500824      -1.4551405     -0.13401867    2.100583e-09       154.52291      0.26051654       0.1276531      0.73940973      0.24569493        0.247026         2.51606       7.3618582       1.7651237       8.5830933        8.5830933       1.7651237          1.7651237
              7       12.181943        112.3781     0.094887935      -1.7182384       0.4809243    2.100583e-09       160.54015      0.23986286       0.1175328      0.76006341      0.24569493        0.247026         2.51606       7.1413852        7.197699       8.5830933        8.5830933        7.197699           7.197699
              2       12.040424       112.36485     0.095112557      -1.7194353      0.47549102    2.100583e-09       160.52122      0.24032127      0.11775742        0.759605      0.24569493        0.247026         2.51606       7.1458519       6.9146617       8.5830933        8.5830933       6.9146617          6.9146617
              1       11.728534       112.79289     0.095326339       -1.872843       1.2182368    2.100583e-09       161.13269      0.24075756      0.11797121      0.75916871      0.24569493        0.247026         2.51606       7.1627068       6.2908814       8.5830933        8.5830933       6.2908814          6.2908814
              4       11.428188       113.00424     0.095326339       -1.872843       1.2182368    2.100583e-09       161.43463      0.24075756      0.11797121      0.75916871      0.24569493        0.247026         2.51606       7.1627068       5.6901897       8.5830933        8.5830933       5.6901897          5.6901897
              1       11.710164       112.80001     0.095326339       -1.872843       1.2182368    2.100583e-09       161.14287      0.24075756      0.11797121      0.75916871      0.24569493        0.247026         2.51606       7.1627068       6.2541413       8.5830933        8.5830933       6.2541413          6.2541413
              1       11.662845       113.23002     0.095326339       -1.872843       1.2182368    2.100583e-09       161.75717      0.24075756      0.11797121      0.75916871      0.24569493        0.247026         2.51606       7.1627068       6.1595038       8.5830933        8.5830933       6.1595038          6.1595038
              2       10.513448       113.22421     0.093576449      -1.7971215      0.89574686    2.100583e-09       161.74887      0.23718636      0.11622132      0.76273991      0.24569493        0.247026         2.51606       7.1200295       3.8607104       8.5830933        8.5830933       3.8607104          3.8607104
              1       10.279164       112.82624      0.09427334      -1.7750819      0.88384304    2.100583e-09       161.18034      0.23860858      0.11691821      0.76131769      0.24569493        0.247026         2.51606       7.1376935       3.3921406       8.5830933        8.5830933       3.3921406          3.3921406
              1       10.346187       112.92194      0.09427334      -1.7750819      0.88384304    2.100583e-09       161.31706      0.23860858      0.11691821      0.76131769      0.24569493        0.247026         2.51606       7.1376935       3.5261867       8.5830933        8.5830933       3.5261867          3.5261867
              3       11.302889       112.38745      0.09427334      -1.7750819      0.88384304    2.100583e-09        160.5535      0.23860858      0.11691821      0.76131769      0.24569493        0.247026         2.51606       7.1376935        5.439591       8.5830933        8.5830933        5.439591           5.439591
              1       11.276975       112.37395     0.094316704      -1.7744004      0.88217797    2.100583e-09       160.53421      0.23869708      0.11696157      0.76122919      0.24569493        0.247026         2.51606       7.1386399       5.3877632       8.5830933        8.5830933       5.3877632          5.3877632
              1       14.508237       111.93454     0.094316704      -1.7744004      0.88217797    2.100583e-09       159.90648      0.23869708      0.11696157      0.76122919      0.24569493        0.247026         2.51606       7.1386399       11.850287       8.5830933        8.5830933       11.850287          11.850287
              1       13.581393       111.87557     0.092071531      -1.8188924       1.3789809    2.100583e-09       159.82225       0.2341151       0.1147164      0.76581118      0.24569493        0.247026         2.51606       7.1174239       9.9965997       8.5830933        8.5830933       9.9965997          9.9965997
              1       11.640055       112.13756     0.092071531      -1.8188924       1.3789809    2.100583e-09       160.19651       0.2341151       0.1147164      0.76581118      0.24569493        0.247026         2.51606       7.1174239       6.1139226       8.5830933        8.5830933       6.1139226          6.1139226
              4       9.9973354       107.56953      0.10430047      -1.4695587      0.27967114    2.100583e-09       153.67076      0.25907211      0.12694533      0.74085416      0.24569493        0.247026         2.51606       7.3627945       2.8284843       8.5830933        8.5830933       2.8284843          2.8284843
              1       10.626579       107.71265      0.10430047      -1.4695587      0.27967114    2.100583e-09       153.87522      0.25907211      0.12694533      0.74085416      0.24569493        0.247026         2.51606       7.3627945       4.0869712       8.5830933        8.5830933       4.0869712          4.0869712
              2        10.26446       108.16085      0.10275956      -1.4874554       0.3140074    2.100583e-09        154.5155       0.2559274      0.12540443      0.74399887      0.24569493        0.247026         2.51606       7.3304958       3.3627334       8.5830933        8.5830933       3.3627334          3.3627334
              1       12.849885       107.11238      0.10275956      -1.4874554       0.3140074    2.100583e-09       153.01768       0.2559274      0.12540443      0.74399887      0.24569493        0.247026         2.51606       7.3304958       8.5335832       8.5830933        8.5830933       8.5335832          8.5335832
              1        11.59378       107.26778      0.10275956      -1.4874554       0.3140074    2.100583e-09       153.23968       0.2559274      0.12540443      0.74399887      0.24569493        0.247026         2.51606       7.3304958       6.0213728       8.5830933        8.5830933       6.0213728          6.0213728
              2       9.3578615       101.25749      0.12375549       -1.036274      -1.4965767    2.100583e-09       144.65356      0.29877623      0.14640035      0.70115004      0.24569493        0.247026         2.51606       7.7308539       1.5495363       8.5830933        8.5830933       1.5495363          1.5495363
              1       9.7826206       101.95517      0.12375549       -1.036274      -1.4965767    2.100583e-09       145.65025      0.29877623      0.14640035      0.70115004      0.24569493        0.247026         2.51606       7.7308539       2.3990546       8.5830933        8.5830933       2.3990546          2.3990546
              1       9.8621979       104.14236      0.11575871      -1.0982183      -1.4473741    2.100583e-09        148.7748      0.28245629      0.13840358      0.71746998      0.24569493        0.247026         2.51606       7.5749933       2.5582092       8.5830933        8.5830933       2.5582092          2.5582092
              2       10.109224       104.21117      0.11575871      -1.0982183      -1.4473741    2.100583e-09        148.8731      0.28245629      0.13840358      0.71746998      0.24569493        0.247026         2.51606       7.5749933       3.0522619       8.5830933        8.5830933       3.0522619          3.0522619
              1       10.984844       104.38124      0.11575871      -1.0982183      -1.4473741    2.100583e-09       149.11606      0.28245629      0.13840358      0.71746998      0.24569493        0.247026         2.51606       7.5749933       4.8035008       8.5830933        8.5830933       4.8035008          4.8035008
              3       9.9795195        104.1772      0.11575871      -1.0982183      -1.4473741    2.100583e-09       148.82457      0.28245629      0.13840358      0.71746998      0.24569493        0.247026         2.51606       7.5749933       2.7928525       8.5830933        8.5830933       2.7928525          2.7928525
              5       9.5015368       103.86099      0.11575871      -1.0982183      -1.4473741    2.100583e-09       148.37285      0.28245629      0.13840358      0.71746998      0.24569493        0.247026         2.51606       7.5749933        1.836887       8.5830933        8.5830933        1.836887           1.836887
              1       9.5205766       103.97417      0.11575871      -1.0982183      -1.4473741    2.100583e-09       148.53452      0.28245629      0.13840358      0.71746998      0.24569493        0.247026         2.51606       7.5749933       1.8749665       8.5830933        8.5830933       1.8749665          1.8749665
              1       9.6682341       103.07958      0.11772077        -1.16992      -0.7654822    2.100583e-09       147.25655      0.28646048      0.14036564      0.71346579      0.24569493        0.247026         2.51606       7.6235916       2.1702816       8.5830933        8.5830933       2.1702816          2.1702816
              1       10.350423       96.808625      0.13442068     -0.72809231      -2.0309441    2.100583e-09       138.29804      0.32054193      0.15706555      0.67938434      0.24569493        0.247026         2.51606       7.9407207       3.5346588       8.5830933        8.5830933       3.5346588          3.5346588
              3        17.28276       103.66418      0.10833454      -1.0736934     -0.84202952    2.100583e-09       148.09168       0.2673049       0.1309794      0.73262137      0.24569493        0.247026         2.51606       7.4512625       17.399334       8.5830933        8.5830933       17.399334          17.399334
              1       17.803068       103.22271      0.10833454      -1.0736934     -0.84202952    2.100583e-09       147.46101       0.2673049       0.1309794      0.73262137      0.24569493        0.247026         2.51606       7.4512625        18.43995       8.5830933        8.5830933        18.43995           18.43995
              2       18.464255       105.65719     0.099968312      -1.2716594    -0.025171387    2.100583e-09       150.93884      0.25023098      0.12261318      0.74969529      0.24569493        0.247026         2.51606       7.2924246       19.762324       8.5830933        8.5830933       19.762324          19.762324
              2       19.086852       99.338021      0.11778341     -0.88733633      -1.0030573    2.100583e-09       141.91146      0.28658831      0.14042827      0.71333796      0.24569493        0.247026         2.51606       7.6547237       21.007517       8.5830933        8.5830933       21.007517          21.007517
              1       14.526398       97.731179      0.12791116     -0.94412549     -0.76044438    2.100583e-09       139.61597      0.30725719      0.15055602      0.69266908      0.24569493        0.247026         2.51606       7.8436585       11.886609       8.5830933        8.5830933       11.886609          11.886609
              2       11.783243       97.370382      0.13096602     -0.86166802      -1.3682759    2.100583e-09       139.10055      0.31349161      0.15361089      0.68643466      0.24569493        0.247026         2.51606        7.884333       6.4002986       8.5830933        8.5830933       6.4002986          6.4002986
              1       10.879054       103.49878      0.11119087       -1.261717    -0.036511156    2.100583e-09        147.8554      0.27313416      0.13383574      0.72679211      0.24569493        0.247026         2.51606       7.5169868       4.5919219       8.5830933        8.5830933       4.5919219          4.5919219
              1       10.892961       103.38569      0.11119087       -1.261717    -0.036511156    2.100583e-09       147.69385      0.27313416      0.13383574      0.72679211      0.24569493        0.247026         2.51606       7.5169868       4.6197349       8.5830933        8.5830933       4.6197349          4.6197349
              1       10.863993         103.453      0.11119087       -1.261717    -0.036511156    2.100583e-09       147.78999      0.27313416      0.13383574      0.72679211      0.24569493        0.247026         2.51606       7.5169868       4.5617989       8.5830933        8.5830933       4.5617989          4.5617989
              1       10.866285       103.43282      0.11119087       -1.261717    -0.036511156    2.100583e-09       147.76117      0.27313416      0.13383574      0.72679211      0.24569493        0.247026         2.51606       7.5169868       4.5663838       8.5830933        8.5830933       4.5663838          4.5663838
              4       10.196865       103.48605      0.11273829      -1.2189471     -0.46054757    2.100583e-09       147.83721      0.27629216      0.13538316      0.72363411      0.24569493        0.247026         2.51606       7.5328183       3.2275437       8.5830933        8.5830933       3.2275437          3.2275437
              4       9.9197931       103.83752      0.11273829      -1.2189471     -0.46054757    2.100583e-09       148.33931      0.27629216      0.13538316      0.72363411      0.24569493        0.247026         2.51606       7.5328183       2.6733996       8.5830933        8.5830933       2.6733996          2.6733996
              6       10.206913         101.781      0.12144275     -0.90523073      -2.2066422    2.100583e-09       145.40143      0.29405637      0.14408762       0.7058699      0.24569493        0.247026         2.51606       7.6840286         3.24764       8.5830933        8.5830933         3.24764            3.24764
              2       9.2793318       101.01104      0.12355605     -0.97673102      -1.6953877    2.100583e-09       144.30149      0.29836922      0.14620092      0.70155705      0.24569493        0.247026         2.51606       7.7280212       1.3924771       8.5830933        8.5830933       1.3924771          1.3924771
              1       8.7314474       101.26712      0.12355605     -0.97673102      -1.6953877    2.100583e-09       144.66732      0.29836922      0.14620092      0.70155705      0.24569493        0.247026         2.51606       7.7280212      0.29670814       8.5830933        8.5830933      0.29670814         0.29670814
              1       8.7421815       101.24516      0.12355605     -0.97673102      -1.6953877    2.100583e-09       144.63594      0.29836922      0.14620092      0.70155705      0.24569493        0.247026         2.51606       7.7280212       0.3181764       8.5830933        8.5830933       0.3181764          0.3181764
              4       9.8347078       102.66186      0.12188621      -1.0514182      -1.5507678    2.100583e-09        146.6598      0.29496137      0.14453107       0.7049649      0.24569493        0.247026         2.51606       7.6933978       2.5032291       8.5830933        8.5830933       2.5032291          2.5032291
              5       9.8649128       102.12656      0.12366796       -1.024406      -1.6220794    2.100583e-09       145.89508       0.2985976      0.14631282      0.70132867      0.24569493        0.247026         2.51606       7.7274977        2.563639       8.5830933        8.5830933        2.563639           2.563639
              2        9.050133       101.47739      0.12366796       -1.024406      -1.6220794    2.100583e-09        144.9677       0.2985976      0.14631282      0.70132867      0.24569493        0.247026         2.51606       7.7274977      0.93407952       8.5830933        8.5830933      0.93407952         0.93407952
              1       8.6825622       101.67054      0.12366796       -1.024406      -1.6220794    2.100583e-09       145.24363       0.2985976      0.14631282      0.70132867      0.24569493        0.247026         2.51606       7.7274977      0.19893779       8.5830933        8.5830933      0.19893779         0.19893779
              1       9.0416675          101.48      0.12366796       -1.024406      -1.6220794    2.100583e-09       144.97143       0.2985976      0.14631282      0.70132867      0.24569493        0.247026         2.51606       7.7274977      0.91714852       8.5830933        8.5830933      0.91714852         0.91714852
              1       8.7147595       101.78927      0.12366796       -1.024406      -1.6220794    2.100583e-09       145.41324       0.2985976      0.14631282      0.70132867      0.24569493        0.247026         2.51606       7.7274977      0.26333244       8.5830933        8.5830933      0.26333244         0.26333244
              1       8.9010432       103.81225      0.11815408      -1.1427961      -1.3541952    2.100583e-09       148.30321      0.28734479      0.14079895      0.71258148      0.24569493        0.247026         2.51606       7.6190779      0.63589991       8.5830933        8.5830933      0.63589991         0.63589991
              1       8.9448488       103.85195      0.11815408      -1.1427961      -1.3541952    2.100583e-09       148.35993      0.28734479      0.14079895      0.71258148      0.24569493        0.247026         2.51606       7.6190779      0.72351094       8.5830933        8.5830933      0.72351094         0.72351094
              1       8.9664659       103.46078      0.11960217      -1.1070385      -1.5189895    2.100583e-09       147.80112      0.29030007      0.14224703       0.7096262      0.24569493        0.247026         2.51606       7.6462316      0.76674525       8.5830933        8.5830933      0.76674525         0.76674525
              2       8.9199415       103.11832      0.12046551      -1.0783736      -1.6123555    2.100583e-09       147.31189      0.29206199      0.14311038      0.70786428      0.24569493        0.247026         2.51606       7.6630729      0.67369652       8.5830933        8.5830933      0.67369652         0.67369652
              2       9.8141899       102.64307      0.12046551      -1.0783736      -1.6123555    2.100583e-09       146.63296      0.29206199      0.14311038      0.70786428      0.24569493        0.247026         2.51606       7.6630729       2.4621932       8.5830933        8.5830933       2.4621932          2.4621932
              2       9.9274279       101.61096      0.12107932      -1.1585789     -0.68197183    2.100583e-09       145.15851      0.29331468      0.14372419       0.7066116      0.24569493        0.247026         2.51606       7.6910678       2.6886693       8.5830933        8.5830933       2.6886693          2.6886693
              1       9.9105437       100.75991      0.12232734      -1.0054348      -1.3503855    2.100583e-09       143.94272      0.29586165      0.14497221      0.70406462      0.24569493        0.247026         2.51606        7.710932       2.6549007       8.5830933        8.5830933       2.6549007          2.6549007
              1       9.1952696       101.00587      0.12232734      -1.0054348      -1.3503855    2.100583e-09        144.2941      0.29586165      0.14497221      0.70406462      0.24569493        0.247026         2.51606        7.710932       1.2243526       8.5830933        8.5830933       1.2243526          1.2243526
              9       9.5321916        100.8549      0.12232734      -1.0054348      -1.3503855    2.100583e-09       144.07842      0.29586165      0.14497221      0.70406462      0.24569493        0.247026         2.51606        7.710932       1.8981967       8.5830933        8.5830933       1.8981967          1.8981967
              1       9.7850628       101.39035      0.12232734      -1.0054348      -1.3503855    2.100583e-09       144.84336      0.29586165      0.14497221      0.70406462      0.24569493        0.247026         2.51606        7.710932        2.403939       8.5830933        8.5830933        2.403939           2.403939
              1       10.424802       109.31865     0.098620737      -1.5653316      0.47809603    2.100583e-09       156.16951      0.24748082       0.1212656      0.75244545      0.24569493        0.247026         2.51606       7.2414356       3.6834178       8.5830933        8.5830933       3.6834178          3.6834178
              1        10.16946        109.3526     0.098871767      -1.5780014       0.5202536    2.100583e-09         156.218      0.24799313      0.12151663      0.75193314      0.24569493        0.247026         2.51606       7.2468391       3.1727343       8.5830933        8.5830933       3.1727343          3.1727343
              6        9.902533       109.46708     0.098871767      -1.5780014       0.5202536    2.100583e-09       156.38154      0.24799313      0.12151663      0.75193314      0.24569493        0.247026         2.51606       7.2468391       2.6388794       8.5830933        8.5830933       2.6388794          2.6388794
              1       11.583399       111.79629      0.09219672      -1.6941938      0.88102056    2.100583e-09       159.70898      0.23437058      0.11484159      0.76555569      0.24569493        0.247026         2.51606       7.1070619       6.0006117       8.5830933        8.5830933       6.0006117          6.0006117
              1       11.603736       111.79146      0.09219672      -1.6941938      0.88102056    2.100583e-09       159.70209      0.23437058      0.11484159      0.76555569      0.24569493        0.247026         2.51606       7.1070619       6.0412862       8.5830933        8.5830933       6.0412862          6.0412862
              1       12.115885       111.68603      0.09219672      -1.6941938      0.88102056    2.100583e-09       159.55147      0.23437058      0.11484159      0.76555569      0.24569493        0.247026         2.51606       7.1070619       7.0655827       8.5830933        8.5830933       7.0655827          7.0655827
              4       11.717685       110.88036     0.094495937      -1.6153684      0.56728915    2.100583e-09       158.40052      0.23906286       0.1171408      0.76086341      0.24569493        0.247026         2.51606       7.1513113       6.2691827       8.5830933        8.5830933       6.2691827          6.2691827
              1       11.156071       111.08394     0.094495937      -1.6153684      0.56728915    2.100583e-09       158.69134      0.23906286       0.1171408      0.76086341      0.24569493        0.247026         2.51606       7.1513113       5.1459562       8.5830933        8.5830933       5.1459562          5.1459562
              1        12.38304       111.69895     0.094495937      -1.6153684      0.56728915    2.100583e-09       159.56993      0.23906286       0.1171408      0.76086341      0.24569493        0.247026         2.51606       7.1513113       7.5998942       8.5830933        8.5830933       7.5998942          7.5998942
              3       12.225696       109.31127      0.10203876      -1.4852617        0.070235    2.100583e-09       156.15896      0.25445637      0.12468362       0.7454699      0.24569493        0.247026         2.51606       7.3050164       7.2852047       8.5830933        8.5830933       7.2852047          7.2852047
              2       12.918136       108.27522      0.10591428      -1.3930509     -0.36521965    2.100583e-09       154.67889       0.2623656      0.12855914      0.73756067      0.24569493        0.247026         2.51606         7.37981       8.6700857       8.5830933        8.5830933       8.6700857          8.6700857
              1       10.912616       107.05881      0.10591428      -1.3930509     -0.36521965    2.100583e-09       152.94116       0.2623656      0.12855914      0.73756067      0.24569493        0.247026         2.51606         7.37981       4.6590453       8.5830933        8.5830933       4.6590453          4.6590453
              1       10.279569        104.7149      0.11253313      -1.1945023      -1.0977968    2.100583e-09       149.59272      0.27587345      0.13517799      0.72405282      0.24569493        0.247026         2.51606       7.5116112       3.3929517       8.5830933        8.5830933       3.3929517          3.3929517
              2       9.5173114       102.00039      0.12034959      -1.0206044      -1.6006156    2.100583e-09       145.71485      0.29182542      0.14299445      0.70810085      0.24569493        0.247026         2.51606        7.666125       1.8684362       8.5830933        8.5830933       1.8684362          1.8684362
              4       9.1593247       102.11623      0.12034959      -1.0206044      -1.6006156    2.100583e-09       145.88034      0.29182542      0.14299445      0.70810085      0.24569493        0.247026         2.51606        7.666125       1.1524628       8.5830933        8.5830933       1.1524628          1.1524628
              5       10.224368       101.85628      0.12034959      -1.0206044      -1.6006156    2.100583e-09       145.50897      0.29182542      0.14299445      0.70810085      0.24569493        0.247026         2.51606        7.666125       3.2825494       8.5830933        8.5830933       3.2825494          3.2825494
              2       9.5542601       104.02561      0.11577979      -1.2232457     -0.93795229    2.100583e-09       148.60801      0.28249931      0.13842466      0.71742696      0.24569493        0.247026         2.51606       7.5758775       1.9423336       8.5830933        8.5830933       1.9423336          1.9423336
              1       9.8361525       104.89847      0.11327291      -1.2774887     -0.78756362    2.100583e-09       149.85496      0.27738322      0.13591778      0.72254305      0.24569493        0.247026         2.51606       7.5258598       2.5061185       8.5830933        8.5830933       2.5061185          2.5061185
              1       9.9511088        104.9382      0.11438049      -1.2730031     -0.93220398    2.100583e-09       149.91172      0.27964358      0.13702535      0.72028269      0.24569493        0.247026         2.51606       7.5443058       2.7360311       8.5830933        8.5830933       2.7360311          2.7360311
              1       9.7577673       105.60149      0.11438049      -1.2730031     -0.93220398    2.100583e-09       150.85926      0.27964358      0.13702535      0.72028269      0.24569493        0.247026         2.51606       7.5443058        2.349348       8.5830933        8.5830933        2.349348           2.349348
              3       9.7596136       108.50977      0.10514613      -1.4407932     -0.43678515    2.100583e-09       155.01395      0.26079795      0.12779099      0.73912833      0.24569493        0.247026         2.51606       7.3572747       2.3530407       8.5830933        8.5830933       2.3530407          2.3530407
              3       9.7676312       108.60508      0.10514613      -1.4407932     -0.43678515    2.100583e-09       155.15012      0.26079795      0.12779099      0.73912833      0.24569493        0.247026         2.51606       7.3572747       2.3690759       8.5830933        8.5830933       2.3690759          2.3690759
              1       9.7134475       108.37749      0.10576435      -1.4953048    -0.033342177    2.100583e-09       154.82499      0.26205963      0.12840922      0.73786664      0.24569493        0.247026         2.51606         7.37585       2.2607084       8.5830933        8.5830933       2.2607084          2.2607084
              6       12.562461       96.237495      0.13452701     -0.68067679      -1.9760568    2.100583e-09       137.48214      0.32075893      0.15717187      0.67916734      0.24569493        0.247026         2.51606       7.9493105        7.958735       8.5830933        8.5830933        7.958735           7.958735
              1       12.454566        96.22246      0.13450919     -0.66915747       -2.041076    2.100583e-09       137.46066      0.32072256      0.15715405      0.67920371      0.24569493        0.247026         2.51606       7.9483459       7.7429455       8.5830933        8.5830933       7.7429455          7.7429455
              4       12.405161       95.950256      0.13450919     -0.66915747       -2.041076    2.100583e-09       137.07179      0.32072256      0.15715405      0.67920371      0.24569493        0.247026         2.51606       7.9483459       7.6441347       8.5830933        8.5830933       7.6441347          7.6441347
              2       13.261964       96.430159      0.13450919     -0.66915747       -2.041076    2.100583e-09       137.75737      0.32072256      0.15715405      0.67920371      0.24569493        0.247026         2.51606       7.9483459       9.3577424       8.5830933        8.5830933       9.3577424          9.3577424
              4       13.458748       96.464465      0.13450919     -0.66915747       -2.041076    2.100583e-09       137.80638      0.32072256      0.15715405      0.67920371      0.24569493        0.247026         2.51606       7.9483459       9.7513095       8.5830933        8.5830933       9.7513095          9.7513095
              1       11.629227       94.776882      0.14027047     -0.47524683      -2.9819584    2.100583e-09       135.39555      0.33248029      0.16291534      0.66744598      0.24569493        0.247026         2.51606        8.044423        6.092268       8.5830933        8.5830933        6.092268           6.092268
              2       11.645386       95.011468      0.14027047     -0.47524683      -2.9819584    2.100583e-09       135.73067      0.33248029      0.16291534      0.66744598      0.24569493        0.247026         2.51606        8.044423       6.1245861       8.5830933        8.5830933       6.1245861          6.1245861
              4       11.352749       95.311442      0.14049888     -0.51481231      -2.8415366    2.100583e-09        136.1592      0.33294643      0.16314375      0.66697984      0.24569493        0.247026         2.51606       8.0478686        5.539312       8.5830933        8.5830933        5.539312           5.539312
              2       10.940111       94.894756      0.14049888     -0.51481231      -2.8415366    2.100583e-09       135.56394      0.33294643      0.16314375      0.66697984      0.24569493        0.247026         2.51606       8.0478686       4.7140356       8.5830933        8.5830933       4.7140356          4.7140356
              5       10.809707       94.970728      0.14049888     -0.51481231      -2.8415366    2.100583e-09       135.67247      0.33294643      0.16314375      0.66697984      0.24569493        0.247026         2.51606       8.0478686       4.4532268       8.5830933        8.5830933       4.4532268          4.4532268
              5       11.018611       95.216968      0.14049888     -0.51481231      -2.8415366    2.100583e-09       136.02424      0.33294643      0.16314375      0.66697984      0.24569493        0.247026         2.51606       8.0478686       4.8710358       8.5830933        8.5830933       4.8710358          4.8710358
              5       10.819021       94.962781      0.14049888     -0.51481231      -2.8415366    2.100583e-09       135.66112      0.33294643      0.16314375      0.66697984      0.24569493        0.247026         2.51606       8.0478686       4.4718562       8.5830933        8.5830933       4.4718562          4.4718562
              3        10.91326       95.174104      0.14049888     -0.51481231      -2.8415366    2.100583e-09       135.96301      0.33294643      0.16314375      0.66697984      0.24569493        0.247026         2.51606       8.0478686       4.6603344       8.5830933        8.5830933       4.6603344          4.6603344
              1       10.778036       95.010937      0.14049888     -0.51481231      -2.8415366    2.100583e-09       135.72991      0.33294643      0.16314375      0.66697984      0.24569493        0.247026         2.51606       8.0478686       4.3898864       8.5830933        8.5830933       4.3898864          4.3898864
              1        10.98412       100.72515       0.1278413     -0.90987507      -1.9298146    2.100583e-09       143.89308      0.30711463      0.15048617      0.69281164      0.24569493        0.247026         2.51606       7.8077817       4.8020537       8.5830933        8.5830933       4.8020537          4.8020537
              5       8.6981219       100.04362       0.1278413     -0.90987507      -1.9298146    2.100583e-09       142.91945      0.30711463      0.15048617      0.69281164      0.24569493        0.247026         2.51606       7.8077817      0.23005725       8.5830933        8.5830933      0.23005725         0.23005725
              1        8.631121       100.18553       0.1278413     -0.90987507      -1.9298146    2.100583e-09       143.12219      0.30711463      0.15048617      0.69281164      0.24569493        0.247026         2.51606       7.8077817      0.09605538       8.5830933        8.5830933      0.09605538         0.09605538
              1       12.314709        99.43445       0.1278413     -0.90987507      -1.9298146    2.100583e-09       142.04921      0.30711463      0.15048617      0.69281164      0.24569493        0.247026         2.51606       7.8077817       7.4632305       8.5830933        8.5830933       7.4632305          7.4632305
              3       11.971414       99.860446      0.12655676     -0.94019921      -1.8264138    2.100583e-09       142.65778      0.30449311      0.14920162      0.69543316      0.24569493        0.247026         2.51606       7.7838321       6.7766415       8.5830933        8.5830933       6.7766415          6.7766415
              5       11.542659       101.18626      0.12655676     -0.94019921      -1.8264138    2.100583e-09        144.5518      0.30449311      0.14920162      0.69543316      0.24569493        0.247026         2.51606       7.7838321       5.9191306       8.5830933        8.5830933       5.9191306          5.9191306
              1       9.2492618       100.83835      0.12655676     -0.94019921      -1.8264138    2.100583e-09       144.05478      0.30449311      0.14920162      0.69543316      0.24569493        0.247026         2.51606       7.7838321        1.332337       8.5830933        8.5830933        1.332337           1.332337
              1       8.6392631       100.58231      0.12655676     -0.94019921      -1.8264138    2.100583e-09       143.68901      0.30449311      0.14920162      0.69543316      0.24569493        0.247026         2.51606       7.7838321      0.11233961       8.5830933        8.5830933      0.11233961         0.11233961
              1       9.1502331       100.81363      0.12655676     -0.94019921      -1.8264138    2.100583e-09       144.01948      0.30449311      0.14920162      0.69543316      0.24569493        0.247026         2.51606       7.7838321       1.1342796       8.5830933        8.5830933       1.1342796          1.1342796
              1       9.5052581       100.89436      0.12655676     -0.94019921      -1.8264138    2.100583e-09       144.13481      0.30449311      0.14920162      0.69543316      0.24569493        0.247026         2.51606       7.7838321       1.8443296       8.5830933        8.5830933       1.8443296          1.8443296
              3       10.631187       101.07549      0.12655676     -0.94019921      -1.8264138    2.100583e-09       144.39356      0.30449311      0.14920162      0.69543316      0.24569493        0.247026         2.51606       7.7838321       4.0961868       8.5830933        8.5830933       4.0961868          4.0961868
              5       10.567788       102.17753      0.12295219     -0.92078593      -2.1608223    2.100583e-09       145.96791      0.29713684      0.14559705      0.70278943      0.24569493        0.247026         2.51606       7.7119547       3.9693888       8.5830933        8.5830933       3.9693888          3.9693888
              2       9.2538503       101.76673      0.12295219     -0.92078593      -2.1608223    2.100583e-09       145.38104      0.29713684      0.14559705      0.70278943      0.24569493        0.247026         2.51606       7.7119547        1.341514       8.5830933        8.5830933        1.341514           1.341514
              3       9.5460384        102.0675      0.12345642     -0.90674255      -2.4383555    2.100583e-09       145.81072       0.2981659      0.14610129      0.70176037      0.24569493        0.247026         2.51606       7.7175829       1.9258902       8.5830933        8.5830933       1.9258902          1.9258902
              5       9.5486717       102.02227      0.12345642     -0.90674255      -2.4383555    2.100583e-09       145.74609       0.2981659      0.14610129      0.70176037      0.24569493        0.247026         2.51606       7.7175829       1.9311567       8.5830933        8.5830933       1.9311567          1.9311567
              1       9.7692761       101.42175      0.12196227     -0.91054163      -1.9967595    2.100583e-09       144.88821       0.2951166      0.14460713      0.70480967      0.24569493        0.247026         2.51606       7.6975545       2.3723657       8.5830933        8.5830933       2.3723657          2.3723657
              1       10.102123        101.6616      0.12196227     -0.91054163      -1.9967595    2.100583e-09       145.23086       0.2951166      0.14460713      0.70480967      0.24569493        0.247026         2.51606       7.6975545       3.0380595       8.5830933        8.5830933       3.0380595          3.0380595
              1        8.915485       98.530727      0.13540348     -0.77527526      -2.5460775    2.100583e-09       140.75818      0.32254764      0.15804834      0.67737863      0.24569493        0.247026         2.51606       7.9428431       0.6647835       8.5830933        8.5830933       0.6647835          0.6647835
              1       8.8938291       98.511146      0.13540348     -0.77527526      -2.5460775    2.100583e-09       140.73021      0.32254764      0.15804834      0.67737863      0.24569493        0.247026         2.51606       7.9428431      0.62147153       8.5830933        8.5830933      0.62147153         0.62147153
              1       9.6289399       98.768752      0.13540348     -0.77527526      -2.5460775    2.100583e-09       141.09822      0.32254764      0.15804834      0.67737863      0.24569493        0.247026         2.51606       7.9428431       2.0916932       8.5830933        8.5830933       2.0916932          2.0916932
              1       9.5182112        98.58786      0.13598421     -0.76013119      -2.6075897    2.100583e-09        140.8398       0.3237328      0.15862907      0.67619347      0.24569493        0.247026         2.51606       7.9531927       1.8702358       8.5830933        8.5830933       1.8702358          1.8702358
              2       9.4441043       98.570398      0.13598421     -0.76013119      -2.6075897    2.100583e-09       140.81485       0.3237328      0.15862907      0.67619347      0.24569493        0.247026         2.51606       7.9531927       1.7220221       8.5830933        8.5830933       1.7220221          1.7220221
              1       9.1678985       98.470989      0.13587521     -0.76090281      -2.5768842    2.100583e-09       140.67284      0.32351037      0.15852008       0.6764159      0.24569493        0.247026         2.51606       7.9517424       1.1696104       8.5830933        8.5830933       1.1696104          1.1696104
              2       8.8090723       96.923337      0.14025068     -0.64543514      -2.9609651    2.100583e-09       138.46191       0.3324399      0.16289555      0.66748637      0.24569493        0.247026         2.51606       8.0304749      0.45195804       8.5830933        8.5830933      0.45195804         0.45195804
              1       9.1172385        98.22605      0.13687469     -0.73928024      -2.6859843    2.100583e-09       140.32293      0.32555012      0.15951956      0.67437615      0.24569493        0.247026         2.51606        7.969119       1.0682905       8.5830933        8.5830933       1.0682905          1.0682905
              4       9.8748249       98.415327      0.13687469     -0.73928024      -2.6859843    2.100583e-09       140.59332      0.32555012      0.15951956      0.67437615      0.24569493        0.247026         2.51606        7.969119       2.5834633       8.5830933        8.5830933       2.5834633          2.5834633
              3       9.2615105        97.82751      0.13687469     -0.73928024      -2.6859843    2.100583e-09       139.75359      0.32555012      0.15951956      0.67437615      0.24569493        0.247026         2.51606        7.969119       1.3568344       8.5830933        8.5830933       1.3568344          1.3568344
              7       9.5821671       100.73018      0.12582151     -0.82358344      -2.5631653    2.100583e-09       143.90025       0.3029926      0.14846637      0.69693367      0.24569493        0.247026         2.51606       7.7655571       1.9981476       8.5830933        8.5830933       1.9981476          1.9981476
              2       9.6388635       100.97294      0.12582151     -0.82358344      -2.5631653    2.100583e-09       144.24706       0.3029926      0.14846637      0.69693367      0.24569493        0.247026         2.51606       7.7655571       2.1115403       8.5830933        8.5830933       2.1115403          2.1115403
              1       9.3906362       99.207507      0.13030991     -0.71327653      -2.8202044    2.100583e-09       141.72501       0.3121526      0.15295477      0.68777367      0.24569493        0.247026         2.51606       7.8515221       1.6150859       8.5830933        8.5830933       1.6150859          1.6150859
              3       9.5576704       99.340173      0.13030991     -0.71327653      -2.8202044    2.100583e-09       141.91453       0.3121526      0.15295477      0.68777367      0.24569493        0.247026         2.51606       7.8515221       1.9491542       8.5830933        8.5830933       1.9491542          1.9491542
              1       10.320576       98.831226      0.13030991     -0.71327653      -2.8202044    2.100583e-09       141.18747       0.3121526      0.15295477      0.68777367      0.24569493        0.247026         2.51606       7.8515221       3.4749647       8.5830933        8.5830933       3.4749647          3.4749647
              1       9.4066135       99.238316      0.13030991     -0.71327653      -2.8202044    2.100583e-09       141.76902       0.3121526      0.15295477      0.68777367      0.24569493        0.247026         2.51606       7.8515221       1.6470405       8.5830933        8.5830933       1.6470405          1.6470405
             11       9.5038564       99.313658      0.13030991     -0.71327653      -2.8202044    2.100583e-09       141.87665       0.3121526      0.15295477      0.68777367      0.24569493        0.247026         2.51606       7.8515221       1.8415262       8.5830933        8.5830933       1.8415262          1.8415262
              8       11.368209       98.669305      0.13030991     -0.71327653      -2.8202044    2.100583e-09       140.95615       0.3121526      0.15295477      0.68777367      0.24569493        0.247026         2.51606       7.8515221        5.570232       8.5830933        8.5830933        5.570232           5.570232
              1       10.148449       105.17599      0.11244679      -1.2065255      -1.2021353    2.100583e-09       150.25142      0.27569725      0.13509165      0.72422902      0.24569493        0.247026         2.51606       7.5063935       3.1307111       8.5830933        8.5830933       3.1307111          3.1307111
              1       10.524141       105.88897      0.11244679      -1.2065255      -1.2021353    2.100583e-09       151.26996      0.27569725      0.13509165      0.72422902      0.24569493        0.247026         2.51606       7.5063935       3.8820964       8.5830933        8.5830933       3.8820964          3.8820964
              1       13.865833       106.15197      0.10567221      -1.3172123    -0.025815086    2.100583e-09       151.64567      0.26187159      0.12831708      0.73805468      0.24569493        0.247026         2.51606       7.3992502        10.56548       8.5830933        8.5830933        10.56548           10.56548
              1       11.722094       103.43069      0.11620934      -1.0533244      -1.3397522    2.100583e-09       147.75813      0.28337593       0.1388542      0.71655034      0.24569493        0.247026         2.51606       7.5905793       6.2780012       8.5830933        8.5830933       6.2780012          6.2780012
              4       10.497755       102.71911      0.11620934      -1.0533244      -1.3397522    2.100583e-09       146.74159      0.28337593       0.1388542      0.71655034      0.24569493        0.247026         2.51606       7.5905793       3.8293225       8.5830933        8.5830933       3.8293225          3.8293225
              2       10.405094        105.5516      0.10619535      -1.3555389      0.12071662    2.100583e-09         150.788      0.26293923      0.12884022      0.73698705      0.24569493        0.247026         2.51606       7.4112885       3.6440014       8.5830933        8.5830933       3.6440014          3.6440014
              2       10.426474       104.86811       0.1082688      -1.3153779    0.0080980816    2.100583e-09       149.81158      0.26717076      0.13091367      0.73275552      0.24569493        0.247026         2.51606       7.4529444        3.686761       8.5830933        8.5830933        3.686761           3.686761
              2       10.461082       104.68237       0.1082688      -1.3153779    0.0080980816    2.100583e-09       149.54624      0.26717076      0.13091367      0.73275552      0.24569493        0.247026         2.51606       7.4529444       3.7559775       8.5830933        8.5830933       3.7559775          3.7559775
             14       10.571912       105.18711      0.10649227      -1.3553308       0.1786583    2.100583e-09        150.2673      0.26354517      0.12913713       0.7363811      0.24569493        0.247026         2.51606       7.4207455       3.9776381       8.5830933        8.5830933       3.9776381          3.9776381
              2       11.752601       104.22815      0.11374554       -1.403832      0.31159848    2.100583e-09       148.89736      0.27834778      0.13639041      0.72157849      0.24569493        0.247026         2.51606       7.5615673       6.3390147       8.5830933        8.5830933       6.3390147          6.3390147
              3       11.674503       104.24827      0.11384063      -1.4037666      0.29325647    2.100583e-09        148.9261      0.27854183      0.13648549      0.72138445      0.24569493        0.247026         2.51606       7.5623024       6.1828202       8.5830933        8.5830933       6.1828202          6.1828202
              2       10.405224       100.80635      0.12377066     -0.93131112      -1.9590981    2.100583e-09       144.00907       0.2988072      0.14641553      0.70111907      0.24569493        0.247026         2.51606        7.730314       3.6442605       8.5830933        8.5830933       3.6442605          3.6442605
              1        9.539675       100.96773      0.12377066     -0.93131112      -1.9590981    2.100583e-09       144.23961       0.2988072      0.14641553      0.70111907      0.24569493        0.247026         2.51606        7.730314       1.9131635       8.5830933        8.5830933       1.9131635          1.9131635
              2       10.643327        100.7712      0.12377066     -0.93131112      -1.9590981    2.100583e-09       143.95886       0.2988072      0.14641553      0.70111907      0.24569493        0.247026         2.51606        7.730314       4.1204684       8.5830933        8.5830933       4.1204684          4.1204684
              1       10.160395       101.68888      0.12377066     -0.93131112      -1.9590981    2.100583e-09       145.26983       0.2988072      0.14641553      0.70111907      0.24569493        0.247026         2.51606        7.730314        3.154604       8.5830933        8.5830933        3.154604           3.154604
              1       9.0812533       101.41982      0.12377066     -0.93131112      -1.9590981    2.100583e-09       144.88545       0.2988072      0.14641553      0.70111907      0.24569493        0.247026         2.51606        7.730314      0.99631999       8.5830933        8.5830933      0.99631999         0.99631999
              2       10.110301       104.63402      0.11468322      -1.0957357      -1.6440205    2.100583e-09       149.47717       0.2802614      0.13732809      0.71966487      0.24569493        0.247026         2.51606       7.5502277       3.0544163       8.5830933        8.5830933       3.0544163          3.0544163
              2       9.0310976       99.757934      0.12852692     -0.89131891      -1.8388033    2.100583e-09       142.51133      0.30851385      0.15117179      0.69141242      0.24569493        0.247026         2.51606       7.8239381      0.89600864       8.5830933        8.5830933      0.89600864         0.89600864
              3       8.9083507       99.701557      0.12852692     -0.89131891      -1.8388033    2.100583e-09        142.4308      0.30851385      0.15117179      0.69141242      0.24569493        0.247026         2.51606       7.8239381      0.65051488       8.5830933        8.5830933      0.65051488         0.65051488
              3       9.1352745       99.794563      0.12852692     -0.89131891      -1.8388033    2.100583e-09       142.56366      0.30851385      0.15117179      0.69141242      0.24569493        0.247026         2.51606       7.8239381       1.1043625       8.5830933        8.5830933       1.1043625          1.1043625
              2       8.8027597       99.557412      0.12852692     -0.89131891      -1.8388033    2.100583e-09       142.22487      0.30851385      0.15117179      0.69141242      0.24569493        0.247026         2.51606       7.8239381      0.43933278       8.5830933        8.5830933      0.43933278         0.43933278
              5        9.024027         103.801      0.11879539      -1.1279657      -1.4959768    2.100583e-09       148.28714      0.28865358      0.14144025      0.71127269      0.24569493        0.247026         2.51606       7.6296257      0.88186751       8.5830933        8.5830933      0.88186751         0.88186751
              1       9.7485294       101.80546      0.12563495     -0.97135747      -1.9770127    2.100583e-09       145.43637      0.30261186      0.14827981      0.69731441      0.24569493        0.247026         2.51606       7.7612543       2.3308723       8.5830933        8.5830933       2.3308723          2.3308723
              2       8.8004453       101.48226      0.12563495     -0.97135747      -1.9770127    2.100583e-09       144.97466      0.30261186      0.14827981      0.69731441      0.24569493        0.247026         2.51606       7.7612543      0.43470402       8.5830933        8.5830933      0.43470402         0.43470402
              1         8.79154       101.46724      0.12563495     -0.97135747      -1.9770127    2.100583e-09       144.95321      0.30261186      0.14827981      0.69731441      0.24569493        0.247026         2.51606       7.7612543      0.41689342       8.5830933        8.5830933      0.41689342         0.41689342
              2        8.870755       101.54448      0.12563495     -0.97135747      -1.9770127    2.100583e-09       145.06354      0.30261186      0.14827981      0.69731441      0.24569493        0.247026         2.51606       7.7612543      0.57532352       8.5830933        8.5830933      0.57532352         0.57532352
              1       10.610852       102.51098      0.12608546     -0.96187876      -2.5381837    2.100583e-09       146.44425      0.30353129      0.14873033      0.69639498      0.24569493        0.247026         2.51606       7.7612417        4.055517       8.5830933        8.5830933        4.055517           4.055517
              1       10.994524       104.57635      0.12020537      -1.1120642      -2.0470587    2.100583e-09       149.39478       0.2915311      0.14285024      0.70839517      0.24569493        0.247026         2.51606       7.6482229       4.8228606       8.5830933        8.5830933       4.8228606          4.8228606
              1       10.907109       104.54414      0.12020537      -1.1120642      -2.0470587    2.100583e-09       149.34877       0.2915311      0.14285024      0.70839517      0.24569493        0.247026         2.51606       7.6482229       4.6480317       8.5830933        8.5830933       4.6480317          4.6480317
              1       10.890595        104.1699      0.12020537      -1.1120642      -2.0470587    2.100583e-09       148.81414       0.2915311      0.14285024      0.70839517      0.24569493        0.247026         2.51606       7.6482229       4.6150042       8.5830933        8.5830933       4.6150042          4.6150042
              1       11.208549       103.93983       0.1219043      -1.1523769      -1.8279525    2.100583e-09       148.48546       0.2949983      0.14454917      0.70492797      0.24569493        0.247026         2.51606       7.6809843       5.2509105       8.5830933        8.5830933       5.2509105          5.2509105
              6       10.590739       101.42153      0.12026435      -1.1471819     -0.51635392    2.100583e-09       144.88789      0.29165147      0.14290922       0.7082748      0.24569493        0.247026         2.51606       7.6837546       4.0152918       8.5830933        8.5830933       4.0152918          4.0152918
              1       10.541839       101.40265      0.12445656      -1.1571501     -0.81055724    2.100583e-09       144.86093      0.30020699      0.14710142      0.69971928      0.24569493        0.247026         2.51606        7.749809       3.9174912       8.5830933        8.5830933       3.9174912          3.9174912
              1       10.595939       101.29924      0.12445656      -1.1571501     -0.81055724    2.100583e-09        144.7132      0.30020699      0.14710142      0.69971928      0.24569493        0.247026         2.51606        7.749809       4.0256911       8.5830933        8.5830933       4.0256911          4.0256911
              5       10.621995       101.28037      0.12445656      -1.1571501     -0.81055724    2.100583e-09       144.68624      0.30020699      0.14710142      0.69971928      0.24569493        0.247026         2.51606        7.749809       4.0778028       8.5830933        8.5830933       4.0778028          4.0778028
              2       10.543384       101.36765      0.12445656      -1.1571501     -0.81055724    2.100583e-09       144.81093      0.30020699      0.14710142      0.69971928      0.24569493        0.247026         2.51606        7.749809        3.920581       8.5830933        8.5830933        3.920581           3.920581
              1       11.688881       101.79531      0.12445656      -1.1571501     -0.81055724    2.100583e-09       145.42187      0.30020699      0.14710142      0.69971928      0.24569493        0.247026         2.51606        7.749809       6.2115749       8.5830933        8.5830933       6.2115749          6.2115749
              2       9.6768641       101.69603      0.12554538      -1.0670029      -1.4356847    2.100583e-09       145.28004      0.30242907      0.14819024       0.6974972      0.24569493        0.247026         2.51606       7.7626271       2.1875416       8.5830933        8.5830933       2.1875416          2.1875416
              1       9.7124144       101.70663      0.12554538      -1.0670029      -1.4356847    2.100583e-09       145.29519      0.30242907      0.14819024       0.6974972      0.24569493        0.247026         2.51606       7.7626271       2.2586423       8.5830933        8.5830933       2.2586423          2.2586423
              1       10.688371       101.90932      0.12554538      -1.0670029      -1.4356847    2.100583e-09       145.58474      0.30242907      0.14819024       0.6974972      0.24569493        0.247026         2.51606       7.7626271       4.2105556       8.5830933        8.5830933       4.2105556          4.2105556
              2       11.210656       103.74447      0.11701392      -1.2127861     -0.63079635    2.100583e-09       148.20638      0.28501794      0.13965879      0.71490834      0.24569493        0.247026         2.51606       7.6095533       5.2551262       8.5830933        8.5830933       5.2551262          5.2551262
              2       9.1703985       103.15816      0.11701392      -1.2127861     -0.63079635    2.100583e-09        147.3688      0.28501794      0.13965879      0.71490834      0.24569493        0.247026         2.51606       7.6095533       1.1746105       8.5830933        8.5830933       1.1746105          1.1746105
              3       9.4581033       102.98203      0.11701392      -1.2127861     -0.63079635    2.100583e-09       147.11718      0.28501794      0.13965879      0.71490834      0.24569493        0.247026         2.51606       7.6095533         1.75002       8.5830933        8.5830933         1.75002            1.75002
              1       11.242751       103.74881      0.11701392      -1.2127861     -0.63079635    2.100583e-09       148.21259      0.28501794      0.13965879      0.71490834      0.24569493        0.247026         2.51606       7.6095533       5.3193162       8.5830933        8.5830933       5.3193162          5.3193162
              3       9.9050939        103.5233      0.11701392      -1.2127861     -0.63079635    2.100583e-09       147.89043      0.28501794      0.13965879      0.71490834      0.24569493        0.247026         2.51606       7.6095533       2.6440012       8.5830933        8.5830933       2.6440012          2.6440012
              2        9.192089       103.12533      0.11701392      -1.2127861     -0.63079635    2.100583e-09       147.32191      0.28501794      0.13965879      0.71490834      0.24569493        0.247026         2.51606       7.6095533       1.2179913       8.5830933        8.5830933       1.2179913          1.2179913
              2       9.2184533       103.39826      0.11618515      -1.2341478     -0.55166373    2.100583e-09        147.7118      0.28332656      0.13883001      0.71659971      0.24569493        0.247026         2.51606       7.5938588         1.27072       8.5830933        8.5830933         1.27072            1.27072
              1       9.4525261       99.697851      0.12804332     -0.95533117      -1.6097706    2.100583e-09        142.4255      0.30752692      0.15068819      0.69239935      0.24569493        0.247026         2.51606       7.8145679       1.7388657       8.5830933        8.5830933       1.7388657          1.7388657
              4       8.9857682       99.886521      0.12804332     -0.95533117      -1.6097706    2.100583e-09       142.69503      0.30752692      0.15068819      0.69239935      0.24569493        0.247026         2.51606       7.8145679      0.80534982       8.5830933        8.5830933      0.80534982         0.80534982
              1       9.1228535       100.12152      0.12804332     -0.95533117      -1.6097706    2.100583e-09       143.03074      0.30752692      0.15068819      0.69239935      0.24569493        0.247026         2.51606       7.8145679       1.0795205       8.5830933        8.5830933       1.0795205          1.0795205
              1       9.1870531       99.779496      0.12804332     -0.95533117      -1.6097706    2.100583e-09       142.54214      0.30752692      0.15068819      0.69239935      0.24569493        0.247026         2.51606       7.8145679       1.2079195       8.5830933        8.5830933       1.2079195          1.2079195
              2       9.0917774        100.2087      0.12783035     -0.95699924      -1.6191099    2.100583e-09       143.15529      0.30709228      0.15047522      0.69283399      0.24569493        0.247026         2.51606       7.8103073       1.0173682       8.5830933        8.5830933       1.0173682          1.0173682
              1       8.9234257       99.570239       0.1301373     -0.90563594      -1.8453734    2.100583e-09        142.2432      0.31180035      0.15278217      0.68812592      0.24569493        0.247026         2.51606       7.8516849      0.68066485       8.5830933        8.5830933      0.68066485         0.68066485
              1        8.885765       99.533298       0.1301373     -0.90563594      -1.8453734    2.100583e-09       142.19043      0.31180035      0.15278217      0.68812592      0.24569493        0.247026         2.51606       7.8516849       0.6053434       8.5830933        8.5830933       0.6053434          0.6053434
              1       9.8052196       99.842351       0.1301373     -0.90563594      -1.8453734    2.100583e-09       142.63193      0.31180035      0.15278217      0.68812592      0.24569493        0.247026         2.51606       7.8516849       2.4442525       8.5830933        8.5830933       2.4442525          2.4442525
              2       12.096398       98.818793       0.1301373     -0.90563594      -1.8453734    2.100583e-09        141.1697      0.31180035      0.15278217      0.68812592      0.24569493        0.247026         2.51606       7.8516849       7.0266088       8.5830933        8.5830933       7.0266088          7.0266088
              3       8.8752782       99.516713       0.1301373     -0.90563594      -1.8453734    2.100583e-09       142.16673      0.31180035      0.15278217      0.68812592      0.24569493        0.247026         2.51606       7.8516849      0.58436982       8.5830933        8.5830933      0.58436982         0.58436982
              3       8.9572219        99.36957       0.1301373     -0.90563594      -1.8453734    2.100583e-09       141.95653      0.31180035      0.15278217      0.68812592      0.24569493        0.247026         2.51606       7.8516849      0.74825717       8.5830933        8.5830933      0.74825717         0.74825717
              7       8.8950317       99.544425       0.1301373     -0.90563594      -1.8453734    2.100583e-09       142.20632      0.31180035      0.15278217      0.68812592      0.24569493        0.247026         2.51606       7.8516849      0.62387681       8.5830933        8.5830933      0.62387681         0.62387681
              3       9.1684186       98.841255      0.13066238     -0.88157597      -1.7430349    2.100583e-09       141.20179      0.31287192      0.15330724      0.68705435      0.24569493        0.247026         2.51606       7.8657706       1.1706506       8.5830933        8.5830933       1.1706506          1.1706506
              3       9.2601762       97.850939      0.13418723     -0.80690416      -2.0573137    2.100583e-09       139.78706       0.3200655      0.15683209      0.67986078      0.24569493        0.247026         2.51606       7.9283388       1.3541657       8.5830933        8.5830933       1.3541657          1.3541657
              1        9.587588       97.742591      0.13418723     -0.80690416      -2.0573137    2.100583e-09       139.63227       0.3200655      0.15683209      0.67986078      0.24569493        0.247026         2.51606       7.9283388       2.0089895       8.5830933        8.5830933       2.0089895          2.0089895
              2       9.2576923       99.921844      0.12948741     -0.96788587      -1.6553377    2.100583e-09       142.74549      0.31047404      0.15213228      0.68945223      0.24569493        0.247026         2.51606       7.8386074        1.349198       8.5830933        8.5830933        1.349198           1.349198
              2       9.2550277       100.00526      0.12920952      -0.9745257      -1.6285289    2.100583e-09       142.86465       0.3099069      0.15185438      0.69001937      0.24569493        0.247026         2.51606       7.8335756       1.3438688       8.5830933        8.5830933       1.3438688          1.3438688
              3       9.5547951       100.23885      0.12920952      -0.9745257      -1.6285289    2.100583e-09       143.19836       0.3099069      0.15185438      0.69001937      0.24569493        0.247026         2.51606       7.8335756       1.9434037       8.5830933        8.5830933       1.9434037          1.9434037
              2       9.2535223       99.708806      0.13039506     -0.92927599      -1.7685537    2.100583e-09       142.44115      0.31232637      0.15303992       0.6875999      0.24569493        0.247026         2.51606       7.8559405        1.340858       8.5830933        8.5830933        1.340858           1.340858
              1        9.093243       99.571372      0.13039506     -0.92927599      -1.7685537    2.100583e-09       142.24482      0.31232637      0.15303992       0.6875999      0.24569493        0.247026         2.51606       7.8559405       1.0202994       8.5830933        8.5830933       1.0202994          1.0202994
              1       9.4436116       99.780071      0.13039506     -0.92927599      -1.7685537    2.100583e-09       142.54296      0.31232637      0.15303992       0.6875999      0.24569493        0.247026         2.51606       7.8559405       1.7210366       8.5830933        8.5830933       1.7210366          1.7210366
              1       9.3821517       99.104089      0.13271758     -0.88451336      -1.9345211    2.100583e-09       141.57727      0.31706622      0.15536245      0.68286005      0.24569493        0.247026         2.51606       7.8979901       1.5981168       8.5830933        8.5830933       1.5981168          1.5981168
              1        13.65758        107.7308      0.11378542      -1.3658731      -1.3030267    2.100583e-09       153.90114      0.27842915      0.13643028      0.72149712      0.24569493        0.247026         2.51606        7.518626       10.148973       8.5830933        8.5830933       10.148973          10.148973
              2       11.459005       107.04041      0.11287425      -1.4148039     -0.59164225    2.100583e-09       152.91488      0.27656963      0.13551912      0.72335664      0.24569493        0.247026         2.51606       7.5101124       5.7518242       8.5830933        8.5830933       5.7518242          5.7518242
              3       9.6798868       107.94072      0.10700629      -1.3975848     -0.61983235    2.100583e-09       154.20103      0.26459419      0.12965115      0.73533208      0.24569493        0.247026         2.51606       7.3944267        2.193587       8.5830933        8.5830933        2.193587           2.193587
              1       10.535464       107.57006      0.10700629      -1.3975848     -0.61983235    2.100583e-09       153.67151      0.26459419      0.12965115      0.73533208      0.24569493        0.247026         2.51606       7.3944267       3.9047416       8.5830933        8.5830933       3.9047416          3.9047416
              2       11.233685       108.46313      0.10596459      -1.4507183     -0.61217783    2.100583e-09       154.94733      0.26246828      0.12860946      0.73745799      0.24569493        0.247026         2.51606       7.3687979       5.3011838       8.5830933        8.5830933       5.3011838          5.3011838
              2       11.138931       108.48238      0.10596459      -1.4507183     -0.61217783    2.100583e-09       154.97483      0.26246828      0.12860946      0.73745799      0.24569493        0.247026         2.51606       7.3687979       5.1116761       8.5830933        8.5830933       5.1116761          5.1116761
              7       9.5697292       100.57992       0.1283886      -1.0202881      -1.5591772    2.100583e-09       143.68561      0.30823156      0.15103347      0.69169471      0.24569493        0.247026         2.51606       7.8161451       1.9732718       8.5830933        8.5830933       1.9732718          1.9732718
              2        9.642444       98.554076      0.13356947      -0.8711597      -1.9990837    2.100583e-09       140.79154      0.31880477      0.15621434       0.6811215      0.24569493        0.247026         2.51606       7.9129878       2.1187014       8.5830933        8.5830933       2.1187014          2.1187014
              3       10.638756       107.90797      0.10890461       -1.431993     -0.71361476    2.100583e-09       154.15425      0.26846833      0.13154948      0.73145794      0.24569493        0.247026         2.51606       7.4274456       4.1113261       8.5830933        8.5830933       4.1113261          4.1113261
              5       9.9440536       101.03011      0.12516151      -1.0976968      -1.0031452    2.100583e-09       144.32873      0.30164566      0.14780637      0.69828061      0.24569493        0.247026         2.51606       7.7635189       2.7219206       8.5830933        8.5830933       2.7219206          2.7219206
              3       10.926852       96.998431      0.13498831      -0.7504047      -1.9027576    2.100583e-09       138.56919      0.32170035      0.15763317      0.67822592      0.24569493        0.247026         2.51606       7.9518889       4.6875177       8.5830933        8.5830933       4.6875177          4.6875177
              2        10.64869       96.901118      0.13498831      -0.7504047      -1.9027576    2.100583e-09       138.43017      0.32170035      0.15763317      0.67822592      0.24569493        0.247026         2.51606       7.9518889       4.1311933       8.5830933        8.5830933       4.1311933          4.1311933
             11        9.425627       97.286605      0.13495716     -0.73246872      -2.1942633    2.100583e-09       138.98086      0.32163679      0.15760203      0.67828948      0.24569493        0.247026         2.51606        7.945686       1.6850675       8.5830933        8.5830933       1.6850675          1.6850675
              1       11.515684       97.760826      0.13495716     -0.73246872      -2.1942633    2.100583e-09       139.65832      0.32163679      0.15760203      0.67828948      0.24569493        0.247026         2.51606        7.945686       5.8651817       8.5830933        8.5830933       5.8651817          5.8651817
              1       12.659078        96.58022      0.13495716     -0.73246872      -2.1942633    2.100583e-09       137.97174      0.32163679      0.15760203      0.67828948      0.24569493        0.247026         2.51606        7.945686       8.1519696       8.5830933        8.5830933       8.1519696          8.1519696
              1       9.6046686       97.394211      0.13495716     -0.73246872      -2.1942633    2.100583e-09       139.13459      0.32163679      0.15760203      0.67828948      0.24569493        0.247026         2.51606        7.945686       2.0431507       8.5830933        8.5830933       2.0431507          2.0431507
              1       10.225675       95.930015      0.13817446     -0.64113587      -2.3628215    2.100583e-09       137.04288      0.32820271      0.16081933      0.67172356      0.24569493        0.247026         2.51606       8.0068187       3.2851628       8.5830933        8.5830933       3.2851628          3.2851628
              1       10.689363        95.90648      0.13842825     -0.67710319      -2.1456332    2.100583e-09       137.00926      0.32872065      0.16107312      0.67120563      0.24569493        0.247026         2.51606       8.0131559       4.2125397       8.5830933        8.5830933       4.2125397          4.2125397
              9        10.64547       95.821476      0.13842825     -0.67710319      -2.1456332    2.100583e-09       136.88782      0.32872065      0.16107312      0.67120563      0.24569493        0.247026         2.51606       8.0131559        4.124753       8.5830933        8.5830933        4.124753           4.124753
              3       9.5636117       95.854621      0.13954168      -0.6131112      -2.6619834    2.100583e-09       136.93517      0.33099295      0.16218654      0.66893332      0.24569493        0.247026         2.51606       8.0263842       1.9610368       8.5830933        8.5830933       1.9610368          1.9610368
              3       10.462957       97.738026      0.13607664     -0.83803356      -1.8220575    2.100583e-09       139.62575      0.32392144      0.15872151      0.67600483      0.24569493        0.247026         2.51606       7.9643399       3.7597284       8.5830933        8.5830933       3.7597284          3.7597284
              1       10.919507       97.855279      0.13607664     -0.83803356      -1.8220575    2.100583e-09       139.79326      0.32392144      0.15872151      0.67600483      0.24569493        0.247026         2.51606       7.9643399       4.6728282       8.5830933        8.5830933       4.6728282          4.6728282
              2        9.665859       99.210128      0.13490241     -0.78588097      -2.6864326    2.100583e-09       141.72875      0.32152506      0.15754728      0.67840122      0.24569493        0.247026         2.51606       7.9308216       2.1655314       8.5830933        8.5830933       2.1655314          2.1655314
              2       10.851289        104.1672      0.11581692      -1.1699077      -0.9400401    2.100583e-09       148.81029      0.28257507      0.13846179       0.7173512      0.24569493        0.247026         2.51606       7.5819122       4.5363924       8.5830933        8.5830933       4.5363924          4.5363924
              4       9.4927429       103.91609      0.11581692      -1.1699077      -0.9400401    2.100583e-09       148.45156      0.28257507      0.13846179       0.7173512      0.24569493        0.247026         2.51606       7.5819122       1.8192992       8.5830933        8.5830933       1.8192992          1.8192992
              1        9.456351       103.38613      0.11784579      -1.0553994       -1.591173    2.100583e-09       147.69447      0.28671563      0.14049066      0.71321064      0.24569493        0.247026         2.51606       7.6156877       1.7465154       8.5830933        8.5830933       1.7465154          1.7465154
              2       11.145317       102.77417      0.11770085      -1.0596291      -1.5815853    2.100583e-09       146.82024      0.28641983      0.14034571      0.71350645      0.24569493        0.247026         2.51606       7.6127539       5.1244478       8.5830933        8.5830933       5.1244478          5.1244478
              2       10.693395        102.2404      0.12234362      -1.0069324      -2.0631315    2.100583e-09       146.05772      0.29589486      0.14498848      0.70403141      0.24569493        0.247026         2.51606       7.6956962       4.2206042       8.5830933        8.5830933       4.2206042          4.2206042
              1       9.2001666       102.70268      0.12234362      -1.0069324      -2.0631315    2.100583e-09       146.71812      0.29589486      0.14498848      0.70403141      0.24569493        0.247026         2.51606       7.6956962       1.2341467       8.5830933        8.5830933       1.2341467          1.2341467
              4       9.5015188       102.49658      0.12234362      -1.0069324      -2.0631315    2.100583e-09       146.42368      0.29589486      0.14498848      0.70403141      0.24569493        0.247026         2.51606       7.6956962       1.8368511       8.5830933        8.5830933       1.8368511          1.8368511
              2       9.5353434       102.19467      0.12266639     -0.99641777      -2.0367934    2.100583e-09       145.99239      0.29655359      0.14531126      0.70337268      0.24569493        0.247026         2.51606       7.7029949       1.9045003       8.5830933        8.5830933       1.9045003          1.9045003
              2       9.7739707       102.78505      0.12266639     -0.99641777      -2.0367934    2.100583e-09       146.83578      0.29655359      0.14531126      0.70337268      0.24569493        0.247026         2.51606       7.7029949       2.3817549       8.5830933        8.5830933       2.3817549          2.3817549
              1       10.316755       105.40176      0.11359184      -1.1371028      -1.5936337    2.100583e-09       150.57394      0.27803409       0.1362367      0.72189218      0.24569493        0.247026         2.51606       7.5265795       3.4673236       8.5830933        8.5830933       3.4673236          3.4673236
              1       10.238037         102.258      0.12068275     -0.93016264      -2.0399095    2.100583e-09       146.08285      0.29250533      0.14332761      0.70742094      0.24569493        0.247026         2.51606       7.6709217       3.3098878       8.5830933        8.5830933       3.3098878          3.3098878
              2       8.9146103       99.555886      0.12974781     -0.80210754      -2.3622343    2.100583e-09       142.22269      0.31100546      0.15239267      0.68892081      0.24569493        0.247026         2.51606        7.842762      0.66303407       8.5830933        8.5830933      0.66303407         0.66303407
              3       8.9160933       99.562625      0.12972399     -0.80338117      -2.3552806    2.100583e-09       142.23232      0.31095685      0.15236886      0.68896942      0.24569493        0.247026         2.51606       7.8423613      0.66600006       8.5830933        8.5830933      0.66600006         0.66600006
             11       9.8193026       100.50589      0.12682562     -0.77957049      -2.6996726    2.100583e-09       143.57985      0.30504181      0.14947049      0.69488446      0.24569493        0.247026         2.51606       7.7850239       2.4724186       8.5830933        8.5830933       2.4724186          2.4724186
              2       11.280842       100.86132      0.12682562     -0.77957049      -2.6996726    2.100583e-09        144.0876      0.30504181      0.14947049      0.69488446      0.24569493        0.247026         2.51606       7.7850239       5.3954983       8.5830933        8.5830933       5.3954983          5.3954983
              1       10.960333        100.3395      0.12854718     -0.74306526      -2.8340459    2.100583e-09       143.34214       0.3085552      0.15119205      0.69137107      0.24569493        0.247026         2.51606       7.8170051       4.7544801       8.5830933        8.5830933       4.7544801          4.7544801
              3       11.430402       95.469066      0.13861648     -0.51205318      -2.8793123    2.100583e-09       136.38438      0.32910478      0.16126134      0.67082149      0.24569493        0.247026         2.51606       8.0146485       5.6946175       8.5830933        8.5830933       5.6946175          5.6946175
              1       9.9438646       97.470736      0.13323073     -0.66339196      -2.5457369    2.100583e-09       139.24391      0.31811347       0.1558756      0.68181281      0.24569493        0.247026         2.51606       7.9134488       2.7215427       8.5830933        8.5830933       2.7215427          2.7215427
              1       10.043699       97.560995      0.13323073     -0.66339196      -2.5457369    2.100583e-09       139.37285      0.31811347       0.1558756      0.68181281      0.24569493        0.247026         2.51606       7.9134488       2.9212107       8.5830933        8.5830933       2.9212107          2.9212107
              3       9.5668987       98.180982      0.13234926     -0.71561919      -2.4296597    2.100583e-09       140.25855      0.31631454      0.15499412      0.68361173      0.24569493        0.247026         2.51606        7.895576       1.9676108       8.5830933        8.5830933       1.9676108          1.9676108
              3       9.3920705       97.899044      0.13234926     -0.71561919      -2.4296597    2.100583e-09       139.85578      0.31631454      0.15499412      0.68361173      0.24569493        0.247026         2.51606        7.895576       1.6179544       8.5830933        8.5830933       1.6179544          1.6179544
              1       9.3227076       102.89067       0.1216167      -1.0949802      -1.4443558    2.100583e-09       146.98667      0.29441136      0.14426157      0.70551491      0.24569493        0.247026         2.51606       7.6868514       1.4792287       8.5830933        8.5830933       1.4792287          1.4792287
              3       9.5025778       102.93576       0.1216167      -1.0949802      -1.4443558    2.100583e-09       147.05109      0.29441136      0.14426157      0.70551491      0.24569493        0.247026         2.51606       7.6868514        1.838969       8.5830933        8.5830933        1.838969           1.838969
              2       9.0429895        101.8448      0.12435434     -0.97198017      -1.9472734    2.100583e-09       145.49256      0.29999838      0.14699921      0.69992789      0.24569493        0.247026         2.51606       7.7380393      0.91979251       8.5830933        8.5830933      0.91979251         0.91979251
              1        8.779653       101.54459      0.12435434     -0.97198017      -1.9472734    2.100583e-09        145.0637      0.29999838      0.14699921      0.69992789      0.24569493        0.247026         2.51606       7.7380393      0.39311949       8.5830933        8.5830933      0.39311949         0.39311949
              2       9.2557236       105.38142      0.11401808      -1.2483262      -1.1078518    2.100583e-09       150.54488      0.27890398      0.13666295      0.72102229      0.24569493        0.247026         2.51606         7.53552       1.3452607       8.5830933        8.5830933       1.3452607          1.3452607
              1       9.3132355       105.58956      0.11398187      -1.3018813     -0.86287938    2.100583e-09       150.84222      0.27883007      0.13662673       0.7210962      0.24569493        0.247026         2.51606       7.5355551       1.4602844       8.5830933        8.5830933       1.4602844          1.4602844
              1       9.5363601        105.4082      0.11398187      -1.3018813     -0.86287938    2.100583e-09       150.58315      0.27883007      0.13662673       0.7210962      0.24569493        0.247026         2.51606       7.5355551       1.9065337       8.5830933        8.5830933       1.9065337          1.9065337
              4        10.02028       106.29304      0.11039325      -1.3076796     -0.90349436    2.100583e-09        151.8472      0.27150636      0.13303812      0.72841991      0.24569493        0.247026         2.51606       7.4636241       2.8743727       8.5830933        8.5830933       2.8743727          2.8743727
              5       10.579698       106.64493      0.11044831      -1.3008226      -1.1164487    2.100583e-09        152.3499      0.27161873      0.13309318      0.72830754      0.24569493        0.247026         2.51606        7.460781       3.9932088       8.5830933        8.5830933       3.9932088          3.9932088
              1       10.629999       106.63301      0.11044831      -1.3008226      -1.1164487    2.100583e-09       152.33287      0.27161873      0.13309318      0.72830754      0.24569493        0.247026         2.51606        7.460781       4.0938123       8.5830933        8.5830933       4.0938123          4.0938123
              3       11.187047       106.52183      0.11044831      -1.3008226      -1.1164487    2.100583e-09       152.17405      0.27161873      0.13309318      0.72830754      0.24569493        0.247026         2.51606        7.460781       5.2079066       8.5830933        8.5830933       5.2079066          5.2079066
              3       12.047633       106.48399      0.11010265      -1.3062563      -1.0893216    2.100583e-09       152.11998      0.27091329      0.13274751      0.72901298      0.24569493        0.247026         2.51606       7.4540139       6.9290796       8.5830933        8.5830933       6.9290796          6.9290796
              2       11.778821       106.52154      0.11010265      -1.3062563      -1.0893216    2.100583e-09       152.17363      0.27091329      0.13274751      0.72901298      0.24569493        0.247026         2.51606       7.4540139       6.3914545       8.5830933        8.5830933       6.3914545          6.3914545
              3       9.9099596       107.06132      0.11010265      -1.3062563      -1.0893216    2.100583e-09       152.94474      0.27091329      0.13274751      0.72901298      0.24569493        0.247026         2.51606       7.4540139       2.6537327       8.5830933        8.5830933       2.6537327          2.6537327
              1       10.236633         106.837      0.11010265      -1.3062563      -1.0893216    2.100583e-09       152.62428      0.27091329      0.13274751      0.72901298      0.24569493        0.247026         2.51606       7.4540139       3.3070793       8.5830933        8.5830933       3.3070793          3.3070793
              1       11.413926       106.41873      0.11508574      -1.2501693      -1.5056912    2.100583e-09       152.02676      0.28108288      0.13773061      0.71884339      0.24569493        0.247026         2.51606       7.5487371       5.6616658       8.5830933        8.5830933       5.6616658          5.6616658
              3       10.060115       100.48383      0.13173519     -0.80698839      -2.9603608    2.100583e-09       143.54833      0.31506134      0.15438006      0.68486493      0.24569493        0.247026         2.51606       7.8685657       2.9540436       8.5830933        8.5830933       2.9540436          2.9540436
              2       9.7622837       107.04686      0.10852617      -1.4264262     -0.12125993    2.100583e-09       152.92409      0.26769598      0.13117103      0.73223029      0.24569493        0.247026         2.51606       7.4362896       2.3583808       8.5830933        8.5830933       2.3583808          2.3583808
              2       9.2288641       106.82332      0.10852617      -1.4264262     -0.12125993    2.100583e-09       152.60475      0.26769598      0.13117103      0.73223029      0.24569493        0.247026         2.51606       7.4362896       1.2915417       8.5830933        8.5830933       1.2915417          1.2915417
              1       9.3599874       106.58077      0.10852617      -1.4264262     -0.12125993    2.100583e-09       152.25825      0.26769598      0.13117103      0.73223029      0.24569493        0.247026         2.51606       7.4362896       1.5537882       8.5830933        8.5830933       1.5537882          1.5537882
              1       9.1998834       106.78439      0.10852617      -1.4264262     -0.12125993    2.100583e-09       152.54913      0.26769598      0.13117103      0.73223029      0.24569493        0.247026         2.51606       7.4362896       1.2335803       8.5830933        8.5830933       1.2335803          1.2335803
              1        8.754726       100.31414      0.12741973     -0.95240657      -1.7128178    2.100583e-09       143.30592      0.30625428       0.1500646      0.69367199      0.24569493        0.247026         2.51606       7.8010637      0.34326544       8.5830933        8.5830933      0.34326544         0.34326544
              1       9.0354947       98.502891       0.1316453     -0.83055653      -2.0186102    2.100583e-09       140.71842      0.31487789      0.15429017      0.68504838      0.24569493        0.247026         2.51606       7.8817084      0.90480286       8.5830933        8.5830933      0.90480286         0.90480286
              3       9.3614939       97.809321      0.13562189     -0.76704652      -2.2145915    2.100583e-09        139.7276      0.32299338      0.15826676      0.67693289      0.24569493        0.247026         2.51606       7.9538229       1.5568011       8.5830933        8.5830933       1.5568011          1.5568011
              2       9.5087013       97.852736      0.13562189     -0.76704652      -2.2145915    2.100583e-09       139.78962      0.32299338      0.15826676      0.67693289      0.24569493        0.247026         2.51606       7.9538229        1.851216       8.5830933        8.5830933        1.851216           1.851216
              4       9.1055891       97.516517      0.13562189     -0.76704652      -2.2145915    2.100583e-09       139.30931      0.32299338      0.15826676      0.67693289      0.24569493        0.247026         2.51606       7.9538229       1.0449916       8.5830933        8.5830933       1.0449916          1.0449916
              1       8.8238598       98.236901      0.13294962     -0.78550161      -2.2061587    2.100583e-09       140.33843      0.31753977      0.15559448      0.68238651      0.24569493        0.247026         2.51606       7.9049475      0.48153304       8.5830933        8.5830933      0.48153304         0.48153304
              1       8.6177034        99.34416      0.13132062     -0.83580613      -2.2664376    2.100583e-09       141.92023      0.31421528      0.15396549      0.68571099      0.24569493        0.247026         2.51606       7.8702921     0.069220136       8.5830933        8.5830933     0.069220136        0.069220136
              2       9.1721365       99.597843      0.13132062     -0.83580613      -2.2664376    2.100583e-09       142.28263      0.31421528      0.15396549      0.68571099      0.24569493        0.247026         2.51606       7.8702921       1.1780864       8.5830933        8.5830933       1.1780864          1.1780864
              2       8.9437447       99.107628      0.13132062     -0.83580613      -2.2664376    2.100583e-09       141.58233      0.31421528      0.15396549      0.68571099      0.24569493        0.247026         2.51606       7.8702921      0.72130278       8.5830933        8.5830933      0.72130278         0.72130278
              2       9.0400942       102.87622      0.11836645      -1.1606381     -0.86363987    2.100583e-09       146.96603       0.2877782      0.14101132      0.71214807      0.24569493        0.247026         2.51606       7.6338342       0.9140018       8.5830933        8.5830933       0.9140018          0.9140018
              4       8.7532301       102.82613      0.12058437      -1.0986329      -1.4230131    2.100583e-09       146.89448      0.29230457      0.14322924       0.7076217      0.24569493        0.247026         2.51606       7.6675575       0.3402736       8.5830933        8.5830933       0.3402736          0.3402736
              1       9.1797698       100.92161      0.12813468     -0.91519458      -2.3400538    2.100583e-09       144.17373      0.30771336      0.15077955      0.69221291      0.24569493        0.247026         2.51606         7.80511        1.193353       8.5830933        8.5830933        1.193353           1.193353
              1       9.1766205       100.92401      0.12813468     -0.91519458      -2.3400538    2.100583e-09       144.17715      0.30771336      0.15077955      0.69221291      0.24569493        0.247026         2.51606         7.80511       1.1870544       8.5830933        8.5830933       1.1870544          1.1870544
              2       9.1229168       101.04464      0.12813468     -0.91519458      -2.3400538    2.100583e-09       144.34949      0.30771336      0.15077955      0.69221291      0.24569493        0.247026         2.51606         7.80511        1.079647       8.5830933        8.5830933        1.079647           1.079647
              2       8.8782575       101.90356      0.12297429     -0.96616555      -1.9773808    2.100583e-09       145.57651      0.29718195      0.14561915      0.70274432      0.24569493        0.247026         2.51606       7.7122146      0.59032843       8.5830933        8.5830933      0.59032843         0.59032843
              2       8.7915424       101.83958      0.12363409     -0.97212972      -1.9661359    2.100583e-09       145.48512      0.29852847      0.14627895       0.7013978      0.24569493        0.247026         2.51606       7.7242648      0.41689818       8.5830933        8.5830933      0.41689818         0.41689818
              1       9.7168318       101.45309      0.12363409     -0.97212972      -1.9661359    2.100583e-09       144.93299      0.29852847      0.14627895       0.7013978      0.24569493        0.247026         2.51606       7.7242648        2.267477       8.5830933        8.5830933        2.267477           2.267477
              2        9.685336       100.50385      0.12600596     -0.92778726      -2.0056971    2.100583e-09       143.57692      0.30336903      0.14865082      0.69655724      0.24569493        0.247026         2.51606       7.7710528       2.2044854       8.5830933        8.5830933       2.2044854          2.2044854
              1       9.5670982       100.40722      0.12636845     -0.93720003      -1.9318498    2.100583e-09       143.43889      0.30410882      0.14901332      0.69581745      0.24569493        0.247026         2.51606       7.7784244       1.9680098       8.5830933        8.5830933       1.9680098          1.9680098
              2       8.6601519       100.85607      0.12636845     -0.93720003      -1.9318498    2.100583e-09        144.0801      0.30410882      0.14901332      0.69581745      0.24569493        0.247026         2.51606       7.7784244       0.1541173       8.5830933        8.5830933       0.1541173          0.1541173
              4       8.7431589       100.90979      0.12636845     -0.93720003      -1.9318498    2.100583e-09       144.15684      0.30410882      0.14901332      0.69581745      0.24569493        0.247026         2.51606       7.7784244       0.3201312       8.5830933        8.5830933       0.3201312          0.3201312
              1       9.0389367       101.91683      0.12204169        -1.02197      -1.4957799    2.100583e-09       145.59548       0.2952787      0.14468656      0.70464758      0.24569493        0.247026         2.51606       7.7002332      0.91168686       8.5830933        8.5830933      0.91168686         0.91168686
              6       9.6161361       102.06779      0.12204169        -1.02197      -1.4957799    2.100583e-09       145.81113       0.2952787      0.14468656      0.70464758      0.24569493        0.247026         2.51606       7.7002332       2.0660857       8.5830933        8.5830933       2.0660857          2.0660857
              1       9.8576985       101.91925       0.1227135      -1.0395851      -1.3721353    2.100583e-09       145.59892      0.29664973      0.14535837      0.70327654      0.24569493        0.247026         2.51606       7.7141268       2.5492104       8.5830933        8.5830933       2.5492104          2.5492104
              4       9.3821352       101.22468       0.1227135      -1.0395851      -1.3721353    2.100583e-09       144.60668      0.29664973      0.14535837      0.70327654      0.24569493        0.247026         2.51606       7.7141268       1.5980839       8.5830933        8.5830933       1.5980839          1.5980839
              2       10.631968       101.00656       0.1227135      -1.0395851      -1.3721353    2.100583e-09       144.29508      0.29664973      0.14535837      0.70327654      0.24569493        0.247026         2.51606       7.7141268       4.0977504       8.5830933        8.5830933       4.0977504          4.0977504
              2       9.2384854       101.78316       0.1227135      -1.0395851      -1.3721353    2.100583e-09       145.40452      0.29664973      0.14535837      0.70327654      0.24569493        0.247026         2.51606       7.7141268       1.3107842       8.5830933        8.5830933       1.3107842          1.3107842
              1       9.4847572       101.20105       0.1227135      -1.0395851      -1.3721353    2.100583e-09       144.57293      0.29664973      0.14535837      0.70327654      0.24569493        0.247026         2.51606       7.7141268       1.8033277       8.5830933        8.5830933       1.8033277          1.8033277
              1        9.626579       101.17104       0.1227135      -1.0395851      -1.3721353    2.100583e-09       144.53005      0.29664973      0.14535837      0.70327654      0.24569493        0.247026         2.51606       7.7141268       2.0869714       8.5830933        8.5830933       2.0869714          2.0869714
              1       12.046415       99.213528      0.13434181     -0.81858438      -2.8516118    2.100583e-09       141.73361      0.32038098      0.15698668      0.67954529      0.24569493        0.247026         2.51606       7.9161533       6.9266427       8.5830933        8.5830933       6.9266427          6.9266427
              1       12.531016         105.033      0.11933143       -1.315056      -1.1455844    2.100583e-09       150.04714      0.28974755       0.1419763      0.71017872      0.24569493        0.247026         2.51606       7.6319208       7.8958457       8.5830933        8.5830933       7.8958457          7.8958457
              1       12.283253       107.84696      0.10961643      -1.4641428      -0.6867156    2.100583e-09       154.06708      0.26992102       0.1322613      0.73000526      0.24569493        0.247026         2.51606       7.4396251       7.4003202       8.5830933        8.5830933       7.4003202          7.4003202
              1       14.305786       108.98954      0.10961643      -1.4641428      -0.6867156    2.100583e-09       155.69934      0.26992102       0.1322613      0.73000526      0.24569493        0.247026         2.51606       7.4396251       11.445386       8.5830933        8.5830933       11.445386          11.445386
              2       9.3007223       97.864104      0.13785508     -0.65849319      -2.9998663    2.100583e-09       139.80586       0.3275509      0.16049994      0.67237537      0.24569493        0.247026         2.51606       7.9870354        1.435258       8.5830933        8.5830933        1.435258           1.435258
             12        8.689765       97.637162      0.13785508     -0.65849319      -2.9998663    2.100583e-09       139.48166       0.3275509      0.16049994      0.67237537      0.24569493        0.247026         2.51606       7.9870354      0.21334338       8.5830933        8.5830933      0.21334338         0.21334338
              1       8.6573775       97.578915      0.13785508     -0.65849319      -2.9998663    2.100583e-09       139.39845       0.3275509      0.16049994      0.67237537      0.24569493        0.247026         2.51606       7.9870354      0.14856835       8.5830933        8.5830933      0.14856835         0.14856835
              2       9.4692279       100.45494      0.12980381     -0.84886116      -2.4509703    2.100583e-09       143.50705      0.31111976      0.15244868      0.68880652      0.24569493        0.247026         2.51606       7.8385246       1.7722693       8.5830933        8.5830933       1.7722693          1.7722693
              3       9.1516364       100.37299      0.12980381     -0.84886116      -2.4509703    2.100583e-09       143.38998      0.31111976      0.15244868      0.68880652      0.24569493        0.247026         2.51606       7.8385246       1.1370863       8.5830933        8.5830933       1.1370863          1.1370863
              1       8.9205232       99.995915      0.12980381     -0.84886116      -2.4509703    2.100583e-09       142.85131      0.31111976      0.15244868      0.68880652      0.24569493        0.247026         2.51606       7.8385246      0.67485993       8.5830933        8.5830933      0.67485993         0.67485993
              4       9.3966088       99.307197      0.13253047     -0.90069219      -2.0335332    2.100583e-09       141.86742      0.31668436      0.15517534      0.68324191      0.24569493        0.247026         2.51606       7.8912891       1.6270311       8.5830933        8.5830933       1.6270311          1.6270311
              3       9.8531959       99.127548      0.13253047     -0.90069219      -2.0335332    2.100583e-09       141.61078      0.31668436      0.15517534      0.68324191      0.24569493        0.247026         2.51606       7.8912891       2.5402052       8.5830933        8.5830933       2.5402052          2.5402052
              7       9.5405321       101.74194      0.12505849      -1.0939026      -1.3937147    2.100583e-09       145.34563      0.30143541      0.14770335      0.69849086      0.24569493        0.247026         2.51606       7.7522052       1.9148777       8.5830933        8.5830933       1.9148777          1.9148777
              1       10.612728       98.955247      0.13428534     -0.90404349      -2.0818958    2.100583e-09       141.36464      0.32026573      0.15693021      0.67966054      0.24569493        0.247026         2.51606       7.9214654       4.0592701       8.5830933        8.5830933       4.0592701          4.0592701
              1        10.71823       98.784066      0.13451966     -0.90836111      -1.9944406    2.100583e-09       141.12009      0.32074393      0.15716453      0.67918234      0.24569493        0.247026         2.51606       7.9269387       4.2702738       8.5830933        8.5830933       4.2702738          4.2702738
              2       13.084977       106.94193      0.11522418      -1.3948463     -0.94047121    2.100583e-09       152.77419      0.28136541      0.13786905      0.71856086      0.24569493        0.247026         2.51606       7.5506184       9.0037674       8.5830933        8.5830933       9.0037674          9.0037674
              1       12.378873       106.49467      0.11522418      -1.3948463     -0.94047121    2.100583e-09       152.13524      0.28136541      0.13786905      0.71856086      0.24569493        0.247026         2.51606       7.5506184       7.5915597       8.5830933        8.5830933       7.5915597          7.5915597
              2       12.776595       100.97106      0.13156893      -1.0238162      -2.1044832    2.100583e-09       144.24437      0.31472204       0.1542138      0.68520423      0.24569493        0.247026         2.51606       7.8637819       8.3870038       8.5830933        8.5830933       8.3870038          8.3870038
              1         10.5113       99.317727      0.12984423     -0.99721568      -1.3510706    2.100583e-09       141.88247      0.31120223      0.15248909      0.68872404      0.24569493        0.247026         2.51606       7.8496562       3.8564125       8.5830933        8.5830933       3.8564125          3.8564125
              6       10.596278       99.295819      0.12984423     -0.99721568      -1.3510706    2.100583e-09       141.85117      0.31120223      0.15248909      0.68872404      0.24569493        0.247026         2.51606       7.8496562       4.0263691       8.5830933        8.5830933       4.0263691          4.0263691
              3       10.253912        100.2275      0.12697838      -1.0622436      -1.1299077    2.100583e-09       143.18214      0.30535356      0.14962324      0.69457272      0.24569493        0.247026         2.51606       7.7969663       3.3416369       8.5830933        8.5830933       3.3416369          3.3416369
              5       10.245678       100.23043      0.12697838      -1.0622436      -1.1299077    2.100583e-09       143.18633      0.30535356      0.14962324      0.69457272      0.24569493        0.247026         2.51606       7.7969663         3.32517       8.5830933        8.5830933         3.32517            3.32517
              3        10.33276       100.20135      0.12697838      -1.0622436      -1.1299077    2.100583e-09       143.14479      0.30535356      0.14962324      0.69457272      0.24569493        0.247026         2.51606       7.7969663       3.4993325       8.5830933        8.5830933       3.4993325          3.4993325
              3       9.9830523       100.45709      0.12697838      -1.0622436      -1.1299077    2.100583e-09       143.51013      0.30535356      0.14962324      0.69457272      0.24569493        0.247026         2.51606       7.7969663        2.799918       8.5830933        8.5830933        2.799918           2.799918
              1       9.7626111        107.1417      0.10811756       -1.494544     0.086907471    2.100583e-09       153.05957      0.26686208      0.13076242      0.73306419      0.24569493        0.247026         2.51606       7.4273368       2.3590357       8.5830933        8.5830933       2.3590357          2.3590357
              1       9.6817625       107.28005      0.10811756       -1.494544     0.086907471    2.100583e-09       153.25721      0.26686208      0.13076242      0.73306419      0.24569493        0.247026         2.51606       7.4273368       2.1973384       8.5830933        8.5830933       2.1973384          2.1973384
              1       9.7489578       107.15152      0.10811756       -1.494544     0.086907471    2.100583e-09        153.0736      0.26686208      0.13076242      0.73306419      0.24569493        0.247026         2.51606       7.4273368        2.331729       8.5830933        8.5830933        2.331729           2.331729
              3       9.0312154         99.7283      0.13014956     -0.89254034      -2.1241657    2.100583e-09         142.469      0.31182537      0.15279443       0.6881009      0.24569493        0.247026         2.51606       7.8473097       0.8962443       8.5830933        8.5830933       0.8962443          0.8962443
              1       9.2240318       102.40241      0.11920591      -1.0415679      -1.4966248    2.100583e-09       146.28916      0.28949139      0.14185078      0.71043488      0.24569493        0.247026         2.51606       7.6449656       1.2818771       8.5830933        8.5830933       1.2818771          1.2818771
              2       9.2076719       102.41087      0.11920591      -1.0415679      -1.4966248    2.100583e-09       146.30124      0.28949139      0.14185078      0.71043488      0.24569493        0.247026         2.51606       7.6449656       1.2491572       8.5830933        8.5830933       1.2491572          1.2491572
              1       9.8496211       102.88447      0.11920591      -1.0415679      -1.4966248    2.100583e-09       146.97782      0.28949139      0.14185078      0.71043488      0.24569493        0.247026         2.51606       7.6449656       2.5330556       8.5830933        8.5830933       2.5330556          2.5330556
              7       8.6371491       98.171785      0.13573437      -0.7030197      -2.8436326    2.100583e-09       140.24541      0.32322293      0.15837924      0.67670334      0.24569493        0.247026         2.51606       7.9489902      0.10811158       8.5830933        8.5830933      0.10811158         0.10811158
              6       8.6366497       98.170582      0.13573437      -0.7030197      -2.8436326    2.100583e-09       140.24369      0.32322293      0.15837924      0.67670334      0.24569493        0.247026         2.51606       7.9489902       0.1071128       8.5830933        8.5830933       0.1071128          0.1071128
              2       8.9842209       98.986664      0.13415574     -0.79243546      -2.5267202    2.100583e-09       141.40952      0.32000123       0.1568006      0.67992504      0.24569493        0.247026         2.51606       7.9197139      0.80225527       8.5830933        8.5830933      0.80225527         0.80225527
              2       10.535395       100.93143      0.12958665     -0.93546947      -2.0995399    2.100583e-09       144.18775      0.31067656      0.15223151      0.68924971      0.24569493        0.247026         2.51606       7.8342101       3.9046025       8.5830933        8.5830933       3.9046025          3.9046025
              3       9.5463166       100.72396      0.12958665     -0.93546947      -2.0995399    2.100583e-09       143.89137      0.31067656      0.15223151      0.68924971      0.24569493        0.247026         2.51606       7.8342101       1.9264465       8.5830933        8.5830933       1.9264465          1.9264465
              3       9.1332262       100.21726      0.13059167     -0.86012733      -2.3965038    2.100583e-09       143.16751      0.31272762      0.15323653      0.68719865      0.24569493        0.247026         2.51606       7.8529032       1.1002659       8.5830933        8.5830933       1.1002659          1.1002659
              1        12.31258       96.973971      0.13681607     -0.72945397      -2.5451548    2.100583e-09       138.53424      0.32543048      0.15946093      0.67449579      0.24569493        0.247026         2.51606       7.9713617       7.4589733       8.5830933        8.5830933       7.4589733          7.4589733
              1       11.594067       98.272461      0.13681607     -0.72945397      -2.5451548    2.100583e-09       140.38923      0.32543048      0.15946093      0.67449579      0.24569493        0.247026         2.51606       7.9713617       6.0219478       8.5830933        8.5830933       6.0219478          6.0219478
              5       9.6610914       98.002051      0.13681607     -0.72945397      -2.5451548    2.100583e-09       140.00293      0.32543048      0.15946093      0.67449579      0.24569493        0.247026         2.51606       7.9713617       2.1559962       8.5830933        8.5830933       2.1559962          2.1559962
              2       9.6625953       98.003869      0.13680755     -0.72962263      -2.5442125    2.100583e-09       140.00553       0.3254131      0.15945242      0.67451318      0.24569493        0.247026         2.51606        7.971216       2.1590041       8.5830933        8.5830933       2.1590041          2.1590041
              9       9.8187646       97.284156      0.13680755     -0.72962263      -2.5442125    2.100583e-09       138.97737       0.3254131      0.15945242      0.67451318      0.24569493        0.247026         2.51606        7.971216       2.4713426       8.5830933        8.5830933       2.4713426          2.4713426
              1       8.9894192       97.830744      0.13680755     -0.72962263      -2.5442125    2.100583e-09       139.75821       0.3254131      0.15945242      0.67451318      0.24569493        0.247026         2.51606        7.971216      0.81265186       8.5830933        8.5830933      0.81265186         0.81265186
              5       10.266266       98.463628      0.13490215     -0.83823563      -1.9931874    2.100583e-09       140.66233      0.32152452      0.15754702      0.67840175      0.24569493        0.247026         2.51606       7.9396378        3.366346       8.5830933        8.5830933        3.366346           3.366346
              1       10.371963       96.250005       0.1385276     -0.69879548      -2.1483222    2.100583e-09       137.50001      0.32892341      0.16117247      0.67100287      0.24569493        0.247026         2.51606       8.0126365       3.5777391       8.5830933        8.5830933       3.5777391          3.5777391
              3        11.08005       96.441828       0.1385276     -0.69879548      -2.1483222    2.100583e-09       137.77404      0.32892341      0.16117247      0.67100287      0.24569493        0.247026         2.51606       8.0126365       4.9939141       8.5830933        8.5830933       4.9939141          4.9939141
              1       10.228172       95.239172      0.14179714     -0.59044521      -2.5488728    2.100583e-09       136.05596      0.33559593        0.164442      0.66433035      0.24569493        0.247026         2.51606       8.0698849       3.2901577       8.5830933        8.5830933       3.2901577          3.2901577
              2       10.373636       96.292087       0.1386148     -0.65110438      -2.3858331    2.100583e-09       137.56012      0.32910137      0.16125967       0.6708249      0.24569493        0.247026         2.51606       8.0129787       3.5810853       8.5830933        8.5830933       3.5810853          3.5810853
              2       10.876557       96.058577      0.13967071     -0.67319499      -2.2285016    2.100583e-09       137.22654      0.33125628      0.16231558      0.66866999      0.24569493        0.247026         2.51606       8.0329837       4.5869276       8.5830933        8.5830933       4.5869276          4.5869276
              1       14.372424       99.672169       0.1288706     -0.93589832      -1.3365595    2.100583e-09       142.38881      0.30921524      0.15151547      0.69071103      0.24569493        0.247026         2.51606       7.8389618       11.578661       8.5830933        8.5830933       11.578661          11.578661
              1       10.038916       98.891705       0.1288706     -0.93589832      -1.3365595    2.100583e-09       141.27386      0.30921524      0.15151547      0.69071103      0.24569493        0.247026         2.51606       7.8389618       2.9116449       8.5830933        8.5830933       2.9116449          2.9116449
              1       9.9951334       108.24792      0.10510539      -1.5524303      0.21302225    2.100583e-09       154.63989      0.26071481      0.12775026      0.73921146      0.24569493        0.247026         2.51606        7.364369       2.8240803       8.5830933        8.5830933       2.8240803          2.8240803
              6       10.649714       108.07973      0.10510539      -1.5524303      0.21302225    2.100583e-09       154.39962      0.26071481      0.12775026      0.73921146      0.24569493        0.247026         2.51606        7.364369       4.1332409       8.5830933        8.5830933       4.1332409          4.1332409
              1       9.8262208       108.31781      0.10510539      -1.5524303      0.21302225    2.100583e-09       154.73973      0.26071481      0.12775026      0.73921146      0.24569493        0.247026         2.51606        7.364369       2.4862551       8.5830933        8.5830933       2.4862551          2.4862551
              2       10.179598        102.3863      0.12253997      -1.1774893     -0.87212581    2.100583e-09       146.26615      0.29629558      0.14518483      0.70363069      0.24569493        0.247026         2.51606       7.7103117       3.1930093       8.5830933        8.5830933       3.1930093          3.1930093
              2       10.919838       101.66864      0.12122003      -1.1532568     -0.57680646    2.100583e-09       145.24091      0.29360183       0.1438649      0.70632444      0.24569493        0.247026         2.51606       7.6982721       4.6734904       8.5830933        8.5830933       4.6734904          4.6734904
              2       11.518765       96.092725      0.13568023     -0.72753192      -1.8922933    2.100583e-09       137.27532      0.32311244      0.15832509      0.67681384      0.24569493        0.247026         2.51606       7.9668252       5.8713436       8.5830933        8.5830933       5.8713436          5.8713436
              1       11.194592       96.226866      0.13568023     -0.72753192      -1.8922933    2.100583e-09       137.46695      0.32311244      0.15832509      0.67681384      0.24569493        0.247026         2.51606       7.9668252       5.2229983       8.5830933        8.5830933       5.2229983          5.2229983
              2       11.700985       96.586288      0.13568023     -0.72753192      -1.8922933    2.100583e-09       137.98041      0.32311244      0.15832509      0.67681384      0.24569493        0.247026         2.51606       7.9668252       6.2357826       8.5830933        8.5830933       6.2357826          6.2357826
              1       11.289079         96.4566      0.13568023     -0.72753192      -1.8922933    2.100583e-09       137.79514      0.32311244      0.15832509      0.67681384      0.24569493        0.247026         2.51606       7.9668252       5.4119717       8.5830933        8.5830933       5.4119717          5.4119717
              6       11.005229       101.67578      0.12390129     -0.82200767      -2.9002737    2.100583e-09       145.25111      0.29907379      0.14654616      0.70085249      0.24569493        0.247026         2.51606       7.7246173       4.8442712       8.5830933        8.5830933       4.8442712          4.8442712
              3       11.146717       102.13914      0.12390129     -0.82200767      -2.9002737    2.100583e-09       145.91305      0.29907379      0.14654616      0.70085249      0.24569493        0.247026         2.51606       7.7246173       5.1272477       8.5830933        8.5830933       5.1272477          5.1272477
              5       10.733563       101.95302      0.12390129     -0.82200767      -2.9002737    2.100583e-09       145.64718      0.29907379      0.14654616      0.70085249      0.24569493        0.247026         2.51606       7.7246173       4.3009402       8.5830933        8.5830933       4.3009402          4.3009402
              1       9.8406109       108.70041      0.10398227      -1.4666663     -0.28687332    2.100583e-09       155.28631      0.25842273      0.12662714      0.74150354      0.24569493        0.247026         2.51606       7.3350383       2.5150352       8.5830933        8.5830933       2.5150352          2.5150352
              3       10.057535        108.9854       0.1031029      -1.4833186     -0.23972943    2.100583e-09       155.69343      0.25662809      0.12574776      0.74329819      0.24569493        0.247026         2.51606       7.3166583       2.9488839       8.5830933        8.5830933       2.9488839          2.9488839
              1       10.058992       108.46039      0.10501859      -1.4700592     -0.08540754    2.100583e-09       154.94341      0.26053767      0.12766346       0.7393886      0.24569493        0.247026         2.51606       7.3619576       2.9517979       8.5830933        8.5830933       2.9517979          2.9517979
              6       9.3429754       108.06645      0.10501859      -1.4700592     -0.08540754    2.100583e-09       154.38065      0.26053767      0.12766346       0.7393886      0.24569493        0.247026         2.51606       7.3619576       1.5197642       8.5830933        8.5830933       1.5197642          1.5197642
              1       9.6672035       108.68249      0.10138896      -1.5901213      0.69314622    2.100583e-09       155.26071      0.25313027      0.12403383        0.746796      0.24569493        0.247026         2.51606       7.3068261       2.1682205       8.5830933        8.5830933       2.1682205          2.1682205
              1       9.7632173       108.77032      0.10138896      -1.5901213      0.69314622    2.100583e-09       155.38616      0.25313027      0.12403383        0.746796      0.24569493        0.247026         2.51606       7.3068261        2.360248       8.5830933        8.5830933        2.360248           2.360248
              3       9.6778867       108.57411      0.10138896      -1.5901213      0.69314622    2.100583e-09       155.10586      0.25313027      0.12403383        0.746796      0.24569493        0.247026         2.51606       7.3068261       2.1895868       8.5830933        8.5830933       2.1895868          2.1895868
              1       9.7943959       108.88579      0.10040922      -1.6184152      0.80963813    2.100583e-09       155.55113      0.25113078      0.12305408      0.74879549      0.24569493        0.247026         2.51606       7.2892512       2.4226052       8.5830933        8.5830933       2.4226052          2.4226052
              3       11.858048       111.02043     0.099573046      -1.7691309      0.83358009    2.100583e-09       158.60062      0.24942431      0.12221791      0.75050196      0.24569493        0.247026         2.51606        7.247842       6.5499102       8.5830933        8.5830933       6.5499102          6.5499102
              1       12.592277       111.86425     0.099573046      -1.7691309      0.83358009    2.100583e-09       159.80607      0.24942431      0.12221791      0.75050196      0.24569493        0.247026         2.51606        7.247842       8.0183666       8.5830933        8.5830933       8.0183666          8.0183666
              4       12.238387       111.79781     0.099573046      -1.7691309      0.83358009    2.100583e-09       159.71116      0.24942431      0.12221791      0.75050196      0.24569493        0.247026         2.51606        7.247842       7.3105876       8.5830933        8.5830933       7.3105876          7.3105876
              1        14.06288       111.00781      0.10467006      -1.6029279     -0.27966496    2.100583e-09       158.58259      0.25982638      0.12731492       0.7400999      0.24569493        0.247026         2.51606       7.3367658       10.959573       8.5830933        8.5830933       10.959573          10.959573
              2       14.193959       109.76702      0.10467006      -1.6029279     -0.27966496    2.100583e-09       156.81002      0.25982638      0.12731492       0.7400999      0.24569493        0.247026         2.51606       7.3367658       11.221731       8.5830933        8.5830933       11.221731          11.221731
              2       13.066861       109.94197      0.10467006      -1.6029279     -0.27966496    2.100583e-09       157.05995      0.25982638      0.12731492       0.7400999      0.24569493        0.247026         2.51606       7.3367658       8.9675359       8.5830933        8.5830933       8.9675359          8.9675359
              1       9.9939381       106.32107      0.10924804      -1.4791787      0.23843612    2.100583e-09       151.88725      0.26916919       0.1318929      0.73075708      0.24569493        0.247026         2.51606       7.4580285       2.8216896       8.5830933        8.5830933       2.8216896          2.8216896
              5       10.071512        106.5007      0.10924804      -1.4791787      0.23843612    2.100583e-09       152.14385      0.26916919       0.1318929      0.73075708      0.24569493        0.247026         2.51606       7.4580285       2.9768382       8.5830933        8.5830933       2.9768382          2.9768382
              5       10.622311       107.94447      0.10899093       -1.514675     -0.18954074    2.100583e-09       154.20638      0.26864449       0.1316358      0.73128178      0.24569493        0.247026         2.51606        7.433952       4.0784363       8.5830933        8.5830933       4.0784363          4.0784363
              1       10.838904       107.78683      0.10899093       -1.514675     -0.18954074    2.100583e-09       153.98118      0.26864449       0.1316358      0.73128178      0.24569493        0.247026         2.51606        7.433952        4.511622       8.5830933        8.5830933        4.511622           4.511622
              3       11.233761       100.77429      0.12341877     -0.84052802      -2.3943756    2.100583e-09       143.96326      0.29808905      0.14606364      0.70183722      0.24569493        0.247026         2.51606        7.722695       5.3013352       8.5830933        8.5830933       5.3013352          5.3013352
              2       10.401692       101.31508      0.12341877     -0.84052802      -2.3943756    2.100583e-09       144.73584      0.29808905      0.14606364      0.70183722      0.24569493        0.247026         2.51606        7.722695       3.6371979       8.5830933        8.5830933       3.6371979          3.6371979
              1       10.408266       101.31796      0.12341877     -0.84052802      -2.3943756    2.100583e-09       144.73995      0.29808905      0.14606364      0.70183722      0.24569493        0.247026         2.51606        7.722695       3.6503455       8.5830933        8.5830933       3.6503455          3.6503455
              7        10.69162       100.94805      0.12488177     -0.78121785      -2.7201274    2.100583e-09        144.2115      0.30107477      0.14752664       0.6988515      0.24569493        0.247026         2.51606       7.7486565       4.2170529       8.5830933        8.5830933       4.2170529          4.2170529
              4       12.192497       100.35927      0.12488177     -0.78121785      -2.7201274    2.100583e-09       143.37038      0.30107477      0.14752664       0.6988515      0.24569493        0.247026         2.51606       7.7486565       7.2188073       8.5830933        8.5830933       7.2188073          7.2188073
              2       13.136939       100.23622      0.12488177     -0.78121785      -2.7201274    2.100583e-09       143.19459      0.30107477      0.14752664       0.6988515      0.24569493        0.247026         2.51606       7.7486565       9.1076918       8.5830933        8.5830933       9.1076918          9.1076918
              2       10.597017       100.83254      0.12488177     -0.78121785      -2.7201274    2.100583e-09       144.04649      0.30107477      0.14752664       0.6988515      0.24569493        0.247026         2.51606       7.7486565       4.0278478       8.5830933        8.5830933       4.0278478          4.0278478
              8       10.120705       100.32801      0.12682562     -0.75538129      -2.8138282    2.100583e-09       143.32573      0.30504181      0.14947049      0.69488446      0.24569493        0.247026         2.51606       7.7848916       3.0752235       8.5830933        8.5830933       3.0752235          3.0752235
              6       10.898343       101.74605      0.11967744     -0.93433658      -1.7375477    2.100583e-09        145.3515      0.29045369      0.14232231      0.70947258      0.24569493        0.247026         2.51606       7.6582942       4.6305001       8.5830933        8.5830933       4.6305001          4.6305001
              2       12.517137       101.09373      0.11967744     -0.93433658      -1.7375477    2.100583e-09       144.41962      0.29045369      0.14232231      0.70947258      0.24569493        0.247026         2.51606       7.6582942       7.8680865       8.5830933        8.5830933       7.8680865          7.8680865
              1       12.417696       107.28723      0.10420406       -1.279789     -0.71944842    2.100583e-09       153.26747      0.25887536      0.12684893      0.74105091      0.24569493        0.247026         2.51606       7.3469315       7.6692056       8.5830933        8.5830933       7.6692056          7.6692056
              2       11.876957        108.3664     0.098528083      -1.4675529      0.44412126    2.100583e-09       154.80915      0.24729173      0.12117295      0.75263454      0.24569493        0.247026         2.51606        7.255268        6.587727       8.5830933        8.5830933        6.587727           6.587727
              1       11.910532       107.91856     0.098528083      -1.4675529      0.44412126    2.100583e-09       154.16937      0.24729173      0.12117295      0.75263454      0.24569493        0.247026         2.51606        7.255268       6.6548776       8.5830933        8.5830933       6.6548776          6.6548776
              3        11.71151       108.76104       0.1044537      -1.4236249     -0.73245881    2.100583e-09       155.37292      0.25938483      0.12709857      0.74054144      0.24569493        0.247026         2.51606       7.3377504       6.2568339       8.5830933        8.5830933       6.2568339          6.2568339
              2       10.798984       109.36806       0.1044537      -1.4236249     -0.73245881    2.100583e-09       156.24009      0.25938483      0.12709857      0.74054144      0.24569493        0.247026         2.51606       7.3377504       4.4317806       8.5830933        8.5830933       4.4317806          4.4317806
              2       10.663825       109.08871       0.1044537      -1.4236249     -0.73245881    2.100583e-09       155.84101      0.25938483      0.12709857      0.74054144      0.24569493        0.247026         2.51606       7.3377504       4.1614636       8.5830933        8.5830933       4.1614636          4.1614636
              1       10.483461       104.45624      0.11915415      -1.1150303      -1.7719575    2.100583e-09        149.2232      0.28938574      0.14179901      0.71054053      0.24569493        0.247026         2.51606       7.6323646        3.800736       8.5830933        8.5830933        3.800736           3.800736
              1       10.577513       104.47486      0.11915415      -1.1150303      -1.7719575    2.100583e-09        149.2498      0.28938574      0.14179901      0.71054053      0.24569493        0.247026         2.51606       7.6323646       3.9888394       8.5830933        8.5830933       3.9888394          3.9888394
              1       10.142994       103.78333      0.11915415      -1.1150303      -1.7719575    2.100583e-09        148.2619      0.28938574      0.14179901      0.71054053      0.24569493        0.247026         2.51606       7.6323646       3.1198016       8.5830933        8.5830933       3.1198016          3.1198016
              1       11.227314       103.57115      0.11918637      -1.1146956      -1.7727703    2.100583e-09       147.95879      0.28945151      0.14183124      0.71047476      0.24569493        0.247026         2.51606       7.6329896        5.288442       8.5830933        8.5830933        5.288442           5.288442
              3       9.9495087       104.31617      0.11918637      -1.1146956      -1.7727703    2.100583e-09        149.0231      0.28945151      0.14183124      0.71047476      0.24569493        0.247026         2.51606       7.6329896       2.7328308       8.5830933        8.5830933       2.7328308          2.7328308
              2       10.170131       103.76703      0.11918637      -1.1146956      -1.7727703    2.100583e-09       148.23861      0.28945151      0.14183124      0.71047476      0.24569493        0.247026         2.51606       7.6329896       3.1740763       8.5830933        8.5830933       3.1740763          3.1740763
              2       10.008318       103.80982      0.11918637      -1.1146956      -1.7727703    2.100583e-09       148.29974      0.28945151      0.14183124      0.71047476      0.24569493        0.247026         2.51606       7.6329896       2.8504502       8.5830933        8.5830933       2.8504502          2.8504502
              1       10.389334       104.42741      0.11918637      -1.1146956      -1.7727703    2.100583e-09       149.18201      0.28945151      0.14183124      0.71047476      0.24569493        0.247026         2.51606       7.6329896       3.6124806       8.5830933        8.5830933       3.6124806          3.6124806
              1       9.5896564       103.99694      0.11918637      -1.1146956      -1.7727703    2.100583e-09       148.56706      0.28945151      0.14183124      0.71047476      0.24569493        0.247026         2.51606       7.6329896       2.0131263       8.5830933        8.5830933       2.0131263          2.0131263
              2       9.4411662       104.25848      0.11828482      -1.1586255      -1.5412822    2.100583e-09       148.94068       0.2876116      0.14092968      0.71231467      0.24569493        0.247026         2.51606       7.6165754       1.7161459       8.5830933        8.5830933       1.7161459          1.7161459
              1       9.4518821       104.27583      0.11825424      -1.1592999      -1.5425143    2.100583e-09       148.96547      0.28754919       0.1408991      0.71237708      0.24569493        0.247026         2.51606       7.6159159       1.7375777       8.5830933        8.5830933       1.7375777          1.7375777
              2       12.228153        104.9918      0.11825424      -1.1592999      -1.5425143    2.100583e-09       149.98828      0.28754919       0.1408991      0.71237708      0.24569493        0.247026         2.51606       7.6159159       7.2901204       8.5830933        8.5830933       7.2901204          7.2901204
              1       10.401406       109.29696      0.10478661      -1.4638976     -0.48113149    2.100583e-09       156.13851      0.26006424      0.12743148      0.73986203      0.24569493        0.247026         2.51606       7.3466705       3.6366255       8.5830933        8.5830933       3.6366255          3.6366255
              2       10.089935       108.96028      0.10478661      -1.4638976     -0.48113149    2.100583e-09       155.65755      0.26006424      0.12743148      0.73986203      0.24569493        0.247026         2.51606       7.3466705       3.0136837       8.5830933        8.5830933       3.0136837          3.0136837
              1       10.341543       109.27571      0.10478661      -1.4638976     -0.48113149    2.100583e-09       156.10816      0.26006424      0.12743148      0.73986203      0.24569493        0.247026         2.51606       7.3466705       3.5169001       8.5830933        8.5830933       3.5169001          3.5169001
              1       10.274173       109.59221      0.10373015      -1.4867212      -0.3947085    2.100583e-09        156.5603       0.2579082      0.12637502      0.74201807      0.24569493        0.247026         2.51606       7.3250656       3.3821591       8.5830933        8.5830933       3.3821591          3.3821591
              1       10.425603       109.19604      0.10373015      -1.4867212      -0.3947085    2.100583e-09       155.99435       0.2579082      0.12637502      0.74201807      0.24569493        0.247026         2.51606       7.3250656       3.6850197       8.5830933        8.5830933       3.6850197          3.6850197
              6       10.188601       109.54154      0.10373015      -1.4867212      -0.3947085    2.100583e-09       156.48792       0.2579082      0.12637502      0.74201807      0.24569493        0.247026         2.51606       7.3250656       3.2110162       8.5830933        8.5830933       3.2110162          3.2110162
              4       10.166431       109.52427      0.10373015      -1.4867212      -0.3947085    2.100583e-09       156.46325       0.2579082      0.12637502      0.74201807      0.24569493        0.247026         2.51606       7.3250656        3.166676       8.5830933        8.5830933        3.166676           3.166676
             12       10.079035       109.27532      0.10422897      -1.4735705      -0.4040414    2.100583e-09        156.1076       0.2589262      0.12687384      0.74100008      0.24569493        0.247026         2.51606       7.3362759       2.9918841       8.5830933        8.5830933       2.9918841          2.9918841
              2       11.580769       108.63048      0.10422897      -1.4735705      -0.4040414    2.100583e-09        155.1864       0.2589262      0.12687384      0.74100008      0.24569493        0.247026         2.51606       7.3362759       5.9953513       8.5830933        8.5830933       5.9953513          5.9953513
              1       8.9220875       100.84464      0.12380574     -0.99451057      -1.4627152    2.100583e-09       144.06377      0.29887878       0.1464506      0.70104749      0.24569493        0.247026         2.51606       7.7365513      0.67798839       8.5830933        8.5830933      0.67798839         0.67798839
              4       9.2808614       101.17142      0.12380574     -0.99451057      -1.4627152    2.100583e-09        144.5306      0.29887878       0.1464506      0.70104749      0.24569493        0.247026         2.51606       7.7365513       1.3955362       8.5830933        8.5830933       1.3955362          1.3955362
              1       9.3584852        100.6675      0.12380574     -0.99451057      -1.4627152    2.100583e-09       143.81071      0.29887878       0.1464506      0.70104749      0.24569493        0.247026         2.51606       7.7365513       1.5507838       8.5830933        8.5830933       1.5507838          1.5507838
              2       12.525545       101.22243      0.12000481      -1.0107278      -1.0179586    2.100583e-09       144.60347       0.2911218      0.14264968      0.70880447      0.24569493        0.247026         2.51606       7.6774681       7.8849032       8.5830933        8.5830933       7.8849032          7.8849032
              1       11.914808       99.342823      0.12542435     -0.85159336      -1.6063356    2.100583e-09       141.91832      0.30218207      0.14806921      0.69774421      0.24569493        0.247026         2.51606       7.7775265       6.6634291       8.5830933        8.5830933       6.6634291          6.6634291
              8       12.057381       103.46038      0.11520692      -1.2112089     -0.38994161    2.100583e-09       147.80054      0.28133018      0.13785179      0.71859609      0.24569493        0.247026         2.51606        7.584424       6.9485752       8.5830933        8.5830933       6.9485752          6.9485752
              1       12.585602       99.486172       0.1227919     -0.99301474      -1.0337625    2.100583e-09        142.1231      0.29680973      0.14543677      0.70311654      0.24569493        0.247026         2.51606       7.7310753       8.0050169       8.5830933        8.5830933       8.0050169          8.0050169
              1       10.666234       100.03574       0.1227919     -0.99301474      -1.0337625    2.100583e-09        142.9082      0.29680973      0.14543677      0.70311654      0.24569493        0.247026         2.51606       7.7310753        4.166282       8.5830933        8.5830933        4.166282           4.166282
              3       11.412233       99.678512       0.1227919     -0.99301474      -1.0337625    2.100583e-09       142.39787      0.29680973      0.14543677      0.70311654      0.24569493        0.247026         2.51606       7.7310753       5.6582785       8.5830933        8.5830933       5.6582785          5.6582785
              3       11.531421       99.654016       0.1227919     -0.99301474      -1.0337625    2.100583e-09       142.36288      0.29680973      0.14543677      0.70311654      0.24569493        0.247026         2.51606       7.7310753       5.8966547       8.5830933        8.5830933       5.8966547          5.8966547
              1       10.859851       99.834106       0.1227919     -0.99301474      -1.0337625    2.100583e-09       142.62015      0.29680973      0.14543677      0.70311654      0.24569493        0.247026         2.51606       7.7310753       4.5535151       8.5830933        8.5830933       4.5535151          4.5535151
              6       11.110923       100.25329       0.1227919     -0.99301474      -1.0337625    2.100583e-09       143.21898      0.29680973      0.14543677      0.70311654      0.24569493        0.247026         2.51606       7.7310753       5.0556603       8.5830933        8.5830933       5.0556603          5.0556603
              1       12.087181       100.44957       0.1227919     -0.99301474      -1.0337625    2.100583e-09       143.49939      0.29680973      0.14543677      0.70311654      0.24569493        0.247026         2.51606       7.7310753       7.0081749       8.5830933        8.5830933       7.0081749          7.0081749
              2       12.175219       100.35573      0.12298172     -0.98728781      -1.0422748    2.100583e-09       143.36533      0.29719712      0.14562659      0.70272915      0.24569493        0.247026         2.51606       7.7350128       7.1842514       8.5830933        8.5830933       7.1842514          7.1842514
              1       11.735152       99.535559      0.12298172     -0.98728781      -1.0422748    2.100583e-09       142.19366      0.29719712      0.14562659      0.70272915      0.24569493        0.247026         2.51606       7.7350128       6.3041177       8.5830933        8.5830933       6.3041177          6.3041177
              1       11.504681       100.23439      0.12298172     -0.98728781      -1.0422748    2.100583e-09       143.19198      0.29719712      0.14562659      0.70272915      0.24569493        0.247026         2.51606       7.7350128       5.8431764       8.5830933        8.5830933       5.8431764          5.8431764
              1       11.610742       95.378777      0.13849413     -0.67352455      -2.0797749    2.100583e-09        136.2554      0.32885509        0.161139      0.67107118      0.24569493        0.247026         2.51606       8.0164527       6.0552976       8.5830933        8.5830933       6.0552976          6.0552976
              1       11.771692       101.12232      0.12599991       -1.125872     -0.84345279    2.100583e-09       144.46046      0.30335669      0.14864478      0.69656958      0.24569493        0.247026         2.51606       7.7806414       6.3771979       8.5830933        8.5830933       6.3771979          6.3771979
              2         10.7386       101.09015      0.12492987      -1.1426954     -0.77719247    2.100583e-09       144.41451      0.30117293      0.14757474      0.69875334      0.24569493        0.247026         2.51606       7.7611827       4.3110144       8.5830933        8.5830933       4.3110144          4.3110144
              1       10.714617       101.05516      0.12492987      -1.1426954     -0.77719247    2.100583e-09       144.36451      0.30117293      0.14757474      0.69875334      0.24569493        0.247026         2.51606       7.7611827       4.2630466       8.5830933        8.5830933       4.2630466          4.2630466
              1       10.964608       100.46595      0.12704244      -1.1071294      -0.9058299    2.100583e-09       143.52278      0.30548431      0.14968731      0.69444196      0.24569493        0.247026         2.51606       7.7998637       4.7630288       8.5830933        8.5830933       4.7630288          4.7630288
              2       11.449813       100.20507      0.12704244      -1.1071294      -0.9058299    2.100583e-09       143.15009      0.30548431      0.14968731      0.69444196      0.24569493        0.247026         2.51606       7.7998637       5.7334392       8.5830933        8.5830933       5.7334392          5.7334392
              4       11.062337       100.34844      0.12704244      -1.1071294      -0.9058299    2.100583e-09       143.35491      0.30548431      0.14968731      0.69444196      0.24569493        0.247026         2.51606       7.7998637       4.9584865       8.5830933        8.5830933       4.9584865          4.9584865
              1        12.03988       107.77927      0.10567428      -1.4611794     -0.32075874    2.100583e-09       153.97038       0.2618758      0.12831914      0.73805047      0.24569493        0.247026         2.51606       7.3690594       6.9135732       8.5830933        8.5830933       6.9135732          6.9135732
              2       9.5903813       108.34481      0.10567428      -1.4611794     -0.32075874    2.100583e-09       154.77831       0.2618758      0.12831914      0.73805047      0.24569493        0.247026         2.51606       7.3690594       2.0145761       8.5830933        8.5830933       2.0145761          2.0145761
              1        9.740062       104.68955      0.11634149      -1.2538328     -0.82807539    2.100583e-09        149.5565      0.28364562      0.13898636      0.71628065      0.24569493        0.247026         2.51606       7.5865237       2.3139374       8.5830933        8.5830933       2.3139374          2.3139374
              4       9.0674368       104.38879      0.11634149      -1.2538328     -0.82807539    2.100583e-09       149.12685      0.28364562      0.13898636      0.71628065      0.24569493        0.247026         2.51606       7.5865237      0.96868698       8.5830933        8.5830933      0.96868698         0.96868698
              3       9.2108372       105.39686       0.1100772      -1.3223538      -0.3341567    2.100583e-09       150.56694      0.27086135      0.13272206      0.72906492      0.24569493        0.247026         2.51606       7.4721491       1.2554879       8.5830933        8.5830933       1.2554879          1.2554879
              1       10.608441       104.23716      0.12024343      -1.2349309      -1.2083718    2.100583e-09       148.91023      0.29160878       0.1428883      0.70831749      0.24569493        0.247026         2.51606       7.6541829       4.0506944       8.5830933        8.5830933       4.0506944          4.0506944
              1       10.649261       103.97048      0.12024343      -1.2349309      -1.2083718    2.100583e-09       148.52926      0.29160878       0.1428883      0.70831749      0.24569493        0.247026         2.51606       7.6541829       4.1323359       8.5830933        8.5830933       4.1323359          4.1323359
              1       10.708461       104.28849      0.12024343      -1.2349309      -1.2083718    2.100583e-09       148.98356      0.29160878       0.1428883      0.70831749      0.24569493        0.247026         2.51606       7.6541829       4.2507351       8.5830933        8.5830933       4.2507351          4.2507351
              1        10.56592        103.4468      0.12259141      -1.1700442      -1.4893399    2.100583e-09       147.78114      0.29640057      0.14523628       0.7035257      0.24569493        0.247026         2.51606       7.6982309       3.9656537       8.5830933        8.5830933       3.9656537          3.9656537
              1       13.520415       102.75671      0.12259141      -1.1700442      -1.4893399    2.100583e-09       146.79531      0.29640057      0.14523628       0.7035257      0.24569493        0.247026         2.51606       7.6982309       9.8746433       8.5830933        8.5830933       9.8746433          9.8746433
              1       13.451039        102.6465      0.12266565      -1.1604267      -1.5044309    2.100583e-09       146.63786      0.29655208      0.14531052      0.70337419      0.24569493        0.247026         2.51606       7.7000763       9.7358907       8.5830933        8.5830933       9.7358907          9.7358907
              2       10.934639       103.03006      0.12266565      -1.1604267      -1.5044309    2.100583e-09        147.1858      0.29655208      0.14531052      0.70337419      0.24569493        0.247026         2.51606       7.7000763       4.7030917       8.5830933        8.5830933       4.7030917          4.7030917
              2       11.362017       102.67453      0.12466344      -1.1020495      -1.8731266    2.100583e-09        146.6779       0.3006292      0.14730831      0.69929707      0.24569493        0.247026         2.51606       7.7354015        5.557848       8.5830933        8.5830933        5.557848           5.557848
              4        10.99746        103.0973      0.12466344      -1.1020495      -1.8731266    2.100583e-09       147.28185       0.3006292      0.14730831      0.69929707      0.24569493        0.247026         2.51606       7.7354015       4.8287332       8.5830933        8.5830933       4.8287332          4.8287332
              1       10.891875       103.02879      0.12466344      -1.1020495      -1.8731266    2.100583e-09       147.18399       0.3006292      0.14730831      0.69929707      0.24569493        0.247026         2.51606       7.7354015       4.6175638       8.5830933        8.5830933       4.6175638          4.6175638
              3       10.012047       97.827795       0.1357717     -0.82138377      -2.1583787    2.100583e-09       139.75399      0.32329911      0.15841657      0.67662716      0.24569493        0.247026         2.51606       7.9529899       2.8579078       8.5830933        8.5830933       2.8579078          2.8579078
              1       8.8934963       101.86392      0.12403387      -1.0046964      -1.8852414    2.100583e-09       145.51989      0.29934436      0.14667874      0.70058191      0.24569493        0.247026         2.51606       7.7306534      0.62080611       8.5830933        8.5830933      0.62080611         0.62080611
              4       9.4200695        101.6707      0.12403387      -1.0046964      -1.8852414    2.100583e-09       145.24386      0.29934436      0.14667874      0.70058191      0.24569493        0.247026         2.51606       7.7306534       1.6739524       8.5830933        8.5830933       1.6739524          1.6739524
              4        9.172739       99.217288      0.13161819     -0.83291444      -2.3833517    2.100583e-09       141.73898      0.31482257      0.15426306       0.6851037      0.24569493        0.247026         2.51606       7.8737163       1.1792915       8.5830933        8.5830933       1.1792915          1.1792915
              2        9.871145       99.022031        0.134386     -0.80412409      -2.7081045    2.100583e-09       141.46004      0.32047116      0.15703087      0.67945511      0.24569493        0.247026         2.51606       7.9200118       2.5761034       8.5830933        8.5830933       2.5761034          2.5761034
              6       9.3856723       99.263518        0.134386     -0.80412409      -2.7081045    2.100583e-09       141.80503      0.32047116      0.15703087      0.67945511      0.24569493        0.247026         2.51606       7.9200118       1.6051581       8.5830933        8.5830933       1.6051581          1.6051581
              1        9.523893       100.50424      0.13045638     -0.81167832      -2.8998861    2.100583e-09       143.57748      0.31245153      0.15310125      0.68747475      0.24569493        0.247026         2.51606       7.8459606       1.8815994       8.5830933        8.5830933       1.8815994          1.8815994
              3       9.7220463       100.29523      0.13045638     -0.81167832      -2.8998861    2.100583e-09        143.2789      0.31245153      0.15310125      0.68747475      0.24569493        0.247026         2.51606       7.8459606       2.2779061       8.5830933        8.5830933       2.2779061          2.2779061
              4       9.8521132       100.24847      0.13045638     -0.81167832      -2.8998861    2.100583e-09        143.2121      0.31245153      0.15310125      0.68747475      0.24569493        0.247026         2.51606       7.8459606       2.5380399       8.5830933        8.5830933       2.5380399          2.5380399
              1       9.7811025       100.40315      0.12979882     -0.82351905      -2.8417744    2.100583e-09       143.43308      0.31110956      0.15244368      0.68881671      0.24569493        0.247026         2.51606       7.8340679       2.3960185       8.5830933        8.5830933       2.3960185          2.3960185
              3        10.68712       101.03441      0.12979882     -0.82351905      -2.8417744    2.100583e-09       144.33487      0.31110956      0.15244368      0.68881671      0.24569493        0.247026         2.51606       7.8340679       4.2080529       8.5830933        8.5830933       4.2080529          4.2080529
              2       9.7026722        100.4307      0.12979882     -0.82351905      -2.8417744    2.100583e-09       143.47242      0.31110956      0.15244368      0.68881671      0.24569493        0.247026         2.51606       7.8340679       2.2391578       8.5830933        8.5830933       2.2391578          2.2391578
              1       9.7119945       100.43893      0.12980256     -0.82362707      -2.8452342    2.100583e-09       143.48419      0.31111721      0.15244743      0.68880907      0.24569493        0.247026         2.51606       7.8340789       2.2578024       8.5830933        8.5830933       2.2578024          2.2578024
              1       9.5331729       100.52888      0.12980256     -0.82362707      -2.8452342    2.100583e-09       143.61268      0.31111721      0.15244743      0.68880907      0.24569493        0.247026         2.51606       7.8340789       1.9001593       8.5830933        8.5830933       1.9001593          1.9001593
              9       10.108471       100.92434      0.12980256     -0.82362707      -2.8452342    2.100583e-09       144.17764      0.31111721      0.15244743      0.68880907      0.24569493        0.247026         2.51606       7.8340789       3.0507557       8.5830933        8.5830933       3.0507557          3.0507557
              2        9.610867       100.76467      0.12980256     -0.82362707      -2.8452342    2.100583e-09       143.94952      0.31111721      0.15244743      0.68880907      0.24569493        0.247026         2.51606       7.8340789       2.0555474       8.5830933        8.5830933       2.0555474          2.0555474
              2       9.1627463       102.63325       0.1200964      -1.0313548      -1.5908462    2.100583e-09       146.61893      0.29130871      0.14274127      0.70861756      0.24569493        0.247026         2.51606       7.6605946       1.1593061       8.5830933        8.5830933       1.1593061          1.1593061
              1       10.477855       108.69308     0.098094923      -1.6156231       1.1130052    2.100583e-09       155.27582      0.24640773      0.12073979      0.75351854      0.24569493        0.247026         2.51606       7.2716784       3.7895232       8.5830933        8.5830933       3.7895232          3.7895232
              1       11.124664       108.16102      0.10001688      -1.5963257       1.0752682    2.100583e-09       154.51574      0.25033009      0.12266175      0.74959618      0.24569493        0.247026         2.51606        7.312122       5.0831418       8.5830933        8.5830933       5.0831418          5.0831418
              1       10.013306       104.49987      0.11039859      -1.2874689     -0.16194105    2.100583e-09       149.28553      0.27151726      0.13304346      0.72840901      0.24569493        0.247026         2.51606       7.4904942       2.8604248       8.5830933        8.5830933       2.8604248          2.8604248
              1        12.01665       109.57093      0.10555176       -1.572927     -0.32118838    2.100583e-09        156.5299      0.26162577      0.12819663       0.7383005      0.24569493        0.247026         2.51606       7.3563507       6.8671142       8.5830933        8.5830933       6.8671142          6.8671142
              4       11.692905       110.07825      0.10555176       -1.572927     -0.32118838    2.100583e-09       157.25464      0.26162577      0.12819663       0.7383005      0.24569493        0.247026         2.51606       7.3563507        6.219623       8.5830933        8.5830933        6.219623           6.219623
              2       11.231205        110.8747      0.10258237      -1.6331108     -0.06236624    2.100583e-09       158.39243      0.25556578      0.12522723      0.74436049      0.24569493        0.247026         2.51606       7.2961015        5.296223       8.5830933        8.5830933        5.296223           5.296223
              7       11.542022       110.63718      0.10258237      -1.6331108     -0.06236624    2.100583e-09       158.05311      0.25556578      0.12522723      0.74436049      0.24569493        0.247026         2.51606       7.2961015       5.9178572       8.5830933        8.5830933       5.9178572          5.9178572
              1       11.300516       110.97666      0.10258237      -1.6331108     -0.06236624    2.100583e-09       158.53809      0.25556578      0.12522723      0.74436049      0.24569493        0.247026         2.51606       7.2961015       5.4348452       8.5830933        8.5830933       5.4348452          5.4348452
              2       11.297754       110.76057      0.10258237      -1.6331108     -0.06236624    2.100583e-09       158.22938      0.25556578      0.12522723      0.74436049      0.24569493        0.247026         2.51606       7.2961015       5.4293212       8.5830933        8.5830933       5.4293212          5.4293212
              3       11.410543       110.69238      0.10258237      -1.6331108     -0.06236624    2.100583e-09       158.13196      0.25556578      0.12522723      0.74436049      0.24569493        0.247026         2.51606       7.2961015       5.6548998       8.5830933        8.5830933       5.6548998          5.6548998
              1        11.28573       110.77064      0.10258237      -1.6331108     -0.06236624    2.100583e-09       158.24377      0.25556578      0.12522723      0.74436049      0.24569493        0.247026         2.51606       7.2961015       5.4052733       8.5830933        8.5830933       5.4052733          5.4052733
              2       11.056801       111.63185      0.09257964      -1.7959666       1.4046735    2.100583e-09       159.47407      0.23515205      0.11522451      0.76477422      0.24569493        0.247026         2.51606       7.1372654       4.9474162       8.5830933        8.5830933       4.9474162          4.9474162
              1       11.947935       111.47457      0.09257964      -1.7959666       1.4046735    2.100583e-09       159.24939      0.23515205      0.11522451      0.76477422      0.24569493        0.247026         2.51606       7.1372654       6.7296827       8.5830933        8.5830933       6.7296827          6.7296827
              1       8.7763365       98.525348      0.13509595     -0.75697706      -2.6787785    2.100583e-09        140.7505      0.32192003      0.15774082      0.67800624      0.24569493        0.247026         2.51606       7.9364718      0.38648648       8.5830933        8.5830933      0.38648648         0.38648648
              2       9.1900503       98.793255      0.13509595     -0.75697706      -2.6787785    2.100583e-09       141.13322      0.32192003      0.15774082      0.67800624      0.24569493        0.247026         2.51606       7.9364718       1.2139139       8.5830933        8.5830933       1.2139139          1.2139139
              3       9.6165555       108.88305       0.1038586      -1.5344033      0.14869119    2.100583e-09       155.54721      0.25817034      0.12650347      0.74175593      0.24569493        0.247026         2.51606       7.3389166       2.0669244       8.5830933        8.5830933       2.0669244          2.0669244
              3       11.957776       109.35579       0.1038586      -1.5344033      0.14869119    2.100583e-09       156.22255      0.25817034      0.12650347      0.74175593      0.24569493        0.247026         2.51606       7.3389166       6.7493661       8.5830933        8.5830933       6.7493661          6.7493661
              1       9.6798128       108.50407       0.1038586      -1.5344033      0.14869119    2.100583e-09       155.00581      0.25817034      0.12650347      0.74175593      0.24569493        0.247026         2.51606       7.3389166        2.193439       8.5830933        8.5830933        2.193439           2.193439
              2       9.4715241       97.076277      0.13892922     -0.66908378      -2.9329061    2.100583e-09        138.6804      0.32974303      0.16157409      0.67018324      0.24569493        0.247026         2.51606       8.0061823       1.7768617       8.5830933        8.5830933       1.7768617          1.7768617
              2       9.6120481       97.795955      0.13724976     -0.70861905      -2.9221588    2.100583e-09       139.70851      0.32631556      0.15989462      0.67361071      0.24569493        0.247026         2.51606        7.974063       2.0579096       8.5830933        8.5830933       2.0579096          2.0579096
              2        9.158224        98.27689      0.13724976     -0.70861905      -2.9221588    2.100583e-09       140.39556      0.32631556      0.15989462      0.67361071      0.24569493        0.247026         2.51606        7.974063       1.1502613       8.5830933        8.5830933       1.1502613          1.1502613
              1       9.7312758        98.42914      0.13724976     -0.70861905      -2.9221588    2.100583e-09       140.61306      0.32631556      0.15989462      0.67361071      0.24569493        0.247026         2.51606        7.974063        2.296365       8.5830933        8.5830933        2.296365           2.296365
              4       9.7587475       98.434721      0.13724976     -0.70861905      -2.9221588    2.100583e-09       140.62103      0.32631556      0.15989462      0.67361071      0.24569493        0.247026         2.51606        7.974063       2.3513084       8.5830933        8.5830933       2.3513084          2.3513084
              2       10.684498       97.498486      0.13776587     -0.69860135      -2.9641429    2.100583e-09       139.28355      0.32736885      0.16041074      0.67255742      0.24569493        0.247026         2.51606       7.9831847       4.2028089       8.5830933        8.5830933       4.2028089          4.2028089
              1        12.04282       97.338642      0.13776587     -0.69860135      -2.9641429    2.100583e-09        139.0552      0.32736885      0.16041074      0.67255742      0.24569493        0.247026         2.51606       7.9831847       6.9194537       8.5830933        8.5830933       6.9194537          6.9194537
              1       9.8010142       97.641913      0.13776587     -0.69860135      -2.9641429    2.100583e-09       139.48845      0.32736885      0.16041074      0.67255742      0.24569493        0.247026         2.51606       7.9831847       2.4358418       8.5830933        8.5830933       2.4358418          2.4358418
              2       10.183931       104.26181      0.11776505      -1.0591423      -2.0802112    2.100583e-09       148.94544      0.28655085      0.14040992      0.71337542      0.24569493        0.247026         2.51606       7.6047104       3.2016749       8.5830933        8.5830933       3.2016749          3.2016749
              1         10.1579       104.40622      0.11776505      -1.0591423      -2.0802112    2.100583e-09       149.15174      0.28655085      0.14040992      0.71337542      0.24569493        0.247026         2.51606       7.6047104       3.1496127       8.5830933        8.5830933       3.1496127          3.1496127
              1        9.999254        104.6843      0.11103814      -1.2156236     -0.66253935    2.100583e-09       149.54901      0.27282246        0.133683      0.72710382      0.24569493        0.247026         2.51606       7.4925949       2.8323214       8.5830933        8.5830933       2.8323214          2.8323214
              2       9.8140489       101.15525      0.12433251     -0.84099679      -2.4917881    2.100583e-09        144.5075      0.29995383      0.14697738      0.69997244      0.24569493        0.247026         2.51606       7.7378928       2.4619112       8.5830933        8.5830933       2.4619112          2.4619112
              6       10.098718       100.98531      0.12433251     -0.84099679      -2.4917881    2.100583e-09       144.26472      0.29995383      0.14697738      0.69997244      0.24569493        0.247026         2.51606       7.7378928       3.0312504       8.5830933        8.5830933       3.0312504          3.0312504
              3        9.906622       101.30906      0.12433251     -0.84099679      -2.4917881    2.100583e-09       144.72723      0.29995383      0.14697738      0.69997244      0.24569493        0.247026         2.51606       7.7378928       2.6470574       8.5830933        8.5830933       2.6470574          2.6470574
              1       9.1764948       100.41738      0.12918267     -0.80348223      -2.7262215    2.100583e-09        143.4534      0.30985212      0.15182754      0.69007415      0.24569493        0.247026         2.51606       7.8259785        1.186803       8.5830933        8.5830933        1.186803           1.186803
              2       9.8293652       102.34633      0.12414624     -0.92341297      -2.4438007    2.100583e-09       146.20904      0.29957368       0.1467911      0.70035259      0.24569493        0.247026         2.51606       7.7291826       2.4925439       8.5830933        8.5830933       2.4925439          2.4925439
              1       11.623865       101.55896      0.12414624     -0.92341297      -2.4438007    2.100583e-09       145.08423      0.29957368       0.1467911      0.70035259      0.24569493        0.247026         2.51606       7.7291826       6.0815425       8.5830933        8.5830933       6.0815425          6.0815425
              2       11.259174       98.561212      0.13072358     -0.87144376      -1.9308893    2.100583e-09       140.80173      0.31299682      0.15336844      0.68692945      0.24569493        0.247026         2.51606       7.8634177        5.352162       8.5830933        8.5830933        5.352162           5.352162
              2       10.018595       99.543919      0.13072358     -0.87144376      -1.9308893    2.100583e-09        142.2056      0.31299682      0.15336844      0.68692945      0.24569493        0.247026         2.51606       7.8634177        2.871003       8.5830933        8.5830933        2.871003           2.871003
              1       10.277266       94.967613      0.14184809     -0.57921513      -2.5784242    2.100583e-09       135.66802      0.33569991      0.16449296      0.66422636      0.24569493        0.247026         2.51606       8.0711255       3.3883457       8.5830933        8.5830933       3.3883457          3.3883457
              1       10.370894       95.192582      0.14184809     -0.57921513      -2.5784242    2.100583e-09        135.9894      0.33569991      0.16449296      0.66422636      0.24569493        0.247026         2.51606       8.0711255       3.5756024       8.5830933        8.5830933       3.5756024          3.5756024
              2       9.9974244        97.56647      0.13808938      -0.7175031      -2.4968826    2.100583e-09       139.38067      0.32802908      0.16073425      0.67189719      0.24569493        0.247026         2.51606       7.9955946       2.8286622       8.5830933        8.5830933       2.8286622          2.8286622
              6       11.042503       96.302684      0.14222713      -0.7137879       -2.288339    2.100583e-09       137.57526      0.33647346      0.16487199      0.66345281      0.24569493        0.247026         2.51606        8.071932         4.91882       8.5830933        8.5830933         4.91882            4.91882
              2       10.622709       96.172441      0.14222713      -0.7137879       -2.288339    2.100583e-09        137.3892      0.33647346      0.16487199      0.66345281      0.24569493        0.247026         2.51606        8.071932       4.0792321       8.5830933        8.5830933       4.0792321          4.0792321
              1       11.316533       110.09774     0.098170574      -1.5025909     0.023593722    2.100583e-09       157.28248      0.24656212      0.12081544      0.75336415      0.24569493        0.247026         2.51606       7.2208007       5.4668788       8.5830933        8.5830933       5.4668788          5.4668788
              1       11.534571       108.46032     0.098476291      -1.4798923      0.47101527    2.100583e-09       154.94331      0.24718604      0.12112116      0.75274023      0.24569493        0.247026         2.51606       7.2535727       5.9029555       8.5830933        8.5830933       5.9029555          5.9029555
              1       11.723079       108.02798     0.098476291      -1.4798923      0.47101527    2.100583e-09       154.32568      0.24718604      0.12112116      0.75274023      0.24569493        0.247026         2.51606       7.2535727       6.2799723       8.5830933        8.5830933       6.2799723          6.2799723
              4       10.076333       102.69006      0.11629501      -1.1142893     -0.85131984    2.100583e-09       146.70008      0.28355078      0.13893988      0.71637549      0.24569493        0.247026         2.51606       7.6001815       2.9864801       8.5830933        8.5830933       2.9864801          2.9864801
              1       11.892817       103.06677      0.11629501      -1.1142893     -0.85131984    2.100583e-09       147.23824      0.28355078      0.13893988      0.71637549      0.24569493        0.247026         2.51606       7.6001815       6.6194483       8.5830933        8.5830933       6.6194483          6.6194483
              1       10.168872       102.31759      0.11629501      -1.1142893     -0.85131984    2.100583e-09       146.16799      0.28355078      0.13893988      0.71637549      0.24569493        0.247026         2.51606       7.6001815       3.1715584       8.5830933        8.5830933       3.1715584          3.1715584
              2       10.011549       102.93704      0.11505105      -1.1498864     -0.81061564    2.100583e-09       147.05292      0.28101207      0.13769591       0.7189142      0.24569493        0.247026         2.51606       7.5734142        2.856912       8.5830933        8.5830933        2.856912           2.856912
              3       9.9541304       103.06439        0.115254      -1.1447997     -0.91846509    2.100583e-09       147.23484      0.28142626      0.13789887      0.71850001      0.24569493        0.247026         2.51606       7.5744527       2.7420742       8.5830933        8.5830933       2.7420742          2.7420742
              2       9.4072193       103.33477        0.115254      -1.1447997     -0.91846509    2.100583e-09        147.6211      0.28142626      0.13789887      0.71850001      0.24569493        0.247026         2.51606       7.5744527        1.648252       8.5830933        8.5830933        1.648252           1.648252
              2       9.1265924       102.83843      0.11748375      -1.1005314      -1.1541404    2.100583e-09       146.91204      0.28597677      0.14012862       0.7139495      0.24569493        0.247026         2.51606       7.6151127       1.0869983       8.5830933        8.5830933       1.0869983          1.0869983
              1       9.2673934       102.71999      0.11748375      -1.1005314      -1.1541404    2.100583e-09       146.74284      0.28597677      0.14012862       0.7139495      0.24569493        0.247026         2.51606       7.6151127       1.3686001       8.5830933        8.5830933       1.3686001          1.3686001
              5       9.9402523       103.21499      0.11748375      -1.1005314      -1.1541404    2.100583e-09       147.44998      0.28597677      0.14012862       0.7139495      0.24569493        0.247026         2.51606       7.6151127        2.714318       8.5830933        8.5830933        2.714318           2.714318
              1       9.1745451       102.77797      0.11748375      -1.1005314      -1.1541404    2.100583e-09       146.82567      0.28597677      0.14012862       0.7139495      0.24569493        0.247026         2.51606       7.6151127       1.1829037       8.5830933        8.5830933       1.1829037          1.1829037
              1       9.5195006       103.01671      0.11628609      -1.1016151      -1.1556603    2.100583e-09       147.16673      0.28353256      0.13893096      0.71639371      0.24569493        0.247026         2.51606       7.5920526       1.8728147       8.5830933        8.5830933       1.8728147          1.8728147
              1       9.5218248       103.03063      0.11623864      -1.1027914      -1.1507409    2.100583e-09       147.18661      0.28343573      0.13888351      0.71649054      0.24569493        0.247026         2.51606       7.5911556       1.8774629       8.5830933        8.5830933       1.8774629          1.8774629
              2       9.0324831       105.18025      0.11292062      -1.2949626     -0.66826212    2.100583e-09       150.25749      0.27666427      0.13556549        0.723262      0.24569493        0.247026         2.51606       7.5204268      0.89877955       8.5830933        8.5830933      0.89877955         0.89877955
              4       8.8027085        102.4869      0.12012429      -1.0709942      -1.4283401    2.100583e-09       146.40986      0.29136562      0.14276916      0.70856065      0.24569493        0.247026         2.51606       7.6612232      0.43923034       8.5830933        8.5830933      0.43923034         0.43923034
              1       8.7916585        102.6723      0.12012429      -1.0709942      -1.4283401    2.100583e-09       146.67471      0.29136562      0.14276916      0.70856065      0.24569493        0.247026         2.51606       7.6612232      0.41713038       8.5830933        8.5830933      0.41713038         0.41713038
              1       9.0665823       102.80361      0.12012429      -1.0709942      -1.4283401    2.100583e-09        146.8623      0.29136562      0.14276916      0.70856065      0.24569493        0.247026         2.51606       7.6612232      0.96697797       8.5830933        8.5830933      0.96697797         0.96697797
              2       9.1896883       104.13705      0.11754464      -1.1462945      -1.3573388    2.100583e-09       148.76722      0.28610103       0.1401895      0.71382524      0.24569493        0.247026         2.51606       7.6070561         1.21319       8.5830933        8.5830933         1.21319            1.21319
              2       9.3465181       107.68461      0.10620301      -1.4264768     -0.29009835    2.100583e-09       153.83516      0.26295485      0.12884788      0.73697142      0.24569493        0.247026         2.51606       7.3842602       1.5268496       8.5830933        8.5830933       1.5268496          1.5268496
              3       8.8063682       98.375999      0.13289669     -0.79681816      -2.1731627    2.100583e-09       140.53714      0.31743175      0.15554156      0.68249452      0.24569493        0.247026         2.51606       7.9037186      0.44654973       8.5830933        8.5830933      0.44654973         0.44654973
              4       9.6354865        98.03614       0.1318331     -0.79854237       -1.914416    2.100583e-09       140.05163      0.31526115      0.15447797      0.68466512      0.24569493        0.247026         2.51606       7.8906145       2.1047864       8.5830933        8.5830933       2.1047864          2.1047864
              1       9.5085825       98.153074      0.13184941     -0.81006073      -1.8983524    2.100583e-09       140.21868      0.31529445      0.15449428      0.68463183      0.24569493        0.247026         2.51606       7.8901708       1.8509785       8.5830933        8.5830933       1.8509785          1.8509785
              2       9.4650595       98.039586      0.13184941     -0.81006073      -1.8983524    2.100583e-09       140.05655      0.31529445      0.15449428      0.68463183      0.24569493        0.247026         2.51606       7.8901708       1.7639325       8.5830933        8.5830933       1.7639325          1.7639325
              2       9.9212605        103.8633      0.11601372      -1.3161014      -0.2774093    2.100583e-09       148.37615      0.28297671      0.13865859      0.71694956      0.24569493        0.247026         2.51606       7.5902967       2.6763343       8.5830933        8.5830933       2.6763343          2.6763343
              1       9.8970037       103.86447      0.11591739      -1.3155028     -0.27344651    2.100583e-09       148.37781      0.28278012      0.13856226      0.71714615      0.24569493        0.247026         2.51606       7.5886745       2.6278208       8.5830933        8.5830933       2.6278208          2.6278208
              1       9.3047558       103.85194      0.11700677      -1.2402673     -0.82806446    2.100583e-09       148.35992      0.28500333      0.13965163      0.71492294      0.24569493        0.247026         2.51606       7.6006149       1.4433251       8.5830933        8.5830933       1.4433251          1.4433251
              1       9.3898508       102.25982       0.1227896      -1.1103131      -1.3923179    2.100583e-09       146.08545      0.29680504      0.14543447      0.70312123      0.24569493        0.247026         2.51606       7.7086283        1.613515       8.5830933        8.5830933        1.613515           1.613515
              2       10.298297       102.04288       0.1227896      -1.1103131      -1.3923179    2.100583e-09       145.77554      0.29680504      0.14543447      0.70312123      0.24569493        0.247026         2.51606       7.7086283       3.4304067       8.5830933        8.5830933       3.4304067          3.4304067
              1       9.5503382       102.20711       0.1227896      -1.1103131      -1.3923179    2.100583e-09       146.01015      0.29680504      0.14543447      0.70312123      0.24569493        0.247026         2.51606       7.7086283       1.9344898       8.5830933        8.5830933       1.9344898          1.9344898
              1       9.6099136       104.39479      0.11315459      -1.2686857     -0.59829994    2.100583e-09       149.13542      0.27714174      0.13579945      0.72278453      0.24569493        0.247026         2.51606       7.5298501       2.0536406       8.5830933        8.5830933       2.0536406          2.0536406
              1       9.5325186       105.00813      0.11315459      -1.2686857     -0.59829994    2.100583e-09       150.01161      0.27714174      0.13579945      0.72278453      0.24569493        0.247026         2.51606       7.5298501       1.8988507       8.5830933        8.5830933       1.8988507          1.8988507
              1       9.1456904        104.5395      0.11315459      -1.2686857     -0.59829994    2.100583e-09       149.34214      0.27714174      0.13579945      0.72278453      0.24569493        0.247026         2.51606       7.5298501       1.1251942       8.5830933        8.5830933       1.1251942          1.1251942
              1       10.746972       101.38686      0.11878168     -0.99587658      -1.3147432    2.100583e-09       144.83837       0.2886256      0.14142655      0.71130067      0.24569493        0.247026         2.51606       7.6463991       4.3277567       8.5830933        8.5830933       4.3277567          4.3277567
              5        10.97105       101.80633      0.11878168     -0.99587658      -1.3147432    2.100583e-09       145.43761       0.2886256      0.14142655      0.71130067      0.24569493        0.247026         2.51606       7.6463991       4.7759139       8.5830933        8.5830933       4.7759139          4.7759139
              1       11.022676       101.82092      0.11878168     -0.99587658      -1.3147432    2.100583e-09       145.45846       0.2886256      0.14142655      0.71130067      0.24569493        0.247026         2.51606       7.6463991       4.8791653       8.5830933        8.5830933       4.8791653          4.8791653
              2       11.480427       101.19221      0.11878168     -0.99587658      -1.3147432    2.100583e-09       144.56029       0.2886256      0.14142655      0.71130067      0.24569493        0.247026         2.51606       7.6463991        5.794668       8.5830933        8.5830933        5.794668           5.794668
              2       11.745474       98.363941      0.13518339     -0.86145127      -2.2410958    2.100583e-09       140.51992      0.32209849      0.15782826      0.67782778      0.24569493        0.247026         2.51606        7.937808       6.3247623       8.5830933        8.5830933       6.3247623          6.3247623
              1       9.8484988       98.796873      0.13518339     -0.86145127      -2.2410958    2.100583e-09       141.13839      0.32209849      0.15782826      0.67782778      0.24569493        0.247026         2.51606        7.937808       2.5308111       8.5830933        8.5830933       2.5308111          2.5308111
              2       9.5250252        107.1091      0.10838953      -1.3616079     -0.66352783    2.100583e-09       153.01301      0.26741713       0.1310344      0.73250914      0.24569493        0.247026         2.51606       7.4244888       1.8838638       8.5830933        8.5830933       1.8838638          1.8838638
              2       9.8690422       104.13091      0.11632862      -1.0673636       -1.785674    2.100583e-09       148.75845      0.28361936      0.13897349      0.71630691      0.24569493        0.247026         2.51606        7.581611       2.5718979       8.5830933        8.5830933       2.5718979          2.5718979
              1       10.356105       104.41954      0.11632862      -1.0673636       -1.785674    2.100583e-09       149.17077      0.28361936      0.13897349      0.71630691      0.24569493        0.247026         2.51606        7.581611       3.5460243       8.5830933        8.5830933       3.5460243          3.5460243
              6       12.297781       107.22973      0.11206617      -1.1869167      -1.9725759    2.100583e-09       153.18533      0.27492048      0.13471103      0.72500579      0.24569493        0.247026         2.51606       7.4866678       7.4293761       8.5830933        8.5830933       7.4293761          7.4293761
              1       11.530246       104.06343      0.12131449     -0.98372589      -2.6653066    2.100583e-09       148.66205       0.2937946      0.14395935      0.70613167      0.24569493        0.247026         2.51606       7.6688415       5.8943055       8.5830933        8.5830933       5.8943055          5.8943055
              1       10.184662       100.02717      0.12459815     -0.92360509      -1.4687714    2.100583e-09       142.89596      0.30049596      0.14724302      0.69943031      0.24569493        0.247026         2.51606       7.7584072       3.2031367       8.5830933        8.5830933       3.2031367          3.2031367
              1       9.9222318       99.862069      0.12459815     -0.92360509      -1.4687714    2.100583e-09        142.6601      0.30049596      0.14724302      0.69943031      0.24569493        0.247026         2.51606       7.7584072        2.678277       8.5830933        8.5830933        2.678277           2.678277
              1       10.135768       100.00863      0.12459815     -0.92360509      -1.4687714    2.100583e-09       142.86947      0.30049596      0.14724302      0.69943031      0.24569493        0.247026         2.51606       7.7584072        3.105349       8.5830933        8.5830933        3.105349           3.105349
              1       13.292005        103.8991      0.11444482      -1.1661743     -0.67460419    2.100583e-09       148.42729      0.27977486      0.13708968      0.72015141      0.24569493        0.247026         2.51606       7.5645034       9.4178237       8.5830933        8.5830933       9.4178237          9.4178237
              3       11.496442       102.90623      0.11378777      -1.1730533     -0.39467855    2.100583e-09       147.00889      0.27843395      0.13643263      0.72149232      0.24569493        0.247026         2.51606       7.5627365       5.8266966       8.5830933        8.5830933       5.8266966          5.8266966
              1       10.854149       102.22811      0.11634626      -1.0909615      -0.8077025    2.100583e-09       146.04016      0.28365536      0.13899112      0.71627092      0.24569493        0.247026         2.51606       7.6057189       4.5421105       8.5830933        8.5830933       4.5421105          4.5421105
              4       11.521067       101.69225      0.11634626      -1.0909615      -0.8077025    2.100583e-09       145.27465      0.28365536      0.13899112      0.71627092      0.24569493        0.247026         2.51606       7.6057189       5.8759477       8.5830933        8.5830933       5.8759477          5.8759477
              1       12.789982       100.81328      0.12911864      -1.0543578      -1.7738675    2.100583e-09       144.01897      0.30972144       0.1517635      0.69020484      0.24569493        0.247026         2.51606       7.8225277       8.4137773       8.5830933        8.5830933       8.4137773          8.4137773
              3       12.442673       103.52473       0.1211312      -1.2703326      -1.0026876    2.100583e-09       147.89248      0.29342055      0.14377607      0.70650572      0.24569493        0.247026         2.51606       7.6722252       7.7191585       8.5830933        8.5830933       7.7191585          7.7191585
              1       11.549488       103.76905       0.1211312      -1.2703326      -1.0026876    2.100583e-09        148.2415      0.29342055      0.14377607      0.70650572      0.24569493        0.247026         2.51606       7.6722252       5.9327888       8.5830933        8.5830933       5.9327888          5.9327888
              1       10.441757       99.165392      0.13107443     -0.85749029      -2.2781084    2.100583e-09       141.66485      0.31371285       0.1537193      0.68621342      0.24569493        0.247026         2.51606       7.8639209       3.7173276       8.5830933        8.5830933       3.7173276          3.7173276
              2       8.7537745        99.58025      0.13107443     -0.85749029      -2.2781084    2.100583e-09        142.2575      0.31371285       0.1537193      0.68621342      0.24569493        0.247026         2.51606       7.8639209      0.34136247       8.5830933        8.5830933      0.34136247         0.34136247
              1       10.238468       100.22197      0.13198067     -0.94675543      -2.1066835    2.100583e-09       143.17424      0.31556231      0.15462553      0.68436396      0.24569493        0.247026         2.51606       7.8765451       3.3107499       8.5830933        8.5830933       3.3107499          3.3107499
              1       10.236298       100.21811      0.13198067     -0.94675543      -2.1066835    2.100583e-09       143.16872      0.31556231      0.15462553      0.68436396      0.24569493        0.247026         2.51606       7.8765451       3.3064092       8.5830933        8.5830933       3.3064092          3.3064092
              2       10.752552       100.45264      0.13198067     -0.94675543      -2.1066835    2.100583e-09       143.50377      0.31556231      0.15462553      0.68436396      0.24569493        0.247026         2.51606       7.8765451       4.3389165       8.5830933        8.5830933       4.3389165          4.3389165
              2       10.948913        99.86406      0.13198067     -0.94675543      -2.1066835    2.100583e-09       142.66294      0.31556231      0.15462553      0.68436396      0.24569493        0.247026         2.51606       7.8765451       4.7316395       8.5830933        8.5830933       4.7316395          4.7316395
              1       11.222397       99.230403      0.13429823     -0.85037036      -2.6062566    2.100583e-09       141.75772      0.32029204       0.1569431      0.67963424      0.24569493        0.247026         2.51606       7.9168509       5.2786072       8.5830933        8.5830933       5.2786072          5.2786072
              1       10.856759       99.300839      0.13429823     -0.85037036      -2.6062566    2.100583e-09       141.85834      0.32029204       0.1569431      0.67963424      0.24569493        0.247026         2.51606       7.9168509       4.5473321       8.5830933        8.5830933       4.5473321          4.5473321
              1       11.091289       98.844166        0.135606     -0.82019081      -2.6950818    2.100583e-09       141.20595      0.32296096      0.15825087      0.67696532      0.24569493        0.247026         2.51606       7.9408263       5.0163916       8.5830933        8.5830933       5.0163916          5.0163916
              4       10.613592       99.478608        0.135606     -0.82019081      -2.6950818    2.100583e-09        142.1123      0.32296096      0.15825087      0.67696532      0.24569493        0.247026         2.51606       7.9408263       4.0609971       8.5830933        8.5830933       4.0609971          4.0609971
              4       10.195256       99.327992        0.135606     -0.82019081      -2.6950818    2.100583e-09       141.89713      0.32296096      0.15825087      0.67696532      0.24569493        0.247026         2.51606       7.9408263       3.2243249       8.5830933        8.5830933       3.2243249          3.2243249
              5       10.256906        99.11889      0.13532445      -0.8215486      -2.7003509    2.100583e-09       141.59841      0.32238636      0.15796932      0.67753991      0.24569493        0.247026         2.51606        7.935655       3.3476256       8.5830933        8.5830933       3.3476256          3.3476256
              4       11.148841       99.678474      0.13532445      -0.8215486      -2.7003509    2.100583e-09       142.39782      0.32238636      0.15796932      0.67753991      0.24569493        0.247026         2.51606        7.935655       5.1314953       8.5830933        8.5830933       5.1314953          5.1314953
              1       10.052198       99.313974      0.13532445      -0.8215486      -2.7003509    2.100583e-09       141.87711      0.32238636      0.15796932      0.67753991      0.24569493        0.247026         2.51606        7.935655       2.9382096       8.5830933        8.5830933       2.9382096          2.9382096
              1        9.967769       96.144782      0.14070162     -0.63990451      -2.8248468    2.100583e-09       137.34969      0.33336017      0.16334648       0.6665661      0.24569493        0.247026         2.51606       8.0410977       2.7693514       8.5830933        8.5830933       2.7693514          2.7693514
              3       8.9263084       96.616906      0.14070162     -0.63990451      -2.8248468    2.100583e-09       138.02415      0.33336017      0.16334648       0.6665661      0.24569493        0.247026         2.51606       8.0410977      0.68643029       8.5830933        8.5830933      0.68643029         0.68643029
              5       8.8636017       96.549738      0.14070162     -0.63990451      -2.8248468    2.100583e-09        137.9282      0.33336017      0.16334648       0.6665661      0.24569493        0.247026         2.51606       8.0410977       0.5610169       8.5830933        8.5830933       0.5610169          0.5610169
              1       9.0265628       96.375021      0.14070162     -0.63990451      -2.8248468    2.100583e-09        137.6786      0.33336017      0.16334648       0.6665661      0.24569493        0.247026         2.51606       8.0410977      0.88693905       8.5830933        8.5830933      0.88693905         0.88693905
              2       9.5382848       96.226549      0.14070162     -0.63990451      -2.8248468    2.100583e-09        137.4665      0.33336017      0.16334648       0.6665661      0.24569493        0.247026         2.51606       8.0410977       1.9103831       8.5830933        8.5830933       1.9103831          1.9103831
              3       9.9892527       96.542912      0.14134382     -0.69596148      -2.6838733    2.100583e-09       137.91845      0.33467078      0.16398868      0.66525549      0.24569493        0.247026         2.51606       8.0504234       2.8123188       8.5830933        8.5830933       2.8123188          2.8123188
              1       11.845286       100.41196      0.13347698     -0.94623081      -2.2444568    2.100583e-09       143.44566      0.31861602      0.15612185      0.68131025      0.24569493        0.247026         2.51606       7.9012004       6.5243847       8.5830933        8.5830933       6.5243847          6.5243847
              1        11.76673       100.38922      0.13347698     -0.94623081      -2.2444568    2.100583e-09       143.41317      0.31861602      0.15612185      0.68131025      0.24569493        0.247026         2.51606       7.9012004       6.3672733       8.5830933        8.5830933       6.3672733          6.3672733
              8       10.803932       106.72454      0.11265003      -1.2249036      -1.6321184    2.100583e-09       152.46363      0.27611204       0.1352949      0.72381423      0.24569493        0.247026         2.51606       7.5008068       4.4416776       8.5830933        8.5830933       4.4416776          4.4416776
              1       9.3798101       107.19974      0.10889242      -1.4263189      -0.2937762    2.100583e-09       153.14249      0.26844345      0.13153729      0.73148282      0.24569493        0.247026         2.51606       7.4380337       1.5934335       8.5830933        8.5830933       1.5934335          1.5934335
              1       10.206885       107.46868      0.10889242      -1.4263189      -0.2937762    2.100583e-09       153.52668      0.26844345      0.13153729      0.73148282      0.24569493        0.247026         2.51606       7.4380337       3.2475836       8.5830933        8.5830933       3.2475836          3.2475836
              1       10.011294       107.42486      0.10889242      -1.4263189      -0.2937762    2.100583e-09       153.46409      0.26844345      0.13153729      0.73148282      0.24569493        0.247026         2.51606       7.4380337        2.856401       8.5830933        8.5830933        2.856401           2.856401
              4       9.5856656       109.36273      0.10260739      -1.5422873     0.073487008    2.100583e-09       156.23247      0.25561684      0.12525225      0.74430943      0.24569493        0.247026         2.51606       7.3097357       2.0051446       8.5830933        8.5830933       2.0051446          2.0051446
              1       9.6572958       109.44529      0.10260739      -1.5422873     0.073487008    2.100583e-09       156.35041      0.25561684      0.12525225      0.74430943      0.24569493        0.247026         2.51606       7.3097357        2.148405       8.5830933        8.5830933        2.148405           2.148405
              1       9.9162782        109.0956      0.10260739      -1.5422873     0.073487008    2.100583e-09       155.85086      0.25561684      0.12525225      0.74430943      0.24569493        0.247026         2.51606       7.3097357       2.6663699       8.5830933        8.5830933       2.6663699          2.6663699
              1       9.4793531       108.49513      0.10363988      -1.5513423      0.31385708    2.100583e-09       154.99305      0.25772397      0.12628475       0.7422023      0.24569493        0.247026         2.51606       7.3388338       1.7925197       8.5830933        8.5830933       1.7925197          1.7925197
              4       11.000451       109.51334     0.095640588       -1.598088      0.82973792    2.100583e-09       156.44763      0.24139889      0.11828545      0.75852738      0.24569493        0.247026         2.51606       7.1964894       4.8347152       8.5830933        8.5830933       4.8347152          4.8347152
              4       10.443707       105.21833      0.11361329      -1.1265295      -1.7062507    2.100583e-09        150.3119      0.27807787      0.13625816       0.7218484      0.24569493        0.247026         2.51606       7.5257165       3.7212275       8.5830933        8.5830933       3.7212275          3.7212275
              1       10.717242        106.3482       0.1107329      -1.2113902      -1.4552802    2.100583e-09         151.926      0.27219953      0.13337777      0.72772675      0.24569493        0.247026         2.51606       7.4670383       4.2682968       8.5830933        8.5830933       4.2682968          4.2682968
              3       10.752344       107.71075      0.10308636      -1.4714518      0.37730838    2.100583e-09       153.87249      0.25659434      0.12573123      0.74333193      0.24569493        0.247026         2.51606       7.3433869       4.3385008       8.5830933        8.5830933       4.3385008          4.3385008
              2       11.062449       107.76989      0.10308636      -1.4714518      0.37730838    2.100583e-09       153.95698      0.25659434      0.12573123      0.74333193      0.24569493        0.247026         2.51606       7.3433869       4.9587113       8.5830933        8.5830933       4.9587113          4.9587113
              2       11.032838        104.8583      0.11394165      -1.2161283     -0.79217172    2.100583e-09       149.79757      0.27874799      0.13658651      0.72117828      0.24569493        0.247026         2.51606       7.5450468       4.8994886       8.5830933        8.5830933       4.8994886          4.8994886
              1       11.075161       102.45231       0.1211006       -1.043392      -1.3673692    2.100583e-09       146.36044       0.2933581      0.14374547      0.70656817      0.24569493        0.247026         2.51606       7.6836979       4.9841353       8.5830933        8.5830933       4.9841353          4.9841353
              1        8.868036       101.81466       0.1211006       -1.043392      -1.3673692    2.100583e-09       145.44952       0.2933581      0.14374547      0.70656817      0.24569493        0.247026         2.51606       7.6836979      0.56988544       8.5830933        8.5830933      0.56988544         0.56988544
              2       9.8402864       102.26257       0.1211006       -1.043392      -1.3673692    2.100583e-09       146.08938       0.2933581      0.14374547      0.70656817      0.24569493        0.247026         2.51606       7.6836979       2.5143862       8.5830933        8.5830933       2.5143862          2.5143862
              2       11.659164       102.52305       0.1211006       -1.043392      -1.3673692    2.100583e-09        146.4615       0.2933581      0.14374547      0.70656817      0.24569493        0.247026         2.51606       7.6836979       6.1521414       8.5830933        8.5830933       6.1521414          6.1521414
              3       10.171158       101.44547      0.12138338      -1.0491046      -1.3644944    2.100583e-09        144.9221       0.2939352      0.14402825      0.70599107      0.24569493        0.247026         2.51606       7.6885206        3.176129       8.5830933        8.5830933        3.176129           3.176129
              1       8.9601785        101.7291      0.12138338      -1.0491046      -1.3644944    2.100583e-09       145.32728       0.2939352      0.14402825      0.70599107      0.24569493        0.247026         2.51606       7.6885206      0.75417045       8.5830933        8.5830933      0.75417045         0.75417045
              1       9.3322908       101.31664      0.12257756     -0.96406313      -1.7983061    2.100583e-09       144.73805       0.2963723      0.14522243      0.70355397      0.24569493        0.247026         2.51606       7.7086355       1.4983949       8.5830933        8.5830933       1.4983949          1.4983949
              1       9.0322607       101.67791      0.12257756     -0.96406313      -1.7983061    2.100583e-09       145.25416       0.2963723      0.14522243      0.70355397      0.24569493        0.247026         2.51606       7.7086355      0.89833479       8.5830933        8.5830933      0.89833479         0.89833479
              3       9.0833003        103.1404      0.11993395      -1.0508387        -1.70871    2.100583e-09       147.34343      0.29097717      0.14257881       0.7089491      0.24569493        0.247026         2.51606       7.6533578       1.0004139       8.5830933        8.5830933       1.0004139          1.0004139
              1       9.4306683       102.72975      0.11993395      -1.0508387        -1.70871    2.100583e-09       146.75678      0.29097717      0.14257881       0.7089491      0.24569493        0.247026         2.51606       7.6533578         1.69515       8.5830933        8.5830933         1.69515            1.69515
              1       9.8360715       102.63543      0.11993395      -1.0508387        -1.70871    2.100583e-09       146.62204      0.29097717      0.14257881       0.7089491      0.24569493        0.247026         2.51606       7.6533578       2.5059565       8.5830933        8.5830933       2.5059565          2.5059565
              3       11.522219       107.63259      0.10786111      -1.4674201     -0.40514894    2.100583e-09       153.76084      0.26633872      0.13050597      0.73358755      0.24569493        0.247026         2.51606       7.4103562        5.878252       8.5830933        8.5830933        5.878252           5.878252
              1       10.948746        108.5532      0.10786111      -1.4674201     -0.40514894    2.100583e-09       155.07599      0.26633872      0.13050597      0.73358755      0.24569493        0.247026         2.51606       7.4103562       4.7313048       8.5830933        8.5830933       4.7313048          4.7313048
              1       10.204438       105.35498      0.11607758      -1.1749263      -1.7267507    2.100583e-09       150.50712      0.28310704      0.13872245      0.71681923      0.24569493        0.247026         2.51606       7.5696992       3.2426893       8.5830933        8.5830933       3.2426893          3.2426893
              2       10.240276       105.30639      0.11607758      -1.1749263      -1.7267507    2.100583e-09       150.43771      0.28310704      0.13872245      0.71681923      0.24569493        0.247026         2.51606       7.5696992       3.3143659       8.5830933        8.5830933       3.3143659          3.3143659
              3       10.101945       103.71191      0.12131212      -1.1744558      -1.4553049    2.100583e-09       148.15987      0.29378976      0.14395698      0.70613651      0.24569493        0.247026         2.51606       7.6744423       3.0377024       8.5830933        8.5830933       3.0377024          3.0377024
              3       10.093253       103.68806      0.12131212      -1.1744558      -1.4553049    2.100583e-09        148.1258      0.29378976      0.14395698      0.70613651      0.24569493        0.247026         2.51606       7.6744423         3.02032       8.5830933        8.5830933         3.02032            3.02032
              1       9.1671524       100.30045      0.12937968     -0.90948586      -2.2224884    2.100583e-09       143.28636      0.31025418      0.15202455      0.68967209      0.24569493        0.247026         2.51606       7.8302373       1.1681181       8.5830933        8.5830933       1.1681181          1.1681181
              3       8.8212188       101.37807      0.12467671      -1.0272324      -1.5881137    2.100583e-09       144.82582      0.30065629      0.14732158      0.69926999      0.24569493        0.247026         2.51606        7.746713      0.47625107       8.5830933        8.5830933      0.47625107         0.47625107
              6        8.761841       101.46384      0.12467671      -1.0272324      -1.5881137    2.100583e-09       144.94834      0.30065629      0.14732158      0.69926999      0.24569493        0.247026         2.51606        7.746713      0.35749534       8.5830933        8.5830933      0.35749534         0.35749534
              1        9.037256       101.18552      0.12516073      -1.0496673      -1.3659364    2.100583e-09       144.55074      0.30164408       0.1478056      0.69828219      0.24569493        0.247026         2.51606       7.7587133      0.90832533       8.5830933        8.5830933      0.90832533         0.90832533
              1       10.054306       104.95323       0.1151596      -1.3021895     -0.54824774    2.100583e-09       149.93319       0.2812336      0.13780447      0.71869267      0.24569493        0.247026         2.51606       7.5665399       2.9424259       8.5830933        8.5830933       2.9424259          2.9424259
              2       9.0604891       101.84503      0.12271639      -1.0677678      -1.2744518    2.100583e-09        145.4929      0.29665563      0.14536126      0.70327064      0.24569493        0.247026         2.51606       7.7139045      0.95479157       8.5830933        8.5830933      0.95479157         0.95479157
              5       9.2541337       99.923534      0.12899838     -0.96311313      -1.5799427    2.100583e-09       142.74791      0.30947601      0.15164325      0.69045026      0.24569493        0.247026         2.51606       7.8319147       1.3420808       8.5830933        8.5830933       1.3420808          1.3420808
              1       9.7446606       97.647119      0.13526969     -0.82926515      -1.8999368    2.100583e-09       139.49588       0.3222746      0.15791455      0.67765167      0.24569493        0.247026         2.51606       7.9490741       2.3231347       8.5830933        8.5830933       2.3231347          2.3231347
              2       9.7019825       97.792279      0.13526969     -0.82926515      -1.8999368    2.100583e-09       139.70326       0.3222746      0.15791455      0.67765167      0.24569493        0.247026         2.51606       7.9490741       2.2377783       8.5830933        8.5830933       2.2377783          2.2377783
              1       9.8254428       97.600694      0.13526969     -0.82926515      -1.8999368    2.100583e-09       139.42956       0.3222746      0.15791455      0.67765167      0.24569493        0.247026         2.51606       7.9490741       2.4846991       8.5830933        8.5830933       2.4846991          2.4846991
              1       11.957588       97.192041      0.13526969     -0.82926515      -1.8999368    2.100583e-09       138.84577       0.3222746      0.15791455      0.67765167      0.24569493        0.247026         2.51606       7.9490741       6.7489901       8.5830933        8.5830933       6.7489901          6.7489901
              1       10.589216       97.392862      0.13526969     -0.82926515      -1.8999368    2.100583e-09       139.13266       0.3222746      0.15791455      0.67765167      0.24569493        0.247026         2.51606       7.9490741       4.0122448       8.5830933        8.5830933       4.0122448          4.0122448
              1       11.726382       97.220414      0.13526969     -0.82926515      -1.8999368    2.100583e-09       138.88631       0.3222746      0.15791455      0.67765167      0.24569493        0.247026         2.51606       7.9490741       6.2865775       8.5830933        8.5830933       6.2865775          6.2865775
              1       11.432901       97.482868      0.13450531     -0.84607157      -1.8510547    2.100583e-09       139.26124      0.32071464      0.15715018      0.67921163      0.24569493        0.247026         2.51606       7.9351413       5.6996145       8.5830933        8.5830933       5.6996145          5.6996145
              2       12.529907       109.31575     0.099186391      -1.7021199       1.0271926    2.100583e-09       156.16536      0.24863522      0.12183126      0.75129105      0.24569493        0.247026         2.51606       7.2630024       7.8936275       8.5830933        8.5830933       7.8936275          7.8936275
              4       10.346531       110.09996     0.099186391      -1.7021199       1.0271926    2.100583e-09       157.28566      0.24863522      0.12183126      0.75129105      0.24569493        0.247026         2.51606       7.2630024       3.5268759       8.5830933        8.5830933       3.5268759          3.5268759
              1        10.59295       110.42909     0.097969509      -1.7389198       1.2069206    2.100583e-09       157.75584      0.24615179      0.12061438      0.75377448      0.24569493        0.247026         2.51606       7.2447927       4.0197141       8.5830933        8.5830933       4.0197141          4.0197141
              3       10.473982       110.27833     0.097969509      -1.7389198       1.2069206    2.100583e-09       157.54047      0.24615179      0.12061438      0.75377448      0.24569493        0.247026         2.51606       7.2447927       3.7817776       8.5830933        8.5830933       3.7817776          3.7817776
              1        10.56276       110.16398     0.097969509      -1.7389198       1.2069206    2.100583e-09       157.37712      0.24615179      0.12061438      0.75377448      0.24569493        0.247026         2.51606       7.2447927       3.9593344       8.5830933        8.5830933       3.9593344          3.9593344
              1       9.2053377       101.31074      0.12232564      -1.0816076      -1.0451903    2.100583e-09       144.72963      0.29585818      0.14497051      0.70406809      0.24569493        0.247026         2.51606       7.7115022       1.2444888       8.5830933        8.5830933       1.2444888          1.2444888
              1       9.3497056        101.5199      0.12232564      -1.0816076      -1.0451903    2.100583e-09       145.02843      0.29585818      0.14497051      0.70406809      0.24569493        0.247026         2.51606       7.7115022       1.5332247       8.5830933        8.5830933       1.5332247          1.5332247
              4       9.2372102       101.45299      0.12232564      -1.0816076      -1.0451903    2.100583e-09       144.93284      0.29585818      0.14497051      0.70406809      0.24569493        0.247026         2.51606       7.7115022       1.3082339       8.5830933        8.5830933       1.3082339          1.3082339
              1       9.2167951       101.29748      0.12232564      -1.0816076      -1.0451903    2.100583e-09       144.71068      0.29585818      0.14497051      0.70406809      0.24569493        0.247026         2.51606       7.7115022       1.2674037       8.5830933        8.5830933       1.2674037          1.2674037
              3        9.415653       101.61888      0.12069046       -1.113704     -0.85414673    2.100583e-09       145.16983      0.29252108      0.14333533      0.70740519      0.24569493        0.247026         2.51606        7.683311       1.6651195       8.5830933        8.5830933       1.6651195          1.6651195
              3       9.3590262       105.15195      0.11433481      -1.2916615     -0.83357458    2.100583e-09       150.21706      0.27955037      0.13697968       0.7203759      0.24569493        0.247026         2.51606       7.5440354       1.5518657       8.5830933        8.5830933       1.5518657          1.5518657
              2       9.4530303       105.11282      0.11433481      -1.2916615     -0.83357458    2.100583e-09       150.16117      0.27955037      0.13697968       0.7203759      0.24569493        0.247026         2.51606       7.5440354        1.739874       8.5830933        8.5830933        1.739874           1.739874
              1       11.954388       108.12259      0.10877705      -1.4076397      -1.0208151    2.100583e-09       154.46085        0.268208      0.13142192      0.73171827      0.24569493        0.247026         2.51606       7.4209787       6.7425893       8.5830933        8.5830933       6.7425893          6.7425893
              1       12.761955       107.97468      0.10877705      -1.4076397      -1.0208151    2.100583e-09       154.24955        0.268208      0.13142192      0.73171827      0.24569493        0.247026         2.51606       7.4209787       8.3577241       8.5830933        8.5830933       8.3577241          8.3577241
              2       12.814401       107.96654      0.10877705      -1.4076397      -1.0208151    2.100583e-09       154.23791        0.268208      0.13142192      0.73171827      0.24569493        0.247026         2.51606       7.4209787       8.4626162       8.5830933        8.5830933       8.4626162          8.4626162
              3       11.142632       108.43373      0.10877705      -1.4076397      -1.0208151    2.100583e-09       154.90533        0.268208      0.13142192      0.73171827      0.24569493        0.247026         2.51606       7.4209787       5.1190776       8.5830933        8.5830933       5.1190776          5.1190776
              4       11.132553       108.45087      0.10877705      -1.4076397      -1.0208151    2.100583e-09       154.92981        0.268208      0.13142192      0.73171827      0.24569493        0.247026         2.51606       7.4209787       5.0989191       8.5830933        8.5830933       5.0989191          5.0989191
              2       11.803258       109.04348      0.10344067      -1.4277164     -0.70471821    2.100583e-09        155.7764      0.25731741      0.12608553      0.74260886      0.24569493        0.247026         2.51606       7.3172429         6.44033       8.5830933        8.5830933         6.44033            6.44033
              1       9.4739606       106.76657      0.10970437      -1.3247613     -0.83539318    2.100583e-09       152.52368      0.27010049      0.13234924      0.72982578      0.24569493        0.247026         2.51606       7.4499822       1.7817346       8.5830933        8.5830933       1.7817346          1.7817346
              1       10.223129       108.75501      0.10360565       -1.492211     -0.19353228    2.100583e-09        155.3643      0.25765411      0.12625051      0.74227216      0.24569493        0.247026         2.51606       7.3273555       3.2800714       8.5830933        8.5830933       3.2800714          3.2800714
              1       9.7345326       109.13277      0.10360565       -1.492211     -0.19353228    2.100583e-09       155.90396      0.25765411      0.12625051      0.74227216      0.24569493        0.247026         2.51606       7.3273555       2.3028787       8.5830933        8.5830933       2.3028787          2.3028787
              1       10.570928       107.99032      0.10746444      -1.3257169       -1.021946    2.100583e-09       154.27188      0.26552921      0.13010931      0.73439707      0.24569493        0.247026         2.51606       7.4010048       3.9756694       8.5830933        8.5830933       3.9756694          3.9756694
              1       12.529522       107.22463      0.10746444      -1.3257169       -1.021946    2.100583e-09       153.17804      0.26552921      0.13010931      0.73439707      0.24569493        0.247026         2.51606       7.4010048       7.8928571       8.5830933        8.5830933       7.8928571          7.8928571
              4       10.376242       107.82756      0.10746444      -1.3257169       -1.021946    2.100583e-09       154.03937      0.26552921      0.13010931      0.73439707      0.24569493        0.247026         2.51606       7.4010048       3.5862966       8.5830933        8.5830933       3.5862966          3.5862966
              1       10.382388       107.77664      0.10746444      -1.3257169       -1.021946    2.100583e-09       153.96662      0.26552921      0.13010931      0.73439707      0.24569493        0.247026         2.51606       7.4010048         3.59859       8.5830933        8.5830933         3.59859            3.59859
              2       10.465091       107.69107      0.10746444      -1.3257169       -1.021946    2.100583e-09       153.84438      0.26552921      0.13010931      0.73439707      0.24569493        0.247026         2.51606       7.4010048       3.7639957       8.5830933        8.5830933       3.7639957          3.7639957
              1       10.377727       107.83392      0.10746444      -1.3257169       -1.021946    2.100583e-09       154.04846      0.26552921      0.13010931      0.73439707      0.24569493        0.247026         2.51606       7.4010048       3.5892669       8.5830933        8.5830933       3.5892669          3.5892669
              1         9.80383       107.10612      0.11023281      -1.3990354     -0.48257435    2.100583e-09       153.00874      0.27117892      0.13287767      0.72874735      0.24569493        0.247026         2.51606       7.4621764       2.4414734       8.5830933        8.5830933       2.4414734          2.4414734
              1       14.763254       107.78438      0.11023281      -1.3990354     -0.48257435    2.100583e-09       153.97768      0.27117892      0.13287767      0.72874735      0.24569493        0.247026         2.51606       7.4621764       12.360322       8.5830933        8.5830933       12.360322          12.360322
              2       11.773514       107.47065      0.11023281      -1.3990354     -0.48257435    2.100583e-09        153.5295      0.27117892      0.13287767      0.72874735      0.24569493        0.247026         2.51606       7.4621764       6.3808406       8.5830933        8.5830933       6.3808406          6.3808406
              2        9.507409       106.72544      0.11023281      -1.3990354     -0.48257435    2.100583e-09       152.46492      0.27117892      0.13287767      0.72874735      0.24569493        0.247026         2.51606       7.4621764       1.8486314       8.5830933        8.5830933       1.8486314          1.8486314
              1       9.4113694       106.88761      0.11023281      -1.3990354     -0.48257435    2.100583e-09       152.69658      0.27117892      0.13287767      0.72874735      0.24569493        0.247026         2.51606       7.4621764       1.6565523       8.5830933        8.5830933       1.6565523          1.6565523
              1       10.940397       107.34988      0.11023281      -1.3990354     -0.48257435    2.100583e-09       153.35698      0.27117892      0.13287767      0.72874735      0.24569493        0.247026         2.51606       7.4621764       4.7146074       8.5830933        8.5830933       4.7146074          4.7146074
              2       9.5653553       107.01382      0.11023281      -1.3990354     -0.48257435    2.100583e-09       152.87688      0.27117892      0.13287767      0.72874735      0.24569493        0.247026         2.51606       7.4621764       1.9645241       8.5830933        8.5830933       1.9645241          1.9645241
              2       9.6909087       106.94495      0.10912165      -1.4482117    -0.054207809    2.100583e-09        152.7785      0.26891127      0.13176652        0.731015      0.24569493        0.247026         2.51606       7.4478509       2.2156308       8.5830933        8.5830933       2.2156308          2.2156308
              2        9.506507       107.04996      0.10829246      -1.3367701       -0.709778    2.100583e-09       152.92852      0.26721903      0.13093733      0.73270724      0.24569493        0.247026         2.51606       7.4237656       1.8468275       8.5830933        8.5830933       1.8468275          1.8468275
              1       10.763062       105.05262      0.11051937      -1.1903213     -0.84912176    2.100583e-09       150.07517      0.27176374      0.13316423      0.72816253      0.24569493        0.247026         2.51606       7.4793201       4.3599376       8.5830933        8.5830933       4.3599376          4.3599376
              1       10.881917       105.09192      0.11051937      -1.1903213     -0.84912176    2.100583e-09       150.13132      0.27176374      0.13316423      0.72816253      0.24569493        0.247026         2.51606       7.4793201       4.5976476       8.5830933        8.5830933       4.5976476          4.5976476
              6       10.494081       104.77507      0.11051937      -1.1903213     -0.84912176    2.100583e-09       149.67866      0.27176374      0.13316423      0.72816253      0.24569493        0.247026         2.51606       7.4793201       3.8219764       8.5830933        8.5830933       3.8219764          3.8219764
