#        weight    minuslogpost           ombh2           omch2       thetastar               w              wa              As             omm          hrdrag        omegamh2        omega_de             YHe             Y_p           DHBBN            zrei       chi2__BAO   minuslogprior minuslogprior__0            chi2 chi2__like_DESI_CMB_all.desi_bao_cmb_all
              1        125.7053     0.022082838      0.12071522     0.010408297      -1.0367207     -0.18304492    2.100583e-09      0.29960711       101.87468      0.14344225      0.70031603      0.24573137      0.24706258       2.5006397       7.7109061       243.67554       3.8675318        3.8675318       243.67554                                243.67554
              1       106.02154     0.021953114      0.12207494      0.01040108      -1.2910792      0.22924508    2.100583e-09      0.27400533       106.82896      0.14467224      0.72592497      0.24567435      0.24700535       2.5248521       7.7561354       204.30802       3.8675318        3.8675318       204.30802                                204.30802
              2       92.159112     0.021927165      0.12315315     0.010400915       -1.281563      0.20020285    2.100583e-09      0.28067086       105.75386      0.14572451      0.71925826      0.24566298      0.24699393       2.5297381       7.7794011       176.58316       3.8675318        3.8675318       176.58316                                176.58316
              1       65.778356     0.021621106      0.12834896     0.010401993      -1.1869833     -0.34864258    2.100583e-09      0.30488875       102.45521      0.15061426      0.69503675      0.24552803       0.2468585       2.5884557       7.9267185       123.82165       3.8675318        3.8675318       123.82165                                123.82165
              7       60.878873      0.02154215      0.12930025     0.010398567      -1.6393387      0.56116178    2.100583e-09      0.26141803       110.84938      0.15148659      0.73851846      0.24549247      0.24682281       2.6039356        7.958794       114.02268       3.8675318        3.8675318       114.02268                                114.02268
              3       60.648186     0.021571327      0.12993848     0.010399635        -1.66275      0.59329108    2.100583e-09      0.26141221       110.94751        0.152154      0.73852456      0.24550566      0.24683604        2.598199        7.961972       113.56131       3.8675318        3.8675318       113.56131                                113.56131
              1       64.118263     0.021812951      0.12970431     0.010397921      -1.7526616      0.78946722    2.100583e-09      0.25029366       113.22745      0.15216145      0.74964581      0.24561293      0.24694371       2.5514144       7.8993126       120.50146       3.8675318        3.8675318       120.50146                                120.50146
              2       63.682074     0.021694651      0.12986852     0.010394754      -1.8751268       1.0606716    2.100583e-09      0.24184103       115.27639      0.15220736       0.7581005      0.24556079      0.24689137       2.5741609       7.9302992       119.62908       3.8675318        3.8675318       119.62908                                119.62908
              1       65.297108     0.021652143      0.13143654     0.010395751      -1.8352104      0.98092816    2.100583e-09      0.25474558       112.61199      0.15373288      0.74519343       0.2455419      0.24687241       2.5824086       7.9668835       122.85915       3.8675318        3.8675318       122.85915                                122.85915
              2       65.303652     0.021665679      0.13139296     0.010395873      -1.8209632      0.95172274    2.100583e-09      0.25578324       112.36933      0.15370283      0.74415551      0.24554792      0.24687846       2.5797779        7.962916       122.87224       3.8675318        3.8675318       122.87224                                122.87224
              3        65.73397     0.021648204      0.13160046     0.010396165      -1.8347734      0.95526051    2.100583e-09      0.25460152       112.67411      0.15389286      0.74533759      0.24554014      0.24687065       2.5831749       7.9699529       123.73288       3.8675318        3.8675318       123.73288                                123.73288
              1       66.737055     0.021699696      0.13173796     0.010397558      -1.9176542       1.1299308    2.100583e-09      0.24649367       114.51119      0.15408185      0.75344746      0.24556302      0.24689362       2.5731847       7.9597857       125.73905       3.8675318        3.8675318       125.73905                                125.73905
              2       65.556595     0.021627558      0.13159035     0.010401732      -1.8139524      0.84428437    2.100583e-09      0.25199616        113.2633       0.1538621      0.74794356      0.24553092       0.2468614       2.5871968       7.9739973       123.37813       3.8675318        3.8675318       123.37813                                123.37813
              4       63.367833     0.021619331      0.13064563     0.010402652        -1.90272        1.089081    2.100583e-09      0.24012544       115.86432      0.15290915      0.75981677      0.24552724       0.2468577       2.5888021       7.9618046        119.0006       3.8675318        3.8675318        119.0006                                 119.0006
              2       63.058672     0.021602407      0.13095415     0.010402861        -1.71526       0.7623263    2.100583e-09      0.26308828        110.7533      0.15320075      0.73684852      0.24551965      0.24685009       2.5921091       7.9731831       118.38228       3.8675318        3.8675318       118.38228                                118.38228
              1        64.25388     0.021455598      0.13152932     0.010401566      -1.6136867      0.48676966    2.100583e-09      0.27586482       108.32242      0.15362911      0.72406909      0.24545317      0.24678337       2.6210659       8.0173362        120.7727       3.8675318        3.8675318        120.7727                                 120.7727
              5       63.516544     0.021348644      0.13139357     0.010400853      -1.6742349      0.64057169    2.100583e-09      0.27096429       109.32488      0.15338641       0.7289707       0.2454046      0.24673462       2.6424707       8.0420963       119.29802       3.8675318        3.8675318       119.29802                                119.29802
              2       63.208675     0.021296357      0.13117646     0.010400486      -1.7043045      0.66614245    2.100583e-09       0.2655227       110.42705      0.15311701      0.73441348      0.24538091      0.24671084       2.6530313       8.0504932       118.68229       3.8675318        3.8675318       118.68229                                118.68229
              6       68.235218     0.021603582      0.13039195     0.010406002      -2.1319392       1.5840466    2.100583e-09      0.21741301       121.72629      0.15263972      0.78253457      0.24552018      0.24685061       2.5918794       7.9623573       128.73537       3.8675318        3.8675318       128.73537                                128.73537
              1       65.706452     0.021343467      0.13189761     0.010402269      -1.9562382       1.1699615    2.100583e-09      0.24297729       115.54132      0.15388527       0.7569646      0.24540225      0.24673226       2.6435136       8.0499567       123.67784       3.8675318        3.8675318       123.67784                                123.67784
              9       64.501206     0.021351379      0.13154864     0.010402224      -2.0077765       1.3111234    2.100583e-09      0.23740858       116.82214      0.15354422      0.76253452      0.24540584      0.24673586         2.64192       8.0429826       121.26735       3.8675318        3.8675318       121.26735                                121.26735
              1        65.96291     0.021268026      0.13211844     0.010400189      -2.0996218       1.5141187    2.100583e-09      0.23388705       117.84339      0.15403066      0.76605707      0.24536808      0.24669796       2.6587799       8.0734742       124.19076       3.8675318        3.8675318       124.19076                                124.19076
              1       60.411893     0.021561995      0.13047404      0.01039733      -2.0537322       1.5089047    2.100583e-09      0.23153919       117.99065      0.15268023        0.768405      0.24550145      0.24683182       2.6000317       7.9754766       113.08872       3.8675318        3.8675318       113.08872                                113.08872
              1       58.480024     0.021590425      0.12903635     0.010400069      -2.0071195       1.5029073    2.100583e-09      0.23082295       117.89418      0.15127097      0.76912089      0.24551426      0.24684468       2.5944544       7.9486218       109.22498       3.8675318        3.8675318       109.22498                                109.22498
              6       59.978873     0.021451365      0.12959858     0.010398254      -1.8659365       1.0952233    2.100583e-09      0.24387843        114.8644      0.15169413      0.75606241      0.24545125      0.24678144       2.6219082       7.9874189       112.22268       3.8675318        3.8675318       112.22268                                112.22268
              2       60.442041     0.021420716       0.1296105      0.01039838      -1.8840017       1.1208211    2.100583e-09      0.24186584       115.35857      0.15167541      0.75807547      0.24543731      0.24676745       2.6280181       7.9948203       113.14902       3.8675318        3.8675318       113.14902                                113.14902
              5       60.293907     0.021369692      0.12906599     0.010400038      -2.1727424       1.8514491    2.100583e-09      0.21779335       121.48914      0.15107987      0.78215359      0.24541414       0.2467442       2.6382375       8.0042515       112.85275       3.8675318        3.8675318       112.85275                                112.85275
              2       60.585019     0.021342665      0.12912076     0.010397548      -2.1349733       1.7641811    2.100583e-09      0.22197398       120.36409      0.15110762      0.77797196      0.24540189       0.2467319       2.6436752        8.010865       113.43497       3.8675318        3.8675318       113.43497                                113.43497
              3       58.972218     0.021348138      0.12932971     0.010399063      -2.0888671       1.6968594    2.100583e-09      0.22792372       118.81897      0.15132204      0.77202085      0.24540437      0.24673439       2.6425726        8.014294       110.20937       3.8675318        3.8675318       110.20937                                110.20937
              5       59.137921     0.021405483      0.12895979     0.010400698      -2.1396399       1.8116782    2.100583e-09      0.22097685       120.57253      0.15100946       0.7789693      0.24543039       0.2467605       2.6310628       7.9949394       110.54078       3.8675318        3.8675318       110.54078                                110.54078
              4       58.797174     0.021268633      0.12905936     0.010400252      -2.0792284       1.7639381    2.100583e-09        0.231553       117.87384      0.15097218      0.76839056      0.24536836      0.24669824       2.6586566       8.0340854       109.85929       3.8675318        3.8675318       109.85929                                109.85929
             10       59.044615     0.021263232      0.12907282     0.010400442      -2.1087845       1.8195049    2.100583e-09      0.22866403       118.62117      0.15098025      0.77128023      0.24536591      0.24669578       2.6597545         8.03561       110.35417       3.8675318        3.8675318       110.35417                                110.35417
              2       60.199006     0.021250502      0.12892067     0.010400331      -2.1166627        1.817111    2.100583e-09       0.2263678       119.19934      0.15081536      0.77357696      0.24536014      0.24668999       2.6623451       8.0353013       112.66295       3.8675318        3.8675318       112.66295                                112.66295
              1       57.285068     0.021392774      0.12854327     0.010400421      -2.0582515        1.726914    2.100583e-09      0.23016712       118.06934      0.15058024      0.76977663      0.24542462      0.24675471       2.6336071       7.9949415       106.83507       3.8675318        3.8675318       106.83507                                106.83507
              5        57.37774     0.021363579       0.1286115      0.01040069      -2.0087428        1.638539    2.100583e-09      0.23585991       116.66302      0.15061928      0.76408246      0.24541137      0.24674141        2.639466       8.0037391       107.02042       3.8675318        3.8675318       107.02042                                107.02042
              8       56.296361     0.021521662      0.12762411      0.01040021      -2.1371397       1.9373731    2.100583e-09      0.22006071       120.50483      0.14978996      0.77988522      0.24548319      0.24681349       2.6079752       7.9517318       104.85766       3.8675318        3.8675318       104.85766                                104.85766
              4       55.768608     0.021566131      0.12773779      0.01039964      -2.0988162       1.8552303    2.100583e-09      0.22374644       119.50911      0.14994811      0.77619865      0.24550331      0.24683369       2.5992191       7.9420761       103.80215       3.8675318        3.8675318       103.80215                                103.80215
              1       55.755592     0.021575643      0.12773497      0.01039982       -2.099293       1.8555607    2.100583e-09      0.22354167       119.55849       0.1499548      0.77640347      0.24550761        0.246838       2.5973519       7.9397162       103.77612       3.8675318        3.8675318       103.77612                                103.77612
              4       56.538845     0.021502327      0.12821276     0.010400017      -2.0763174         1.76913    2.100583e-09      0.22648338       118.90774      0.15035928      0.77346119      0.24547441      0.24680469       2.6117962       7.9629213       105.34263       3.8675318        3.8675318       105.34263                                105.34263
              7       56.233416     0.021481636       0.1287378     0.010398329      -2.0697505       1.7369653    2.100583e-09      0.22960561       118.20523      0.15086363      0.77033838      0.24546501      0.24679525       2.6158947       7.9752653       104.73177       3.8675318        3.8675318       104.73177                                104.73177
              1       55.405636     0.021536863       0.1288225     0.010397932      -2.0070854        1.630615    2.100583e-09       0.2367207       116.40361      0.15100356      0.76322161      0.24549008      0.24682041       2.6049771       7.9638894       103.07621       3.8675318        3.8675318       103.07621                                103.07621
              2       57.628357     0.021417483      0.13016497     0.010398917      -1.9368492       1.4254373    2.100583e-09      0.24832897       113.94766      0.15222665        0.751611      0.24543584      0.24676597       2.6286639       8.0122372       107.52165       3.8675318        3.8675318       107.52165                                107.52165
              3       59.162871     0.021637192      0.13060614     0.010401177       -2.133459       1.8085623    2.100583e-09      0.22902863       118.62148      0.15288753      0.77091624      0.24553523      0.24686572       2.5853188       7.9656815       110.59068       3.8675318        3.8675318       110.59068                                110.59068
              6       57.395761     0.021622258      0.13027521       0.0104012      -2.1469904       1.8752345    2.100583e-09      0.22795597       118.84627      0.15254166      0.77198904      0.24552855      0.24685902       2.5882307       7.9659431       107.05646       3.8675318        3.8675318       107.05646                                107.05646
              4       56.743667     0.021288533      0.12957995     0.010401821      -2.1575117       1.9882745    2.100583e-09      0.22984143       118.39349      0.15151268      0.77010275      0.24537737      0.24670729        2.654617        8.042384       105.75227       3.8675318        3.8675318       105.75227                                105.75227
             19        56.86013     0.021291051       0.1295509     0.010402017      -2.1516564       1.9734891    2.100583e-09      0.22998825       118.34984      0.15148614      0.76995587      0.24537851      0.24670843       2.6541065       8.0410721        105.9852       3.8675318        3.8675318        105.9852                                 105.9852
             14       56.436754     0.021358228      0.12952325     0.010398634      -2.1609895       1.9327469    2.100583e-09      0.22667003       119.17644      0.15152567      0.77327491      0.24540895      0.24673898       2.6405419       8.0197974       105.13844       3.8675318        3.8675318       105.13844                                105.13844
              3       55.522784     0.021561868      0.12692761     0.010403064      -2.0150169       1.7741343    2.100583e-09       0.2309459       117.48114      0.14913367      0.76899711      0.24550139      0.24683176       2.6000566       7.9357449        103.3105       3.8675318        3.8675318        103.3105                                 103.3105
              1       55.599808     0.021583905      0.12645593     0.010404314        -2.03034       1.8446436    2.100583e-09      0.22888325       117.90518      0.14868403       0.7710601      0.24551133      0.24684173       2.5957318       7.9261629       103.46455       3.8675318        3.8675318       103.46455                                103.46455
              1       55.678535     0.021576543      0.12643231     0.010404204      -2.0267799       1.8387083    2.100583e-09      0.22924095       117.81255      0.14865305      0.77070229      0.24550801       0.2468384       2.5971755       7.9275944       103.62201       3.8675318        3.8675318       103.62201                                103.62201
              1       53.885839     0.021602417      0.12685433     0.010403932      -1.9261668       1.6484428    2.100583e-09      0.24153496       114.84467      0.14910094      0.75840542      0.24551965      0.24685009       2.5921072       7.9279907       100.03661       3.8675318        3.8675318       100.03661                                100.03661
              1       53.956364      0.02172702      0.12577306      0.01040032      -1.8935657       1.6335662    2.100583e-09      0.24254652       114.34478      0.14814427      0.75739323      0.24557511      0.24690575       2.5679071       7.8836742       100.17767       3.8675318        3.8675318       100.17767                                100.17767
              9       53.399341     0.021737305      0.12531734     0.010400493      -1.9851925       1.8376389    2.100583e-09      0.23267817       116.64133      0.14769883      0.76726385      0.24557965       0.2469103       2.5659247       7.8769755       99.063618       3.8675318        3.8675318       99.063618                                99.063618
              2       51.969615     0.021657052      0.12648089     0.010398313      -1.9603318       1.7571077    2.100583e-09      0.24021535       115.06062      0.14878213      0.75972523      0.24554408      0.24687461        2.581454       7.9112893       96.204166       3.8675318        3.8675318       96.204166                                96.204166
              6       51.552774        0.021647      0.12647933     0.010398643      -1.9630244       1.7684856    2.100583e-09       0.2402818       115.04849      0.14877052      0.75965876       0.2455396      0.24687011       2.5834091        7.914279       95.370484       3.8675318        3.8675318       95.370484                                95.370484
              7       54.422694     0.021548875      0.12598324     0.010398925      -1.8945412       1.6522247    2.100583e-09      0.24612721        113.6331      0.14817631      0.75381166      0.24549552      0.24682586       2.6026117       7.9309493       101.11033       3.8675318        3.8675318       101.11033                                101.11033
              3       56.734361     0.021478753      0.12581161     0.010400694      -1.8889112        1.633577    2.100583e-09      0.24516626       113.85819      0.14793455      0.75477275       0.2454637      0.24679393       2.6164666       7.9448271       105.73366       3.8675318        3.8675318       105.73366                                105.73366
              1       50.558366     0.021520411      0.12514476     0.010404565      -1.8775492       1.7823941    2.100583e-09      0.25304844       111.88613      0.14730936      0.74688834      0.24548262      0.24681292       2.6082222       7.9422287       93.381669       3.8675318        3.8675318       93.381669                                93.381669
              2       50.234223     0.021529122      0.12500528     0.010404614      -1.8869921        1.809122    2.100583e-09      0.25168688       112.14131       0.1471786      0.74825018      0.24548657      0.24681689       2.6065032       7.9393128       92.733383       3.8675318        3.8675318       92.733383                                92.733383
             10       49.861857     0.021555213      0.12464133     0.010404698       -1.897262       1.8511884    2.100583e-09      0.24941575       112.51735      0.14684074      0.75052174      0.24549838      0.24682874       2.6013648       7.9310329       91.988651       3.8675318        3.8675318       91.988651                                91.988651
              3       51.531174     0.021518146      0.12506443     0.010396958      -1.9014042        1.883231    2.100583e-09      0.25402751       111.50572      0.14722676      0.74590899      0.24548159      0.24681189       2.6086696       7.9493803       95.327285       3.8675318        3.8675318       95.327285                                95.327285
             10       51.533235     0.021521178      0.12502136     0.010397008      -1.9030796       1.8900297    2.100583e-09      0.25345071       111.60234      0.14718673      0.74648592      0.24548297      0.24681327       2.6080708       7.9488518       95.331406       3.8675318        3.8675318       95.331406                                95.331406
              2       53.535791     0.021511896        0.125229     0.010395378      -1.8894749       1.8379072    2.100583e-09      0.25672727       111.04382      0.14738509      0.74320862      0.24547876      0.24680905       2.6099042        7.948506       99.336519       3.8675318        3.8675318       99.336519                                99.336519
              1       51.481427     0.021508859      0.12498684      0.01039748      -1.8952191       1.8664393    2.100583e-09      0.25450407       111.42667      0.14713989      0.74543227      0.24547738      0.24680766       2.6105045       7.9491793       95.227791       3.8675318        3.8675318       95.227791                                95.227791
              7       51.508423     0.021504402      0.12503084     0.010397455      -1.8980451        1.869565    2.100583e-09      0.25428231       111.48554      0.14717943       0.7456541      0.24547536      0.24680563       2.6113859       7.9506877       95.281783       3.8675318        3.8675318       95.281783                                95.281783
              1       52.544448     0.021469059      0.12514127     0.010397157      -1.9030899         1.86764    2.100583e-09      0.25414413       111.57558      0.14725452      0.74579235       0.2454593      0.24678951       2.6183906       7.9591351       97.353832       3.8675318        3.8675318       97.353832                                97.353832
              4       46.323469     0.021680381      0.12488914     0.010400022      -1.8961613       1.8851862    2.100583e-09      0.25205248       111.79671      0.14721371      0.74788451      0.24555446      0.24688502       2.5769252       7.9105413       84.911875       3.8675318        3.8675318       84.911875                                84.911875
              4       48.603386      0.02154699      0.12615169     0.010401594      -1.9873408       1.9052149    2.100583e-09      0.24130706       114.75052      0.14834288      0.75863308      0.24549466      0.24682501       2.6029827       7.9427132       89.471708       3.8675318        3.8675318       89.471708                                89.471708
             11       47.032058     0.021763896      0.12622576     0.010398913      -1.9694104       1.8818956    2.100583e-09      0.24385786       114.06121      0.14863385      0.75608176      0.24559137      0.24692207       2.5608101       7.8922065       86.329052       3.8675318        3.8675318       86.329052                                86.329052
             11       46.785803     0.021649255      0.12642152     0.010401438      -1.9888889       1.9044698    2.100583e-09      0.24175458       114.64702      0.14871497      0.75818559      0.24554061      0.24687112       2.5829703       7.9219203       85.836543       3.8675318        3.8675318       85.836543                                85.836543
             11       47.811658     0.021639437      0.12657869     0.010400537      -1.9759595       1.8560507    2.100583e-09      0.24289868       114.43195      0.14886232      0.75704127      0.24553623      0.24686672       2.5848815       7.9239157       87.888253       3.8675318        3.8675318       87.888253                                87.888253
              8       47.547978      0.02163087      0.12660768     0.010400736       -1.989862       1.8849666    2.100583e-09      0.24170251       114.71747      0.14888274      0.75823775       0.2455324      0.24686288       2.5865509       7.9268768       87.360893       3.8675318        3.8675318       87.360893                                87.360893
              1       47.047069     0.021630976      0.12658059     0.010400582       -2.014578       1.9418846    2.100583e-09      0.23942172       115.23436      0.14885575      0.76051909      0.24553245      0.24686293       2.5865304       7.9278109       86.359075       3.8675318        3.8675318       86.359075                                86.359075
              5        46.67581     0.021632527      0.12612487     0.010400744      -2.0187552       1.9944419    2.100583e-09      0.23813081       115.37537      0.14840159      0.76181013      0.24553314      0.24686363        2.586228       7.9261846       85.616557       3.8675318        3.8675318       85.616557                                85.616557
              4       47.087879     0.021844421       0.1250213     0.010404025      -1.9834555        1.979624    2.100583e-09      0.23598205       115.49335      0.14750991      0.76395907      0.24562673      0.24695756       2.5454141        7.866419       86.440695       3.8675318        3.8675318       86.440695                                86.440695
              3       46.868431     0.021807642      0.12501963     0.010404338      -1.9434677       1.8819224    2.100583e-09      0.24148211       114.34001      0.14747146      0.75845762       0.2456106      0.24694137       2.5524288       7.8696835       86.001799       3.8675318        3.8675318       86.001799                                86.001799
              4       46.549012     0.021719843      0.12623128     0.010404393      -1.9481967       1.8513646    2.100583e-09       0.2454028       113.72892      0.14859532      0.75453643      0.24557194      0.24690256       2.5692916       7.9047364        85.36296       3.8675318        3.8675318        85.36296                                 85.36296
              1       46.447212     0.021739227      0.12605904     0.010404654       -1.940444       1.8466199    2.100583e-09      0.24579569       113.59399      0.14844246      0.75414337       0.2455805      0.24691116       2.5655545       7.8984869       85.159361       3.8675318        3.8675318       85.159361                                85.159361
              3       45.687371     0.021745751      0.12593034     0.010404323      -1.9552619       1.8896171    2.100583e-09      0.24429865       113.88629      0.14832028      0.75564074      0.24558338      0.24691404       2.5642984       7.8969569       83.639678       3.8675318        3.8675318       83.639678                                83.639678
              3       45.749887     0.021643766      0.12610688     0.010402592      -1.9940542       1.9878081    2.100583e-09      0.24140096       114.51091      0.14839484      0.75853917      0.24553816      0.24686866       2.5840386       7.9290996        83.76471       3.8675318        3.8675318        83.76471                                 83.76471
              7       46.167124     0.021625386      0.12716901     0.010401247      -1.9797552       1.9045253    2.100583e-09      0.24784494       113.36834      0.14943859      0.75209403      0.24552995      0.24686042       2.5876205       7.9412871       84.599184       3.8675318        3.8675318       84.599184                                84.599184
              1        45.48431     0.021684855      0.12700672     0.010401598      -1.9462475       1.8748578    2.100583e-09      0.25231694       112.29328      0.14933577      0.74762088      0.24555644      0.24688701       2.5760581       7.9279103       83.233557       3.8675318        3.8675318       83.233557                                83.233557
             30       45.986297     0.021762493      0.12753186     0.010402585      -1.9939235        1.936235    2.100583e-09      0.24699302       113.54446      0.14993855      0.75294636      0.24559075      0.24692145       2.5610795       7.9152426       84.237529       3.8675318        3.8675318       84.237529                                84.237529
             11       45.918845     0.021770159      0.12748033     0.010402668      -1.9930212         1.93551    2.100583e-09      0.24680625       113.57392      0.14989468      0.75313315      0.24559413      0.24692483       2.5596076       7.9127223       84.102625       3.8675318        3.8675318       84.102625                                84.102625
              5       46.536961     0.021758744      0.12766052     0.010402469      -1.9849143       1.9067482    2.100583e-09      0.24819368       113.31745      0.15006345      0.75174545       0.2455891      0.24691979       2.5617999       7.9164981       85.338858       3.8675318        3.8675318       85.338858                                85.338858
              2       47.036945     0.021791336      0.12729199      0.01040322      -1.9220532       1.7931858    2.100583e-09      0.25318312        112.1415      0.14972752      0.74675464      0.24560344      0.24693418       2.5555481       7.9029134       86.338826       3.8675318        3.8675318       86.338826                                86.338826
              9       47.450131     0.021739739      0.12743177     0.010403324      -1.9121909       1.7704722    2.100583e-09      0.25500972       111.79263       0.1498157      0.74492764      0.24558072      0.24691138       2.5654558        7.916952       87.165198       3.8675318        3.8675318       87.165198                                87.165198
              3       48.581068     0.021998048      0.12701433      0.01040721      -1.9663626       1.9484001    2.100583e-09      0.24705711       113.22343      0.14965657      0.75288213      0.24569407      0.24702514       2.5164251       7.8609017       89.427073       3.8675318        3.8675318       89.427073                                89.427073
              4       49.644321     0.022239093      0.12563768      0.01040507       -1.886188       1.8405198    2.100583e-09      0.25230198       111.73088      0.14852097       0.7476355      0.24579949      0.24713094       2.4719337       7.7872464       91.553578       3.8675318        3.8675318       91.553578                                91.553578
              2       49.133532     0.022228808      0.12557003     0.010405393      -1.8920981       1.8594163    2.100583e-09      0.25127025       111.91872      0.14844303      0.74866745      0.24579506       0.2471265       2.4738082       7.7902456          90.532       3.8675318        3.8675318          90.532                                   90.532
             11       46.484834     0.021866909      0.12652044     0.010398757      -1.9948141       1.9583336    2.100583e-09      0.24296546       114.20655      0.14903154      0.75697454      0.24563658      0.24696745       2.5411394       7.8765408       85.234604       3.8675318        3.8675318       85.234604                                85.234604
             17       46.082968     0.021948714      0.12609913     0.010399601      -1.9285381       1.8762485    2.100583e-09      0.25053572       112.36958      0.14869203      0.74940227      0.24567242      0.24700341       2.5256795       7.8549768       84.430873       3.8675318        3.8675318       84.430873                                84.430873
              7       45.825116     0.021904926      0.12646703     0.010399583      -1.9489258       1.9086106    2.100583e-09      0.24969316       112.62716      0.14901614      0.75024518      0.24565323      0.24698416        2.533937       7.8707294       83.915169       3.8675318        3.8675318       83.915169                                83.915169
             21       47.504637      0.02156981      0.12628967     0.010400967      -1.9022374       1.7952206    2.100583e-09      0.25481551       111.69373      0.14850368      0.74512134      0.24550497      0.24683536       2.5984968       7.9438619        87.27421       3.8675318        3.8675318        87.27421                                 87.27421
              2       47.598141     0.021661013      0.12684347     0.010397853      -1.9826288         1.90039    2.100583e-09      0.24614764       113.68901      0.14914868      0.75379162      0.24554585      0.24687638       2.5806843       7.9258043       87.461218       3.8675318        3.8675318       87.461218                                87.461218
              2       48.186571     0.021621829       0.1270886      0.01039778      -1.9668925       1.8667042    2.100583e-09      0.24925459       113.05388      0.14935462      0.75068399      0.24552836      0.24685882       2.5883146       7.9384663       88.638078       3.8675318        3.8675318       88.638078                                88.638078
              3       48.285643     0.021626377      0.12691702     0.010399715      -1.9082815       1.7466649    2.100583e-09      0.25345459       112.10154      0.14918759      0.74648289      0.24553039      0.24686087       2.5874271       7.9336201       88.836223       3.8675318        3.8675318       88.836223                                88.836223
              5       47.156279     0.021640682       0.1268826     0.010398553      -1.9526851       1.8665548    2.100583e-09      0.25100673       112.60055      0.14916748      0.74893134      0.24553678      0.24686728        2.584639       7.9335868       86.577495       3.8675318        3.8675318       86.577495                                86.577495
              4        47.02767     0.021686047      0.12659841     0.010403897      -1.9869926       1.8927806    2.100583e-09      0.24142879       114.74676      0.14892865      0.75851155      0.24555697      0.24688754       2.5758271       7.9154914       86.320277       3.8675318        3.8675318       86.320277                                86.320277
              7       47.531725     0.021802083      0.12491151     0.010404546      -1.9743558       1.9451964    2.100583e-09      0.23695716       115.34564      0.14735779      0.76298366      0.24560816      0.24693892       2.5534917       7.8711604       87.328386       3.8675318        3.8675318       87.328386                                87.328386
              1       48.247806     0.021914669      0.12665292     0.010401008      -1.9069269       1.7495116    2.100583e-09      0.25038155       112.60186      0.14921178       0.7495567       0.2456575      0.24698844       2.5320962       7.8615876       88.760549       3.8675318        3.8675318       88.760549                                88.760549
              1       48.229255     0.021916591      0.12664925     0.010401044      -1.9084063       1.7524571    2.100583e-09      0.25019188       112.64264      0.14921003      0.74974641      0.24565834      0.24698929       2.5317333        7.861109       88.723447       3.8675318        3.8675318       88.723447                                88.723447
              8       47.757736     0.021876222      0.12704732     0.010401767      -1.9151195       1.7663359    2.100583e-09      0.25165705       112.40327      0.14956774      0.74828102      0.24564066      0.24697154       2.5393721       7.8771883       87.780407       3.8675318        3.8675318       87.780407                                87.780407
              9       48.270476     0.021870353      0.12717546     0.010401761      -1.9060223       1.7400114    2.100583e-09      0.25271961       112.19634         0.14969      0.74721826      0.24563809      0.24696896       2.5404855        7.879643       88.805888       3.8675318        3.8675318       88.805888                                88.805888
              6       49.686655     0.021936278       0.1269793     0.010400367      -1.8568907       1.6678876    2.100583e-09      0.25843239       110.88685      0.14955977      0.74150402      0.24566697      0.24699794       2.5280205        7.862487       91.638246       3.8675318        3.8675318       91.638246                                91.638246
              5       49.693454     0.022012932      0.12644738     0.010400631      -1.8478342       1.6758358    2.100583e-09      0.25784713        110.8793      0.14910451      0.74208923      0.24570061      0.24703171       2.5136432       7.8387492       91.651844       3.8675318        3.8675318       91.651844                                91.651844
              5       49.450075     0.022011824      0.12655914     0.010400744       -1.848161       1.6883096    2.100583e-09      0.25923383       110.59998      0.14921516      0.74070224      0.24570012      0.24703122       2.5138502       7.8420164       91.165087       3.8675318        3.8675318       91.165087                                91.165087
              5       49.000727     0.022053159      0.12653893     0.010401288      -1.8636147       1.7436547    2.100583e-09        0.258877       110.63884      0.14923629      0.74105916      0.24571831      0.24704947       2.5061479       7.8352294        90.26639       3.8675318        3.8675318        90.26639                                 90.26639
              9        52.07975     0.021790585      0.12859665       0.0103969      -2.0105409       1.9199629    2.100583e-09      0.24988036       113.10029      0.15103142      0.75005875      0.24560311      0.24693385       2.5556918       7.9190749       96.424436       3.8675318        3.8675318       96.424436                                96.424436
              6       50.844516     0.021780313       0.1284396      0.01039729      -2.0248373       1.9409247    2.100583e-09      0.24703143       113.72349       0.1508641      0.75290831      0.24559859      0.24692932         2.55766       7.9186905       93.953969       3.8675318        3.8675318       93.953969                                93.953969
              3       50.900183     0.021783161      0.12841422     0.010397199      -2.0225934       1.9375241    2.100583e-09      0.24720756       113.67771      0.15084157      0.75273213      0.24559985      0.24693057       2.5571141       7.9176493       94.065301       3.8675318        3.8675318       94.065301                                94.065301
              1        51.74795     0.021856694      0.12766465     0.010400968      -1.7859795       1.5553788    2.100583e-09      0.27175188       108.29305      0.15016553      0.72818152      0.24563211      0.24696296       2.5430798       7.8938924       95.760836       3.8675318        3.8675318       95.760836                                95.760836
              1       48.862169     0.021826614      0.12691848      0.01040049      -1.8048359       1.6382991    2.100583e-09      0.26955295       108.60964      0.14938929      0.73038064      0.24561892      0.24694972       2.5488067       7.8942244       89.989274       3.8675318        3.8675318       89.989274                                89.989274
              3       46.245137     0.021835913      0.12682262     0.010400727      -1.8803537       1.8033567    2.100583e-09      0.26175849       110.14486      0.14930273      0.73817699        0.245623      0.24695381       2.5470342       7.8942544        84.75521       3.8675318        3.8675318        84.75521                                 84.75521
              5       45.884696     0.022049678      0.12487177     0.010401913      -1.9068072       1.8705942    2.100583e-09      0.24723804        112.7976      0.14756564       0.7527003      0.24571678      0.24704793       2.5067951       7.8178385       84.034329       3.8675318        3.8675318       84.034329                                84.034329
             10       45.115055     0.022056467      0.12498637     0.010404397      -1.8939159       1.8655473    2.100583e-09      0.24940046       112.29683      0.14768703      0.75053739      0.24571977      0.24705093       2.5055331       7.8214117       82.495046       3.8675318        3.8675318       82.495046                                82.495046
              1       44.700557     0.021970503      0.12525306     0.010404967      -1.8835221       1.8273215    2.100583e-09      0.25200134        111.8744      0.14786775      0.74793594      0.24568197        0.247013       2.5215859       7.8419931       81.666051       3.8675318        3.8675318       81.666051                                81.666051
              1       44.944277     0.021956887      0.12536499     0.010404783      -1.8717833       1.7974388    2.100583e-09      0.25382424       111.52645      0.14796607      0.74611263        0.245676      0.24700701       2.5241427       7.8453701       82.153491       3.8675318        3.8675318       82.153491                                82.153491
              2       44.624229     0.021951757      0.12535971     0.010404623      -1.8816235       1.8188462    2.100583e-09      0.25277597       111.74282      0.14795566      0.74716115      0.24567375      0.24700475       2.5251072       7.8471326       81.513394       3.8675318        3.8675318       81.513394                                81.513394
             11       44.562741     0.021961761      0.12530616     0.010404576      -1.8777244       1.8170729    2.100583e-09      0.25324546       111.62029      0.14791211      0.74669153      0.24567814      0.24700915       2.5232271       7.8446803       81.390419       3.8675318        3.8675318       81.390419                                81.390419
              3       44.600542     0.021940851      0.12542026     0.010404361      -1.8846942       1.8198674    2.100583e-09      0.25258949       111.80423       0.1480053       0.7473477      0.24566897      0.24699995       2.5271593       7.8499425        81.46602       3.8675318        3.8675318        81.46602                                 81.46602
              6       44.285458     0.021796573       0.1261397     0.010403232       -1.931609       1.8767924    2.100583e-09      0.24989555       112.59754      0.14858046      0.75004255      0.24560574      0.24693649       2.5545457       7.8916268       80.835853       3.8675318        3.8675318       80.835853                                80.835853
              3       44.690827     0.021821505      0.12635514     0.010402141      -1.9347858       1.8674365    2.100583e-09      0.25006172       112.60782      0.14882083      0.74987644      0.24561668      0.24694747       2.5497815       7.8868208       81.646591       3.8675318        3.8675318       81.646591                                81.646591
              3       44.247363     0.021831051      0.12612914     0.010401865      -1.9570104        1.925959    2.100583e-09       0.2465774       113.28784      0.14860439      0.75336154      0.24562087      0.24695168       2.5479608       7.8840805       80.759662       3.8675318        3.8675318       80.759662                                80.759662
              4       44.247548     0.021831056      0.12612907     0.010401865      -1.9569724        1.925871    2.100583e-09      0.24658239        113.2868      0.14860432      0.75335655      0.24562087      0.24695168       2.5479599       7.8840738       80.760032       3.8675318        3.8675318       80.760032                                80.760032
              3       44.225728     0.021838357      0.12605958     0.010401991       -1.957899       1.9310974    2.100583e-09      0.24607051       113.37613      0.14854213      0.75386852      0.24562407      0.24695489       2.5465687       7.8819081       80.716393       3.8675318        3.8675318       80.716393                                80.716393
             21       46.137029     0.021706759      0.12513031     0.010401342      -1.9523791       1.9367939    2.100583e-09      0.24331242       113.86486      0.14748126      0.75662687      0.24556615      0.24689676       2.5718188       7.9011183       84.538995       3.8675318        3.8675318       84.538995                                84.538995
              5       46.013279      0.02168366      0.12526617     0.010401222        -1.93436       1.8917853    2.100583e-09      0.24671077       113.18975      0.14759402      0.75322771      0.24555591      0.24688648       2.5762897       7.9059644       84.291494       3.8675318        3.8675318       84.291494                                84.291494
              5       46.249325     0.021614765      0.12565182     0.010404211      -1.9409213       1.9096917    2.100583e-09      0.24737969         113.114      0.14791078      0.75255876      0.24552519      0.24685565       2.5896936        7.930339       84.763586       3.8675318        3.8675318       84.763586                                84.763586
             16       44.914423     0.021962903      0.12556105     0.010400814      -1.8515694       1.8505729    2.100583e-09      0.26098083       109.78091      0.14816814      0.73895435      0.24567864      0.24700966       2.5230126       7.8620596       82.093783       3.8675318        3.8675318       82.093783                                82.093783
              9       44.587835     0.021942886      0.12577843      0.01040265      -1.8306571        1.794546    2.100583e-09      0.26576477       108.98393      0.14836551      0.73416931      0.24566986      0.24700085       2.5267762       7.8651214       81.440606       3.8675318        3.8675318       81.440606                                81.440606
              3       44.821819     0.021799347      0.12676803     0.010403115      -1.9088613       1.8560747    2.100583e-09      0.25717611       111.09665      0.14921157      0.74276045      0.24560696      0.24693771        2.554015       7.9032222       81.908575       3.8675318        3.8675318       81.908575                                81.908575
              6       44.839772     0.021773168      0.12681333     0.010403026      -1.9138081       1.8609367    2.100583e-09      0.25674315       111.21192      0.14923068      0.74319353      0.24559545      0.24692616       2.5590302        7.909633        81.94448       3.8675318        3.8675318        81.94448                                 81.94448
             12       44.960921     0.021771177      0.12682249     0.010402923      -1.9103961        1.850871    2.100583e-09      0.25712737       111.14228      0.14923785      0.74280923      0.24559457      0.24692528       2.5594122       7.9096071       82.186779       3.8675318        3.8675318       82.186779                                82.186779
             25       44.993121     0.021770498      0.12683003     0.010402913        -1.90983       1.8492211    2.100583e-09       0.2572208       111.12542      0.14924472      0.74271577      0.24559428      0.24692498       2.5595426       7.9097868       82.251178       3.8675318        3.8675318       82.251178                                82.251178
              7       45.198973     0.021811397      0.12675844     0.010403091      -1.8870964       1.8248594    2.100583e-09      0.26042479       110.40656      0.14921403      0.73951098      0.24561225      0.24694302       2.5517114       7.9009848       82.662882       3.8675318        3.8675318       82.662882                                82.662882
              1       44.740144      0.02181244      0.12668334     0.010403195      -1.8973106       1.8522236    2.100583e-09      0.25893887       110.67826      0.14913997      0.74099723      0.24561271      0.24694348       2.5515121       7.9011501       81.745224       3.8675318        3.8675318       81.745224                                81.745224
             13       44.956491     0.021785061       0.1268424     0.010401672      -1.9128225       1.8772243    2.100583e-09      0.25802394       110.89724      0.14927165      0.74191244      0.24560068      0.24693141         2.55675         7.90971       82.177918       3.8675318        3.8675318       82.177918                                82.177918
              5       45.102026      0.02178505      0.12683596     0.010401345      -1.9105915       1.9008755    2.100583e-09      0.25863537       110.67494       0.1492652      0.74130086      0.24560068      0.24693141       2.5567521       7.9145288       82.468989       3.8675318        3.8675318       82.468989                                82.468989
             20       45.149055     0.021775301      0.12689876     0.010401371      -1.9154774       1.9066895    2.100583e-09       0.2581652       110.78987      0.14931826      0.74177117      0.24559639       0.2469271        2.558621       7.9174735       82.563046       3.8675318        3.8675318       82.563046                                82.563046
              6       45.226231     0.021771887      0.12695087     0.010401414      -1.9174243       1.9089667    2.100583e-09      0.25810821       110.81265      0.14936695       0.7418282      0.24559489       0.2469256        2.559276       7.9189517       82.717399       3.8675318        3.8675318       82.717399                                82.717399
             18        45.22192     0.021731932      0.12702555     0.010401372      -1.9326849       1.9304539    2.100583e-09      0.25601678        111.2751      0.14940168      0.74392015      0.24557728      0.24690792         2.56696       7.9292621       82.708776       3.8675318        3.8675318       82.708776                                82.708776
              4       45.306602     0.021784106      0.12714873     0.010401879      -1.9405912       1.9378135    2.100583e-09       0.2548682       111.52988      0.14957702      0.74506909      0.24560026      0.24693099       2.5569329       7.9178495        82.87814       3.8675318        3.8675318        82.87814                                 82.87814
              4       45.708568     0.021751899      0.12674501     0.010401232      -1.8763572       1.8143477    2.100583e-09      0.26322995       109.84001       0.1491411      0.73670509      0.24558609      0.24691676       2.5631156        7.915611       83.682073       3.8675318        3.8675318       83.682073                                83.682073
             12       44.937832     0.021791465      0.12590187     0.010404147      -1.8240657       1.7474862    2.100583e-09      0.26622577       109.06551      0.14833752      0.73370818       0.2456035      0.24693424       2.5555233       7.8970156         82.1406       3.8675318        3.8675318         82.1406                                  82.1406
              6       44.728628     0.021777538      0.12593481     0.010401034       -1.971788       1.9680102    2.100583e-09      0.24376484       113.83611      0.14835654      0.75617469      0.24559737      0.24692809       2.5581919        7.896938       81.722192       3.8675318        3.8675318       81.722192                                81.722192
             14       45.505214       0.0220927      0.12403793     0.010402878      -1.7681033       1.7036242    2.100583e-09      0.26621336       108.56602      0.14677482      0.73371989      0.24573571      0.24706693       2.4988134        7.806032       83.275364       3.8675318        3.8675318       83.275364                                83.275364
              7       45.408395      0.02205782      0.12317188      0.01040311      -1.7457529       1.6992367    2.100583e-09      0.26697378       108.21738       0.1458739      0.73295887      0.24572036      0.24705153       2.5052817       7.8072827       83.081726       3.8675318        3.8675318       83.081726                                83.081726
             19       44.259443     0.021968412      0.12340062     0.010405326      -1.7441501       1.7301139    2.100583e-09      0.26849927       107.84439      0.14601322      0.73143306      0.24568106      0.24701208       2.5219782       7.8401867       80.783822       3.8675318        3.8675318       80.783822                                80.783822
              2       43.973026     0.021969609       0.1238276     0.010406145      -1.7600003       1.7482826    2.100583e-09      0.26739431       108.14068       0.1464414      0.73253849      0.24568158      0.24701261       2.5217535       7.8449469       80.210988       3.8675318        3.8675318       80.210988                                80.210988
              5       43.681537     0.021966929      0.12439656     0.010404368      -1.7777676        1.775677    2.100583e-09      0.26713742        108.2473      0.14700768       0.7327957      0.24568041      0.24701143       2.5222567       7.8539745       79.628009       3.8675318        3.8675318       79.628009                                79.628009
              6       43.716834     0.021964159      0.12439342     0.010404698      -1.7681775       1.7504466    2.100583e-09      0.26941094       107.88166      0.14700177      0.73052161      0.24567919      0.24701021       2.5227767       7.8515439       79.698605       3.8675318        3.8675318       79.698605                                79.698605
              6       44.411731     0.021850612      0.12498895     0.010402762      -1.7938358       1.7279346    2.100583e-09      0.26771158       108.55056      0.14748375      0.73222162      0.24562944      0.24696028       2.5442361       7.8736275       81.088398       3.8675318        3.8675318       81.088398                                81.088398
              3       44.518364     0.021953797      0.12500018     0.010401667      -1.8350378       1.7742661    2.100583e-09      0.26019755       110.05968      0.14759816      0.73973757      0.24567465      0.24700565       2.5247236        7.845669       81.301664       3.8675318        3.8675318       81.301664                                81.301664
              4       44.462068     0.021958425       0.1249881     0.010401649      -1.8374074       1.7805689    2.100583e-09      0.25987634       110.11599      0.14759071      0.74005886      0.24567668      0.24700768       2.5238538       7.8447853       81.189073       3.8675318        3.8675318       81.189073                                81.189073
              4       45.471228     0.021924081       0.1257459      0.01040291      -1.8185003       1.7150684    2.100583e-09      0.26421949       109.41871      0.14831418      0.73571495      0.24566162      0.24699258       2.5303197       7.8598675       83.207392       3.8675318        3.8675318       83.207392                                83.207392
              7       44.512688     0.022024729      0.12531487     0.010403713      -1.8473901       1.7988252    2.100583e-09      0.25908585       110.29614      0.14798379      0.74084972       0.2457058      0.24703691       2.5114416       7.8351294       81.290312       3.8675318        3.8675318       81.290312                                81.290312
              2       44.119922     0.021934689      0.12596627     0.010403899      -1.8798448       1.8454741    2.100583e-09      0.25761586       110.74226      0.14854515      0.74232031      0.24566627      0.24699724       2.5283198       7.8650821       80.504781       3.8675318        3.8675318       80.504781                                80.504781
              3       46.013434     0.021909076      0.12608964     0.010404594      -1.8258479       1.7143703    2.100583e-09      0.26366761        109.6078       0.1486429      0.73626711      0.24565505      0.24698598       2.5331526       7.8673098       84.291805       3.8675318        3.8675318       84.291805                                84.291805
             20       44.648333     0.021896785      0.12375901     0.010405215      -1.8185931       1.8060322    2.100583e-09      0.25705039       110.35675      0.14629999      0.74288495      0.24564967      0.24698058       2.5354767       7.8525973       81.561602       3.8675318        3.8675318       81.561602                                81.561602
              1       44.630484     0.021882495      0.12388672     0.010405831      -1.8059297       1.7708378    2.100583e-09      0.25987775       109.87943       0.1464134      0.74005693      0.24564341       0.2469743       2.5381828       7.8544024       81.525905       3.8675318        3.8675318       81.525905                                81.525905
              4       45.249931     0.021809954      0.12408112     0.010405302      -1.7889922       1.7288875    2.100583e-09      0.26367684       109.21881      0.14653527      0.73625694      0.24561161      0.24694239        2.551987       7.8714388       82.764798       3.8675318        3.8675318       82.764798                                82.764798
              5       45.528678     0.021890064      0.12401925     0.010405639      -1.7864517       1.7069051    2.100583e-09      0.26214071       109.52503       0.1465535      0.73779346      0.24564673      0.24697763       2.5367489       7.8487786       83.322292       3.8675318        3.8675318       83.322292                                83.322292
              1       45.861486     0.021834448      0.12408138     0.010404119      -1.8436796        1.781647    2.100583e-09      0.25383417       111.32064      0.14656002      0.74610209      0.24562236      0.24695317       2.5473134       7.8589165       83.987909       3.8675318        3.8675318       83.987909                                83.987909
              9       45.867374     0.021865874      0.12387924     0.010404399      -1.8541492       1.8106606    2.100583e-09      0.25148246       111.74725       0.1463893      0.74845432      0.24563613      0.24696699       2.5413359       7.8505093       83.999685       3.8675318        3.8675318       83.999685                                83.999685
              4       45.680916      0.02190034      0.12368745     0.010404995      -1.8435167       1.8111282    2.100583e-09      0.25232057       111.47129      0.14623198      0.74761592      0.24565123      0.24698214       2.5348041       7.8430111       83.626768       3.8675318        3.8675318       83.626768                                83.626768
             15       46.172193     0.021897443      0.12360836     0.010404516      -1.8359803       1.7873511    2.100583e-09      0.25294963       111.36595      0.14614999      0.74698668      0.24564996      0.24698087       2.5353522        7.840125       84.609322       3.8675318        3.8675318       84.609322                                84.609322
             10       45.534851     0.022038026      0.12420993     0.010404725      -1.8240604       1.7528321    2.100583e-09      0.25615102       110.75798      0.14689215       0.7437848      0.24571165      0.24704279       2.5089636       7.8142369       83.334638       3.8675318        3.8675318       83.334638                                83.334638
              6       45.997873     0.022035811        0.124171     0.010404769      -1.8093378       1.7228218    2.100583e-09      0.25767086       110.44446        0.146851      0.74226457      0.24571068      0.24704181       2.5093761        7.813413       84.260683       3.8675318        3.8675318       84.260683                                84.260683
             15       47.093903     0.022167251      0.12318783     0.010406239      -1.8104145       1.8085551    2.100583e-09      0.25338659       110.84183      0.14599928      0.74654954      0.24576837      0.24709971       2.4850714       7.7858906       86.452743       3.8675318        3.8675318       86.452743                                86.452743
              1       47.587442     0.022021925      0.12501193     0.010399863      -1.8232662       1.7158805    2.100583e-09      0.25961036       110.21241      0.14767804      0.74032494      0.24570457      0.24703568       2.5119646       7.8240425        87.43982       3.8675318        3.8675318        87.43982                                 87.43982
              1       47.056684     0.022052345      0.12561771     0.010400781      -1.9561193       1.9223566    2.100583e-09      0.24308096       113.90477      0.14831424      0.75685872      0.24571795      0.24704911       2.5062993       7.8237297       86.378305       3.8675318        3.8675318       86.378305                                86.378305
              2       46.421451     0.022019248      0.12595589     0.010400969      -1.9610771       1.9284728    2.100583e-09      0.24413881       113.73505      0.14861933      0.75580074      0.24570339      0.24703449       2.5124641       7.8363658       85.107839       3.8675318        3.8675318       85.107839                                85.107839
             16       45.472622     0.021873602      0.12624074     0.010400683      -1.9825872       1.9385483    2.100583e-09      0.24265447       114.23726      0.14875853       0.7572855      0.24563952      0.24697039       2.5398691       7.8710916        83.21018       3.8675318        3.8675318        83.21018                                 83.21018
             12        45.16971     0.021904359      0.12566478     0.010401328      -1.9099701       1.8365678    2.100583e-09      0.25016907       112.42257      0.14821333      0.74976881      0.24565299      0.24698391       2.5340442       7.8579042       82.604356       3.8675318        3.8675318       82.604356                                82.604356
              1       44.704012      0.02188989      0.12527525     0.010405694      -1.8833206       1.8242888    2.100583e-09      0.25226925       111.86205      0.14780933      0.74766793      0.24564665      0.24697755       2.5367818       7.8609577       81.672961       3.8675318        3.8675318       81.672961                                81.672961
              3       44.976547     0.021893722      0.12588435     0.010405594      -1.8678506       1.7931085    2.100583e-09      0.25728916       110.89624      0.14842226      0.74264704      0.24564833      0.24697923       2.5360564       7.8687208       82.218031       3.8675318        3.8675318       82.218031                                82.218031
              5       45.265262     0.022015498       0.1244655     0.010401797       -1.814409       1.7459526    2.100583e-09      0.26037545        109.9067      0.14712519      0.73955942      0.24570174      0.24703284       2.5131641       7.8241763        82.79546       3.8675318        3.8675318        82.79546                                 82.79546
              3       46.507805     0.021959408       0.1243175     0.010402449      -1.7802127       1.6638806    2.100583e-09      0.26276728       109.45521       0.1469211       0.7371669      0.24567711      0.24700812       2.5236691       7.8316771       85.280546       3.8675318        3.8675318       85.280546                                85.280546
              1       47.275595      0.02200991      0.12439213     0.010401283      -1.7696729       1.6487776    2.100583e-09      0.26480332       109.02656      0.14704623       0.7351304      0.24569928      0.24703037       2.5142077        7.821302       86.816126       3.8675318        3.8675318       86.816126                                86.816126
              6       48.540177     0.021857146      0.12472011     0.010399309      -1.7513043       1.6144793    2.100583e-09       0.2701799       108.07139      0.14722145      0.72975256      0.24563231      0.24696315       2.5429939       7.8613354       89.345291       3.8675318        3.8675318       89.345291                                89.345291
              2       47.531203      0.02188011      0.12569183      0.01040664      -1.7478224       1.7409992    2.100583e-09      0.27950365       106.10925      0.14821613      0.72042695      0.24564237      0.24697325       2.5386349       7.8969451       87.327342       3.8675318        3.8675318       87.327342                                87.327342
              5       47.241863      0.02191812      0.12532762     0.010407383      -1.7354251       1.7299937    2.100583e-09      0.27936862       106.03357      0.14788993      0.72056186      0.24565901      0.24698996       2.5314445       7.8849806       86.748662       3.8675318        3.8675318       86.748662                                86.748662
             30       47.490637     0.021965423      0.12515463     0.010407654      -1.7230873       1.7023754    2.100583e-09      0.28102102        105.7555      0.14776424      0.71890899      0.24567975      0.24701077       2.5225393       7.8687099        87.24621       3.8675318        3.8675318        87.24621                                 87.24621
              5       47.719327     0.021984005      0.12484359     0.010407847      -1.7028639       1.6910517    2.100583e-09       0.2828475       105.28434      0.14747178      0.71708191       0.2456879      0.24701895       2.5190542       7.8652701       87.703591       3.8675318        3.8675318       87.703591                                87.703591
              5        48.76969     0.022056644      0.12536929     0.010408249      -1.7319471       1.7297659    2.100583e-09      0.27890504       106.03916      0.14807013      0.72102564      0.24571985      0.24705101       2.5055001       7.8551024       89.804316       3.8675318        3.8675318       89.804316                                89.804316
              2       48.760192     0.022072496      0.12517121      0.01040769      -1.7145177       1.6870932    2.100583e-09      0.28216325       105.52555       0.1478879      0.71776653      0.24572682      0.24705801        2.502557       7.8435019       89.785321       3.8675318        3.8675318       89.785321                                89.785321
             11       49.315182     0.022025543      0.12553431       0.0104074      -1.7185897       1.6674693    2.100583e-09      0.28312926       105.51874      0.14820404      0.71680043      0.24570616      0.24703727       2.5112898       7.8537916       90.895301       3.8675318        3.8675318       90.895301                                90.895301
             16       46.027964     0.022101515       0.1246311      0.01040282      -1.7792611       1.7030749    2.100583e-09      0.26644984       108.64398       0.1473768      0.73348362      0.24573958      0.24707082       2.4971826       7.8097047       84.320865       3.8675318        3.8675318       84.320865                                84.320865
              2       45.496156     0.022153732      0.12404563     0.010403547      -1.8141888       1.8059119    2.100583e-09      0.25818117       110.02247      0.14684355      0.74175413      0.24576247      0.24709379       2.4875551       7.7987326       83.257247       3.8675318        3.8675318       83.257247                                83.257247
              4        45.49279     0.022155765      0.12409117     0.010403512      -1.8144413       1.8037222    2.100583e-09       0.2584454       109.98846      0.14689113      0.74148985      0.24576335      0.24709468       2.4871814       7.7982558       83.250517       3.8675318        3.8675318       83.250517                                83.250517
             17       45.471817     0.022157183      0.12408862     0.010403479      -1.8110927       1.7977812    2.100583e-09      0.25910282       109.86041      0.14688999      0.74083227      0.24576397       0.2470953       2.4869208       7.7976477       83.208569       3.8675318        3.8675318       83.208569                                83.208569
              6       45.651038     0.022151977      0.12416972     0.010402934      -1.8218644       1.7992224    2.100583e-09      0.25787961       110.19001      0.14696589      0.74205581       0.2457617      0.24709302       2.4878777       7.7963059       83.567013       3.8675318        3.8675318       83.567013                                83.567013
             18       45.788611     0.022154524      0.12417596     0.010402982      -1.8308121       1.8191967    2.100583e-09      0.25615247       110.51081      0.14697467      0.74378339      0.24576281      0.24709414       2.4874094       7.7973379       83.842158       3.8675318        3.8675318       83.842158                                83.842158
             13       45.877946     0.022152649      0.12418163     0.010402975      -1.8349822       1.8284387    2.100583e-09      0.25530061       110.67011      0.14697847      0.74463547      0.24576199      0.24709331       2.4877541       7.7986231       84.020829       3.8675318        3.8675318       84.020829                                84.020829
              4         45.7697     0.022148808      0.12427126     0.010402835        -1.83696       1.8232371    2.100583e-09      0.25566819        110.6506      0.14706426      0.74426783      0.24576031      0.24709163       2.4884607       7.7987468       83.804336       3.8675318        3.8675318       83.804336                                83.804336
             16       45.697125     0.022139076      0.12436225     0.010402473      -1.8368314       1.8160214    2.100583e-09      0.25638973       110.55037      0.14714552      0.74354614      0.24575606      0.24708735       2.4902517       7.8006229       83.659186       3.8675318        3.8675318       83.659186                                83.659186
              3       45.723462     0.022000493       0.1249612     0.010402202      -1.7985937       1.7006807    2.100583e-09      0.26391263       109.30034      0.14760589      0.73602157      0.24569514      0.24702622       2.5159677       7.8325938        83.71186       3.8675318        3.8675318        83.71186                                 83.71186
              2       44.618323     0.022052512      0.12446711     0.010403963      -1.8441604       1.8030961    2.100583e-09      0.25535939       110.90834      0.14716381      0.74457675      0.24571803      0.24704919       2.5062682       7.8175332       81.501582       3.8675318        3.8675318       81.501582                                81.501582
              7       43.934987      0.02197078      0.12516666     0.010404253      -1.8765212        1.840782    2.100583e-09      0.25373452       111.42467      0.14778163       0.7462023       0.2456821      0.24701312       2.5215339       7.8446063       80.134911       3.8675318        3.8675318       80.134911                                80.134911
              3       45.006461     0.021892831      0.12578544     0.010402476      -1.8407792       1.7479333    2.100583e-09      0.26145201       110.01034      0.14832246      0.73848312      0.24564794      0.24697884        2.536225       7.8669116       82.277858       3.8675318        3.8675318       82.277858                                82.277858
              6        44.22763     0.021855605      0.12573228      0.01040381       -1.839884       1.7741895    2.100583e-09      0.26278346       109.70333      0.14823207      0.73715129      0.24563163      0.24696248       2.5432868       7.8791583       80.720197       3.8675318        3.8675318       80.720197                                80.720197
              1       44.811983     0.021875214      0.12526137     0.010404369      -1.7929102       1.7056993    2.100583e-09      0.26733654       108.69601      0.14778078      0.73259689      0.24564022       0.2469711       2.5395632       7.8691515       81.888901       3.8675318        3.8675318       81.888901                                81.888901
             18       44.809651     0.021875401      0.12524456     0.010403502       -1.792145       1.7046914    2.100583e-09      0.26764427       108.63072      0.14776415      0.73228907       0.2456403      0.24697118       2.5395279       7.8686924       81.884238       3.8675318        3.8675318       81.884238                                81.884238
             10       44.476559     0.021817642      0.12456408     0.010402799      -1.7834072       1.7338309    2.100583e-09      0.26841031       108.30901      0.14702591       0.7315225      0.24561499      0.24694577       2.5505186       7.8790093       81.218055       3.8675318        3.8675318       81.218055                                81.218055
             26       43.949232     0.021829445      0.12444217     0.010403039       -1.800641       1.7683829    2.100583e-09      0.26494776       108.93778       0.1469158      0.73498587      0.24562017      0.24695097       2.5482669        7.875829         80.1634       3.8675318        3.8675318         80.1634                                  80.1634
              5       43.970181      0.02181111      0.12460536     0.010403351      -1.8455041       1.8424602    2.100583e-09       0.2573295       110.45717      0.14706066      0.74260611      0.24561212       0.2469429       2.5517661       7.8840947       80.205298       3.8675318        3.8675318       80.205298                                80.205298
              2       43.700129     0.021842519      0.12447298     0.010403693      -1.8310409       1.8142619    2.100583e-09      0.25930801       110.06282      0.14695969      0.74062705       0.2456259      0.24695672       2.5457761       7.8731523       79.665193       3.8675318        3.8675318       79.665193                                79.665193
              4       43.989799     0.021834349       0.1242333      0.01040359      -1.8125618       1.7840468    2.100583e-09      0.26154912       109.59276      0.14671184      0.73838527      0.24562232      0.24695313       2.5473322       7.8709742       80.244535       3.8675318        3.8675318       80.244535                                80.244535
             22       43.998947     0.021832761      0.12423548     0.010403592      -1.8123424       1.7837702    2.100583e-09      0.26160825       109.58165      0.14671243      0.73832613      0.24562162      0.24695243       2.5476349       7.8713957       80.262831       3.8675318        3.8675318       80.262831                                80.262831
              3        43.98752     0.021796747      0.12458313     0.010404924      -1.8087078       1.7863897    2.100583e-09      0.26388544       109.16019      0.14702406       0.7360485      0.24560582      0.24693657       2.5545123       7.8873617       80.239976       3.8675318        3.8675318       80.239976                                80.239976
              2       44.282372     0.021861599      0.12413008      0.01040646      -1.7844509       1.7754004    2.100583e-09      0.26488219       108.75699      0.14663588      0.73505133      0.24563426      0.24696511       2.5421477        7.872171       80.829681       3.8675318        3.8675318       80.829681                                80.829681
              5       44.917573     0.021845396      0.12432617     0.010407084      -1.7782597       1.7333548    2.100583e-09       0.2668357       108.55663      0.14681576      0.73309741      0.24562716      0.24695799       2.5452286       7.8714372       82.100083       3.8675318        3.8675318       82.100083                                82.100083
             14       44.848208     0.021847058       0.1243134     0.010407167      -1.7803717       1.7404766    2.100583e-09      0.26649586       108.60761      0.14680465      0.73343733      0.24562789      0.24695872       2.5449123       7.8716381       81.961353       3.8675318        3.8675318       81.961353                                81.961353
             18       44.758809     0.021844131      0.12432495     0.010407299      -1.7903035       1.7600368    2.100583e-09      0.26488511       108.90956      0.14681327      0.73504849       0.2456266      0.24695743       2.5454693       7.8733708       81.782555       3.8675318        3.8675318       81.782555                                81.782555
              3        44.58132     0.021836751      0.12412883      0.01040605      -1.8144932       1.8066849    2.100583e-09      0.25960342       109.87976      0.14660977      0.74033141      0.24562337      0.24695418       2.5468745       7.8742653       81.427575       3.8675318        3.8675318       81.427575                                81.427575
             12       44.423405     0.021773338      0.12493607     0.010403654      -1.8284102        1.768977    2.100583e-09      0.26158249       109.83529       0.1473536      0.73835218      0.24559553      0.24692624       2.5589975       7.8885219       81.111746       3.8675318        3.8675318       81.111746                                81.111746
              6       44.369281      0.02173953      0.12490799     0.010404681      -1.8457317       1.8194728    2.100583e-09        0.259235       110.25383      0.14729171      0.74070023      0.24558063      0.24691129        2.565496       7.9005048       81.003497       3.8675318        3.8675318       81.003497                                81.003497
              2       44.382011     0.021758892      0.12483356     0.010404901      -1.8387588       1.8019005    2.100583e-09      0.25973922         110.158      0.14723664      0.74019585      0.24558917      0.24691986       2.5617714       7.8935168       81.028959       3.8675318        3.8675318       81.028959                                81.028959
              4       44.947322     0.021722581      0.12493956     0.010404776      -1.8421658       1.7926195    2.100583e-09      0.25951183       110.27818      0.14730633      0.74042333      0.24557315      0.24690378       2.5687633       7.9010389       82.159581       3.8675318        3.8675318       82.159581                                82.159581
             21       44.400885     0.021791538      0.12438179     0.010404017      -1.8408868        1.815653    2.100583e-09      0.25730564       110.53865      0.14681752      0.74262986      0.24560353      0.24693427       2.5555094       7.8807537       81.066705       3.8675318        3.8675318       81.066705                                81.066705
              6       45.615938     0.021689226       0.1247922     0.010404033      -1.8014595       1.7492256    2.100583e-09      0.26651151       108.80558      0.14712561      0.73342182      0.24555838      0.24688896       2.5752113       7.9106297       83.496813       3.8675318        3.8675318       83.496813                                83.496813
             21       46.013256     0.021668287       0.1245858     0.010404223      -1.8071126       1.7641115    2.100583e-09      0.26481293       109.10312      0.14689828      0.73512073      0.24554908      0.24687963       2.5792715       7.9135522       84.291449       3.8675318        3.8675318       84.291449                                84.291449
             12       44.046877     0.021778918      0.12502588     0.010404511       -1.812473       1.7783695    2.100583e-09      0.26560649       108.94261      0.14744899      0.73432721      0.24559798       0.2469287       2.5579273       7.8952178        80.35869       3.8675318        3.8675318        80.35869                                 80.35869
              1       45.618566     0.021691044      0.12630933     0.010404575       -1.845863       1.8050807    2.100583e-09      0.26659959       109.04205      0.14864456       0.7333344      0.24555919      0.24688977       2.5748593       7.9307616       83.502069       3.8675318        3.8675318       83.502069                                83.502069
              2       45.331468     0.021719899      0.12633937     0.010405109       -1.856268       1.8123845    2.100583e-09      0.26443609       109.48995      0.14870346      0.73549846      0.24557196      0.24690259        2.569281       7.9227806       82.927872       3.8675318        3.8675318       82.927872                                82.927872
              3       45.125393     0.021720324      0.12608923     0.010406046      -1.8670768       1.8545546    2.100583e-09      0.26121888       110.01087      0.14845375      0.73871636      0.24557215      0.24690278       2.5691989        7.923972       82.515723       3.8675318        3.8675318       82.515723                                82.515723
             12       45.450105      0.02171356       0.1260607     0.010405823      -1.8428699       1.8039785    2.100583e-09      0.26535096       109.23681      0.14841846      0.73458324      0.24556916      0.24689978       2.5705047       7.9225184       83.165147       3.8675318        3.8675318       83.165147                                83.165147
              5       45.364514     0.021715813      0.12605017     0.010405824      -1.8443358       1.8086669    2.100583e-09      0.26510085       109.27637      0.14841017      0.73483342      0.24557016      0.24690078       2.5700697       7.9222501       82.993964       3.8675318        3.8675318       82.993964                                82.993964
              1       45.671258     0.021751655      0.12549067     0.010406923      -1.8035906       1.7681889    2.100583e-09      0.26904337       108.34144      0.14788652      0.73088968      0.24558598      0.24691666       2.5631627       7.9101729       83.607453       3.8675318        3.8675318       83.607453                                83.607453
              1       46.928408     0.021856909      0.12439446     0.010405151      -1.6920767         1.67819    2.100583e-09      0.28428423       105.00221      0.14689556      0.71564455       0.2456322      0.24696305       2.5430389       7.8885337       86.121752       3.8675318        3.8675318       86.121752                                86.121752
              6       46.698937     0.021888278      0.12481095      0.01040455      -1.7095589       1.6932274    2.100583e-09      0.28317364       105.29513      0.14734342      0.71675563      0.24564594      0.24697684        2.537087       7.8839285       85.662811       3.8675318        3.8675318       85.662811                                85.662811
              2       45.060763     0.021873543      0.12482483     0.010401446      -1.8107651       1.7285496    2.100583e-09      0.26303022       109.50074      0.14734257      0.73690408      0.24563949      0.24697036       2.5398802       7.8609763       82.386463       3.8675318        3.8675318       82.386463                                82.386463
              1       45.247116     0.021862121      0.12479567     0.010401251      -1.8073267        1.723356    2.100583e-09       0.2635225       109.40022      0.14730198      0.73641166      0.24563449      0.24696534       2.5420485       7.8632692       82.759168       3.8675318        3.8675318       82.759168                                82.759168
              1       45.205679     0.021841999      0.12475326     0.010401754      -1.8207351       1.7358685    2.100583e-09      0.26074949       109.98491      0.14723945      0.73918534      0.24562567      0.24695649       2.5458751       7.8659207       82.676295       3.8675318        3.8675318       82.676295                                82.676295
              2       45.026973     0.021830787      0.12484672     0.010401932      -1.8225022       1.7394349    2.100583e-09      0.26104069       109.94353       0.1473217       0.7388941      0.24562075      0.24695156       2.5480111       7.8701239       82.318883       3.8675318        3.8675318       82.318883                                82.318883
              8       44.480478     0.022035513      0.12499291     0.010403389      -1.8667168       1.8287156    2.100583e-09      0.25439384       111.22173      0.14767261      0.74554276      0.24571055      0.24704168       2.5094316       7.8273663       81.225893       3.8675318        3.8675318       81.225893                                81.225893
              4       44.530316     0.021920045      0.12566239     0.010403644      -1.8706399       1.7958874    2.100583e-09      0.25610077       111.10134      0.14822663      0.74383565      0.24565986       0.2469908       2.5310813       7.8583857       81.325569       3.8675318        3.8675318       81.325569                                81.325569
              1       46.715804     0.021982549      0.12585684     0.010404901      -1.7994809       1.6814989    2.100583e-09      0.26621409       109.01009      0.14848358      0.73371992      0.24568726      0.24701831        2.519327       7.8483451       85.696544       3.8675318        3.8675318       85.696544                                85.696544
              3       49.469959     0.021878805      0.12697687     0.010408297      -1.8409957       1.7747325    2.100583e-09      0.26754021       108.93408      0.14949986      0.73239393       0.2456418      0.24697268       2.5388822       7.8936351       91.204854       3.8675318        3.8675318       91.204854                                91.204854
              3       50.792204      0.02170494      0.12544643     0.010410174      -1.7530621       1.6817294    2.100583e-09      0.27602113       107.05143      0.14779556      0.72391014      0.24556534      0.24689595       2.5721706        7.920666       93.849344       3.8675318        3.8675318       93.849344                                93.849344
              2       49.198744     0.021676327      0.12614002     0.010407716      -1.7828201       1.7414196    2.100583e-09      0.27639423       107.05206      0.14846054      0.72353725      0.24555266      0.24688321       2.5777113        7.939526       90.662424       3.8675318        3.8675318       90.662424                                90.662424
              3       49.474673      0.02168262      0.12641067     0.010407307      -1.7848577       1.7264182    2.100583e-09       0.2768639       107.04943      0.14873748      0.72306759      0.24555545      0.24688602       2.5764913       7.9386901       91.214282       3.8675318        3.8675318       91.214282                                91.214282
              2       49.000031     0.021730645      0.12600007     0.010408598      -1.7786661       1.7215849    2.100583e-09      0.27520179       107.27368       0.1483749      0.72472995      0.24557671      0.24690735        2.567208       7.9221773       90.264999       3.8675318        3.8675318       90.264999                                90.264999
              1       50.880027     0.021733146      0.12605834     0.010409923      -1.7693327       1.7289185    2.100583e-09      0.27747933       106.79451      0.14843568      0.72245187      0.24557781      0.24690846       2.5667261       7.9270702        94.02499       3.8675318        3.8675318        94.02499                                 94.02499
              1       50.158845     0.021726932      0.12599138     0.010409348      -1.7692698       1.7354203    2.100583e-09      0.27750531       106.75841       0.1483625      0.72242585      0.24557507      0.24690571       2.5679241       7.9287753       92.582627       3.8675318        3.8675318       92.582627                                92.582627
              3       50.233876      0.02173314      0.12676174     0.010408719      -1.8127165       1.7837378    2.100583e-09      0.27371067       107.62852      0.14913907      0.72622179      0.24557781      0.24690846       2.5667271       7.9346586       92.732689       3.8675318        3.8675318       92.732689                                92.732689
             14       49.051917     0.021682626      0.12682084     0.010408578      -1.8601062       1.8375192    2.100583e-09      0.26584118       109.23858      0.14914766      0.73409322      0.24555545      0.24688602         2.57649       7.9434468       90.368771       3.8675318        3.8675318       90.368771                                90.368771
              2        50.31564     0.021658229      0.12691402     0.010409334      -1.8644465       1.8455737    2.100583e-09        0.265471       109.32986      0.14921644      0.73446353      0.24554461      0.24687513       2.5812252       7.9511793       92.896217       3.8675318        3.8675318       92.896217                                92.896217
              3       49.939712     0.021638373      0.12710141      0.01040842      -1.8714364       1.8538403    2.100583e-09      0.26563814       109.33653      0.14938397      0.73429642      0.24553575      0.24686625       2.5850889       7.9580882        92.14436       3.8675318        3.8675318        92.14436                                 92.14436
              1       49.743773     0.021651121      0.12705473     0.010408463      -1.8696503       1.8547085    2.100583e-09      0.26559221       109.31969      0.14935004      0.73434235      0.24554144      0.24687196       2.5826074       7.9550696       91.752483       3.8675318        3.8675318       91.752483                                91.752483
              2       48.676803     0.021757267      0.12666473      0.01040764       -1.813145       1.7500452    2.100583e-09       0.2721266       108.00263      0.14906619      0.72780622      0.24558845      0.24691914       2.5620836       7.9209479       89.618542       3.8675318        3.8675318       89.618542                                89.618542
              1         48.7681     0.021761538      0.12660657     0.010407407      -1.8009431        1.737097    2.100583e-09      0.27409142       107.60178       0.1490123      0.72584089      0.24559033      0.24692103        2.561263       7.9201863       89.801136       3.8675318        3.8675318       89.801136                                89.801136
              1       49.067853     0.021669318      0.12745454     0.010405244      -1.8525512       1.7689454    2.100583e-09      0.26929029       108.78454      0.14976805      0.73064354      0.24554954      0.24688009       2.5790714       7.9466344       90.400641       3.8675318        3.8675318       90.400641                                90.400641
              2       46.717664     0.021750441      0.12591755     0.010404369      -1.8015448        1.662024    2.100583e-09      0.26610413       109.16098      0.14831218      0.73382984      0.24558544      0.24691612        2.563396        7.900956       85.700265       3.8675318        3.8675318       85.700265                                85.700265
              3       48.543651     0.021798835      0.12750944     0.010399072      -2.0230207        1.910227    2.100583e-09      0.24010122       115.19035      0.14995247      0.75983986      0.24560673      0.24693749       2.5541128       7.8972579       89.352239       3.8675318        3.8675318       89.352239                                89.352239
              1       48.643092     0.021795513      0.12755636     0.010399111      -2.0251942       1.9097465    2.100583e-09      0.23985311       115.26142      0.14999607      0.76008804      0.24560527      0.24693602       2.5547485       7.8983893       89.551121       3.8675318        3.8675318       89.551121                                89.551121
              1       47.745447     0.021856476      0.12664511     0.010401766      -2.0263811        1.937952    2.100583e-09      0.23532002       116.15095      0.14914578      0.76462191      0.24563201      0.24696286       2.5431212       7.8725937       87.755831       3.8675318        3.8675318       87.755831                                87.755831
              1       47.744632     0.021816519      0.12672621      0.01040179      -2.0444032       1.9628897    2.100583e-09      0.23349585       116.63474      0.14918692      0.76644655       0.2456145      0.24694528       2.5507331       7.8826188         87.7542       3.8675318        3.8675318         87.7542                                  87.7542
              1       45.184258     0.021801734      0.12706342      0.01040341      -1.9894782       1.9514197    2.100583e-09      0.24552779       113.74215      0.14950934      0.75441177      0.24560801      0.24693876       2.5535583       7.9017336       82.633452       3.8675318        3.8675318       82.633452                                82.633452
              2        44.88336     0.021810211      0.12688959     0.010403388      -1.9820459       1.9481838    2.100583e-09      0.24592417       113.60295        0.149344      0.75401522      0.24561173       0.2469425       2.5519379       7.8983121       82.031656       3.8675318        3.8675318       82.031656                                82.031656
              4         45.0194     0.021808853      0.12702371     0.010402774      -1.9929244       1.9629224    2.100583e-09      0.24512219       113.80756      0.14947676      0.75481746      0.24561113       0.2469419       2.5521975        7.900137       82.303736       3.8675318        3.8675318       82.303736                                82.303736
              4       44.333959     0.021730536      0.12554147     0.010401166       -1.890229       1.8597588    2.100583e-09      0.25575632       111.15413       0.1479162      0.74418005      0.24557666      0.24690731       2.5672291       7.9057153       80.932854       3.8675318        3.8675318       80.932854                                80.932854
              3       44.331772     0.021726843      0.12569287     0.010401169      -1.9184648       1.8954742    2.100583e-09      0.25179406       112.04011      0.14806391      0.74814336      0.24557503      0.24690567       2.5679411        7.907265        80.92848       3.8675318        3.8675318        80.92848                                 80.92848
              6       44.489464     0.021697433      0.12604331     0.010401216      -1.9392088       1.9160878    2.100583e-09      0.25024996       112.47223      0.14838493      0.74968797      0.24556202      0.24689261       2.5736224       7.9175197       81.243865       3.8675318        3.8675318       81.243865                                81.243865
              1       44.870962     0.021676475      0.12620469      0.01040083       -1.956096       1.9281179    2.100583e-09      0.24843072       112.94386      0.14852535      0.75150772      0.24555272      0.24688328       2.5776827       7.9224116        82.00686       3.8675318        3.8675318        82.00686                                 82.00686
              1       44.786565     0.021875241      0.12493521     0.010401211      -1.9058168       1.8688093    2.100583e-09      0.24893701       112.50836      0.14745464      0.75100086      0.24564023      0.24697111       2.5395582       7.8593084       81.838066       3.8675318        3.8675318       81.838066                                81.838066
              2       44.862076       0.0218761      0.12498759     0.010400795      -1.9037173       1.8649503    2.100583e-09      0.24963628       112.36426      0.14750789      0.75030144      0.24564061      0.24697149       2.5393952       7.8597427       81.989089       3.8675318        3.8675318       81.989089                                81.989089
              1       47.238155     0.021622693      0.12568788     0.010401448      -1.9534544       1.8809539    2.100583e-09      0.24461971       113.83446      0.14795476      0.75531944      0.24552874      0.24685921       2.5881459       7.9212308       86.741246       3.8675318        3.8675318       86.741246                                86.741246
              5       47.657799      0.02179311      0.12394066     0.010408955      -1.8175304       1.8165437    2.100583e-09      0.25715708       110.34157      0.14637796      0.74277826      0.24560422      0.24693496       2.5552085       7.8839626       87.580535       3.8675318        3.8675318       87.580535                                87.580535
              1       47.329514     0.021783321      0.12413941     0.010408952      -1.8150962        1.814471    2.100583e-09      0.25862887       110.06503      0.14656692      0.74130619      0.24559992      0.24693064       2.5570834       7.8897129       86.923964       3.8675318        3.8675318       86.923964                                86.923964
              2       47.776111     0.021679199      0.12446964     0.010408135      -1.8291498       1.8058308    2.100583e-09      0.25925775       110.17632      0.14679303      0.74067725      0.24555393      0.24688449       2.5771545       7.9115914       87.817158       3.8675318        3.8675318       87.817158                                87.817158
              1       47.505061     0.021855386      0.12671649     0.010404717      -1.9109214       1.7704899    2.100583e-09      0.25039101       112.63438      0.14921606      0.74954723      0.24563154      0.24696238       2.5433284       7.8787237       87.275059       3.8675318        3.8675318       87.275059                                87.275059
              6       47.493874     0.021821132      0.12695328     0.010404373      -1.9113213       1.7659406    2.100583e-09      0.25154236       112.43682      0.14941861      0.74839568      0.24561652      0.24694731       2.5498526       7.8899478       87.252684       3.8675318        3.8675318       87.252684                                87.252684
              1        46.73247     0.021957457      0.12558523     0.010406727      -1.8345383       1.7241993    2.100583e-09      0.25860465       110.56235      0.14818688      0.74133112      0.24567625      0.24700726       2.5240357       7.8479479       85.729877       3.8675318        3.8675318       85.729877                                85.729877
              3        47.19287     0.021619119      0.12537054     0.010402379      -1.7955381       1.7235506    2.100583e-09      0.27056144       108.16189      0.14763385      0.72937112      0.24552714      0.24685761       2.5888434         7.93325       86.650676       3.8675318        3.8675318       86.650676                                86.650676
              1       45.754525     0.021693365      0.12697899     0.010399349      -1.9688816       1.9681646    2.100583e-09        0.250602       112.49255      0.14931654      0.74933623      0.24556022       0.2468908       2.5744099       7.9337247       83.773985       3.8675318        3.8675318       83.773985                                83.773985
              2        45.99127     0.021683612      0.12701771     0.010399003       -1.972608       1.9682218    2.100583e-09      0.25045874       112.55539      0.14934551      0.74947954      0.24555589      0.24688646        2.576299       7.9354654       84.247476       3.8675318        3.8675318       84.247476                                84.247476
              6       45.338635     0.021827328      0.12569232     0.010401236      -1.9835643       1.9817767    2.100583e-09      0.24022342       114.59777      0.14816383      0.75971691      0.24561924      0.24695004       2.5486707       7.8805904       82.942206       3.8675318        3.8675318       82.942206                                82.942206
              1       45.934269      0.02177719      0.12447783     0.010402721      -1.9080629       1.8804025    2.100583e-09      0.24654139       112.98609      0.14689921      0.75339685      0.24559722      0.24692794       2.5582587       7.8771232       84.133473       3.8675318        3.8675318       84.133473                                84.133473
              2       46.017686     0.021882403      0.12523993     0.010400799      -1.9638161       1.9302764    2.100583e-09      0.24089818       114.43161      0.14776652      0.75904182      0.24564337      0.24697426       2.5382003       7.8568493       84.300309       3.8675318        3.8675318       84.300309                                84.300309
              6       47.196165     0.021967608      0.12448176     0.010401562      -1.9452085       1.9326021    2.100583e-09      0.23966383       114.46189      0.14709356      0.76027621       0.2456807      0.24701173       2.5221292       7.8310554       86.657267       3.8675318        3.8675318       86.657267                                86.657267
              1       47.402364     0.021986349      0.12445287     0.010401368      -1.9434403       1.9312009    2.100583e-09      0.23975597       114.42298      0.14708341      0.76018404      0.24568893      0.24701998        2.518615       7.8264763       87.069664       3.8675318        3.8675318       87.069664                                87.069664
              2       47.679294     0.022088705      0.12378421     0.010403294      -1.8902339       1.8888793    2.100583e-09      0.24388825       113.18609      0.14651711      0.75605049      0.24573395      0.24706517       2.4995529       7.8017772       87.623524       3.8675318        3.8675318       87.623524                                87.623524
              2        44.10002     0.021887116      0.12559059     0.010401611      -1.9264471       1.9042316    2.100583e-09      0.24882954       112.61006       0.1481219      0.75110864      0.24564544      0.24697633       2.5373072       7.8671463       80.464976       3.8675318        3.8675318       80.464976                                80.464976
              5       45.290213     0.021990031      0.12571843     0.010401061      -1.9019537       1.8529177    2.100583e-09      0.25256892       111.81506      0.14835266      0.74736842      0.24569055       0.2470216       2.5179255       7.8429153       82.845362       3.8675318        3.8675318       82.845362                                82.845362
              1       45.049773     0.021833471      0.12620463     0.010402318       -1.872477       1.7791052    2.100583e-09      0.25839147       110.76662      0.14868229      0.74154457      0.24562193      0.24695274       2.5474995       7.8842119       82.364483       3.8675318        3.8675318       82.364483                                82.364483
              4       45.064713     0.021846699        0.126043     0.010402126      -1.8571628       1.7630171    2.100583e-09        0.260179       110.34962      0.14853389      0.73975654      0.24562773      0.24695856       2.5449805       7.8799086       82.394362       3.8675318        3.8675318       82.394362                                82.394362
              1       45.531721     0.022014527      0.12575324     0.010403537      -1.8910464       1.8210465    2.100583e-09      0.25273559       111.80726      0.14841195      0.74720174      0.24570131      0.24703241       2.5133454       7.8363137       83.328378       3.8675318        3.8675318       83.328378                                83.328378
              3       45.600282     0.022017678      0.12574644     0.010403529      -1.8896343       1.8181566    2.100583e-09      0.25284937       111.78126      0.14840831      0.74708792       0.2457027       0.2470338       2.5127572       7.8354069         83.4655       3.8675318        3.8675318         83.4655                                  83.4655
             14       44.833972     0.021926888      0.12590701     0.010404257      -1.8861381       1.8125277    2.100583e-09      0.25448094       111.49624      0.14847809      0.74545599      0.24566285      0.24699381       2.5297904       7.8593157       81.932881       3.8675318        3.8675318       81.932881                                81.932881
              2       45.135126     0.021951256      0.12529829     0.010401848      -1.8551636       1.7715292    2.100583e-09      0.25679635       110.87949      0.14789374      0.74313975      0.24567353      0.24700453       2.5252014       7.8453657       82.535188       3.8675318        3.8675318       82.535188                                82.535188
              3       44.142092     0.021982921      0.12472009     0.010401828       -1.854912       1.8313729    2.100583e-09      0.25611033       110.76942       0.1473472      0.74382571      0.24568742      0.24701847       2.5192571       7.8392182        80.54912       3.8675318        3.8675318        80.54912                                 80.54912
              3       45.024619     0.022038845      0.12389499     0.010402234      -1.8332117       1.8184565    2.100583e-09       0.2552645       110.72223      0.14657802      0.74467141      0.24571201      0.24704315       2.5088111        7.818472       82.314174       3.8675318        3.8675318       82.314174                                82.314174
              7       44.711599     0.022003501       0.1233772     0.010403381      -1.7532597       1.7141624    2.100583e-09       0.2670527       108.24091       0.1460249         0.73288      0.24569646      0.24702754       2.5154053       7.8236285       81.688135       3.8675318        3.8675318       81.688135                                81.688135
              4       44.738201     0.021993194      0.12329627     0.010403583      -1.7545577       1.7173043    2.100583e-09      0.26643771       108.34921      0.14593365       0.7334951      0.24569193        0.247023       2.5173333       7.8250913       81.741338       3.8675318        3.8675318       81.741338                                81.741338
              6       45.522066        0.021912      0.12331877     0.010407723      -1.7533528       1.7264535    2.100583e-09      0.26613233       108.40711      0.14587496      0.73380053      0.24565633      0.24698727       2.5326002       7.8479762       83.309069       3.8675318        3.8675318       83.309069                                83.309069
             10       43.688896     0.021865528      0.12490863     0.010403522      -1.7958885       1.7813009    2.100583e-09       0.2678488       108.33413      0.14741835      0.73208433      0.24563598      0.24696684       2.5414014       7.8792383       79.642728       3.8675318        3.8675318       79.642728                                79.642728
              1       43.790888     0.021921493      0.12443792     0.010404127      -1.7677644        1.755938    2.100583e-09      0.26999185       107.75979       0.1470036      0.72994056      0.24566049      0.24699144        2.530808       7.8636609       79.846713       3.8675318        3.8675318       79.846713                                79.846713
              1       45.250437     0.021787831      0.12423252     0.010403846      -1.7503342       1.7072475    2.100583e-09      0.27300829       107.31788      0.14666455       0.7269232       0.2456019      0.24693263       2.5562193        7.886601        82.76581       3.8675318        3.8675318        82.76581                                 82.76581
              1       46.731143     0.021813729       0.1240643     0.010399955      -1.7868349        1.723455    2.100583e-09      0.26543104       108.85983      0.14652222      0.73450229      0.24561327      0.24694405       2.5512659        7.868672       85.727222       3.8675318        3.8675318       85.727222                                85.727222
              1       46.807425     0.021816035      0.12409252     0.010399873      -1.7831098        1.717434    2.100583e-09      0.26615688       108.71915      0.14655274      0.73377629      0.24561428      0.24694506       2.5508255        7.868575       85.879786       3.8675318        3.8675318       85.879786                                85.879786
              1       46.368623     0.021821198      0.12425668     0.010400092        -1.78785       1.7202235    2.100583e-09      0.26591931       108.79967      0.14672207      0.73401399      0.24561655      0.24694734       2.5498399       7.8690591       85.002182       3.8675318        3.8675318       85.002182                                85.002182
              1       47.537461     0.021943081      0.12315656     0.010403081      -1.6897244       1.5911447    2.100583e-09      0.27521814       106.72647      0.14574384      0.72471237      0.24566995      0.24700093       2.5267395       7.8307946       87.339858       3.8675318        3.8675318       87.339858                                87.339858
              7       47.122163     0.021886374        0.122754     0.010406008       -1.674799       1.6267174    2.100583e-09      0.27867264        105.9031      0.14528457      0.72125676      0.24564511        0.246976       2.5374479       7.8505954       86.509262       3.8675318        3.8675318       86.509262                                86.509262
              2       47.103771      0.02179999      0.12377927     0.010400192       -1.829238       1.7877612    2.100583e-09      0.25712001       110.51542      0.14622345      0.74281527      0.24560724        0.246938       2.5538919       7.8666755       86.472479       3.8675318        3.8675318       86.472479                                86.472479
              1       45.202895     0.021801505      0.12459967     0.010400695      -1.8448255       1.7950004    2.100583e-09       0.2580638       110.49011      0.14704537      0.74187162      0.24560791      0.24693866       2.5536022       7.8757879       82.670727       3.8675318        3.8675318       82.670727                                82.670727
              5       44.742635     0.021847231      0.12433034     0.010400837      -1.8305052       1.8108892    2.100583e-09      0.25954304       109.99836      0.14682176       0.7403919      0.24562796      0.24695879       2.5448794       7.8685698       81.750206       3.8675318        3.8675318       81.750206                                81.750206
              7       44.774238      0.02184605      0.12432004     0.010400825      -1.8317122       1.8113649    2.100583e-09      0.25929286       110.05392      0.14681028      0.74064214      0.24562745      0.24695827       2.5451041       7.8683692       81.813412       3.8675318        3.8675318       81.813412                                81.813412
             10       44.671211     0.021891361      0.12423239     0.010400965      -1.8328896       1.8165648    2.100583e-09      0.25829104       110.21138      0.14676794       0.7416442      0.24564729       0.2469782       2.5365033       7.8572319       81.607358       3.8675318        3.8675318       81.607358                                81.607358
              1       45.341292     0.021957855      0.12300527     0.010403604      -1.7729854        1.752378    2.100583e-09      0.26184533       109.19157      0.14560731      0.73808849      0.24567643      0.24700743       2.5239608       7.8304821        82.94752       3.8675318        3.8675318        82.94752                                 82.94752
              9       44.918662      0.02196716      0.12309872     0.010404177      -1.7652295       1.7404523    2.100583e-09       0.2635495       108.86775      0.14571007      0.73638394      0.24568051      0.24701153       2.5222132       7.8298588        82.10226       3.8675318        3.8675318        82.10226                                 82.10226
              3       44.511893     0.021962276      0.12370349     0.010405749      -1.8031165       1.7724055    2.100583e-09       0.2591041       109.95504      0.14630995      0.74083073      0.24567837      0.24700938       2.5231302       7.8342847       81.288722       3.8675318        3.8675318       81.288722                                81.288722
              1       44.335651     0.021816538      0.12454152     0.010404353      -1.8387186        1.791602    2.100583e-09      0.25775774       110.52903      0.14700225      0.74217773       0.2456145      0.24694529       2.5507294       7.8733742       80.936239       3.8675318        3.8675318       80.936239                                80.936239
              1       44.375107     0.021807922      0.12529656     0.010403459        -1.92837       1.8988989    2.100583e-09      0.24681134       113.07613      0.14774868      0.75312718      0.24561072      0.24694149       2.5523753       7.8801996       81.015151       3.8675318        3.8675318       81.015151                                81.015151
              1       44.807987     0.021821418      0.12515689     0.010401838      -1.9257599       1.8863176    2.100583e-09      0.24671406       113.09298       0.1476225      0.75322443      0.24561665      0.24694743        2.549798       7.8730704       81.880909       3.8675318        3.8675318       81.880909                                81.880909
              1       45.130195     0.021788662      0.12504123     0.010401733      -1.9257605       1.8895282    2.100583e-09      0.24644048       113.14141      0.14747408      0.75349802      0.24560226        0.246933       2.5560601       7.8795196       82.525326       3.8675318        3.8675318       82.525326                                82.525326
              1       44.902006      0.02175896      0.12528642     0.010406272      -1.8900024       1.8606154    2.100583e-09      0.25275302       111.74688      0.14768957      0.74718399       0.2455892      0.24691989       2.5617583        7.896442       82.068948       3.8675318        3.8675318       82.068948                                82.068948
              8       44.421857     0.021783085      0.12514007     0.010406097      -1.8745458       1.8624376    2.100583e-09      0.25461215       111.22416      0.14756734      0.74532435      0.24559981      0.24693054       2.5571287       7.8937464       81.108651       3.8675318        3.8675318       81.108651                                81.108651
              2       44.747699     0.021776189       0.1251697      0.01040652      -1.8113099        1.779462    2.100583e-09      0.26599841       108.88081      0.14759008      0.73393526      0.24559678       0.2469275       2.5584507        7.899158       81.760333       3.8675318        3.8675318       81.760333                                81.760333
              9       45.558949     0.021857721      0.12585766     0.010407714      -1.8320552       1.8104402    2.100583e-09      0.26502387       109.13619      0.14835957      0.73491039      0.24563256      0.24696341       2.5428845        7.890357       83.382834       3.8675318        3.8675318       83.382834                                83.382834
              3        45.17555     0.021878876      0.12557522     0.010407759      -1.8385881       1.8349368    2.100583e-09      0.26179569       109.65664      0.14809829      0.73813925      0.24564183      0.24697271       2.5388688       7.8846543       82.616037       3.8675318        3.8675318       82.616037                                82.616037
              6       44.580672     0.021872419      0.12557512     0.010406973      -1.8408668       1.8327742    2.100583e-09      0.26185014       109.67586      0.14809174      0.73808479        0.245639      0.24696987       2.5400934       7.8845486        81.42628       3.8675318        3.8675318        81.42628                                 81.42628
              3        45.08396     0.021935981      0.12494996      0.01040834      -1.8221786       1.8133237    2.100583e-09      0.26118475       109.66311      0.14753014       0.7387501      0.24566684      0.24699781       2.5280765       7.8627115       82.432857       3.8675318        3.8675318       82.432857                                82.432857
              2       44.381806     0.022044052      0.12364469     0.010406158      -1.7387577       1.7358206    2.100583e-09      0.26951055       107.57066      0.14633293      0.73042167       0.2457143      0.24704545       2.5078418       7.8307655       81.028549       3.8675318        3.8675318       81.028549                                81.028549
              4       44.441569     0.021984284      0.12342571     0.010405755      -1.7236514        1.708568    2.100583e-09       0.2723031       107.07945      0.14605419      0.72762829      0.24568802      0.24701907       2.5190019       7.8396154       81.148074       3.8675318        3.8675318       81.148074                                81.148074
              2       44.404493     0.021980047      0.12348293     0.010405742      -1.7249899       1.7079515    2.100583e-09      0.27242585       107.08059      0.14610717      0.72750553      0.24568616      0.24701721       2.5197958       7.8406796       81.073922       3.8675318        3.8675318       81.073922                                81.073922
             11       45.138363     0.022058339       0.1230146      0.01040692      -1.7042173       1.6978732    2.100583e-09       0.2727034       106.81498      0.14571713      0.72722772      0.24572059      0.24705176       2.5051853       7.8224516       82.541662       3.8675318        3.8675318       82.541662                                82.541662
              1       44.758446     0.022043814      0.12324595     0.010406354      -1.7163916       1.7119755    2.100583e-09      0.27170219       107.05587      0.14593396      0.72822929       0.2457142      0.24704534       2.5078861       7.8278494       81.781828       3.8675318        3.8675318       81.781828                                81.781828
              2       44.613604     0.022090076      0.12326933     0.010405924      -1.7354112       1.7214163    2.100583e-09      0.26859487       107.73941       0.1460036      0.73133743      0.24573455      0.24706577       2.4992991       7.8115569       81.492145       3.8675318        3.8675318       81.492145                                81.492145
              7        44.47706     0.022091433      0.12339249     0.010405358      -1.7541575       1.7381002    2.100583e-09      0.26593333       108.32389      0.14612811      0.73399969      0.24573515      0.24706637       2.4990478       7.8096861       81.219056       3.8675318        3.8675318       81.219056                                81.219056
              3       45.397175     0.022119966      0.12316017     0.010405932      -1.7713542       1.7706593    2.100583e-09      0.26058086       109.27949      0.14592432      0.73935342      0.24574768      0.24707895       2.4937744       7.8020339       83.059286       3.8675318        3.8675318       83.059286                                83.059286
              6        44.38781     0.022042456      0.12352469     0.010405589      -1.7817793       1.7550786    2.100583e-09      0.26178887       109.29417      0.14621134      0.73814523       0.2457136      0.24704474       2.5081388       7.8165619       81.040556       3.8675318        3.8675318       81.040556                                81.040556
              1       45.093665     0.022012956      0.12426378     0.010406341      -1.7888493       1.7179137    2.100583e-09      0.26254844       109.41453      0.14692093      0.73738579      0.24570062      0.24703172       2.5136387       7.8252078       82.452267       3.8675318        3.8675318       82.452267                                82.452267
              2       45.770278     0.021961901      0.12387936     0.010408403      -1.7367354       1.6810998    2.100583e-09       0.2708797       107.62792      0.14648545      0.72905225       0.2456782      0.24700921       2.5232008       7.8407518       83.805492       3.8675318        3.8675318       83.805492                                83.805492
              7       46.226808     0.021888059      0.12465661     0.010404674      -1.7107953        1.639456    2.100583e-09      0.28067164       105.93361      0.14718886      0.71925818      0.24564585      0.24697674       2.5371286        7.869023       84.718552       3.8675318        3.8675318       84.718552                                84.718552
              5       46.657596     0.021909889      0.12467676     0.010404827      -1.7007545       1.6289225    2.100583e-09      0.28254465       105.57468      0.14723084      0.71738473      0.24565541      0.24698634        2.532999       7.8653959       85.580129       3.8675318        3.8675318       85.580129                                85.580129
              1       47.225344      0.02192113      0.12450962     0.010405058      -1.6828503       1.6121391    2.100583e-09      0.28515015       105.05122      0.14707494       0.7147785      0.24566033      0.24699128       2.5308765        7.862752       86.715624       3.8675318        3.8675318       86.715624                                86.715624
              2       47.242558     0.021968297      0.12338475     0.010406166      -1.6582323       1.5715978    2.100583e-09      0.28248163       105.35259      0.14599724      0.71744716      0.24568101      0.24701203       2.5219998       7.8352253       86.750053       3.8675318        3.8675318       86.750053                                86.750053
              1       47.606805     0.021947853      0.12361202      0.01040677      -1.6610177       1.5628678    2.100583e-09      0.28214295       105.48195      0.14620406      0.71778603      0.24567204      0.24700303       2.5258414       7.8411216       87.478546       3.8675318        3.8675318       87.478546                                87.478546
              2       48.018639     0.021952525       0.1234485     0.010407897      -1.6653911       1.5650731    2.100583e-09       0.2798738       105.88103      0.14604522      0.72005568      0.24567409      0.24700509       2.5249628       7.8369237       88.302215       3.8675318        3.8675318       88.302215                                88.302215
              5        48.46537       0.0220533      0.12294379     0.010408446      -1.6384503       1.5498248    2.100583e-09      0.28286484       105.16597      0.14564129      0.71706368      0.24571837      0.24704953       2.5061217       7.8117418       89.195677       3.8675318        3.8675318       89.195677                                89.195677
              1        49.41325     0.022137327      0.12233877     0.010410479      -1.6409211        1.573464    2.100583e-09      0.27965913       105.57815      0.14512029      0.72026995      0.24575529      0.24708659       2.4905737       7.7879874       91.091437       3.8675318        3.8675318       91.091437                                91.091437
              3        48.45768     0.022107608      0.12285548     0.010411149      -1.6620833       1.6392802    2.100583e-09      0.27920399       105.59633      0.14560728      0.72072544      0.24574226      0.24707351       2.4960563        7.811038       89.180296       3.8675318        3.8675318       89.180296                                89.180296
              1       46.927562     0.022015626      0.12307694     0.010409483      -1.6785332        1.644381    2.100583e-09      0.27814003       105.94938      0.14573676      0.72178973       0.2457018       0.2470329       2.5131402       7.8293199        86.12006       3.8675318        3.8675318        86.12006                                 86.12006
              3       46.943911     0.022019155      0.12301538     0.010409475      -1.6759267       1.6440804    2.100583e-09      0.27834206       105.88597      0.14567873      0.72158763      0.24570335      0.24703445       2.5124815       7.8285883       86.152759       3.8675318        3.8675318       86.152759                                86.152759
              7       46.008626     0.021971081      0.12531572     0.010402336      -1.7728505       1.6760666    2.100583e-09      0.27074645       107.98416      0.14793099      0.72918619      0.24568223      0.24701326       2.5214774       7.8478021       84.282189       3.8675318        3.8675318       84.282189                                84.282189
              2       46.222734     0.022049947      0.12517515     0.010403791      -1.7917763       1.6886397    2.100583e-09      0.26510949       109.07315      0.14786929      0.73482453       0.2457169      0.24704805       2.5067452       7.8247414       84.710404       3.8675318        3.8675318       84.710404                                84.710404
              3       44.961105     0.021916532      0.12557647     0.010403912      -1.8450125       1.7512668    2.100583e-09      0.25895393       110.49228      0.14813719      0.74098174      0.24565832      0.24698926       2.5317444       7.8578988       82.187146       3.8675318        3.8675318       82.187146                                82.187146
              8       45.415545     0.021869142      0.12554251     0.010403693       -1.860253       1.7524295    2.100583e-09       0.2554867       111.26861      0.14805584       0.7444498      0.24563756      0.24696843       2.5407154       7.8651461       83.096027       3.8675318        3.8675318       83.096027                                83.096027
             14       45.198791     0.021767849      0.12626915     0.010405517        -1.88772       1.8163189    2.100583e-09      0.25676824       111.13545      0.14868119      0.74316821      0.24559311      0.24692381        2.560051       7.9029284       82.662518       3.8675318        3.8675318       82.662518                                82.662518
              5       45.053343     0.021767481      0.12619485     0.010405405      -1.8796026       1.8100843    2.100583e-09      0.25794524       110.86455      0.14860652      0.74199088      0.24559295      0.24692365       2.5601217       7.9029022       82.371623       3.8675318        3.8675318       82.371623                                82.371623
             10       44.863588      0.02179089      0.12544552     0.010406247       -1.839562       1.7784653    2.100583e-09      0.26121498       110.00183       0.1478806      0.73872002      0.24560324      0.24693398       2.5556334       7.8913524       81.992112       3.8675318        3.8675318       81.992112                                81.992112
              2       44.342294     0.021871594      0.12539279     0.010406151      -1.8425084        1.788499    2.100583e-09      0.26029443       110.13552      0.14790858       0.7396408      0.24563864      0.24696951         2.54025       7.8723109       80.949525       3.8675318        3.8675318       80.949525                                80.949525
              2       46.099476     0.021913646      0.12495226     0.010407824      -1.7875976       1.7010044    2.100583e-09       0.2654514        109.0066       0.1475101      0.73448237      0.24565705      0.24698799       2.5322893       7.8568705       84.463889       3.8675318        3.8675318       84.463889                                84.463889
              3       46.018363     0.021958614      0.12490741     0.010407494      -1.7780569       1.6891008    2.100583e-09      0.26666342       108.73185      0.14751021      0.73327005      0.24567676      0.24700777       2.5238183       7.8462843       84.301663       3.8675318        3.8675318       84.301663                                84.301663
              1       46.508033     0.021991363      0.12389931     0.010402321      -1.7011605       1.6244821    2.100583e-09      0.27837509       106.19863      0.14653486        0.721555      0.24569113      0.24702219       2.5176761       7.8330976       85.281002       3.8675318        3.8675318       85.281002                                85.281002
              3       46.549301     0.021998018       0.1238072     0.010402418       -1.697847       1.6209902    2.100583e-09      0.27846602       106.16177      0.14644941      0.72146401      0.24569405      0.24702513       2.5164307        7.830566       85.363539       3.8675318        3.8675318       85.363539                                85.363539
              3       46.436767      0.02199451      0.12392682     0.010402578      -1.6995761       1.6235453    2.100583e-09      0.27877435        106.1245      0.14656552      0.72115565      0.24569251      0.24702358        2.517087       7.8331625       85.138471       3.8675318        3.8675318       85.138471                                85.138471
             10       45.669598     0.022033203      0.12410916     0.010403889      -1.7329708       1.6454627    2.100583e-09      0.27182128        107.5125      0.14678656      0.72811057      0.24570953      0.24704066       2.5098619       7.8212706       83.604133       3.8675318        3.8675318       83.604133                                83.604133
              3       45.297695     0.021818037      0.12445897     0.010400258      -1.8012525       1.7702234    2.100583e-09      0.26586158       108.75518      0.14692119      0.73407183      0.24561516      0.24694595       2.5504433       7.8782725       82.860326       3.8675318        3.8675318       82.860326                                82.860326
              6       45.716997       0.0218204      0.12434983     0.010399938      -1.7972823       1.7604568    2.100583e-09      0.26600494       108.72409      0.14681442      0.73392838       0.2456162      0.24694699       2.5499923       7.8752354        83.69893       3.8675318        3.8675318        83.69893                                 83.69893
              3       45.624592     0.021779406      0.12469868     0.010401966      -1.9050584       1.8620567    2.100583e-09      0.24800765       112.73537      0.14712228      0.75193031      0.24559819      0.24692892       2.5578338       7.8774853        83.51412       3.8675318        3.8675318        83.51412                                 83.51412
              3       45.789782     0.021753449      0.12477865     0.010401482      -1.9088325       1.8674267    2.100583e-09      0.24811671       112.73501      0.14717629      0.75182124      0.24558677      0.24691745       2.5628177       7.8846305         83.8445       3.8675318        3.8675318         83.8445                                  83.8445
              4       47.004675     0.021742917      0.12449352     0.010401557      -1.9260162       1.9007102    2.100583e-09         0.24416       113.55387      0.14688063      0.75577882      0.24558213      0.24691279        2.564844       7.8836898       86.274287       3.8675318        3.8675318       86.274287                                86.274287
              6       46.510092     0.021767745      0.12442661     0.010402173      -1.9191532       1.9081158    2.100583e-09      0.24465096        113.3553      0.14683855      0.75528772      0.24559306      0.24692377       2.5600711       7.8805082       85.285121       3.8675318        3.8675318       85.285121                                85.285121
              6       45.491072      0.02176959      0.12453583     0.010400621      -1.8751678       1.8531583    2.100583e-09      0.25323302        111.4655      0.14694961      0.74670356      0.24559388      0.24692458       2.5597169       7.8841281        83.24708       3.8675318        3.8675318        83.24708                                 83.24708
              4       45.894854      0.02177146      0.12437738     0.010400561      -1.8759459       1.8609869    2.100583e-09      0.25227262       111.61696      0.14679303      0.74766414       0.2455947      0.24692541        2.559358       7.8826492       84.054643       3.8675318        3.8675318       84.054643                                84.054643
              2       44.242458     0.021807261      0.12493752     0.010402468      -1.8715705       1.8237991    2.100583e-09      0.25455645       111.30974      0.14738898      0.74537999      0.24561043       0.2469412       2.5525017       7.8774909       80.749852       3.8675318        3.8675318       80.749852                                80.749852
             14       46.492665     0.021868985      0.12437455     0.010408381      -1.8519356       1.8110734    2.100583e-09      0.25324462       111.43975      0.14688773      0.74669193      0.24563749      0.24696836       2.5407452       7.8590759       85.250266       3.8675318        3.8675318       85.250266                                85.250266
              1       46.522274     0.021937085      0.12400165     0.010408677      -1.8371229       1.8061918    2.100583e-09      0.25375484       111.18888      0.14658292      0.74618145      0.24566732       0.2469983       2.5278685       7.8411947       85.309484       3.8675318        3.8675318       85.309484                                85.309484
              1       46.541743     0.021922718      0.12419869     0.010408572      -1.8475012       1.8104399    2.100583e-09      0.25288728       111.44759       0.1467656      0.74704931      0.24566103      0.24699198       2.5305769       7.8450788       85.348422       3.8675318        3.8675318       85.348422                                85.348422
              9       46.431887     0.021915634      0.12427091     0.010408551      -1.8515842       1.8179014    2.100583e-09      0.25265085       111.50693      0.14683073      0.74728582      0.24565792      0.24698886        2.531914       7.8480178       85.128711       3.8675318        3.8675318       85.128711                                85.128711
              3        46.53386     0.021930422      0.12445673     0.010408777      -1.8651576       1.8389966    2.100583e-09      0.25116214       111.84282      0.14703134      0.74877499       0.2456644      0.24699537        2.529124       7.8473852       85.332657       3.8675318        3.8675318       85.332657                                85.332657
              1       49.192604     0.021637424      0.12668991      0.01040846      -1.8692736        1.805641    2.100583e-09       0.2625049       110.03552      0.14897153      0.73743025      0.24553533      0.24686582       2.5852736       7.9442826       90.650145       3.8675318        3.8675318       90.650145                                90.650145
              1       49.555302     0.021718432      0.12661424     0.010409126      -1.8394894       1.7591197    2.100583e-09      0.26580792       109.31795      0.14897687      0.73412641      0.24557131      0.24690194        2.569564       7.9244256        91.37554       3.8675318        3.8675318        91.37554                                 91.37554
              1       49.263263     0.021711778      0.12607596     0.010409021      -1.8057732       1.7153768    2.100583e-09      0.26854207       108.67559      0.14843193      0.73139135      0.24556837      0.24689898        2.570849       7.9196878       90.791463       3.8675318        3.8675318       90.791463                                90.791463
              3       47.953067      0.02173567      0.12604322     0.010408156      -1.8180977       1.7250567    2.100583e-09      0.26606232       109.16828      0.14842308       0.7338717      0.24557893      0.24690958       2.5662397       7.9116401       88.171071       3.8675318        3.8675318       88.171071                                88.171071
              3       47.658873     0.021721933      0.12592356     0.010408169      -1.8257171       1.7436107    2.100583e-09      0.26484691       109.39207      0.14828968      0.73508736      0.24557286      0.24690349       2.5688884        7.913826       87.582682       3.8675318        3.8675318       87.582682                                87.582682
              3       47.795644     0.021700483      0.12605503     0.010407819      -1.8218058       1.7388558    2.100583e-09      0.26643675       109.09901      0.14839971      0.73349718      0.24556337      0.24689397       2.5730325       7.9211869       87.856225       3.8675318        3.8675318       87.856225                                87.856225
              1        46.72943     0.021635087      0.12749026     0.010405118      -1.9821508       1.9481431    2.100583e-09      0.24955392       112.96786      0.14976954      0.75038476      0.24553429      0.24686477        2.585729       7.9499582       85.723797       3.8675318        3.8675318       85.723797                                85.723797
              5        47.15549     0.021614242      0.12745311     0.010405684      -1.9826021        1.957931    2.100583e-09      0.24942204       112.97692      0.14971154      0.75051665      0.24552496      0.24685541       2.5897959       7.9559113       86.575917       3.8675318        3.8675318       86.575917                                86.575917
              1       47.215761     0.021612065      0.12749067     0.010405643      -1.9836946       1.9593812    2.100583e-09      0.24946986       112.97367      0.14974693      0.75046883      0.24552398      0.24685443       2.5902212        7.956968       86.696458       3.8675318        3.8675318       86.696458                                86.696458
              1       47.249169     0.021606814        0.127503     0.010405587       -1.985974       1.9619165    2.100583e-09      0.24921257       113.03676        0.149754      0.75072618      0.24552163      0.24685207       2.5912474       7.9582396       86.763275       3.8675318        3.8675318       86.763275                                86.763275
              5       47.646244     0.021603693      0.12745809     0.010406202       -1.985022       1.9674831    2.100583e-09      0.24901735       113.05393      0.14970597      0.75092144      0.24552023      0.24685066       2.5918576       7.9595784       87.557424       3.8675318        3.8675318       87.557424                                87.557424
              2       47.724145     0.021608096       0.1273034     0.010406551      -1.9502259       1.9351759    2.100583e-09      0.25385212       111.92016      0.14955569      0.74608541       0.2455222      0.24685265       2.5909967       7.9601101       87.713226       3.8675318        3.8675318       87.713226                                87.713226
              1       46.582931     0.021654693      0.12741923     0.010404843       -1.986003       1.9312336    2.100583e-09      0.24778449       113.38842      0.14971811       0.7521546      0.24554303      0.24687355       2.5819127       7.9408712       85.430799       3.8675318        3.8675318       85.430799                                85.430799
              2       44.362967     0.021749128      0.12664018     0.010402987      -1.9703193        1.963252    2.100583e-09      0.24725403       113.18939       0.1490335      0.75268491      0.24558486      0.24691554       2.5636487       7.9145708       80.990871       3.8675318        3.8675318       80.990871                                80.990871
              9       45.626946     0.021860516      0.12719574     0.010402899      -1.9445712       1.9255824    2.100583e-09      0.25383977       111.79577      0.14970044      0.74609783      0.24563378      0.24696464       2.5423535       7.8971211       83.518829       3.8675318        3.8675318       83.518829                                83.518829
              1       45.705286     0.021730343      0.12620086      0.01040347      -1.8212981       1.7693922    2.100583e-09      0.27020368       108.29633      0.14857539      0.72972939      0.24557658      0.24690722       2.5672663       7.9202088       83.675508       3.8675318        3.8675318       83.675508                                83.675508
              3       44.186807     0.021849309      0.12477093     0.010404762      -1.7730883       1.7694344    2.100583e-09      0.27059274       107.68444      0.14726443      0.72933964      0.24562887      0.24695971        2.544484       7.8873719       80.638551       3.8675318        3.8675318       80.638551                                80.638551
              4       44.110759     0.021828197      0.12498627     0.010404581       -1.787357       1.7811156    2.100583e-09       0.2694229        107.9944      0.14745866      0.73050986      0.24561962      0.24695042       2.5485049       7.8928241       80.486455       3.8675318        3.8675318       80.486455                                80.486455
              1       44.112044     0.021780612       0.1254663     0.010404095      -1.8192802       1.8072505    2.100583e-09      0.26677538       108.69203       0.1478911      0.73315824      0.24559872      0.24692945       2.5576027        7.905526       80.489024       3.8675318        3.8675318       80.489024                                80.489024
              2       44.095975     0.021811762      0.12547997     0.010404107      -1.8137798       1.7792493    2.100583e-09      0.26765398       108.59404      0.14793592      0.73227944      0.24561241      0.24694318       2.5516416       7.8940457       80.456887       3.8675318        3.8675318       80.456887                                80.456887
              1       44.099244     0.021760588      0.12520619     0.010403225      -1.8237519       1.7866439    2.100583e-09      0.26492829       109.13715      0.14761097      0.73500566      0.24558991      0.24692061       2.5614455       7.9000866       80.463424       3.8675318        3.8675318       80.463424                                80.463424
              4       43.382762      0.02186645      0.12500139      0.01040275      -1.8500529       1.8374461    2.100583e-09      0.25873022       110.26211      0.14751203      0.74120523      0.24563638      0.24696725       2.5412265       7.8739749       79.030461       3.8675318        3.8675318       79.030461                                79.030461
              2       43.489917     0.021850925      0.12501721     0.010403456      -1.8567752       1.8563694    2.100583e-09      0.25708347       110.55916      0.14751232       0.7428524      0.24562958      0.24696042       2.5441767       7.8802621        79.24477       3.8675318        3.8675318        79.24477                                 79.24477
              1       43.348263     0.021894169      0.12481124     0.010403082      -1.8191488       1.8075121    2.100583e-09      0.26303025       109.28771       0.1473496      0.73690405      0.24564852      0.24697943       2.5359718       7.8686941       78.961461       3.8675318        3.8675318       78.961461                                78.961461
             12       43.493957     0.021883671      0.12462674     0.010402569      -1.8215084       1.8074323    2.100583e-09      0.26192998       109.50213       0.1471546      0.73800452      0.24564393      0.24697482       2.5379599       7.8673306       79.252849       3.8675318        3.8675318       79.252849                                79.252849
              1       43.717871     0.021849692       0.1243868     0.010403776      -1.8107364       1.8083468    2.100583e-09      0.26203721        109.3744      0.14688068      0.73789713      0.24562904      0.24695988       2.5444112       7.8764835       79.700679       3.8675318        3.8675318       79.700679                                79.700679
              4       44.297814     0.021742231      0.12487131     0.010402514      -1.8284937       1.8136359    2.100583e-09      0.26280283       109.43858      0.14725773      0.73713149      0.24558182      0.24691249        2.564976       7.9033394       80.860563       3.8675318        3.8675318       80.860563                                80.860563
              2       44.336836     0.021951357      0.12544334     0.010405931      -1.8397526       1.7932245    2.100583e-09      0.26094599       109.95209      0.14803889      0.73898914      0.24567358      0.24700457       2.5251824        7.855914       80.938608       3.8675318        3.8675318       80.938608                                80.938608
              8       43.961764     0.021966494      0.12521525     0.010405707      -1.8641155       1.8391658    2.100583e-09      0.25591404       110.91926      0.14782593      0.74402225      0.24568022      0.24701124       2.5223383       7.8501598       80.188465       3.8675318        3.8675318       80.188465                                80.188465
              8       43.810872     0.021946159       0.1256324     0.010404579      -1.8666181        1.842713    2.100583e-09       0.2580902       110.53415      0.14822276      0.74184572       0.2456713      0.24700229       2.5261602        7.860917        79.88668       3.8675318        3.8675318        79.88668                                 79.88668
              3       43.487644     0.021904414      0.12545434     0.010403625      -1.8850133       1.8570876    2.100583e-09      0.25446052       111.32803      0.14800295       0.7454762      0.24565301      0.24698393       2.5340338       7.8648976       79.240224       3.8675318        3.8675318       79.240224                                79.240224
              1       44.834012     0.021723337      0.12687018      0.01040254      -1.9587846       1.9070554    2.100583e-09      0.24988726       112.76799      0.14923771      0.75005112      0.24557348      0.24690411       2.5686174       7.9181673        81.93296       3.8675318        3.8675318        81.93296                                 81.93296
              4       44.025962     0.021834775      0.12629609     0.010404284      -1.9040767       1.8943778    2.100583e-09      0.25569034       111.18317      0.14877505      0.74424641       0.2456225      0.24695331       2.5472511       7.8958869       80.316861       3.8675318        3.8675318       80.316861                                80.316861
              1       44.063827      0.02184735      0.12612537     0.010405078       -1.903201       1.8949145    2.100583e-09      0.25460234       111.37551      0.14861691      0.74533461      0.24562802      0.24695885       2.5448567       7.8908969       80.392591       3.8675318        3.8675318       80.392591                                80.392591
              2       44.180278     0.021803732      0.12641275     0.010404133      -1.9004698       1.8707292    2.100583e-09      0.25714387       110.97916      0.14886067      0.74279255      0.24560888      0.24693965       2.5531762       7.9014936       80.625493       3.8675318        3.8675318       80.625493                                80.625493
              8       44.144894     0.021854935       0.1263123     0.010403841       -1.887437       1.8623022    2.100583e-09      0.25873152       110.57652      0.14881143       0.7412045      0.24563134      0.24696218       2.5434141        7.890012       80.554724       3.8675318        3.8675318       80.554724                                80.554724
              1       44.508069     0.021973321      0.12581227      0.01040396      -1.9234352       1.8992827    2.100583e-09      0.24921983       112.52706      0.14842978      0.75071838      0.24568321      0.24701424       2.5210572       7.8508557       81.281075       3.8675318        3.8675318       81.281075                                81.281075
              2       45.784593     0.022043558      0.12596758     0.010405332      -1.9104799       1.8796386    2.100583e-09      0.25128236       112.07658      0.14865533      0.74865544      0.24571409      0.24704523       2.5079337       7.8373601       83.834122       3.8675318        3.8675318       83.834122                                83.834122
              4       45.945818      0.02199341      0.12624099     0.010405104      -1.9205301        1.863848    2.100583e-09      0.25045611       112.39784      0.14887859      0.74948198      0.24569203      0.24702309       2.5172929       7.8480905       84.156572       3.8675318        3.8675318       84.156572                                84.156572
              3       45.795847     0.021934098      0.12659009     0.010402804         -1.9506        1.884091    2.100583e-09      0.24776127       113.11997      0.14916838       0.7521776      0.24566601      0.24699698       2.5284312       7.8627028        83.85663       3.8675318        3.8675318        83.85663                                 83.85663
             13       45.693557     0.022011809      0.12596154     0.010402708      -1.9162565       1.8561289    2.100583e-09      0.25023038       112.39406      0.14861754      0.74970766      0.24570012      0.24703121       2.5138529        7.838879        83.65205       3.8675318        3.8675318        83.65205                                 83.65205
              2       45.693602     0.022022377      0.12581255     0.010402601      -1.9104141       1.8504977    2.100583e-09      0.25045099        112.3109      0.14847912      0.74948693      0.24570476      0.24703588       2.5118804       7.8347008       83.652141       3.8675318        3.8675318       83.652141                                83.652141
              1       46.806301     0.022088223      0.12618807     0.010402398      -1.9187657       1.9086187    2.100583e-09      0.25170084       111.93012      0.14892048      0.74823695      0.24573374      0.24706496       2.4996421       7.8327056       85.877539       3.8675318        3.8675318       85.877539                                85.877539
              4       47.108305      0.02203641      0.12667043     0.010401386      -1.9501908       1.9320564    2.100583e-09      0.24957064       112.56653      0.14935103      0.75036786      0.24571094      0.24704207       2.5092645       7.8469687       86.481546       3.8675318        3.8675318       86.481546                                86.481546
              5       46.587173     0.022058554        0.125171     0.010400413      -1.9252503       1.9107718    2.100583e-09      0.24626433       113.00431      0.14787374      0.75367438      0.24572069      0.24705186       2.5051452       7.8220391       85.439282       3.8675318        3.8675318       85.439282                                85.439282
              2       44.947141     0.021813923      0.12671568     0.010400903      -1.9956496       1.9865647    2.100583e-09      0.24380353       113.99011       0.1491738      0.75613632      0.24561336      0.24694413       2.5512288       7.8968922       82.159217       3.8675318        3.8675318       82.159217                                82.159217
             12       44.689962     0.021802814      0.12655904     0.010400852      -1.9821376       1.9731703    2.100583e-09      0.24527237       113.61827      0.14900605      0.75466705      0.24560848      0.24693924       2.5533519       7.8984775        81.64486       3.8675318        3.8675318        81.64486                                 81.64486
              8       44.890406     0.021771225      0.12663107     0.010400201      -1.9830021       1.9686947    2.100583e-09      0.24592942       113.51593      0.14904649      0.75400985       0.2455946       0.2469253       2.5594031       7.9059089       82.045749       3.8675318        3.8675318       82.045749                                82.045749
              6       44.853807     0.021769508      0.12659162     0.010400203      -1.9806597       1.9670704    2.100583e-09      0.24611758       113.46251      0.14900532      0.75382163      0.24559384      0.24692455       2.5597326       7.9060666       81.972551       3.8675318        3.8675318       81.972551                                81.972551
              2       43.774322     0.021813111      0.12600863     0.010401925      -1.9225261       1.9143168    2.100583e-09      0.25190972       111.97403      0.14846593      0.74802783        0.245613      0.24694378        2.551384       7.8942966        79.81358       3.8675318        3.8675318        79.81358                                 79.81358
              8        43.94693     0.021857285      0.12594751     0.010401684      -1.9221812         1.91953    2.100583e-09      0.25131644       112.04604      0.14844898      0.74862126      0.24563237      0.24696322       2.5429673       7.8841088       80.158795       3.8675318        3.8675318       80.158795                                80.158795
              9        43.92371     0.021858086      0.12596831     0.010401826      -1.9216519       1.9194479    2.100583e-09      0.25144801       112.01753      0.14847058      0.74848966      0.24563272      0.24696357       2.5428152       7.8844332       80.112357       3.8675318        3.8675318       80.112357                                80.112357
              5       45.015089     0.022099322       0.1250177     0.010405276       -1.844442       1.8352489    2.100583e-09      0.25757002       110.38229      0.14776121      0.74236583      0.24573862      0.24706985       2.4975882       7.8221262       82.295115       3.8675318        3.8675318       82.295115                                82.295115
              6        43.60244     0.021908263      0.12521677     0.010402448      -1.8805315       1.8529823    2.100583e-09      0.25436744        111.3001      0.14776922      0.74556921       0.2456547      0.24698562       2.5333063       7.8606475       79.469816       3.8675318        3.8675318       79.469816                                79.469816
              3       44.364022     0.021822517      0.12540123     0.010400817      -1.9212055       1.8975352    2.100583e-09      0.24936316        112.4883      0.14786794      0.75057478      0.24561713      0.24694792       2.5495882        7.879559       80.992981       3.8675318        3.8675318       80.992981                                80.992981
              1        44.61587      0.02181849       0.1255299     0.010400602      -1.9334158       1.9021314    2.100583e-09      0.24792669       112.86773      0.14799258      0.75201166      0.24561536      0.24694615       2.5503567       7.8798252       81.496676       3.8675318        3.8675318       81.496676                                81.496676
              7       45.853748     0.022137999      0.12478663     0.010403086      -1.8669102        1.846832    2.100583e-09      0.25305639       111.36596      0.14756882       0.7468805      0.24575559      0.24708688         2.49045       7.8039849       83.972432       3.8675318        3.8675318       83.972432                                83.972432
              8       44.800996     0.022009998      0.12522315     0.010402586      -1.9085682       1.8786104    2.100583e-09      0.24888197       112.49055      0.14787734      0.75105609      0.24569932      0.24703041       2.5141912       7.8334971       81.866929       3.8675318        3.8675318       81.866929                                81.866929
              2       44.563546     0.021986492      0.12526587     0.010401864      -1.8994496       1.8673552    2.100583e-09      0.25097972       112.04231      0.14789656      0.74895783      0.24568899      0.24702004       2.5185883       7.8400573       81.392029       3.8675318        3.8675318       81.392029                                81.392029
              2       46.032039     0.021979379      0.12573944     0.010400925      -1.9159311       1.8442515    2.100583e-09      0.24930327       112.59454      0.14836301      0.75063489      0.24568587      0.24701691        2.519921       7.8410623       84.329015       3.8675318        3.8675318       84.329015                                84.329015
              4       46.084135     0.021974768      0.12579939      0.01040078      -1.9185631       1.8465575    2.100583e-09      0.24921548       112.62836      0.14841835      0.75072272      0.24568385      0.24701488       2.5207856       7.8427419       84.433207       3.8675318        3.8675318       84.433207                                84.433207
              6       46.200971     0.022018276       0.1252889     0.010401067      -1.8893655       1.8166417    2.100583e-09      0.25123643       112.05734      0.14795136      0.74870108      0.24570296      0.24703407       2.5126455       7.8275172       84.666879       3.8675318        3.8675318       84.666879                                84.666879
              1       45.437921     0.021957665       0.1249949     0.010399648      -1.8298276       1.7891653    2.100583e-09      0.26256966       109.51018      0.14759676      0.73736487      0.24567634      0.24700735       2.5239966       7.8482475       83.140779       3.8675318        3.8675318       83.140779                                83.140779
              7        44.32155     0.022041803      0.12453415     0.010405168      -1.7632726       1.7442597    2.100583e-09      0.27046487       107.66553      0.14722014      0.72946752      0.24571331      0.24704446       2.5082605       7.8360709       80.908037       3.8675318        3.8675318       80.908037                                80.908037
              1        43.72409     0.021955184      0.12462949     0.010405918      -1.8078517       1.7726687    2.100583e-09      0.26291395       109.34698      0.14722886      0.73702033      0.24567526      0.24700626        2.524463       7.8484452       79.713116       3.8675318        3.8675318       79.713116                                79.713116
              7       45.236102     0.021850658      0.12536117     0.010406918      -1.7845732       1.7531029    2.100583e-09       0.2713691       107.78686      0.14785602      0.72856336      0.24562946       0.2469603       2.5442275       7.8879128        82.73714       3.8675318        3.8675318        82.73714                                 82.73714
              1       45.011109     0.021859548      0.12531932       0.0104066      -1.7832818       1.7533989    2.100583e-09      0.27145738       107.75125      0.14782306      0.72847504      0.24563336      0.24696421       2.5425373       7.8856135       82.287155       3.8675318        3.8675318       82.287155                                82.287155
              2       44.857254     0.021853899      0.12548001     0.010406203       -1.799162        1.749067    2.100583e-09      0.26895115       108.35276       0.1479781      0.73098196      0.24563088      0.24696173       2.5436111       7.8833423       81.979444       3.8675318        3.8675318       81.979444                                81.979444
              3       45.521981     0.021869831      0.12372826      0.01040678      -1.7485193        1.691269    2.100583e-09      0.26880671       108.06406      0.14624228      0.73112565      0.24563786      0.24696873       2.5405846       7.8577448       83.308898       3.8675318        3.8675318       83.308898                                83.308898
              3       45.113314     0.021877011      0.12390757     0.010405248      -1.7660215       1.6973171    2.100583e-09      0.26623067       108.64438      0.14642877      0.73370242      0.24564101      0.24697189       2.5392224       7.8541957       82.491565       3.8675318        3.8675318       82.491565                                82.491565
              2       44.766707      0.02188312       0.1239161     0.010404394      -1.7831666       1.7222831    2.100583e-09      0.26372537       109.14572      0.14644341      0.73620835      0.24564369      0.24697457       2.5380644       7.8520579        81.79835       3.8675318        3.8675318        81.79835                                 81.79835
              2       44.102155     0.021921464      0.12442044     0.010404647      -1.7990262       1.7383186    2.100583e-09      0.26308661       109.35553      0.14698609      0.73684752      0.24566048      0.24699143       2.5308134       7.8490569       80.469246       3.8675318        3.8675318       80.469246                                80.469246
              5       44.707336     0.021997436      0.12464626     0.010404153      -1.8253652       1.7544714    2.100583e-09      0.25856219       110.33837      0.14728788       0.7413732       0.2456938      0.24702487       2.5165395       7.8301043       81.679609       3.8675318        3.8675318       81.679609                                81.679609
              1       44.272382     0.021951908       0.1253099     0.010403596      -1.8612871       1.7979372    2.100583e-09      0.25638391       110.94211        0.147906       0.7435523      0.24567382      0.24700482       2.5250788        7.848113       80.809701       3.8675318        3.8675318       80.809701                                80.809701
              2       45.442299     0.021814127      0.12579453     0.010401681      -1.9184563       1.8291132    2.100583e-09      0.24888658       112.79673      0.14825285      0.75105164      0.24561345      0.24694422       2.5511899       7.8784403       83.149534       3.8675318        3.8675318       83.149534                                83.149534
              4        46.21235     0.021778943      0.12569041      0.01039936      -1.8763761       1.7831708    2.100583e-09      0.25629482       111.15177      0.14811354      0.74364149      0.24559799      0.24692871       2.5579225       7.8881082       84.689636       3.8675318        3.8675318       84.689636                                84.689636
              5       45.380013     0.021860285      0.12554036     0.010399713      -1.9110666        1.852684    2.100583e-09      0.25086878       112.24158      0.14804483      0.74906886      0.24563368      0.24696453       2.5423973       7.8679616       83.024963       3.8675318        3.8675318       83.024963                                83.024963
              1        45.52849     0.021835985      0.12564368     0.010399219      -1.9187955       1.8660315    2.100583e-09      0.25062375        112.3184      0.14812385      0.74931398      0.24562303      0.24695385       2.5470206       7.8752412       83.321917       3.8675318        3.8675318       83.321917                                83.321917
              3        46.19336     0.021860111      0.12633248     0.010405287      -1.8157084         1.79996    2.100583e-09      0.27118095       107.94138      0.14883679        0.728752      0.24563361      0.24696446       2.5424304       7.8996961       84.651657       3.8675318        3.8675318       84.651657                                84.651657
             11       46.517461     0.021840738      0.12649251     0.010405651      -1.8237176       1.8069312    2.100583e-09      0.27058775       108.10585      0.14897744       0.7293454      0.24562512      0.24695594       2.5461153       7.9055718       85.299859       3.8675318        3.8675318       85.299859                                85.299859
              1       46.486606     0.021841185      0.12646704     0.010405686      -1.8224739       1.8059873    2.100583e-09      0.27066125       108.08441      0.14895241      0.72927188      0.24562531      0.24695613       2.5460302       7.9053076       85.238148       3.8675318        3.8675318       85.238148                                85.238148
              2       45.334363     0.021760502      0.12633683     0.010403811       -1.837742       1.7813575    2.100583e-09      0.26742227        108.8815      0.14874153      0.73251156      0.24558988      0.24692057        2.561462       7.9126742       82.933662       3.8675318        3.8675318       82.933662                                82.933662
              2       44.903295     0.021913096      0.12458511     0.010406335      -1.7494361       1.6914802    2.100583e-09      0.27290145       107.38637      0.14714239       0.7270303      0.24565681      0.24698775       2.5323932       7.8602793       82.071527       3.8675318        3.8675318       82.071527                                82.071527
              2       46.007768     0.021855345      0.12513644      0.01040882      -1.7914626       1.7619273    2.100583e-09      0.26832365       108.34871      0.14763597      0.73160947      0.24563152      0.24696236       2.5433361       7.8834484       84.280472       3.8675318        3.8675318       84.280472                                84.280472
             12       46.229904     0.022049089      0.12562837     0.010407102      -1.8973132       1.8963246    2.100583e-09      0.25099759       111.94006      0.14832165      0.74894013      0.24571652      0.24704767       2.5069048       7.8389663       84.724745       3.8675318        3.8675318       84.724745                                84.724745
              1       44.518441     0.021908918      0.12606218     0.010404269      -1.8443926       1.8243426    2.100583e-09      0.26464491       109.22762      0.14861529      0.73528955      0.24565498      0.24698591       2.5331824       7.8794472       81.301819       3.8675318        3.8675318       81.301819                                81.301819
              3       44.457872     0.021905877      0.12539816     0.010400504      -1.8778816       1.8387561    2.100583e-09      0.25613251       110.98552      0.14794823      0.74380377      0.24565365      0.24698458       2.5337572       7.8617085       81.180681       3.8675318        3.8675318       81.180681                                81.180681
              3       44.570188     0.021904092      0.12548164     0.010400368      -1.8826534       1.8416749    2.100583e-09      0.25572411       111.09652      0.14802993      0.74421232      0.24565287      0.24698379       2.5340946       7.8625474       81.405313       3.8675318        3.8675318       81.405313                                81.405313
              6        45.38412     0.021838241      0.12536594     0.010399564      -1.9139712       1.8661683    2.100583e-09      0.25010178       112.37206      0.14784837      0.74983597      0.24562402      0.24695484       2.5465908       7.8717082       83.033176       3.8675318        3.8675318       83.033176                                83.033176
              7        45.52549     0.021770965      0.12641335     0.010401819      -1.8472703       1.7721424    2.100583e-09       0.2656742       109.28071      0.14882851       0.7342601      0.24559448      0.24692519        2.559453       7.9070829       83.315917       3.8675318        3.8675318       83.315917                                83.315917
              2       46.062806     0.021866933      0.12672688     0.010403865      -1.8562591       1.7813673    2.100583e-09      0.26445744       109.54388        0.149238      0.73547735       0.2456366      0.24696746       2.5411348       7.8887921       84.390548       3.8675318        3.8675318       84.390548                                84.390548
              6       45.943581      0.02186631      0.12672594     0.010403827      -1.8605292       1.7878828    2.100583e-09      0.26383339       109.67106      0.14923644      0.73610155      0.24563632      0.24696718       2.5412531       7.8888058       84.152098       3.8675318        3.8675318       84.152098                                84.152098
              1        46.83308     0.021855556      0.12707703     0.010404014      -1.8674011       1.8001082    2.100583e-09      0.26476535       109.53833      0.14957678      0.73516951      0.24563161      0.24696246        2.543296       7.8968819       85.931097       3.8675318        3.8675318       85.931097                                85.931097
              7        46.05608     0.021863855      0.12649899     0.010402919      -1.8304339        1.770437    2.100583e-09      0.26908414       108.53171      0.14900704       0.7308494      0.24563525       0.2469661       2.5417192       7.8906617       84.377096       3.8675318        3.8675318       84.377096                                84.377096
              1       45.933356     0.021813506      0.12665489     0.010402807       -1.847349        1.762742    2.100583e-09      0.26577784       109.29404      0.14911259      0.73415656      0.24561317      0.24694395       2.5513084       7.8996184       84.131648       3.8675318        3.8675318       84.131648                                84.131648
              1       46.198493     0.021816764      0.12674838     0.010403021      -1.8467735       1.7599514    2.100583e-09      0.26614679       109.23559      0.14920934      0.73378757       0.2456146      0.24694539       2.5506863       7.9000993       84.661923       3.8675318        3.8675318       84.661923                                84.661923
              4       45.841863     0.021889361      0.12607832     0.010403749       -1.804575        1.714394    2.100583e-09      0.26937822       108.42622      0.14861187      0.73055507      0.24564642      0.24697732        2.536882       7.8765785       83.948662       3.8675318        3.8675318       83.948662                                83.948662
              1       47.447714      0.02214645      0.12533002     0.010404865      -1.7769664       1.7124138    2.100583e-09       0.2702748       107.95517      0.14812067      0.72965805      0.24575928      0.24709059       2.4888943       7.8126213       87.160364       3.8675318        3.8675318       87.160364                                87.160364
              1       48.138849     0.022157337      0.12536716     0.010404797      -1.7668097       1.6928649    2.100583e-09      0.27178914       107.67078      0.14816869      0.72814335      0.24576404      0.24709537       2.4868924         7.81024       88.542635       3.8675318        3.8675318       88.542635                                88.542635
              7       48.197067      0.02216083      0.12537994     0.010404832      -1.7686887       1.6948798    2.100583e-09      0.27147747       107.73335      0.14818496      0.72845511      0.24576557       0.2470969       2.4862505       7.8094476        88.65907       3.8675318        3.8675318        88.65907                                 88.65907
              1       48.030903     0.021816033      0.12675944     0.010403988      -1.8078781       1.6324997    2.100583e-09      0.26640625       109.22817      0.14921966      0.73352804      0.24561428      0.24694506       2.5508259       7.8937694       88.326742       3.8675318        3.8675318       88.326742                                88.326742
              1       48.161637     0.021766891      0.12746728     0.010403005      -1.8796263       1.7112496    2.100583e-09      0.25881617       110.96688      0.14987836      0.74112027      0.24559269      0.24692339       2.5602349       7.9109754        88.58821       3.8675318        3.8675318        88.58821                                 88.58821
              3       47.112168     0.021681288      0.12698639     0.010402201      -1.8746876       1.7305498    2.100583e-09      0.25961677        110.7441      0.14931187      0.74031924      0.24555486      0.24688542       2.5767494       7.9266008       86.489272       3.8675318        3.8675318       86.489272                                86.489272
              4       47.162186     0.021705568      0.12544671     0.010404527      -1.7760932       1.6480293    2.100583e-09      0.26937848       108.42609      0.14779647      0.73055444      0.24556562      0.24689623       2.5720491       7.9082847       86.589309       3.8675318        3.8675318       86.589309                                86.589309
              1       46.934937     0.021712032      0.12626869     0.010404295      -1.8174068       1.6812716    2.100583e-09      0.26562263       109.33894      0.14862491       0.7343116      0.24556848       0.2468991          2.5708       7.9144752       86.134811       3.8675318        3.8675318       86.134811                                86.134811
              4       46.808507     0.021764718      0.12586388     0.010403272      -1.8100555       1.6551857    2.100583e-09      0.26337033       109.71586      0.14827279       0.7365643      0.24559173      0.24692243       2.5606522       7.8938748       85.881951       3.8675318        3.8675318       85.881951                                85.881951
              5       46.425246      0.02183239      0.12503413     0.010403349      -1.7627862       1.6277672    2.100583e-09      0.26872528       108.43001      0.14751071      0.73120767      0.24562146      0.24695226       2.5477056       7.8720012       85.115428       3.8675318        3.8675318       85.115428                                85.115428
              3       46.284265     0.021762493      0.12485879     0.010401166      -1.8846072       1.8077204    2.100583e-09       0.2510979       112.13407      0.14726548      0.74883935      0.24559075      0.24692145       2.5610795       7.8807936       84.833467       3.8675318        3.8675318       84.833467                                84.833467
              3       46.246049     0.021761575      0.12484256     0.010401127      -1.8825409       1.8068831    2.100583e-09      0.25146165        112.0485      0.14724833       0.7484755      0.24559035      0.24692104       2.5612559       7.8811265       84.757035       3.8675318        3.8675318       84.757035                                84.757035
              2       46.396718       0.0218647      0.12580135     0.010402537      -1.7708872       1.6791015    2.100583e-09      0.27461685       107.34775      0.14831024        0.725315      0.24563562      0.24696648       2.5415587       7.8811779       85.058373       3.8675318        3.8675318       85.058373                                85.058373
              5       46.446383     0.021856945      0.12592105     0.010402416      -1.7778286       1.6834076    2.100583e-09      0.27384803       107.52648      0.14842219      0.72608407      0.24563222      0.24696307        2.543032       7.8836866       85.157702       3.8675318        3.8675318       85.157702                                85.157702
              2       46.414398     0.021950861      0.12547787     0.010406048      -1.7550061       1.6756211    2.100583e-09      0.27512018       107.13533      0.14807292      0.72481144      0.24567336      0.24700436       2.5252757       7.8605317       85.093733       3.8675318        3.8675318       85.093733                                85.093733
              2       49.435437      0.02198581      0.12520316     0.010407394      -1.6841998       1.5557538    2.100583e-09       0.2829317       105.62549      0.14783316      0.71699786      0.24568869      0.24701974        2.518716       7.8489588       91.135809       3.8675318        3.8675318       91.135809                                91.135809
              1       49.581867     0.021930774      0.12438705     0.010407809      -1.6466372       1.5224899    2.100583e-09      0.28665258        104.8155      0.14696202      0.71327563      0.24566456      0.24699552       2.5290576       7.8545092        91.42867       3.8675318        3.8675318        91.42867                                 91.42867
              3       48.292591     0.021945938      0.12421927     0.010406388      -1.6636446       1.5302929    2.100583e-09      0.28191776       105.66403       0.1468094      0.71801157       0.2456712      0.24700219       2.5262019       7.8446454       88.850119       3.8675318        3.8675318       88.850119                                88.850119
              6       48.423575      0.02195345      0.12410675     0.010406282      -1.6577001       1.5223456    2.100583e-09      0.28231271       105.56809      0.14670439      0.71761647      0.24567449       0.2470055       2.5247889       7.8415439       89.112087       3.8675318        3.8675318       89.112087                                89.112087
              1       47.291816     0.022019705      0.12374852     0.010405934      -1.6959796       1.5752544    2.100583e-09      0.27393864       107.06911      0.14641241       0.7259925      0.24570359       0.2470347       2.5123788        7.818438       86.848568       3.8675318        3.8675318       86.848568                                86.848568
              1       47.989253     0.022000761      0.12359831     0.010409378      -1.6848638       1.5982893    2.100583e-09      0.27711728       106.39487      0.14624326      0.72281298      0.24569526      0.24702634       2.5159177       7.8283778       88.243443       3.8675318        3.8675318       88.243443                                88.243443
              1       47.414668     0.021978049      0.12275701      0.01040707      -1.6827943       1.6017482    2.100583e-09       0.2744346       106.76379      0.14537925      0.72549593      0.24568528      0.24701632       2.5201705       7.8216273       87.094272       3.8675318        3.8675318       87.094272                                87.094272
              7       47.366014     0.021976685       0.1227784     0.010407016        -1.68347       1.6023189    2.100583e-09       0.2744272          106.77      0.14539928      0.72550334      0.24568469      0.24701572       2.5204261        7.822146       86.996965       3.8675318        3.8675318       86.996965                                86.996965
              4        47.74894     0.021884479      0.12602027     0.010401287      -1.9164904       1.7748335    2.100583e-09      0.24667003       113.34035      0.14854894      0.75326886      0.24564428      0.24697517       2.5378069       7.8596109       87.762817       3.8675318        3.8675318       87.762817                                87.762817
              2       47.815615     0.021911586      0.12588447      0.01040175      -1.9052979       1.7622479    2.100583e-09      0.24744236       113.12567      0.14844025      0.75249629      0.24565615      0.24698709       2.5326785       7.8520038       87.896167       3.8675318        3.8675318       87.896167                                87.896167
              4       46.936646     0.021856964      0.12643819     0.010403158      -1.9264917       1.7957259    2.100583e-09      0.24747137       113.24252      0.14893934      0.75246748      0.24563223      0.24696307       2.5430283       7.8733458       86.138229       3.8675318        3.8675318       86.138229                                86.138229
              2       46.698497     0.021700483      0.12743773     0.010401068      -1.9848374       1.8820516    2.100583e-09      0.24643962       113.72619      0.14978241      0.75349982      0.24556337      0.24689397       2.5730324       7.9240123       85.661931       3.8675318        3.8675318       85.661931                                85.661931
              1       48.518515     0.021673213      0.12843997      0.01040164       -2.007738       1.9062274    2.100583e-09      0.24806697       113.54749      0.15075738      0.75187247      0.24555127      0.24688182       2.5783154       7.9448796       89.301967       3.8675318        3.8675318       89.301967                                89.301967
              6       45.927339     0.021823591      0.12720749     0.010403123      -1.9204981       1.8560943    2.100583e-09      0.25677837       111.27142      0.14967527      0.74315849       0.2456176      0.24694839       2.5493835       7.9015387       84.119614       3.8675318        3.8675318       84.119614                                84.119614
              3       45.733666     0.021997682       0.1252443     0.010402412      -1.7705601       1.7177093    2.100583e-09      0.27327908       107.38482      0.14788618      0.72665292      0.24569391      0.24702498       2.5164936       7.8479946       83.732269       3.8675318        3.8675318       83.732269                                83.732269
              6       45.708497     0.021981353      0.12558377      0.01040265      -1.7886925       1.7319068    2.100583e-09      0.27149643       107.81816      0.14820931      0.72843615      0.24568674      0.24701778        2.519551       7.8541842       83.681931       3.8675318        3.8675318       83.681931                                83.681931
              2       45.682209     0.021986671      0.12569299     0.010402647      -1.7999636       1.7435571    2.100583e-09      0.26995567       108.14412      0.14832385      0.72997735      0.24568907      0.24702012       2.5185548       7.8533913       83.629354       3.8675318        3.8675318       83.629354                                83.629354
              6       46.003965     0.022014579      0.12503231     0.010401476      -1.7890122       1.7015399    2.100583e-09      0.26691172       108.67834      0.14769108      0.73302177      0.24570133      0.24703243       2.5133357         7.83278       84.272866       3.8675318        3.8675318       84.272866                                84.272866
              2       45.860558     0.021990745      0.12482377     0.010401198      -1.7885139       1.7003806    2.100583e-09      0.26610438        108.8174      0.14745871      0.73382921      0.24569086      0.24702192       2.5177917       7.8350201       83.986053       3.8675318        3.8675318       83.986053                                83.986053
              1       45.877384     0.021993945      0.12490855     0.010401292      -1.7888796       1.6998498    2.100583e-09      0.26636761       108.77844      0.14754668      0.73356595      0.24569226      0.24702333       2.5171929       7.8354221       84.019703       3.8675318        3.8675318       84.019703                                84.019703
              3       45.868834      0.02200114      0.12470101     0.010401688      -1.7668844       1.6797936    2.100583e-09       0.2693561       108.12785      0.14734634      0.73057662      0.24569543       0.2470265       2.5158468       7.8333775       84.002604       3.8675318        3.8675318       84.002604                                84.002604
              6       45.477366     0.021920686      0.12606111      0.01040091      -1.8501219       1.7909899    2.100583e-09      0.26351617       109.57032      0.14862599      0.73641858      0.24566014      0.24699109       2.5309602       7.8681679       83.219669       3.8675318        3.8675318       83.219669                                83.219669
              1       45.613846     0.021871153       0.1254156     0.010402903       -1.776266       1.6726373    2.100583e-09      0.27055978       108.09116      0.14793094      0.72937291      0.24563844      0.24696931       2.5403336       7.8715255       83.492628       3.8675318        3.8675318       83.492628                                83.492628
              4        46.54615     0.021795992      0.12557397     0.010401561      -1.7697907       1.6649732    2.100583e-09      0.27340139       107.59024      0.14801415      0.72653063      0.24560548      0.24693623       2.5546568       7.8919063       85.357237       3.8675318        3.8675318       85.357237                                85.357237
              2       46.003931     0.021879039      0.12441351     0.010401057      -1.7848176       1.6922391    2.100583e-09      0.26505992       109.01358      0.14693674      0.73487369       0.2456419      0.24697278        2.538838       7.8545068       84.272798       3.8675318        3.8675318       84.272798                                84.272798
              4       45.905822     0.021893558      0.12446906     0.010401156      -1.7871842       1.6931069    2.100583e-09      0.26469026         109.095       0.1470068      0.73524347      0.24564826      0.24697916       2.5360875       7.8515049       84.076581       3.8675318        3.8675318       84.076581                                84.076581
              1       46.901052     0.021772924      0.12455747     0.010401421      -1.8468511       1.7520491    2.100583e-09      0.25491706       111.24625      0.14697458      0.74501911      0.24559534      0.24692606        2.559077       7.8750095        86.06704       3.8675318        3.8675318        86.06704                                 86.06704
              4       48.112455     0.021680484      0.12604075     0.010401192      -1.8791268       1.7144771    2.100583e-09      0.25273489       112.07697      0.14836543      0.74720242       0.2455545      0.24688507       2.5769052       7.9091229       88.489847       3.8675318        3.8675318       88.489847                                88.489847
              1       46.771656     0.021773184      0.12667704     0.010398992      -1.9423736       1.8417135    2.100583e-09      0.24982659       112.77599      0.14909442      0.75011174      0.24559546      0.24692617       2.5590271       7.8979744       85.808249       3.8675318        3.8675318       85.808249                                85.808249
              1       46.700121     0.021582572       0.1266438     0.010400527      -2.0207465       1.9822286    2.100583e-09      0.24050274       114.96124      0.14887056      0.75943781      0.24551073      0.24684113       2.5959932       7.9441473       85.665178       3.8675318        3.8675318       85.665178                                85.665178
              2       46.093379     0.021629916       0.1264525     0.010401328      -2.0142363       1.9783526    2.100583e-09      0.24010872        114.9893       0.1487266      0.75983186      0.24553197      0.24686246        2.586737       7.9308306       84.451695       3.8675318        3.8675318       84.451695                                84.451695
              3       45.335647     0.022126255       0.1232329      0.01040699      -1.7512867       1.7504431    2.100583e-09      0.26424993       108.51339      0.14600335      0.73568346      0.24575044      0.24708172       2.4926143       7.8048548       82.936231       3.8675318        3.8675318       82.936231                                82.936231
              1        45.15779     0.022131731      0.12346714     0.010406809      -1.7597018       1.7574509    2.100583e-09      0.26401448       108.62151      0.14624307      0.73591908      0.24575284      0.24708413       2.4916047       7.8053016       82.580516       3.8675318        3.8675318       82.580516                                82.580516
              1       44.916662     0.022128133      0.12387619     0.010406173      -1.7845148        1.781992    2.100583e-09      0.26180666       109.17855      0.14664852      0.73812764      0.24575126      0.24708254        2.492268       7.8083806       82.098261       3.8675318        3.8675318       82.098261                                82.098261
             14       45.827738      0.02220277      0.12339805      0.01040599      -1.7441775       1.7422695    2.100583e-09      0.26632583       108.08917      0.14624501      0.73360715      0.24578381       0.2471152       2.4785633       7.7902311       83.920412       3.8675318        3.8675318       83.920412                                83.920412
              3       45.093594     0.022045042      0.12375265      0.01040827      -1.7535047       1.7251553    2.100583e-09      0.26737573       108.18053      0.14644188      0.73255707      0.24571474      0.24704589       2.5076576       7.8233911       82.452125       3.8675318        3.8675318       82.452125                                82.452125
              5        45.20994     0.022012985      0.12361592     0.010408204      -1.7231414        1.698603    2.100583e-09      0.27264147        107.0873      0.14627309      0.72728993      0.24570063      0.24703173       2.5136333       7.8338559       82.684817       3.8675318        3.8675318       82.684817                                82.684817
              1       44.717463      0.02203621      0.12355238     0.010406717      -1.7189592       1.6911035    2.100583e-09      0.27344377       106.92308      0.14623278      0.72648742      0.24571085      0.24704198       2.5093019       7.8268516       81.699862       3.8675318        3.8675318       81.699862                                81.699862
              3       43.616915     0.021783603      0.12568449      0.01040392      -1.8755333       1.8477124    2.100583e-09      0.25793153        110.6714      0.14811228      0.74200438      0.24560004      0.24693077       2.5570293       7.8980752       79.498767       3.8675318        3.8675318       79.498767                                79.498767
              7       43.438104     0.021819296      0.12567019     0.010403013      -1.8949733       1.8744218    2.100583e-09      0.25459594        111.3558      0.14813367      0.74534081      0.24561571       0.2469465        2.550203        7.888438       79.141145       3.8675318        3.8675318       79.141145                                79.141145
              7       45.149894     0.021728948      0.12586787     0.010405461      -1.8619594       1.7944101    2.100583e-09      0.25968323       110.44623      0.14824101       0.7402523      0.24557596       0.2469066       2.5675351        7.909075       82.564724       3.8675318        3.8675318       82.564724                                82.564724
              4       45.947844     0.022127556      0.12354802     0.010407721      -1.7904834       1.7855844    2.100583e-09      0.25867538         109.796      0.14631977      0.74125956      0.24575101      0.24708229       2.4923744       7.8025673       84.160625       3.8675318        3.8675318       84.160625                                84.160625
              2       45.937665     0.021948555      0.12501365     0.010409058      -1.8503765       1.8388633    2.100583e-09      0.25629772       110.73987       0.1476064      0.74363838      0.24567235      0.24700334       2.5257094       7.8567039       84.140267       3.8675318        3.8675318       84.140267                                84.140267
              2       45.504178     0.021932245      0.12513835     0.010408415      -1.8135063       1.7678869    2.100583e-09      0.26355456       109.35028      0.14771479      0.73637977       0.2456652      0.24699617       2.5287804       7.8594419       83.273292       3.8675318        3.8675318       83.273292                                83.273292
              1       45.670953     0.021952066      0.12572115     0.010407751      -1.8455854       1.8011948    2.100583e-09      0.26083742       110.02069       0.1483174      0.73909786      0.24567389      0.24700489       2.5250491       7.8601498       83.606843       3.8675318        3.8675318       83.606843                                83.606843
              1       45.658154     0.021971596      0.12578712      0.01040714      -1.8279888       1.7821742    2.100583e-09       0.2644167        109.2755       0.1484029      0.73551772      0.24568245      0.24701348       2.5213808       7.8581267       83.581244       3.8675318        3.8675318       83.581244                                83.581244
              2       45.726822     0.021971663      0.12585538     0.010406846      -1.8327126       1.7786627    2.100583e-09      0.26363792        109.4698      0.14847123      0.73629673      0.24568248      0.24701351       2.5213681       7.8571578        83.71858       3.8675318        3.8675318        83.71858                                 83.71858
              1       46.107718     0.021865299      0.12549853     0.010407193      -1.7786797       1.7048295    2.100583e-09      0.27126073       107.93223      0.14800802      0.72867182      0.24563588      0.24696674        2.541445       7.8794265       84.480373       3.8675318        3.8675318       84.480373                                84.480373
              3       46.248458     0.021837185       0.1257979     0.010407051      -1.7950986       1.7210703    2.100583e-09      0.26996897         108.259      0.14827928      0.72996402      0.24562356      0.24695437        2.546792       7.8887642       84.761852       3.8675318        3.8675318       84.761852                                84.761852
              1        44.52281     0.021867481      0.12446197     0.010407251      -1.8145732       1.8043854    2.100583e-09      0.26082617       109.68333      0.14697364      0.73910852      0.24563684       0.2469677       2.5410307       7.8717487       81.310557       3.8675318        3.8675318       81.310557                                81.310557
             16       44.373251     0.021831275      0.12426214     0.010406351       -1.793658       1.7846157    2.100583e-09      0.26409139       108.96402       0.1467376      0.73584237      0.24562097      0.24695177       2.5479181       7.8800162       81.011438       3.8675318        3.8675318       81.011438                                81.011438
              3       44.404821     0.021830256      0.12426613     0.010406405       -1.792512       1.7835534    2.100583e-09       0.2643062       108.91969      0.14674057      0.73562751      0.24562052      0.24695133       2.5481124       7.8805068       81.074578       3.8675318        3.8675318       81.074578                                81.074578
              3       44.581343     0.021877097      0.12377839     0.010406373      -1.7566616       1.7499326    2.100583e-09      0.26801008       108.01434      0.14629967       0.7319225      0.24564105      0.24697193       2.5392061       7.8677935       81.427623       3.8675318        3.8675318       81.427623                                81.427623
              3       44.607753      0.02188327      0.12661729     0.010402405      -1.9532613       1.9353268    2.100583e-09      0.24939628       112.66916      0.14914475      0.75054218      0.24564375      0.24697464        2.538036       7.8820168       81.480443       3.8675318        3.8675318       81.480443                                81.480443
              1       44.972433     0.021822626      0.12704916        0.010403      -1.9801614       1.9604755    2.100583e-09      0.24734527       113.25982      0.14951598      0.75259384      0.24561718      0.24694797       2.5495675       7.9001683       82.209803       3.8675318        3.8675318       82.209803                                82.209803
              6       45.110362     0.021782193      0.12723262     0.010402377      -1.9824593       1.9583212    2.100583e-09      0.24831859       113.10529        0.149659      0.75162034      0.24559942      0.24693015       2.5572995       7.9115448       82.485661       3.8675318        3.8675318       82.485661                                82.485661
              3       45.860979     0.021763161      0.12759538     0.010402525      -1.9916707        1.956671    2.100583e-09      0.24853942       113.16085      0.15000273       0.7513996      0.24559105      0.24692174       2.5609511       7.9192668       83.986894       3.8675318        3.8675318       83.986894                                83.986894
              2       46.129147     0.022037264      0.12591186     0.010402906      -1.8522326       1.7755017    2.100583e-09      0.26006214       110.24279      0.14859332      0.73987345      0.24571132      0.24704245       2.5091055       7.8362645       84.523231       3.8675318        3.8675318       84.523231                                84.523231
             14       44.791742     0.021992818      0.12584461      0.01040205      -1.9014866       1.9002903    2.100583e-09       0.2532968       111.50392      0.14848162      0.74664042      0.24569177      0.24702283       2.5174038       7.8535601       81.848421       3.8675318        3.8675318       81.848421                                81.848421
              9       44.346661     0.021966845      0.12574981     0.010402351      -1.8736213        1.873381    2.100583e-09      0.25759007       110.54292      0.14836084      0.74234603      0.24568037      0.24701139       2.5222724       7.8618361       80.958258       3.8675318        3.8675318       80.958258                                80.958258
              3       44.167974     0.021973277      0.12560347     0.010402481       -1.861101       1.8528843    2.100583e-09      0.25923581       110.19941      0.14822094      0.74069983      0.24568319      0.24701422       2.5210654       7.8577117       80.600884       3.8675318        3.8675318       80.600884                                80.600884
              2       43.967914     0.021980841      0.12538703     0.010403021      -1.8413155        1.826803    2.100583e-09      0.26153463       109.69211      0.14801206      0.73840034      0.24568651      0.24701755       2.5196471       7.8537243       80.200764       3.8675318        3.8675318       80.200764                                80.200764
              3       43.828085     0.021990148      0.12496279     0.010403014      -1.8333215       1.8301224    2.100583e-09       0.2603585       109.78928      0.14759713      0.73957659       0.2456906      0.24702166       2.5179035       7.8489895       79.921107       3.8675318        3.8675318       79.921107                                79.921107
              5        43.87513     0.021983831      0.12507723     0.010402943      -1.8315395       1.8284346    2.100583e-09      0.26131547       109.61053      0.14770525      0.73861942      0.24568782      0.24701887       2.5190867       7.8524175       80.015197       3.8675318        3.8675318       80.015197                                80.015197
              3       43.881722     0.021989524      0.12503057        0.010403      -1.8272936       1.8228267    2.100583e-09      0.26184023       109.49517      0.14766428      0.73809452      0.24569032      0.24702138       2.5180204        7.850585        80.02838       3.8675318        3.8675318        80.02838                                 80.02838
              1       44.120812     0.021943602      0.12565597      0.01040297       -1.914435       1.8825861    2.100583e-09      0.25031593       112.28713      0.14824377      0.74962193      0.24567018      0.24700116       2.5266415       7.8547648        80.50656       3.8675318        3.8675318        80.50656                                 80.50656
              4       44.163051     0.021964789      0.12540124     0.010402922      -1.9098257       1.8866316    2.100583e-09      0.24981897       112.31162      0.14801022      0.75011891      0.24567947      0.24701049       2.5226584       7.8479539       80.591039       3.8675318        3.8675318       80.591039                                80.591039
              2       44.282492     0.021974578      0.12539595     0.010403113      -1.9118323          1.8879    2.100583e-09      0.24932811       112.41982      0.14801472       0.7506099      0.24568376       0.2470148       2.5208213       7.8452739        80.82992       3.8675318        3.8675318        80.82992                                 80.82992
              3       45.771974      0.02199899      0.12369065     0.010401862      -1.8322807       1.7927673    2.100583e-09      0.25454226       110.95901      0.14633383      0.74539372      0.24569448      0.24702555       2.5162489       7.8192613       83.808885       3.8675318        3.8675318       83.808885                                83.808885
              1       45.677233     0.021978784      0.12380828     0.010401633      -1.8375633       1.7968645    2.100583e-09      0.25434054       111.03962      0.14643125      0.74559554      0.24568561      0.24701665       2.5200327       7.8248427       83.619403       3.8675318        3.8675318       83.619403                                83.619403
              1       45.271108     0.021951729      0.12424051     0.010401467      -1.8779965       1.8680145    2.100583e-09      0.24983719        112.0245      0.14683643      0.75010019      0.24567374      0.24700474       2.5251124       7.8393519       82.807153       3.8675318        3.8675318       82.807153                                82.807153
              2       44.245653     0.021900088      0.12493644     0.010401095      -1.8854057       1.8633839    2.100583e-09      0.25259721       111.62308      0.14748072      0.74733976      0.24565112      0.24698203       2.5348517       7.8584847       80.756243       3.8675318        3.8675318       80.756243                                80.756243
              1       44.385756     0.021910414      0.12486186     0.010400878      -1.8804107       1.8593673    2.100583e-09      0.25309072       111.48963      0.14741647      0.74684609      0.24565564      0.24698657       2.5328997         7.85564       81.036448       3.8675318        3.8675318       81.036448                                81.036448
             10       44.180958     0.021904758      0.12468486     0.010401234      -1.8630726       1.8443667    2.100583e-09      0.25513198       110.99517      0.14723381      0.74480425      0.24565316      0.24698408       2.5339687       7.8568553       80.626853       3.8675318        3.8675318       80.626853                                80.626853
              2       45.329057     0.021911959      0.12345041       0.0104016      -1.7727091       1.7663383    2.100583e-09      0.26461755        108.6382      0.14600656      0.73531576      0.24565632      0.24698725       2.5326079       7.8513093       82.923051       3.8675318        3.8675318       82.923051                                82.923051
              2        44.85167     0.021729269      0.12480145     0.010401842      -1.8576573       1.8238433    2.100583e-09      0.25738699       110.66549      0.14717491      0.74254865       0.2455761      0.24690674       2.5674733       7.8977383       81.968277       3.8675318        3.8675318       81.968277                                81.968277
              1       44.707071     0.021719819      0.12482932     0.010402352      -1.8543948       1.8274224    2.100583e-09      0.25811627       110.49392      0.14719333      0.74181919      0.24557193      0.24690255       2.5692963       7.9022552       81.679078       3.8675318        3.8675318       81.679078                                81.679078
              7       44.043085     0.021763193      0.12591477     0.010401798      -1.9410303       1.9309908    2.100583e-09      0.24869077       112.71963      0.14832215      0.75124753      0.24559106      0.24692176       2.5609451       7.9022559       80.351106       3.8675318        3.8675318       80.351106                                80.351106
              9       44.179453     0.021766826      0.12606392     0.010401558      -1.9531786       1.9302927    2.100583e-09      0.24749315       113.07134      0.14847494      0.75244551      0.24559266      0.24692336       2.5602474       7.8999781       80.623842       3.8675318        3.8675318       80.623842                                80.623842
              4       44.064862     0.021788827      0.12606562     0.010402399      -1.9569112       1.9471797    2.100583e-09      0.24648598       113.24421      0.14849864      0.75345293      0.24560234      0.24693307       2.5560285       7.8969968        80.39466       3.8675318        3.8675318        80.39466                                 80.39466
              5       44.336335     0.021836077      0.12418607     0.010405459      -1.8233319         1.80738    2.100583e-09      0.25870982       110.13087      0.14666634      0.74122527      0.24562307      0.24695389        2.547003       7.8719095       80.937606       3.8675318        3.8675318       80.937606                                80.937606
              1       44.809741     0.021941833       0.1237562     0.010407707      -1.7660342       1.7373126    2.100583e-09      0.26580687       108.55457      0.14634223      0.73412628       0.2456694      0.24700038       2.5269744       7.8454849       81.884419       3.8675318        3.8675318       81.884419                                81.884419
              1        44.58309     0.021934374      0.12385452      0.01040731      -1.7888432       1.7649962    2.100583e-09      0.26226722       109.29495      0.14643308      0.73766686      0.24566613       0.2469971       2.5283791       7.8468017       81.431116       3.8675318        3.8675318       81.431116                                81.431116
              3       44.143441     0.021849067      0.12449797     0.010405915      -1.8170435       1.7796786    2.100583e-09      0.26109095       109.76338      0.14699123      0.73884368      0.24562877       0.2469596         2.54453       7.8697776       80.551818       3.8675318        3.8675318       80.551818                                80.551818
              1       44.220862     0.021838454      0.12403309     0.010405107      -1.7917639       1.7856646    2.100583e-09      0.26348082       109.02482      0.14651573        0.736453      0.24562412      0.24695493       2.5465502       7.8756335        80.70666       3.8675318        3.8675318        80.70666                                 80.70666
              4       44.180596     0.021829977      0.12413436     0.010405158      -1.7959898       1.7892684    2.100583e-09       0.2632935       109.09326      0.14660853      0.73664041       0.2456204       0.2469512       2.5481656       7.8784182       80.626128       3.8675318        3.8675318       80.626128                                80.626128
              2       44.242593     0.021994377       0.1244424     0.010405223      -1.7516025       1.7233175    2.100583e-09      0.27249086       107.30808      0.14708097      0.72744096      0.24569245      0.24702352        2.517112       7.8449394       80.750122       3.8675318        3.8675318       80.750122                                80.750122
              1       49.075657     0.022203612      0.12192809     0.010403519       -1.619255       1.5925999    2.100583e-09      0.28488357       104.32962      0.14477589      0.71504401      0.24578417      0.24711557       2.4784094       7.7789042        90.41625       3.8675318        3.8675318        90.41625                                 90.41625
              2       49.093503     0.022214531      0.12213256     0.010403051      -1.6299173        1.596444    2.100583e-09       0.2838659       104.59363      0.14499128      0.71606205      0.24578889      0.24712031       2.4764139       7.7755188       90.451942       3.8675318        3.8675318       90.451942                                90.451942
              1       48.699603     0.022142995      0.12238239     0.010400492      -1.7382678       1.7284869    2.100583e-09      0.26473883       108.30697      0.14516958      0.73519405      0.24575777      0.24708908       2.4895303       7.7857108       89.664142       3.8675318        3.8675318       89.664142                                89.664142
              2       48.306911     0.022131017      0.12244337     0.010400727      -1.7381978       1.7333458    2.100583e-09      0.26479116       108.27652      0.14521857      0.73514174      0.24575253      0.24708381       2.4917363       7.7910135       88.878758       3.8675318        3.8675318       88.878758                                88.878758
              1       48.542414     0.022084672      0.12227852     0.010400447      -1.7178281       1.7036248    2.100583e-09      0.26856762       107.55538      0.14500739      0.73136422      0.24573218      0.24706339       2.5002999       7.7991327       89.349764       3.8675318        3.8675318       89.349764                                89.349764
              1       47.668273      0.02205599      0.12242917     0.010400986      -1.7333237       1.7143873    2.100583e-09      0.26652915       108.04606      0.14512935      0.73340326      0.24571956      0.24705072       2.5056218        7.804448       87.601483       3.8675318        3.8675318       87.601483                                87.601483
              2       47.826555     0.021806985      0.12620996     0.010396822      -1.9100278       1.8473207    2.100583e-09      0.25554462       111.36396      0.14866113      0.74439212      0.24561031      0.24694108       2.5525544       7.8898064       87.918047       3.8675318        3.8675318       87.918047                                87.918047
              1       46.685919       0.0217094      0.12691511     0.010400383      -1.8747179       1.8341732    2.100583e-09      0.26588555       109.29622      0.14926871       0.7340489      0.24556732      0.24689793       2.5713084       7.9316855       85.636774       3.8675318        3.8675318       85.636774                                85.636774
              2       46.543236     0.021662189      0.12699196      0.01040115      -1.8833883       1.8276818    2.100583e-09      0.26418534       109.71729      0.14929835      0.73574953      0.24554637       0.2468769       2.5804557        7.941126       85.351408       3.8675318        3.8675318       85.351408                                85.351408
              1       45.274049     0.021662533      0.12705388     0.010401626      -1.9436031       1.9239829    2.100583e-09      0.25489394       111.63472      0.14936061      0.74504325      0.24554652      0.24687706        2.580389       7.9418508       82.813035       3.8675318        3.8675318       82.813035                                82.813035
              2       45.332369     0.021658244      0.12700583     0.010401357      -1.9393448       1.9214987    2.100583e-09      0.25547978        111.4923      0.14930827      0.74445725      0.24554461      0.24687514       2.5812224       7.9428296       82.929674       3.8675318        3.8675318       82.929674                                82.929674
              6       45.173099     0.021655409      0.12618704     0.010402376      -1.8715791       1.8314182    2.100583e-09      0.26225028       109.94307      0.14848664      0.73768472      0.24554335      0.24687387       2.5817735       7.9342399       82.611135       3.8675318        3.8675318       82.611135                                82.611135
              7       45.074798     0.021758429       0.1254535     0.010401037      -1.8195703        1.819513    2.100583e-09      0.26725681       108.53218      0.14785612      0.73267666      0.24558896      0.24691965       2.5618603       7.9129377       82.414533       3.8675318        3.8675318       82.414533                                82.414533
              5       45.312833     0.021845203      0.12552791     0.010400714      -1.8089096       1.8060214    2.100583e-09      0.26929271       108.10631      0.14801731      0.73064033      0.24562707       0.2469579       2.5452652       7.8940532       82.890602       3.8675318        3.8675318       82.890602                                82.890602
              1       46.804204     0.021810405      0.12544506     0.010400288      -1.7760735       1.7564818    2.100583e-09      0.27575887       106.90674      0.14789966      0.72417251      0.24561181      0.24694259       2.5519008        7.900814       85.873345       3.8675318        3.8675318       85.873345                                85.873345
              2       47.301646     0.021816898      0.12560149      0.01039953       -1.786021       1.7695467    2.100583e-09       0.2748913       107.09041      0.14806258      0.72504037      0.24561466      0.24694544       2.5506608       7.9009453       86.868228       3.8675318        3.8675318       86.868228                                86.868228
              2       47.405539     0.021848975      0.12564373     0.010399608      -1.7830364       1.7550776    2.100583e-09      0.27550586       107.01375       0.1481369       0.7244257      0.24562873      0.24695956       2.5445476       7.8917232       87.076014       3.8675318        3.8675318       87.076014                                87.076014
              4       48.400899     0.022014097      0.12372578     0.010403054      -1.6498553       1.6243898    2.100583e-09      0.28918418       103.96616      0.14638407      0.71074312      0.24570112      0.24703222       2.5134256       7.8441709       89.066735       3.8675318        3.8675318       89.066735                                89.066735
              3       50.593197     0.022072623      0.12402229     0.010403251      -1.6327962       1.5974231    2.100583e-09      0.29382038       103.21128       0.1467391      0.70610593      0.24572688      0.24705807       2.5025334       7.8347582        93.45133       3.8675318        3.8675318        93.45133                                 93.45133
              2       50.693206     0.022031778      0.12567189     0.010406271      -1.7034322       1.6545247    2.100583e-09      0.28725463       104.76863      0.14834786       0.7126741       0.2457089      0.24704003       2.5101275       7.8564904       93.651348       3.8675318        3.8675318       93.651348                                93.651348
             25       45.035724     0.021747544      0.12706295     0.010401788      -2.0131394       1.9974659    2.100583e-09      0.24291498       114.32561      0.14945469       0.7570252      0.24558417      0.24691484       2.5639534       7.9154557       82.336384       3.8675318        3.8675318       82.336384                                82.336384
              9        44.64394     0.021871394      0.12626618     0.010402544      -1.9801004       1.9631145    2.100583e-09      0.24319403       114.04318      0.14878176      0.75674582      0.24563855      0.24696942       2.5402879       7.8768639       81.552816       3.8675318        3.8675318       81.552816                                81.552816
              2       44.752007      0.02189035      0.12618294      0.01040242      -1.9749981       1.9489503    2.100583e-09      0.24344239       113.98752      0.14871749      0.75649736      0.24564685      0.24697775       2.5366947        7.870066        81.76895       3.8675318        3.8675318        81.76895                                 81.76895
              4       45.285821     0.021950107       0.1257521     0.010402118      -1.9639202       1.9338345    2.100583e-09      0.24274673       114.04942       0.1483464      0.75719304      0.24567303      0.24700402       2.5254175       7.8497453       82.836579       3.8675318        3.8675318       82.836579                                82.836579
              4       44.824982     0.021951385      0.12545052      0.01040231       -1.936287       1.9030972    2.100583e-09      0.24569037       113.30762       0.1480461      0.75424856      0.24567359      0.24700459       2.5251771       7.8471262       81.914901       3.8675318        3.8675318       81.914901                                81.914901
              3       44.453406     0.021959573      0.12501243     0.010403022      -1.9012138       1.8643149    2.100583e-09       0.2490793       112.44869      0.14761619       0.7508586      0.24567718      0.24700819       2.5236381       7.8416823       81.171749       3.8675318        3.8675318       81.171749                                81.171749
              8       44.417364     0.021943166      0.12446758     0.010404688      -1.8669943       1.8302669    2.100583e-09      0.25186184       111.72103      0.14705494      0.74807513      0.24566999      0.24700097       2.5267235       7.8413273       81.099665       3.8675318        3.8675318       81.099665                                81.099665
              2       44.159283     0.022053639      0.12465178     0.010404149      -1.8416125       1.8223062    2.100583e-09      0.25699077       110.50937      0.14734961      0.74294504      0.24571852      0.24704968       2.5060587       7.8248526       80.583502       3.8675318        3.8675318       80.583502                                80.583502
              4       44.141195     0.022055369      0.12459227     0.010404282      -1.8370607       1.8179861    2.100583e-09      0.25744515       110.39674      0.14729183      0.74249052      0.24571928      0.24705045       2.5057371       7.8241935       80.547327       3.8675318        3.8675318       80.547327                                80.547327
              6       45.702282     0.021836644      0.12722125     0.010404386      -1.9498815       1.9371001    2.100583e-09      0.25274363       112.03279      0.14970209      0.74719423      0.24562332      0.24695414        2.546895       7.9040927         83.6695       3.8675318        3.8675318         83.6695                                  83.6695
              7        45.48374     0.022143473      0.12451506     0.010403555      -1.8316199       1.8011281    2.100583e-09      0.25768112       110.33584      0.14730272       0.7422545      0.24575798      0.24708929       2.4894422       7.8007268       83.232417       3.8675318        3.8675318       83.232417                                83.232417
              1       46.347365     0.022230937      0.12350275     0.010404917       -1.761771       1.7290382    2.100583e-09      0.26445816       108.66867      0.14637788      0.73547535      0.24579597      0.24712742         2.47342       7.7740674       84.959667       3.8675318        3.8675318       84.959667                                84.959667
              1       45.619985     0.022065171      0.12407277     0.010408142      -1.7285182       1.6923418    2.100583e-09      0.27358618       107.01678      0.14678213      0.72634522       0.2457236      0.24705478       2.5039165       7.8249432       83.504906       3.8675318        3.8675318       83.504906                                83.504906
              2       46.589083     0.022114884      0.12333247     0.010409792       -1.715493       1.6967514    2.100583e-09      0.27151852       107.17335      0.14609155      0.72841308      0.24574545      0.24707671       2.4947124       7.8093081       85.443102       3.8675318        3.8675318       85.443102                                85.443102
              2       46.049759     0.021947076      0.12421886     0.010409719      -1.7833947       1.7619513    2.100583e-09      0.26431425       108.91739      0.14681013       0.7356195       0.2456717      0.24700269       2.5259876       7.8512404       84.364455       3.8675318        3.8675318       84.364455                                84.364455
              1       45.939992     0.021939114       0.1242379     0.010409564      -1.7865353       1.7781968    2.100583e-09      0.26363306       108.99379      0.14682121      0.73630086      0.24566821      0.24699919       2.5274864       7.8563889        84.14492       3.8675318        3.8675318        84.14492                                 84.14492
              6       45.819585     0.021865884      0.12638856     0.010406354      -1.8664214       1.7974864    2.100583e-09      0.26041775         110.323      0.14889864      0.73951789      0.24563614        0.246967       2.5413338       7.8842109       83.904106       3.8675318        3.8675318       83.904106                                83.904106
              1       46.207588     0.021803472      0.12670528     0.010406132      -1.8700957       1.8038608    2.100583e-09      0.26202316       110.06662      0.14915295      0.73791219      0.24560877      0.24693953       2.5532259       7.9038488       84.680112       3.8675318        3.8675318       84.680112                                84.680112
              1       46.999629     0.021836667      0.12710883     0.010406578      -1.9004993        1.859819    2.100583e-09      0.25953066        110.6071      0.14958969      0.74040549      0.24562333      0.24695415       2.5468906       7.9031169       86.264195       3.8675318        3.8675318       86.264195                                86.264195
              1       47.596458     0.021828905      0.12716025     0.010407179      -1.8992107       1.8563026    2.100583e-09      0.25980939       110.56552      0.14963335      0.74012671      0.24561993      0.24695073       2.5483699       7.9056624       87.457852       3.8675318        3.8675318       87.457852                                87.457852
              4       47.235476     0.021916995      0.12593801       0.0104087      -1.8049773       1.7777278    2.100583e-09      0.26968416       108.18758      0.14849919        0.730249      0.24565852      0.24698946        2.531657       7.8799086       86.735889       3.8675318        3.8675318       86.735889                                86.735889
              1       46.886979     0.021981921      0.12681103     0.010404974      -1.8826063       1.8576628    2.100583e-09      0.26104155       110.11443      0.14943714      0.73889416      0.24568698      0.24701803       2.5194446       7.8685977       86.038895       3.8675318        3.8675318       86.038895                                86.038895
              2       46.763722     0.021897763      0.12735639     0.010404458      -1.9380201       1.9204362    2.100583e-09      0.25505941       111.53198      0.14989834      0.74487797       0.2456501      0.24698101       2.5352917        7.892068        85.79238       3.8675318        3.8675318        85.79238                                 85.79238
              1       47.046112     0.021872664      0.12757465     0.010403672      -1.9435649       1.9161894    2.100583e-09      0.25558828       111.50158       0.1500915      0.74434905      0.24563911      0.24696998        2.540047       7.8989272       86.357161       3.8675318        3.8675318       86.357161                                86.357161
              3       44.939071     0.021925225      0.12606567     0.010404612      -1.8727257       1.8010221    2.100583e-09      0.25766044       110.83103      0.14863509      0.74227577      0.24566213      0.24699308        2.530104       7.8638349       82.143078       3.8675318        3.8675318       82.143078                                82.143078
              5       45.233618     0.021977892       0.1257575     0.010405793      -1.8749293       1.8122157    2.100583e-09      0.25547342       111.21013      0.14837958      0.74446322      0.24568522      0.24701626       2.5201998        7.848113       82.732172       3.8675318        3.8675318       82.732172                                82.732172
              7       44.296109     0.022049283      0.12478449     0.010406057      -1.8113528       1.7824322    2.100583e-09      0.26257349       109.38118      0.14747796      0.73736098      0.24571661      0.24704776       2.5068687       7.8298569       80.857155       3.8675318        3.8675318       80.857155                                80.857155
             11       44.887192       0.0220888      0.12442885     0.010405918       -1.753115       1.7344652    2.100583e-09       0.2713115       107.44928      0.14716184      0.72862065      0.24573399      0.24706521       2.4995354       7.8252987        82.03932       3.8675318        3.8675318        82.03932                                 82.03932
              8       45.857362     0.021670271      0.12603705     0.010399367      -1.8894484       1.8846153    2.100583e-09      0.25928223       110.41087      0.14835151      0.74065345      0.24554996      0.24688051       2.5788864       7.9326461        83.97966       3.8675318        3.8675318        83.97966                                 83.97966
              2       46.008038     0.021667266      0.12596707      0.01039902      -1.8971757       1.8917369    2.100583e-09      0.25773422       110.73782      0.14827853      0.74220181      0.24554863      0.24687917       2.5794698       7.9311712       84.281013       3.8675318        3.8675318       84.281013                                84.281013
              4       44.335461     0.021749547      0.12565866     0.010400743      -1.8902716       1.8850304    2.100583e-09      0.25626304        110.9534       0.1480524      0.74367326      0.24558505      0.24691572       2.5635681       7.9080654       80.935859       3.8675318        3.8675318       80.935859                                80.935859
              9       44.251429     0.021751323      0.12565508     0.010400995      -1.8988383       1.8969625    2.100583e-09       0.2545723       111.30609      0.14805059      0.74536442      0.24558583      0.24691651       2.5632264        7.907433       80.767795       3.8675318        3.8675318       80.767795                                80.767795
              4         44.1726     0.021766451      0.12569955     0.010401504      -1.8609352        1.854191    2.100583e-09       0.2612705       109.87627      0.14811019      0.73866458      0.24559249       0.2469232       2.5603194       7.9079999       80.610137       3.8675318        3.8675318       80.610137                                80.610137
              1       44.185608     0.021728973      0.12582178     0.010403157      -1.8661318       1.8652784    2.100583e-09      0.26046938       110.05396      0.14819495      0.73946594      0.24557597      0.24690661       2.5675303       7.9200133       80.636153       3.8675318        3.8675318       80.636153                                80.636153
              1       44.535153     0.022054655      0.12479612     0.010405941      -1.8442808       1.8179689    2.100583e-09      0.25668776       110.63075      0.14749496       0.7432482      0.24571897      0.24705013       2.5058699       7.8254003       81.335243       3.8675318        3.8675318       81.335243                                81.335243
              1       45.570993     0.022035551      0.12435221     0.010406965      -1.7582725       1.6818446    2.100583e-09       0.2680533       108.29472      0.14703195      0.73187961      0.24571056      0.24704169       2.5094245       7.8240653       83.406922       3.8675318        3.8675318       83.406922                                83.406922
              7       45.313341     0.021993622      0.12435986     0.010406316      -1.7844428       1.7031309    2.100583e-09      0.26333036       109.29395      0.14699768      0.73660371      0.24569212      0.24702319       2.5172532       7.8299669       82.891618       3.8675318        3.8675318       82.891618                                82.891618
              2       45.289983     0.021992663      0.12435598     0.010406394      -1.7873368       1.7079278    2.100583e-09      0.26287984       109.38495      0.14699283      0.73705435       0.2456917      0.24702276       2.5174327       7.8301274       82.844903       3.8675318        3.8675318       82.844903                                82.844903
              1       44.744047      0.02198226       0.1245194     0.010405603       -1.804889       1.7335521    2.100583e-09      0.26125824       109.74853      0.14714585      0.73867642      0.24568713      0.24701818        2.519381       7.8342106       81.753031       3.8675318        3.8675318       81.753031                                81.753031
              1       44.783655     0.021985763      0.12458913     0.010405609      -1.8088387       1.7367496    2.100583e-09      0.26082653        109.8523      0.14721909      0.73910827      0.24568867      0.24701972       2.5187248       7.8339055       81.832247       3.8675318        3.8675318       81.832247                                81.832247
              2       45.159747     0.021998747      0.12441073     0.010405018      -1.8156706       1.7382974    2.100583e-09      0.25846126       110.32472      0.14705366      0.74147406      0.24569437      0.24702545       2.5162943       7.8264386        82.58443       3.8675318        3.8675318        82.58443                                 82.58443
              1       45.079344     0.021999036       0.1244056     0.010404856      -1.8188665       1.7440994    2.100583e-09      0.25806091       110.40578      0.14704883       0.7418745       0.2456945      0.24702557       2.5162402       7.8263116       82.423624       3.8675318        3.8675318       82.423624                                82.423624
             10       44.572045     0.022016669      0.12413873     0.010405719      -1.7730475       1.7119057    2.100583e-09      0.26555873       108.74599      0.14679959       0.7343747      0.24570225      0.24703336       2.5129454       7.8258273       81.409026       3.8675318        3.8675318       81.409026                                81.409026
              1       44.750079     0.022016908      0.12398724     0.010406241      -1.7823324       1.7245256    2.100583e-09      0.26306403       109.22719      0.14664834      0.73686995      0.24570236      0.24703346       2.5129009       7.8231072       81.765094       3.8675318        3.8675318       81.765094                                81.765094
              2       43.727197     0.021932838       0.1249488     0.010405025      -1.8720673       1.8510646    2.100583e-09       0.2535876       111.38104      0.14752583      0.74634914      0.24566546      0.24699643       2.5286687       7.8536888       79.719329       3.8675318        3.8675318       79.719329                                79.719329
              9        44.00124     0.021827252      0.12483684      0.01040628      -1.8189558       1.8061775    2.100583e-09      0.26263097       109.41125      0.14730828      0.73730342       0.2456192         0.24695       2.5486851       7.8853567       80.267416       3.8675318        3.8675318       80.267416                                80.267416
              1         45.6644     0.022050055      0.12306985     0.010403037      -1.7667353       1.7242144    2.100583e-09      0.26270763       109.07119      0.14576409      0.73722604      0.24571695       0.2470481       2.5067251       7.8056907       83.593736       3.8675318        3.8675318       83.593736                                83.593736
              1       44.742272     0.022034842       0.1246751     0.010404455      -1.7653311       1.7098056    2.100583e-09      0.27032457       107.85648      0.14735413      0.72960791      0.24571025      0.24704138       2.5095566       7.8313813       81.749481       3.8675318        3.8675318       81.749481                                81.749481
              6       46.276392     0.022083547      0.12431491     0.010404431      -1.7222469       1.6353655    2.100583e-09      0.27452969       106.99232      0.14704265       0.7254016      0.24573168      0.24706289       2.5005082       7.8142563       84.817721       3.8675318        3.8675318       84.817721                                84.817721
              2        47.51993     0.022134617      0.12371601     0.010403167      -1.6909823       1.6017646    2.100583e-09      0.27744073        106.3002      0.14649482      0.72248957       0.2457541      0.24708539        2.491073       7.7965338       87.304796       3.8675318        3.8675318       87.304796                                87.304796
              1       47.831329     0.022143459      0.12485644     0.010399661      -1.8665944       1.8407932    2.100583e-09      0.25445112       111.09442      0.14764409      0.74548545      0.24575797      0.24708928       2.4894449       7.8018129       87.927594       3.8675318        3.8675318       87.927594                                87.927594
              1       46.232086     0.022078135      0.12564821     0.010401863      -1.9276404       1.9154611    2.100583e-09      0.24770184       112.74701      0.14837054      0.75223672       0.2457293       0.2470605       2.5015113       7.8253173       84.729109       3.8675318        3.8675318       84.729109                                84.729109
              4       45.242463     0.022047106      0.12511412      0.01040233      -1.9062485       1.8840903    2.100583e-09      0.24867788       112.47127      0.14780542       0.7512602      0.24571565       0.2470468       2.5072737       7.8248625       82.749862       3.8675318        3.8675318       82.749862                                82.749862
              2       45.119087     0.022072288      0.12492097     0.010402706      -1.8828262       1.8604466    2.100583e-09      0.25146368       111.79021      0.14763745      0.74847364      0.24572673      0.24705792       2.5025956       7.8187648       82.503111       3.8675318        3.8675318       82.503111                                82.503111
              2       45.640686     0.022072985       0.1248762     0.010406027      -1.8740563       1.8324123    2.100583e-09      0.25138949       111.85694      0.14759338      0.74854783      0.24572704      0.24705823       2.5024663       7.8160728       83.546308       3.8675318        3.8675318       83.546308                                83.546308
              4       45.360665      0.02204709      0.12394876     0.010406411      -1.8415414       1.8164496    2.100583e-09      0.25281524       111.31368      0.14664005      0.74712131      0.24571564      0.24704679       2.5072767       7.8150189       82.986266       3.8675318        3.8675318       82.986266                                82.986266
              7       45.402319     0.021961954      0.12371321     0.010402844      -1.8016206       1.7404937    2.100583e-09      0.25925778       110.01341      0.14631936      0.74067701      0.24567822      0.24700924       2.5231907       7.8280322       83.069575       3.8675318        3.8675318       83.069575                                83.069575
              8        45.37006     0.021941418      0.12366292     0.010402718      -1.8003051       1.7436635    2.100583e-09      0.25961776        109.9271      0.14624853      0.74031691      0.24566922       0.2470002       2.5270525       7.8329583       83.005057       3.8675318        3.8675318       83.005057                                83.005057
              1       45.470728     0.021933075      0.12368776     0.010402612      -1.8041413       1.7462608    2.100583e-09       0.2590627       110.05697      0.14626502      0.74087212      0.24566557      0.24699653        2.528624        7.834587       83.206392       3.8675318        3.8675318       83.206392                                83.206392
              1       45.507623     0.021812059      0.12494798     0.010406708      -1.8445215       1.7755316    2.100583e-09      0.25707634       110.79776      0.14740423      0.74285948      0.24561254      0.24694331       2.5515849       7.8770005       83.280183       3.8675318        3.8675318       83.280183                                83.280183
              1       46.312696     0.021780791      0.12495538     0.010407473      -1.8800541       1.8307396    2.100583e-09      0.25172803       111.95381      0.14738037      0.74820911       0.2455988      0.24692953       2.5575683       7.8840231       84.890329       3.8675318        3.8675318       84.890329                                84.890329
              3       47.957894     0.021756125      0.12666512     0.010407345      -1.9792917       1.9084804    2.100583e-09      0.24282453       114.37238      0.14906544      0.75711552      0.24558795      0.24691863       2.5623031       7.9038497       88.180724       3.8675318        3.8675318       88.180724                                88.180724
              1       51.445189     0.021627729      0.12702674     0.010409143      -1.9607969       1.8664093    2.100583e-09      0.24663627       113.63309      0.14929866      0.75330293        0.245531      0.24686147       2.5871634       7.9395808       95.155314       3.8675318        3.8675318       95.155314                                95.155314
              1       51.925176     0.021602749      0.12667084     0.010408785       -1.909413       1.7769824    2.100583e-09      0.25120822       112.55976      0.14891778       0.7487297       0.2455198      0.24685024       2.5920423       7.9401569       96.115288       3.8675318        3.8675318       96.115288                                96.115288
              2       49.388088     0.021644789      0.12691926      0.01040708       -1.834483       1.7284659    2.100583e-09      0.26773778       109.03525      0.14920824      0.73219618      0.24553862      0.24686912       2.5838395       7.9434364       91.041112       3.8675318        3.8675318       91.041112                                91.041112
              4       49.475106     0.021952057      0.12670046     0.010407083      -1.8189758       1.6790213    2.100583e-09      0.26495164       109.44467      0.14929671      0.73498305      0.24567388      0.24700488       2.5250507       7.8644059       91.215148       3.8675318        3.8675318       91.215148                                91.215148
              6       48.706231     0.021912599      0.12645704     0.010407682      -1.8153809       1.6909704    2.100583e-09      0.26554097       109.29089      0.14901383      0.73439345       0.2456566      0.24698753       2.5324871       7.8722418       89.677399       3.8675318        3.8675318       89.677399                                89.677399
              1       45.605698      0.02185091       0.1256776     0.010398661      -1.8837504       1.8505259    2.100583e-09      0.25760064       110.73105       0.1481727      0.74233538      0.24562958      0.24696041       2.5441795       7.8789127       83.476333       3.8675318        3.8675318       83.476333                                83.476333
              2       46.073356     0.021839143      0.12600288     0.010398191      -1.9099338       1.8707757    2.100583e-09      0.25480546       111.42576      0.14848622      0.74513139      0.24562442      0.24695524       2.5464191       7.8828281       84.411648       3.8675318        3.8675318       84.411648                                84.411648
              1       45.840634     0.021854573      0.12587805     0.010398518      -1.8951827       1.8546393    2.100583e-09      0.25647603       111.03178      0.14837681      0.74346036      0.24563118      0.24696202        2.543483       7.8786313       83.946205       3.8675318        3.8675318       83.946205                                83.946205
              2       46.298745     0.021749683      0.12685507     0.010399061      -1.9238217       1.8540978    2.100583e-09      0.25583877       111.45511      0.14924894      0.74409815      0.24558511      0.24691578       2.5635419       7.9117381       84.862427       3.8675318        3.8675318       84.862427                                84.862427
              1       45.865759     0.021571194      0.12647715       0.0104031      -1.9325009       1.9064728    2.100583e-09      0.25378057       111.83363      0.14869253      0.74615662       0.2455056      0.24683598       2.5982251       7.9552375       83.996453       3.8675318        3.8675318       83.996453                                83.996453
              5       44.736597      0.02165754       0.1263888     0.010403565      -1.9180919         1.89601    2.100583e-09      0.25514491       111.45903      0.14869053      0.74479194       0.2455443      0.24687483       2.5813591       7.9353863        81.73813       3.8675318        3.8675318        81.73813                                 81.73813
              6       43.821304     0.021754733      0.12612302     0.010403482      -1.9161648        1.899959    2.100583e-09       0.2535376       111.69389      0.14852195      0.74639958      0.24558733      0.24691802       2.5625708       7.9093547       79.907545       3.8675318        3.8675318       79.907545                                79.907545
              7       44.414357     0.021689158      0.12586431     0.010403697       -1.888297       1.8854071    2.100583e-09      0.25702567        110.8404      0.14819766       0.7429105      0.24555835      0.24688893       2.5752245       7.9271171       81.093651       3.8675318        3.8675318       81.093651                                81.093651
              1       45.634257     0.021596295      0.12640199     0.010402648      -1.9058218       1.8993083    2.100583e-09      0.25784734       110.83609      0.14864247      0.74208882       0.2455169      0.24684733       2.5933051        7.954576        83.53345       3.8675318        3.8675318        83.53345                                 83.53345
              5       46.137829     0.021573808      0.12584402     0.010402422      -1.8866878       1.8819061    2.100583e-09      0.25836326       110.61395      0.14806202      0.74157252      0.24550678      0.24683717        2.597712       7.9539295       84.540595       3.8675318        3.8675318       84.540595                                84.540595
              4       45.825005     0.021651736      0.12483169     0.010403313      -1.8205785       1.7828855    2.100583e-09      0.26416176       109.27843      0.14712762      0.73577217      0.24554171      0.24687223       2.5824877        7.920521       83.914947       3.8675318        3.8675318       83.914947                                83.914947
              1       45.893938     0.021620246      0.12582668     0.010402816      -1.8861111        1.816692    2.100583e-09      0.25659308       111.15981      0.14809112      0.74334315      0.24552765      0.24685811       2.5886235       7.9311361       84.052813       3.8675318        3.8675318       84.052813                                84.052813
              4       45.577819     0.021806221      0.12699089      0.01040456      -1.9010657       1.8714208    2.100583e-09      0.25991739       110.48862       0.1494413       0.7400186      0.24560998      0.24694074       2.5527005       7.9098589       83.420574       3.8675318        3.8675318       83.420574                                83.420574
              3        47.10246      0.02173352      0.12706477     0.010405156      -1.8611006       1.8204695    2.100583e-09      0.26741425       108.99441      0.14944248      0.73251989      0.24557798      0.24690863       2.5666539       7.9307586       86.469857       3.8675318        3.8675318       86.469857                                86.469857
              8       47.140363     0.021973715      0.12404967     0.010401123      -1.7019601       1.6810413    2.100583e-09      0.28132557       105.48916      0.14666758      0.71860384      0.24568338      0.24701442       2.5209831        7.851513       86.545663       3.8675318        3.8675318       86.545663                                86.545663
              4       47.057869     0.022143588      0.12386537     0.010400833      -1.7810838       1.7282667    2.100583e-09      0.26380877       108.98164      0.14665315      0.73612503      0.24575803      0.24708934       2.4894211       7.7918263       86.380674       3.8675318        3.8675318       86.380674                                86.380674
              2       46.963202     0.022139213      0.12376772     0.010400859      -1.7796704       1.7293992    2.100583e-09      0.26369938       108.98128      0.14655113       0.7362344      0.24575612      0.24708741       2.4902264       7.7920178       86.191341       3.8675318        3.8675318       86.191341                                86.191341
              5       46.805736     0.022172517      0.12379729     0.010401838      -1.7999027       1.7574691    2.100583e-09      0.25987227       109.75399        0.146614       0.7400625      0.24577066      0.24710201       2.4841049       7.7842069       85.876409       3.8675318        3.8675318       85.876409                                85.876409
              5       46.981669     0.022173232      0.12386046     0.010401718      -1.8009179       1.7535243    2.100583e-09      0.25986879       109.78092      0.14667789      0.74006601      0.24577097      0.24710233       2.4839738       7.7838776       86.228275       3.8675318        3.8675318       86.228275                                86.228275
              1       46.614344     0.022185545      0.12356215     0.010402577      -1.7728252       1.7261597    2.100583e-09      0.26328732       108.99518      0.14639189      0.73664649      0.24577633       0.2471077       2.4817163       7.7802992       85.493625       3.8675318        3.8675318       85.493625                                85.493625
              2       47.065515      0.02220027        0.123357     0.010403343      -1.7980183       1.7591211    2.100583e-09      0.25749646       110.15225      0.14620146      0.74243873      0.24578272      0.24711412       2.4790205       7.7725672       86.395966       3.8675318        3.8675318       86.395966                                86.395966
              2       46.516261     0.022123266      0.12363733     0.010403517       -1.809662       1.7500626    2.100583e-09      0.25636452       110.54246      0.14640479      0.74357103      0.24574913       0.2470804       2.4931655       7.7891313       85.297459       3.8675318        3.8675318       85.297459                                85.297459
              1       45.928541     0.022139048      0.12417952     0.010402225      -1.8213075       1.7837206    2.100583e-09      0.25812443        110.2024      0.14696276      0.74181093      0.24575604      0.24708734       2.4902568       7.7961403       84.122019       3.8675318        3.8675318       84.122019                                84.122019
              1       45.853472     0.022151992      0.12365867     0.010402511       -1.771035       1.7332016    2.100583e-09      0.26459072       108.72972      0.14645485       0.7353428      0.24576171      0.24709302        2.487875       7.7914694        83.97188       3.8675318        3.8675318        83.97188                                 83.97188
              1       44.423252     0.022019674       0.1247865     0.010406318      -1.7839051       1.7479772    2.100583e-09      0.26761355       108.37553      0.14745037      0.73231966      0.24570358      0.24703468       2.5123847       7.8386839       81.111441       3.8675318        3.8675318       81.111441                                81.111441
              3       46.011822     0.021573395      0.12602253     0.010402103      -1.9021377       1.8973954    2.100583e-09      0.25674905        111.0028      0.14824011      0.74318721      0.24550659      0.24683698       2.5977931       7.9549189       84.288581       3.8675318        3.8675318       84.288581                                84.288581
              1       46.449455     0.021547722      0.12606382     0.010401472       -1.915294       1.8950953    2.100583e-09      0.25526389       111.41835      0.14825573      0.74467275      0.24549499      0.24682534       2.6028385       7.9569547       85.163847       3.8675318        3.8675318       85.163847                                85.163847
              1       45.420184     0.021644125      0.12679128     0.010401076      -1.9295606       1.8838914    2.100583e-09      0.25561996       111.50251      0.14907959      0.74431694      0.24553832      0.24686882       2.5839687       7.9392558       83.105304       3.8675318        3.8675318       83.105304                                83.105304
              3       46.809682     0.021576672      0.12750491     0.010399966      -1.9837943       1.9490801    2.100583e-09       0.2513634       112.59426      0.14972577      0.74857481      0.24550807      0.24683846       2.5971501       7.9629336         85.8843       3.8675318        3.8675318         85.8843                                  85.8843
              4       46.891085     0.021761385      0.12616498      0.01039888      -1.8427508       1.7688639    2.100583e-09      0.26624817       109.12115      0.14857056      0.73368588      0.24559026      0.24692096       2.5612924       7.9054807       86.047106       3.8675318        3.8675318       86.047106                                86.047106
              2       45.164412      0.02176088      0.12549366     0.010400289      -1.8342018       1.7883837    2.100583e-09      0.26518176       109.16512      0.14789873      0.73475225      0.24559004      0.24692073       2.5613894        7.900934       82.593761       3.8675318        3.8675318       82.593761                                82.593761
              2       44.158012     0.021910969      0.12522837     0.010401799      -1.8291561       1.7761151    2.100583e-09      0.26304782       109.50537      0.14778353      0.73688667      0.24565588      0.24698681       2.5327949       7.8611217        80.58096       3.8675318        3.8675318        80.58096                                 80.58096
              2       45.808301     0.021695448      0.12688316     0.010402652      -1.9625755       1.8742402    2.100583e-09      0.24758834       113.35153       0.1492228       0.7523506      0.24556114      0.24689173       2.5740067       7.9202004       83.881538       3.8675318        3.8675318       83.881538                                83.881538
              5       46.711203     0.021647066      0.12715153     0.010402101      -2.0008046       1.9073546    2.100583e-09      0.24289578       114.52121      0.14944279      0.75704441      0.24553963      0.24687014       2.5833962          7.9322       85.687343       3.8675318        3.8675318       85.687343                                85.687343
              1       46.789936      0.02163672      0.12700458     0.010401452      -1.9966458       1.9017791    2.100583e-09      0.24299196        114.4772      0.14928549      0.75694813      0.24553501      0.24686551       2.5854109       7.9324152       85.844808       3.8675318        3.8675318       85.844808                                85.844808
              1       47.594155     0.021507382      0.12662036     0.010402625      -1.8989263       1.8469559    2.100583e-09      0.26012283       110.57256      0.14877193      0.73981283      0.24547671      0.24680699       2.6107965       7.9720697       87.453246       3.8675318        3.8675318       87.453246                                87.453246
              2       48.983816     0.021446833      0.12745061     0.010401384      -1.9468883       1.8984812    2.100583e-09      0.25718738       111.38366      0.14954163      0.74274932      0.24544919      0.24677937       2.6228103       7.9955072       90.232568       3.8675318        3.8675318       90.232568                                90.232568
              2       47.611911      0.02169782      0.12508048      0.01040298      -1.7401879        1.714645    2.100583e-09      0.28048943       105.99708      0.14742249      0.71944054      0.24556219      0.24689278       2.5735477       7.9259127       87.488759       3.8675318        3.8675318       87.488759                                87.488759
              1       46.024497     0.021739538      0.12497547     0.010402403      -1.7634316       1.7596792    2.100583e-09      0.27484236       106.93139      0.14735919        0.725089      0.24558063      0.24691129       2.5654947       7.9170707        84.31393       3.8675318        3.8675318        84.31393                                 84.31393
              3       44.695064     0.021847064      0.12472494     0.010404026      -1.7539238       1.7347871    2.100583e-09      0.27472123         106.947       0.1472162      0.72521009      0.24562789      0.24695872        2.544911       7.8852907       81.655065       3.8675318        3.8675318       81.655065                                81.655065
              7       44.726962     0.021845877      0.12491116     0.010404226      -1.7594969       1.7375478    2.100583e-09      0.27462271       107.01722      0.14740123      0.72530873      0.24562737       0.2469582        2.545137       7.8869672        81.71886       3.8675318        3.8675318        81.71886                                 81.71886
              4       44.513715     0.021844293      0.12504554     0.010404196      -1.7714345        1.748281    2.100583e-09      0.27311035       107.34954      0.14753402      0.72682152      0.24562668       0.2469575       2.5454384       7.8875103       81.292365       3.8675318        3.8675318       81.292365                                81.292365
             10       43.953271     0.021942594      0.12429946       0.0104025      -1.7832944       1.7794059    2.100583e-09      0.26645619       108.39655      0.14688624      0.73347705      0.24566974      0.24700072       2.5268312       7.8563907       80.171479       3.8675318        3.8675318       80.171479                                80.171479
              6       44.327849     0.021967252      0.12429944     0.010403649      -1.7461336       1.7373805    2.100583e-09      0.27305677       107.07421      0.14691088      0.72687483      0.24568055      0.24701157        2.522196       7.8546847       80.920634       3.8675318        3.8675318       80.920634                                80.920634
              2       45.130496     0.021924902      0.12451548      0.01040474       -1.726375       1.6907373    2.100583e-09      0.27817655       106.26989      0.14708457      0.72175385      0.24566198      0.24699294       2.5301648       7.8636668       82.525929       3.8675318        3.8675318       82.525929                                82.525929
              1       44.652642     0.021942646      0.12466525     0.010404451      -1.7451198        1.713616    2.100583e-09      0.27540123         106.814      0.14725209      0.72452994      0.24566976      0.24700074       2.5268213        7.860211       81.570221       3.8675318        3.8675318       81.570221                                81.570221
              1       45.270169     0.021982205       0.1245842     0.010407296      -1.7381457        1.716461    2.100583e-09      0.27519455       106.77204       0.1472106      0.72473665      0.24568711      0.24701816       2.5193913       7.8538839       82.805274       3.8675318        3.8675318       82.805274                                82.805274
              4       44.658109     0.021968935      0.12438168     0.010407315      -1.7509905       1.7259977    2.100583e-09       0.2718048       107.42791      0.14699481      0.72812715      0.24568129      0.24701231         2.52188       7.8513728       81.581154       3.8675318        3.8675318       81.581154                                81.581154
              3       44.229487     0.021798629      0.12451962     0.010402432      -1.8003644        1.782625    2.100583e-09      0.26580213       108.72879      0.14696244      0.73413131      0.24560664       0.2469374       2.5541522        7.887467       80.723911       3.8675318        3.8675318       80.723911                                80.723911
              1       43.961963     0.021784427      0.12531479     0.010401724      -1.8683247       1.8303516    2.100583e-09      0.25775907       110.67002       0.1477434      0.74217672       0.2456004      0.24693113       2.5568715        7.890588       80.188863       3.8675318        3.8675318       80.188863                                80.188863
              1       44.785281     0.021873821      0.12596441     0.010401361      -1.8660263       1.7951423    2.100583e-09      0.25969442       110.40007      0.14848242      0.74024121      0.24563961      0.24697049       2.5398274       7.8744148       81.835499       3.8675318        3.8675318       81.835499                                81.835499
              7       44.873663     0.021836509       0.1261928      0.01040146      -1.8711081       1.7979242    2.100583e-09      0.26005583       110.38559      0.14867351      0.73987979      0.24562326      0.24695408       2.5469206       7.8859434       82.012262       3.8675318        3.8675318       82.012262                                82.012262
             21       46.267865     0.021897839      0.12552489     0.010404877      -1.7811807        1.651245    2.100583e-09      0.26743155       108.74746      0.14806692      0.73250198      0.24565013      0.24698104       2.5352773       7.8633434       84.800666       3.8675318        3.8675318       84.800666                                84.800666
              2       45.209767       0.0220408      0.12480439     0.010402232      -1.7765189       1.7297698    2.100583e-09      0.26990656       107.94072      0.14748938      0.73002609      0.24571287      0.24704401        2.508447       7.8317423       82.684471       3.8675318        3.8675318       82.684471                                82.684471
              2       46.617966      0.02213388      0.12412783       0.0104016      -1.7399799       1.7158648    2.100583e-09      0.27336416       106.99323       0.1469059      0.72656736      0.24575378      0.24708507       2.4912089       7.8096753       85.500869       3.8675318        3.8675318       85.500869                                85.500869
              5       45.931842     0.022119302      0.12407133     0.010401891      -1.7481291        1.733037    2.100583e-09      0.27138542       107.33448      0.14683482      0.72854656      0.24574739      0.24707866        2.493897       7.8135609       84.128621       3.8675318        3.8675318       84.128621                                84.128621
              1       47.069763     0.022234275      0.12345498     0.010402964      -1.7323262       1.7303635    2.100583e-09       0.2695355       107.43265      0.14633345      0.73039671      0.24579741      0.24712886       2.4728116       7.7848228       86.404462       3.8675318        3.8675318       86.404462                                86.404462
             15       47.024152     0.022233725      0.12353593     0.010402984      -1.7368924       1.7346863    2.100583e-09      0.26911483       107.53761      0.14641384      0.73081752      0.24579718      0.24712862       2.4729118       7.7853732        86.31324       3.8675318        3.8675318        86.31324                                 86.31324
              7       47.225101       0.0221372      0.12265041      0.01040386      -1.6622188       1.6045468    2.100583e-09      0.27946285        105.6513       0.1454318      0.72046643      0.24575524      0.24708653       2.4905972       7.7901182       86.715138       3.8675318        3.8675318       86.715138                                86.715138
              1        47.24432     0.022137519      0.12266129     0.010403912      -1.6611366        1.602703    2.100583e-09      0.27968045       105.61391        0.145443      0.72024878      0.24575538      0.24708667       2.4905384       7.7901991       86.753576       3.8675318        3.8675318       86.753576                                86.753576
              1       50.264049     0.022333351      0.12448432     0.010403229      -1.8207176       1.7798872    2.100583e-09      0.25825542       110.15104      0.14746187      0.74168013      0.24583984      0.24717145       2.4548517       7.7561233       92.793034       3.8675318        3.8675318       92.793034                                92.793034
              2       50.691661     0.022314343      0.12439741     0.010404854      -1.8447175       1.7821878    2.100583e-09      0.25224277       111.50756      0.14735594      0.74769423      0.24583173       0.2471633       2.4582822         7.75299       93.648258       3.8675318        3.8675318       93.648258                                93.648258
              4        48.28498     0.022130814      0.12530394     0.010402402      -1.9573403       1.9287584    2.100583e-09       0.2404674       114.41058      0.14807895      0.75947284      0.24575244      0.24708372       2.4917737       7.8018491       88.834897       3.8675318        3.8675318       88.834897                                88.834897
              2       48.853899     0.022090012      0.12603801     0.010402624      -1.9982781       1.9549224    2.100583e-09      0.23722057        115.3966      0.14877221      0.76272075      0.24573453      0.24706575       2.4993109       7.8164057       89.972734       3.8675318        3.8675318       89.972734                                89.972734
              1       47.944833     0.022042329      0.12593204     0.010402445      -1.9982565       1.9552025    2.100583e-09      0.23703756       115.44362      0.14861856      0.76290374      0.24571355      0.24704469       2.5081625       7.8258393       88.154602       3.8675318        3.8675318       88.154602                                88.154602
              1       46.511528     0.022152231      0.12444121     0.010404503      -1.8712234       1.8387505    2.100583e-09      0.24993745        112.0351      0.14723763      0.75000008      0.24576181      0.24709313       2.4878311       7.7928341       85.287992       3.8675318        3.8675318       85.287992                                85.287992
              5       46.217679     0.022138866      0.12453052     0.010402047      -1.8524961       1.8177766    2.100583e-09      0.25444451       111.06283      0.14731358      0.74549192      0.24575596      0.24708726       2.4902904        7.798374       84.700294       3.8675318        3.8675318       84.700294                                84.700294
              6       47.263007     0.021564027      0.12676634     0.010402107      -1.8815537        1.795811    2.100583e-09      0.26197267       110.22609      0.14897455      0.73796262      0.24550236      0.24683274       2.5996325       7.9575242        86.79095       3.8675318        3.8675318        86.79095                                 86.79095
              7       46.639963     0.021883759      0.12445055     0.010402072      -1.7425159       1.6220362    2.100583e-09       0.2707103       107.89532       0.1469785      0.72922192      0.24564397      0.24697485       2.5379432       7.8547392       85.544863       3.8675318        3.8675318       85.544863                                85.544863
              1       47.416076      0.02198701      0.12382314     0.010402155      -1.7483705       1.6288656    2.100583e-09       0.2658015       108.72732      0.14645434      0.73413171      0.24568922      0.24702027       2.5184912       7.8205542       87.097088       3.8675318        3.8675318       87.097088                                87.097088
              4       47.410695     0.021993727      0.12376473     0.010402129      -1.7444357       1.6273913    2.100583e-09      0.26640112       108.58922      0.14640265      0.73353192      0.24569217      0.24702323       2.5172337       7.8188802       87.086327       3.8675318        3.8675318       87.086327                                87.086327
             12       46.425424     0.021696356      0.12558847     0.010404639      -1.8842223       1.7863302    2.100583e-09      0.25294305       111.91054      0.14792902      0.74699402      0.24556154      0.24689213       2.5738309        7.905987       85.115784       3.8675318        3.8675318       85.115784                                85.115784
              3       46.216889     0.021689335      0.12556154     0.010404338      -1.8835017       1.7908526    2.100583e-09      0.25340121        111.8031      0.14789507      0.74653573      0.24555843      0.24688901       2.5751902       7.9079075       84.698715       3.8675318        3.8675318       84.698715                                84.698715
              2         45.9887     0.021700409      0.12553762     0.010404281      -1.8880196        1.800218    2.100583e-09      0.25274964       111.93332      0.14788222      0.74718746      0.24556334      0.24689393       2.5730468       7.9050687       84.242336       3.8675318        3.8675318       84.242336                                84.242336
              5       45.818581     0.021682736      0.12555757     0.010404105      -1.8844142       1.8032265    2.100583e-09       0.2540416       111.65276       0.1478845      0.74589518       0.2455555      0.24688607       2.5764687       7.9107851       83.902098       3.8675318        3.8675318       83.902098                                83.902098
              3       46.119973     0.021682614      0.12627145     0.010406642       -1.935868       1.8979353    2.100583e-09      0.25009402       112.59652      0.14859826      0.74984404      0.24555545      0.24688601       2.5764923        7.923713       84.504882       3.8675318        3.8675318       84.504882                                84.504882
              1       46.314123     0.021673461      0.12632918     0.010406747      -1.9360461        1.897326    2.100583e-09      0.25036109       112.55341      0.14864684      0.74957693      0.24555138      0.24688193       2.5782673       7.9266876       84.893182       3.8675318        3.8675318       84.893182                                84.893182
              1       45.502278     0.021684955       0.1265656     0.010405425      -1.9235118       1.8738411    2.100583e-09       0.2536881       111.87176      0.14889474      0.74624919      0.24555649      0.24688706       2.5760388          7.9269       83.269492       3.8675318        3.8675318       83.269492                                83.269492
              3       45.893997     0.021653081      0.12673908     0.010405014      -1.9411778       1.8832853    2.100583e-09      0.25155159       112.41063      0.14903636      0.74838629      0.24554231      0.24687283        2.582226       7.9343056        84.05293       3.8675318        3.8675318        84.05293                                 84.05293
              8       48.139603     0.021854553      0.12587742     0.010405627      -1.8170746       1.6406783    2.100583e-09      0.25927615       110.54508      0.14837616      0.74065954      0.24563117      0.24696201       2.5434867       7.8702922       88.544143       3.8675318        3.8675318       88.544143                                88.544143
              8       47.858245     0.021866906      0.12545229     0.010405279      -1.8080836       1.6392792    2.100583e-09      0.25925243       110.46639      0.14796339      0.74068308      0.24563658      0.24696745       2.5411398       7.8623164       87.981425       3.8675318        3.8675318       87.981425                                87.981425
              2       47.790646     0.021862804      0.12546034     0.010405205      -1.8085678       1.6404648    2.100583e-09      0.25931016       110.45728      0.14796734      0.74062535      0.24563479      0.24696564       2.5419188       7.8634255       87.846228       3.8675318        3.8675318       87.846228                                87.846228
              2       47.600518     0.021889904      0.12502045     0.010405605      -1.8119435       1.6648971    2.100583e-09      0.25774557       110.69386      0.14755455      0.74219014      0.24564666      0.24697756       2.5367793       7.8524152       87.465973       3.8675318        3.8675318       87.465973                                87.465973
              1       48.624832     0.021903965      0.12327353     0.010407422      -1.7389096       1.6340373    2.100583e-09      0.26479371       108.85851      0.14582169      0.73513947      0.24565281      0.24698374       2.5341187       7.8359208         89.5146       3.8675318        3.8675318         89.5146                                  89.5146
              3       47.037294     0.021917893      0.12324223     0.010406045       -1.737102        1.648232    2.100583e-09      0.26649833       108.47876      0.14580431      0.73343441      0.24565891      0.24698986       2.5314875        7.834645       86.339524       3.8675318        3.8675318       86.339524                                86.339524
              1        44.40321     0.021888991      0.12433596       0.0104024      -1.7747721        1.725698    2.100583e-09      0.26856643       108.20024      0.14686915      0.73136627      0.24564626      0.24697715       2.5369521       7.8598012       81.071356       3.8675318        3.8675318       81.071356                                81.071356
              3       45.094976     0.021858778      0.12418883     0.010401515      -1.7737771        1.721398    2.100583e-09      0.26830364       108.24906       0.1466918      0.73162905      0.24563302      0.24696387       2.5426837       7.8639084       82.454889       3.8675318        3.8675318       82.454889                                82.454889
              9       45.099317     0.021853393      0.12412825     0.010401655       -1.769462       1.7205092    2.100583e-09      0.26893072       108.10386      0.14662584      0.73100178      0.24563066       0.2469615       2.5437073       7.8654671       82.463571       3.8675318        3.8675318       82.463571                                82.463571
              1       45.657312     0.021787808      0.12453471     0.010403647      -1.7572796       1.6752493    2.100583e-09       0.2713026       107.79744      0.14696671      0.72862947      0.24560189      0.24693262       2.5562237        7.883158       83.579561       3.8675318        3.8675318       83.579561                                83.579561
              2       45.725072      0.02178727      0.12448503      0.01040373       -1.753124        1.672446    2.100583e-09      0.27189861       107.66798      0.14691649      0.72803328      0.24560165      0.24693239       2.5563268       7.8832395        83.71508       3.8675318        3.8675318        83.71508                                 83.71508
              1        45.72531     0.021787266      0.12448445     0.010403733       -1.753092       1.6724345    2.100583e-09      0.27190208       107.66716       0.1469159      0.72802981      0.24560165      0.24693238       2.5563276       7.8832394       83.715556       3.8675318        3.8675318       83.715556                                83.715556
              8       45.391395     0.021862563      0.12385317     0.010402958      -1.7321509        1.680298    2.100583e-09      0.27403535       107.03586      0.14635992      0.72589574      0.24563468      0.24696554       2.5419645       7.8635102       83.047726       3.8675318        3.8675318       83.047726                                83.047726
              2       45.627786     0.021883697      0.12380342     0.010403886      -1.7045699       1.6717079    2.100583e-09      0.27925095       105.93594      0.14633131      0.72067882      0.24564394      0.24697483       2.5379551       7.8660041       83.520508       3.8675318        3.8675318       83.520508                                83.520508
              3       44.849317     0.021850429       0.1243875     0.010403321      -1.7441667        1.715921    2.100583e-09      0.27506104       106.85778      0.14688212      0.72487004      0.24562936       0.2469602       2.5442709       7.8782367       81.963571       3.8675318        3.8675318       81.963571                                81.963571
              3       44.848046     0.021842041      0.12450899     0.010403263      -1.7490811       1.7175757    2.100583e-09       0.2748023       106.94977      0.14699522       0.7251289      0.24562569      0.24695651       2.5458672       7.8806052       81.961029       3.8675318        3.8675318       81.961029                                81.961029
              2       44.869497     0.021840114      0.12450667       0.0104033      -1.7485197       1.7168906    2.100583e-09      0.27489562       106.93233      0.14699097      0.72503555      0.24562484      0.24695566       2.5462342       7.8810767        82.00393       3.8675318        3.8675318        82.00393                                 82.00393
              3       45.225991      0.02188794      0.12456483     0.010401348      -1.7580585       1.7310435    2.100583e-09      0.27374527       107.13076      0.14709696      0.72618625       0.2456458      0.24697669       2.5371511       7.8700792       82.716918       3.8675318        3.8675318       82.716918                                82.716918
              6       45.713257     0.021790752      0.12526397     0.010399479      -1.9030246       1.8469119    2.100583e-09      0.25142027        112.0948      0.14769891      0.74851708      0.24560318      0.24693392       2.5556598       7.8811725       83.691451       3.8675318        3.8675318       83.691451                                83.691451
              3       45.369443     0.021758629      0.12564442     0.010399784      -1.9171163       1.8597331    2.100583e-09      0.25099718       112.27945      0.14804724      0.74894042      0.24558905      0.24691974       2.5618218       7.8931944       83.003822       3.8675318        3.8675318       83.003822                                83.003822
              3        45.28672     0.021757452      0.12570922     0.010399853      -1.9188969       1.8616653    2.100583e-09      0.25101974       112.28702      0.14811087      0.74891789      0.24558853      0.24691922        2.562048       7.8943471       82.838377       3.8675318        3.8675318       82.838377                                82.838377
              6       45.802257     0.021802776      0.12539403     0.010399009      -1.9122179       1.8618053    2.100583e-09      0.25082551        112.2369        0.147841      0.74911205      0.24560846      0.24693922       2.5533591       7.8801744       83.869451       3.8675318        3.8675318       83.869451                                83.869451
              8       44.366187     0.021876676      0.12510181     0.010400935       -1.901492       1.8960082    2.100583e-09      0.25067532       112.02492      0.14762268      0.74926219      0.24564086      0.24697174       2.5392859       7.8681728        80.99731       3.8675318        3.8675318        80.99731                                 80.99731
             10       44.299046     0.021874213      0.12511669     0.010400979      -1.9009843         1.89382    2.100583e-09      0.25088389       111.99074      0.14763509      0.74905357      0.24563978      0.24697066       2.5397532       7.8686655       80.863029       3.8675318        3.8675318       80.863029                                80.863029
              2        43.59773     0.021866347      0.12509585     0.010401848      -1.8623297       1.8477233    2.100583e-09      0.25736941       110.58695      0.14760638      0.74256642      0.24563634       0.2469672        2.541246       7.8732794       79.460395       3.8675318        3.8675318       79.460395                                79.460395
              4       43.429337     0.021892211      0.12438865     0.010404118      -1.8012639         1.78168    2.100583e-09      0.26391581       109.05808      0.14692506      0.73601808      0.24564767      0.24697857       2.5363423       7.8633461       79.123609       3.8675318        3.8675318       79.123609                                79.123609
             21       43.457417     0.021959088      0.12488216     0.010403928      -1.8343549       1.8051516    2.100583e-09      0.26004625       109.98172      0.14748544      0.73988886      0.24567697      0.24700798       2.5237292       7.8489918       79.179769       3.8675318        3.8675318       79.179769                                79.179769
              8       43.468794     0.021879645      0.12482696     0.010404536      -1.8299019       1.7943207    2.100583e-09      0.26073444       109.88344      0.14735079      0.73920044      0.24564216      0.24697305       2.5387229       7.8661238       79.202524       3.8675318        3.8675318       79.202524                                79.202524
              7       45.833168     0.021890011      0.12393295     0.010408886      -1.7928063       1.7765591    2.100583e-09      0.26165678       109.42096      0.14646715      0.73827747       0.2456467       0.2469776        2.536759       7.8601154       83.931272       3.8675318        3.8675318       83.931272                                83.931272
              4       45.791204     0.021813906      0.12385775     0.010404499      -1.8500467       1.8452581    2.100583e-09      0.25245259       111.38861      0.14631585      0.74748391      0.24561335      0.24694413       2.5512321       7.8713143       83.847344       3.8675318        3.8675318       83.847344                                83.847344
              2       46.040401      0.02180381      0.12634272     0.010405928      -1.9995984       1.9896125    2.100583e-09      0.23977254       114.88206      0.14879072      0.76016816      0.24560892      0.24693968       2.5531613       7.8940753       84.345739       3.8675318        3.8675318       84.345739                                84.345739
              3       47.820215     0.021806899      0.12592023     0.010408495      -1.9696548       1.9649062    2.100583e-09       0.2415972        114.3292      0.14837132      0.75834287      0.24561027      0.24694104       2.5525709       7.8915049       87.905367       3.8675318        3.8675318       87.905367                                87.905367
              2       47.859653     0.021819547      0.12586208     0.010408702      -1.9626365        1.958486    2.100583e-09       0.2422955       114.14075      0.14832582      0.75764438      0.24561582      0.24694661        2.550155       7.8885431       87.984242       3.8675318        3.8675318       87.984242                                87.984242
              7       46.380257     0.021852596      0.12497816     0.010408171      -1.9037048       1.8914866    2.100583e-09      0.24775539       112.70287      0.14747495      0.75218278      0.24563031      0.24696115       2.5438587       7.8719236       85.025451       3.8675318        3.8675318       85.025451                                85.025451
              2       45.321809     0.021958021      0.12450885     0.010407139      -1.8415247       1.7874969    2.100583e-09      0.25514231        111.0388      0.14711106      0.74479387       0.2456765      0.24700751       2.5239296       7.8388555       82.908554       3.8675318        3.8675318       82.908554                                82.908554
              3        44.73624     0.022013523      0.12416443     0.010405993      -1.8365161       1.8001448    2.100583e-09      0.25493536       110.94518      0.14682214      0.74500074      0.24570087      0.24703197       2.5135329       7.8242275       81.737416       3.8675318        3.8675318       81.737416                                81.737416
              1       45.814752     0.021993266       0.1235066      0.01040503      -1.8041906       1.7446979    2.100583e-09      0.25699421       110.44088      0.14614406      0.74294108      0.24569197      0.24702303       2.5173198        7.818129       83.894441       3.8675318        3.8675318       83.894441                                83.894441
              5       45.941757     0.022003773      0.12341409     0.010405127      -1.8002426        1.741522    2.100583e-09      0.25719885       110.37234      0.14606205      0.74273634      0.24569658      0.24702766       2.5153544       7.8149059        84.14845       3.8675318        3.8675318        84.14845                                 84.14845
              2        45.92892     0.022075327      0.12449646     0.010402239      -1.8836028       1.8489031    2.100583e-09      0.24913484       112.27362      0.14721598      0.75080288      0.24572807      0.24705926       2.5020319       7.8090353       84.122775       3.8675318        3.8675318       84.122775                                84.122775
              4       46.267476      0.02196269      0.12530085     0.010400315       -1.902303       1.8276725    2.100583e-09      0.24951915       112.47505      0.14790773      0.75041877      0.24567855      0.24700956       2.5230525         7.83895       84.799889       3.8675318        3.8675318       84.799889                                84.799889
              3       46.235469     0.022026513      0.12470845      0.01040473       -1.860222       1.7770158    2.100583e-09      0.25159222       111.87673      0.14737916      0.74834495      0.24570658       0.2470377        2.511109       7.8189545       84.735875       3.8675318        3.8675318       84.735875                                84.735875
              1       44.576181     0.021852476      0.12611266     0.010405775      -1.8925981       1.8463877    2.100583e-09       0.2556902       111.25749      0.14860933      0.74424648      0.24563026       0.2469611       2.5438817       7.8837595       81.417299       3.8675318        3.8675318       81.417299                                81.417299
              2       44.757736     0.021851877       0.1260017     0.010406092      -1.8940116       1.8423589    2.100583e-09      0.25456207       111.49569      0.14849777      0.74537484         0.24563      0.24696084       2.5439956       7.8812579       81.780408       3.8675318        3.8675318       81.780408                                81.780408
              4       44.020533      0.02186472      0.12534322     0.010406044      -1.8642417       1.8275109    2.100583e-09      0.25684615       110.82833      0.14785214      0.74308992      0.24563563      0.24696648       2.5415549        7.873765       80.306002       3.8675318        3.8675318       80.306002                                80.306002
              5       43.985352       0.0218454       0.1255422     0.010405416      -1.9024105       1.8763529    2.100583e-09      0.25171898       111.97616      0.14803179      0.74821844      0.24562716      0.24695799       2.5452278       7.8789942       80.235641       3.8675318        3.8675318       80.235641                                80.235641
              5        43.98485     0.021840824      0.12579173     0.010405156      -1.9135754       1.8880139    2.100583e-09      0.25119545       112.14362      0.14827674       0.7487422      0.24562515      0.24695598       2.5460988       7.8827381       80.234637       3.8675318        3.8675318       80.234637                                80.234637
              1       44.652231      0.02184679        0.125852     0.010406549      -1.8997315       1.8665033    2.100583e-09      0.25328704       111.70703      0.14834298      0.74665012      0.24562777       0.2469586       2.5449632       7.8826894       81.569398       3.8675318        3.8675318       81.569398                                81.569398
              8       44.423877     0.021837223      0.12580573     0.010406002      -1.8678709       1.8197396    2.100583e-09       0.2583973       110.62303      0.14828714      0.74153857      0.24562358      0.24695439       2.5467848       7.8849699       81.112691       3.8675318        3.8675318       81.112691                                81.112691
             10       45.927188     0.021915697      0.12459295     0.010409395      -1.8102198       1.7898619    2.100583e-09      0.26153378       109.58654      0.14715284      0.73840081      0.24565795      0.24698889        2.531902       7.8609982       84.119313       3.8675318        3.8675318       84.119313                                84.119313
              3       45.557808     0.022059669      0.12321796     0.010406668      -1.7913931       1.7826445    2.100583e-09       0.2577312       109.99299      0.14592182       0.7422038      0.24572118      0.24705235       2.5049381       7.8117172       83.380552       3.8675318        3.8675318       83.380552                                83.380552
              1       45.400171     0.021966117      0.12605022     0.010400557      -1.9436586       1.9314515    2.100583e-09      0.24814482       112.78252      0.14866053      0.75179375      0.24568005      0.24701107        2.522409       7.8554856       83.065278       3.8675318        3.8675318       83.065278                                83.065278
              2       45.661655     0.021905902      0.12588239     0.010399752      -1.9025598       1.8343256    2.100583e-09      0.25332739       111.75071      0.14843248       0.7466098      0.24565366      0.24698459       2.5337524       7.8619849       83.588247       3.8675318        3.8675318       83.588247                                83.588247
              4       45.062351     0.021874802      0.12606174     0.010400678      -1.9321431       1.8711096    2.100583e-09      0.24944369       112.65876      0.14858074      0.75049452      0.24564004      0.24697092       2.5396414       7.8704321       82.389638       3.8675318        3.8675318       82.389638                                82.389638
              1       44.455299     0.021734713      0.12647258     0.010401821      -1.9313559        1.881447    2.100583e-09      0.25268733        112.0551      0.14885148      0.74725019      0.24557851      0.24690916       2.5664241       7.9119471       81.175535       3.8675318        3.8675318       81.175535                                81.175535
              1       43.652267     0.021819151      0.12567868     0.010403276      -1.8723671       1.8281882    2.100583e-09      0.25804734       110.67559      0.14814203      0.74188855      0.24561565      0.24694644       2.5502306       7.8868282       79.569471       3.8675318        3.8675318       79.569471                                79.569471
              5       43.490414     0.021820815      0.12557182      0.01040275      -1.8737483        1.842473    2.100583e-09      0.25774924       110.68352      0.14803682      0.74218668      0.24561638      0.24694717       2.5499131       7.8868033       79.245765       3.8675318        3.8675318       79.245765                                79.245765
              1       44.462839     0.021818129      0.12464591     0.010403014      -1.8685559       1.8249765    2.100583e-09      0.25351589       111.46765      0.14710823      0.74642069       0.2456152      0.24694599       2.5504257       7.8715941       81.190615       3.8675318        3.8675318       81.190615                                81.190615
              2       44.869126     0.021915054      0.12426535     0.010404601      -1.8204526       1.7513375    2.100583e-09      0.25795382       110.43292      0.14682459      0.74198153      0.24565767      0.24698861       2.5320234       7.8443784       82.003188       3.8675318        3.8675318       82.003188                                82.003188
              1       45.797835     0.021832863      0.12435597     0.010404303      -1.8365996        1.756764    2.100583e-09       0.2554445       111.04783      0.14683302      0.74449148      0.24562166      0.24695247       2.5476154         7.86158       83.860606       3.8675318        3.8675318       83.860606                                83.860606
              1       45.494424     0.021803171       0.1245579     0.010402701      -1.8399249       1.7617416    2.100583e-09      0.25664218       110.83762      0.14700526      0.74329357      0.24560864       0.2469394       2.5532836         7.87123       83.253784       3.8675318        3.8675318       83.253784                                83.253784
              3       46.372491     0.021710388      0.12511714     0.010404737      -1.7900181        1.690991    2.100583e-09      0.26716562       108.79285      0.14747172      0.73276771      0.24556776      0.24689837       2.5711176       7.9045809       85.009918       3.8675318        3.8675318       85.009918                                85.009918
              1       47.849696     0.021846347      0.12335458     0.010403111       -1.676572       1.5974011    2.100583e-09      0.28083963       105.69932      0.14584512       0.7190895      0.24562758      0.24695841       2.5450476       7.8614739       87.964329       3.8675318        3.8675318       87.964329                                87.964329
              4       47.373483     0.022114131      0.12320425     0.010401484      -1.7699261       1.7069681    2.100583e-09      0.26201039       109.26861      0.14596257      0.73792355      0.24574512      0.24707638       2.4948515       7.7882057       87.011902       3.8675318        3.8675318       87.011902                                87.011902
              1       46.343762     0.022041334      0.12310723     0.010401994      -1.8002282       1.7729576    2.100583e-09      0.25733145       110.17088      0.14579275      0.74260359      0.24571311      0.24704425       2.5083477       7.8071614       84.952461       3.8675318        3.8675318       84.952461                                84.952461
              3       46.463198     0.022042189      0.12309194     0.010401892       -1.801071        1.773869    2.100583e-09      0.25712755        110.2114      0.14577832      0.74280754      0.24571348      0.24704463       2.5081886       7.8066164       85.191332       3.8675318        3.8675318       85.191332                                85.191332
              2       45.688128     0.021845196      0.12495965     0.010400242       -1.920654       1.8787463    2.100583e-09      0.24684802        113.0191      0.14744904      0.75309036      0.24562707       0.2469579       2.5452666       7.8641671       83.641193       3.8675318        3.8675318       83.641193                                83.641193
              2       46.117931     0.021894718      0.12698471     0.010402023      -2.0219257       1.9929484    2.100583e-09      0.23996106       114.98113      0.14952362      0.75997988      0.24564876      0.24697967       2.5358679       7.8764919       84.500799       3.8675318        3.8675318       84.500799                                84.500799
              3       45.049583     0.021978687      0.12629553     0.010403105      -1.9348348       1.9154229    2.100583e-09       0.2500316       112.41915      0.14891841      0.74990661      0.24568556      0.24701661       2.5200508       7.8564685       82.364103       3.8675318        3.8675318       82.364103                                82.364103
              4       44.966066     0.021970733      0.12631406     0.010403138      -1.9320137       1.9088057    2.100583e-09      0.25061649       112.30732      0.14892898      0.74932158      0.24568207       0.2470131       2.5215426       7.8582292       82.197068       3.8675318        3.8675318       82.197068                                82.197068
              1       44.798736     0.021998602      0.12559511     0.010404962      -1.9117708       1.8821261    2.100583e-09      0.24956675       112.41016      0.14823791      0.75037129      0.24569431      0.24702538       2.5163214       7.8421148       81.862408       3.8675318        3.8675318       81.862408                                81.862408
              4       44.314963     0.021943432      0.12401291     0.010402563      -1.8041174       1.7608683    2.100583e-09       0.2613105       109.59971      0.14660053       0.7386239       0.2456701      0.24700109       2.5266734       7.8398228       80.894862       3.8675318        3.8675318       80.894862                                80.894862
              2       43.767863     0.021991049      0.12416897     0.010404538      -1.8062688       1.7709645    2.100583e-09      0.26105692       109.63427      0.14680421      0.73887763      0.24569099      0.24702205       2.5177348       7.8329447       79.800663       3.8675318        3.8675318       79.800663                                79.800663
              3       43.875632     0.021801683       0.1248652     0.010404917      -1.8065916       1.7912899    2.100583e-09      0.26563338       108.81535      0.14731107      0.73430026      0.24560798      0.24693874       2.5535681       7.8924231       80.016201       3.8675318        3.8675318       80.016201                                80.016201
              1       43.877321     0.021801222      0.12486853     0.010404917      -1.8068011       1.7914955    2.100583e-09      0.26561519       108.82003      0.14731394      0.73431845      0.24560778      0.24693854       2.5536563       7.8925552       80.019578       3.8675318        3.8675318       80.019578                                80.019578
              5       44.823701     0.021861275      0.12529375     0.010406181      -1.8007973       1.7329779    2.100583e-09      0.26677305       108.79534      0.14779922      0.73316053      0.24563412      0.24696497       2.5422093       7.8755117       81.912339       3.8675318        3.8675318       81.912339                                81.912339
              1       44.340856     0.021759957      0.12614959     0.010404956      -1.9024552       1.8610748    2.100583e-09      0.25514767       111.41725      0.14855374      0.74478912      0.24558964      0.24692033       2.5615667       7.9058293       80.946649       3.8675318        3.8675318       80.946649                                80.946649
              2       44.531014      0.02172856      0.12604714     0.010405157      -1.8933971       1.8542336    2.100583e-09       0.2563854       111.13611      0.14841989      0.74355103      0.24557579      0.24690643       2.5676101       7.9130782       81.326965       3.8675318        3.8675318       81.326965                                81.326965
              2       45.400618     0.021650587      0.12626464     0.010400912      -1.8993288        1.843605    2.100583e-09       0.2576777       110.97128      0.14855942      0.74225846       0.2455412      0.24687172       2.5827111       7.9309304       83.066172       3.8675318        3.8675318       83.066172                                83.066172
              5       45.543079     0.021655863      0.12639269     0.010400857      -1.9012106       1.8351106    2.100583e-09      0.25750505       111.04631      0.14869274      0.74243122      0.24554355      0.24687408       2.5816851       7.9299871       83.351095       3.8675318        3.8675318       83.351095                                83.351095
              3       45.447535      0.02169312      0.12599881     0.010399267      -1.9262615         1.89416    2.100583e-09      0.25270873       111.94111      0.14833612      0.74722857      0.24556011      0.24689069       2.5744572       7.9172056       83.160007       3.8675318        3.8675318       83.160007                                83.160007
              7       45.806221       0.0216954      0.12586248     0.010398847      -1.9105732       1.8757507    2.100583e-09      0.25474482        111.4698      0.14820208      0.74519192      0.24556112      0.24689171       2.5740159       7.9156083       83.877379       3.8675318        3.8675318       83.877379                                83.877379
              3       45.613583     0.021712645      0.12565062     0.010399214      -1.8753143       1.8453056    2.100583e-09      0.25966444       110.33696      0.14800745        0.740271      0.24556875      0.24689937       2.5706816       7.9129222       83.492102       3.8675318        3.8675318       83.492102                                83.492102
              3       45.507836     0.021799665      0.12586423     0.010398659      -1.9039512        1.899156    2.100583e-09      0.25532979        111.1764      0.14830808      0.74460685       0.2456071      0.24693785        2.553954       7.8973328       83.280608       3.8675318        3.8675318       83.280608                                83.280608
              5       45.948408     0.021716574      0.12683656     0.010398836      -1.9462946       1.9372143    2.100583e-09      0.25380725       111.76973      0.14919732      0.74613015      0.24557049      0.24690111       2.5699227       7.9265607       84.161751       3.8675318        3.8675318       84.161751                                84.161751
              2       45.651712     0.021876006      0.12659046     0.010400022      -1.9067015       1.8980998    2.100583e-09      0.25785071       110.74884      0.14911066      0.74208565      0.24564057      0.24697145        2.539413        7.889573        83.56836       3.8675318        3.8675318        83.56836                                 83.56836
              5       47.575421     0.021790246      0.12775515     0.010400105      -1.9508171       1.9279419    2.100583e-09      0.25704958       111.24557      0.15018959      0.74288743      0.24560296       0.2469337       2.5557568       7.9205173       87.415778       3.8675318        3.8675318       87.415778                                87.415778
              1       47.198294     0.021831941      0.12749916     0.010400854      -1.9265999       1.9138024    2.100583e-09       0.2593077       110.65003      0.14997529      0.74062867      0.24562126      0.24695207       2.5477912       7.9111039       86.661525       3.8675318        3.8675318       86.661525                                86.661525
              3       47.293605     0.021813739      0.12756004     0.010400689      -1.9291779       1.9149784    2.100583e-09      0.25937078       110.66278      0.15001797       0.7405656      0.24561328      0.24694405       2.5512639       7.9157881       86.852146       3.8675318        3.8675318       86.852146                                86.852146
              3       45.208826     0.021876483      0.12626864      0.01040047      -1.8748412       1.8433508    2.100583e-09      0.26156357       109.97566      0.14878931      0.73837173      0.24564078      0.24697166       2.5393226       7.8836593       82.682588       3.8675318        3.8675318       82.682588                                82.682588
              4        44.70668     0.021955793      0.12569606     0.010401249      -1.8506214       1.8282849    2.100583e-09      0.26224051       109.65173      0.14829604      0.73769441      0.24567552      0.24700653       2.5243484       7.8609931       81.678297       3.8675318        3.8675318       81.678297                                81.678297
              2        50.25982     0.021939187      0.12695485      0.01040262      -1.8027711       1.7747428    2.100583e-09      0.27727554       106.86927      0.14953823      0.72265622      0.24566824      0.24699922       2.5274726       7.8886583       92.784576       3.8675318        3.8675318       92.784576                                92.784576
              3       50.459878     0.022000029       0.1255765      0.01040573      -1.6991021       1.6729109    2.100583e-09      0.28837939       104.47233      0.14822072        0.711549      0.24569494      0.24702601       2.5160546        7.868238       93.184692       3.8675318        3.8675318       93.184692                                93.184692
              2       48.542073     0.021972209      0.12456131     0.010405951      -1.6608662       1.5746741    2.100583e-09      0.28818718        104.5067      0.14717772      0.71174076      0.24568272      0.24701375       2.5212657       7.8517206       89.349082       3.8675318        3.8675318       89.349082                                89.349082
              3       48.790739     0.021976226       0.1246946     0.010405927       -1.661952       1.5696872    2.100583e-09      0.28819405       104.53602      0.14731502      0.71173395      0.24568449      0.24701552       2.5205122       7.8515633       89.846415       3.8675318        3.8675318       89.846415                                89.846415
              1       48.377391      0.02191948      0.12511439     0.010399812      -1.7332879       1.6120665    2.100583e-09      0.27638885       106.88147      0.14767806      0.72354228      0.24565961      0.24699056       2.5311878       7.8569319       89.019718       3.8675318        3.8675318       89.019718                                89.019718
              4       47.441152     0.021860995      0.12555004     0.010401637      -1.7845873       1.6136101    2.100583e-09      0.26497394       109.28724      0.14805522      0.73496019      0.24563399      0.24696485       2.5422624       7.8663653       87.147241       3.8675318        3.8675318       87.147241                                87.147241
              3       47.067425     0.021843061      0.12523282     0.010402061       -1.765659       1.6107042    2.100583e-09       0.2679844       108.61861      0.14772008      0.73194884      0.24562614      0.24695696       2.5456731       7.8694625       86.399786       3.8675318        3.8675318       86.399786                                86.399786
              1        48.58244     0.021769012      0.12518556     0.010400587      -1.7487959        1.578064    2.100583e-09      0.27047018       108.14767      0.14759876      0.72946238      0.24559362      0.24692433       2.5598278        7.885621       89.429817       3.8675318        3.8675318       89.429817                                89.429817
              4       48.852216     0.021715574      0.12573699     0.010401998      -1.7352092       1.5517029    2.100583e-09      0.27475692       107.42358      0.14809676      0.72517481      0.24557005      0.24690067       2.5701159       7.9070264       89.969369       3.8675318        3.8675318       89.969369                                89.969369
              1       48.604909     0.021783125      0.12568855     0.010401894       -1.722429       1.5503769    2.100583e-09      0.27744919       106.85947      0.14811587      0.72248187      0.24559983      0.24693056        2.557121       7.8928301       89.474754       3.8675318        3.8675318       89.474754                                89.474754
              4       48.532154     0.021971844      0.12522819     0.010403106      -1.7513307        1.560111    2.100583e-09      0.26654786       108.86009      0.14784423      0.73338579      0.24568256      0.24701359       2.5213342       7.8365191       89.329245       3.8675318        3.8675318       89.329245                                89.329245
              2       49.123351     0.021827223      0.12699924     0.010404185      -1.8013208       1.5958709    2.100583e-09      0.26644357       109.26184      0.14947065      0.73349083      0.24561919      0.24694999       2.5486906        7.892335       90.511639       3.8675318        3.8675318       90.511639                                90.511639
              3       48.816778     0.021896398      0.12584174      0.01040065      -1.8073624       1.6067482    2.100583e-09      0.26029841       110.30592      0.14838233      0.73963703       0.2456495      0.24698041       2.5355499       7.8571047       89.898493       3.8675318        3.8675318       89.898493                                89.898493
              1       48.640261     0.021871594      0.12713904     0.010400672      -1.9746297       1.8309681    2.100583e-09       0.2430665       114.39174      0.14965483      0.75687372      0.24563864      0.24696951       2.5402499       7.8752742       89.545459       3.8675318        3.8675318       89.545459                                89.545459
              1       47.677492     0.021708362      0.12718706     0.010400728      -1.9893845       1.8553198    2.100583e-09      0.24253208       114.60289      0.14953961      0.75740823      0.24556686      0.24689747       2.5715091       7.9146672        87.61992       3.8675318        3.8675318        87.61992                                 87.61992
              3       48.352586     0.021847578      0.12600642     0.010405836      -1.9548249       1.8445705    2.100583e-09      0.24112408       114.63932      0.14849819      0.75881617      0.24562812      0.24695895       2.5448133       7.8691068       88.970109       3.8675318        3.8675318       88.970109                                88.970109
              2       47.351309      0.02185564      0.12608088      0.01040532       -1.970643       1.8827293    2.100583e-09      0.24036505       114.81562      0.14858071      0.75957541      0.24563165      0.24696249         2.54328       7.8693844       86.967554       3.8675318        3.8675318       86.967554                                86.967554
              1       46.694649     0.021906265      0.12482596     0.010404274      -1.9070677       1.8270508    2.100583e-09      0.24511262       113.42679      0.14737642      0.75482617      0.24565382      0.24698475       2.5336838       7.8444698       85.654234       3.8675318        3.8675318       85.654234                                85.654234
              3       46.514819     0.021910507      0.12486957     0.010404084      -1.9077528       1.8287195    2.100583e-09      0.24530555       113.38725      0.14742427      0.75463322      0.24565568      0.24698661       2.5328823       7.8441771       85.294574       3.8675318        3.8675318       85.294574                                85.294574
              8       45.749362     0.021829462      0.12515148     0.010403713      -1.9233722       1.8558173    2.100583e-09      0.24528812       113.46956      0.14762514      0.75465073      0.24562017      0.24695098       2.5482637       7.8675714        83.76366       3.8675318        3.8675318        83.76366                                 83.76366
              2       45.823615     0.021837976      0.12506661     0.010403512      -1.9175865       1.8473566    2.100583e-09      0.24571008       113.35513      0.14754878      0.75422863      0.24562391      0.24695472       2.5466412       7.8643915       83.912166       3.8675318        3.8675318       83.912166                                83.912166
              5        45.87046     0.021888442      0.12572943     0.010404656      -1.8968297       1.7970384    2.100583e-09      0.25022807       112.45365      0.14826206      0.74970982      0.24564602      0.24697691       2.5370561       7.8612645       84.005856       3.8675318        3.8675318       84.005856                                84.005856
              4       45.745795     0.021876615      0.12512502     0.010404961      -1.8941724       1.8140199    2.100583e-09      0.24878992       112.65324      0.14764583      0.75114807      0.24564084      0.24697171       2.5392975       7.8574706       83.756527       3.8675318        3.8675318       83.756527                                83.756527
              1       45.632881     0.022083169      0.12523752     0.010405751      -1.8109933       1.7541412    2.100583e-09      0.26398021       109.23811      0.14796488      0.73595414      0.24573152      0.24706273       2.5005783       7.8234905       83.530699       3.8675318        3.8675318       83.530699                                83.530699
              1       46.041879     0.022078967      0.12496404     0.010403448      -1.7708362       1.6928218    2.100583e-09      0.26957245       108.08371       0.1476872      0.73036037      0.24572967      0.24706087       2.5013571       7.8207631       84.348694       3.8675318        3.8675318       84.348694                                84.348694
              5       46.028326     0.022057461      0.12538466     0.010404466      -1.7907905        1.711944    2.100583e-09      0.26778998       108.53167      0.14808631      0.73214347      0.24572021      0.24705137       2.5053483       7.8300287       84.321589       3.8675318        3.8675318       84.321589                                84.321589
             12       47.092904     0.021882632      0.12748575     0.010404855      -1.9548564       1.9120058    2.100583e-09      0.25237297       112.22943      0.15001257      0.74756511      0.24564347      0.24697436       2.5381569       7.8919862       86.450745       3.8675318        3.8675318       86.450745                                86.450745
              1       46.918433     0.022038732      0.12642302     0.010404906      -1.9053384       1.8416628    2.100583e-09      0.25345949       111.75059      0.14910595      0.74647795      0.24571196       0.2470431       2.5088321       7.8407729       86.101803       3.8675318        3.8675318       86.101803                                86.101803
              1       46.374391     0.022022714      0.12566753     0.010405596      -1.9550754       1.9329295    2.100583e-09      0.24242027       114.04716      0.14833444      0.75751958      0.24570491      0.24703602       2.5118174       7.8345258       85.013719       3.8675318        3.8675318       85.013719                                85.013719
              4       46.011139     0.021835618      0.12605076     0.010403362      -1.9850564       1.9203493    2.100583e-09      0.23981066       114.92922      0.14853057      0.76012992      0.24562287      0.24695368       2.5470905       7.8747216       84.287215       3.8675318        3.8675318       84.287215                                84.287215
              4       46.350086     0.021809396       0.1263162     0.010403816      -1.9984182       1.9297663    2.100583e-09      0.23881011       115.23881      0.14876978      0.76113081      0.24561137      0.24694214       2.5520937        7.883533       84.965108       3.8675318        3.8675318       84.965108                                84.965108
              2       45.461854     0.021846526      0.12496885     0.010408517      -1.8267757       1.8011288    2.100583e-09      0.26113895       109.80145      0.14745957      0.73879588      0.24562765      0.24695848       2.5450136       7.8794713       83.188644       3.8675318        3.8675318       83.188644                                83.188644
              2       44.692782     0.022049788      0.12358046     0.010407175      -1.7301115       1.7072414    2.100583e-09      0.27121688       107.34044      0.14627444      0.72871488      0.24571683      0.24704798       2.5067747       7.8240293         81.6505       3.8675318        3.8675318         81.6505                                  81.6505
              4       45.108868     0.021937566      0.12374953     0.010407905      -1.7359792        1.732504    2.100583e-09      0.27068729       107.40572      0.14633128      0.72924463      0.24566753      0.24699851        2.527778       7.8577104       82.482672       3.8675318        3.8675318       82.482672                                82.482672
              1       44.725398     0.021990183       0.1234871     0.010407458      -1.7353999       1.7200133    2.100583e-09      0.26985586       107.58092      0.14612147      0.73007617      0.24569061      0.24702167       2.5178969       7.8378452       81.715731       3.8675318        3.8675318       81.715731                                81.715731
              6       43.610491     0.021927186      0.12461219     0.010406129      -1.8151917       1.7970082    2.100583e-09      0.26170402       109.54243      0.14718357      0.73823055      0.24566299      0.24699394       2.5297341       7.8576238       79.485919       3.8675318        3.8675318       79.485919                                79.485919
              8       43.801951     0.021983165      0.12465345     0.010406348      -1.8064261       1.7930731    2.100583e-09      0.26302801       109.21873      0.14728081      0.73690626      0.24568753      0.24701858       2.5192115       7.8475544       79.868839       3.8675318        3.8675318       79.868839                                79.868839
              5       45.271311     0.021864454      0.12496409     0.010406519      -1.7744834       1.6978614    2.100583e-09      0.26930409       108.23273      0.14747273      0.73062871      0.24563551      0.24696637       2.5416054       7.8713032       82.807558       3.8675318        3.8675318       82.807558                                82.807558
             10       45.501278     0.021862344      0.12505664     0.010406614      -1.7710117       1.6914105    2.100583e-09      0.27023099       108.06832      0.14756317      0.72970161      0.24563458      0.24696544       2.5420062       7.8731483       83.267493       3.8675318        3.8675318       83.267493                                83.267493
              1       45.475791     0.021860627       0.1250553     0.010406598      -1.7712024       1.6926051    2.100583e-09      0.27026826       108.05994      0.14756011      0.72966434      0.24563383      0.24696469       2.5423324       7.8736679       83.216518       3.8675318        3.8675318       83.216518                                83.216518
              4       45.756253     0.021899088       0.1249594     0.010408004      -1.7826902        1.714686    2.100583e-09      0.26759391       108.54803      0.14750268      0.73233932      0.24565068      0.24698159        2.535041       7.8639572       83.777443       3.8675318        3.8675318       83.777443                                83.777443
              2       45.884201      0.02179729      0.12560634     0.010407738      -1.8271099       1.7676332    2.100583e-09      0.26391038        109.4588      0.14804782      0.73602402      0.24560605      0.24693681       2.5544084        7.894256       84.033339       3.8675318        3.8675318       84.033339                                84.033339
              4       45.309781     0.021807044      0.12617732     0.010406332      -1.8709328       1.8070647    2.100583e-09      0.25915023       110.57468      0.14862856      0.74078561      0.24561034       0.2469411        2.552543        7.895141       82.884498       3.8675318        3.8675318       82.884498                                82.884498
              2       44.227997     0.021770788      0.12658975     0.010403388      -1.9239235         1.89367    2.100583e-09      0.25445204       111.62162      0.14900473      0.74548511       0.2455944      0.24692511       2.5594869       7.9093425        80.72093       3.8675318        3.8675318        80.72093                                 80.72093
              4       44.902277     0.021847451      0.12683941     0.010403305      -1.9627259       1.9228643    2.100583e-09       0.2484991       112.99489      0.14933105      0.75143966      0.24562806      0.24695889       2.5448375       7.8896342       82.069491       3.8675318        3.8675318       82.069491                                82.069491
              4       44.941982     0.021890136      0.12676027     0.010402744      -1.9656791       1.9427782    2.100583e-09       0.2478846       113.05613      0.14929459      0.75205429      0.24564676      0.24697766       2.5367353       7.8805636       82.148901       3.8675318        3.8675318       82.148901                                82.148901
              3       46.085666     0.021911262      0.12698413     0.010401479      -1.9876063       1.9435763    2.100583e-09      0.24517054       113.76979      0.14953958      0.75476912      0.24565601      0.24698694       2.5327396       7.8734923       84.436268       3.8675318        3.8675318       84.436268                                84.436268
              7       45.205066     0.021839526      0.12592106     0.010401302      -1.9551862       1.8937366    2.100583e-09      0.24484244       113.70747      0.14840478      0.75509685      0.24562459       0.2469554       2.5463459       7.8744722       82.675069       3.8675318        3.8675318       82.675069                                82.675069
              9       46.360286      0.02182036      0.12662716     0.010401335      -2.0339608       1.9828282    2.100583e-09      0.23618116       115.91314      0.14909171      0.76376054      0.24561618      0.24694697       2.5499998       7.8843389       84.985508       3.8675318        3.8675318       84.985508                                84.985508
              8       46.842947     0.021862324      0.12643791     0.010401051      -2.0328913         1.98145    2.100583e-09      0.23521589       116.09492      0.14894442      0.76472599      0.24563458      0.24696543       2.5420099       7.8714266        85.95083       3.8675318        3.8675318        85.95083                                 85.95083
              2       46.557414     0.021767204      0.12667556     0.010400929      -2.0384506       1.9802203    2.100583e-09       0.2358624       116.03752      0.14908696      0.76407938      0.24559283      0.24692353       2.5601748       7.8964197       85.379764       3.8675318        3.8675318       85.379764                                85.379764
              3       46.542135     0.021692884      0.12647527     0.010401412      -2.0399905       1.9953781    2.100583e-09      0.23543484       116.12093      0.14881235      0.76450694         0.24556      0.24689059       2.5745029       7.9126354       85.349206       3.8675318        3.8675318       85.349206                                85.349206
              1       45.028269     0.021795923      0.12500915     0.010402037      -1.9106773       1.8626936    2.100583e-09      0.24832575       112.72609      0.14744926      0.75161227      0.24560545       0.2469362       2.5546701       7.8770331       82.321475       3.8675318        3.8675318       82.321475                                82.321475
              4       44.915615     0.021782832      0.12510771     0.010401982      -1.9104915       1.8618512    2.100583e-09      0.24892793        112.6156      0.14753473      0.75100997       0.2455997      0.24693043        2.557177       7.8815662       82.096167       3.8675318        3.8675318       82.096167                                82.096167
              3       45.084078     0.021789177      0.12505266     0.010401894       -1.913926       1.8657477    2.100583e-09      0.24806741       112.79727      0.14748603      0.75187069      0.24560249      0.24693323       2.5559615        7.878909       82.433093       3.8675318        3.8675318       82.433093                                82.433093
             14       43.817674     0.021894338      0.12508134     0.010404494       -1.893495       1.8858999    2.100583e-09      0.25079682       111.99073      0.14761987      0.74914065       0.2456486       0.2469795       2.5359398       7.8650289       79.900284       3.8675318        3.8675318       79.900284                                79.900284
              6        44.78486     0.021851748      0.12600571     0.010402803      -1.9844829       1.9696632    2.100583e-09      0.24119639       114.46863      0.14850165      0.75874384      0.24562994      0.24696078       2.5440202       7.8774631       81.834656       3.8675318        3.8675318       81.834656                                81.834656
              8       44.845243     0.021847876      0.12615096     0.010401968      -1.9868659       1.9602188    2.100583e-09      0.24171867       114.41317      0.14864302      0.75822148      0.24562825      0.24695908       2.5447565       7.8782283       81.955423       3.8675318        3.8675318       81.955423                                81.955423
              6       44.869037     0.021841279      0.12616805     0.010401377      -1.9876218       1.9648885    2.100583e-09      0.24196173       114.35096      0.14865352      0.75797837      0.24562535      0.24695618       2.5460123       7.8804778        82.00301       3.8675318        3.8675318        82.00301                                 82.00301
              3       45.876787     0.021896901      0.12601883     0.010400787      -1.9816287       1.9324931    2.100583e-09      0.24132116       114.50909      0.14855992      0.75861906      0.24564972      0.24698063       2.5354547       7.8615522       84.018511       3.8675318        3.8675318       84.018511                                84.018511
              1       45.845441     0.021864451      0.12609054     0.010401526      -1.9850771       1.9254461    2.100583e-09      0.24064043       114.71763      0.14859918      0.75929997      0.24563551      0.24696637       2.5416061       7.8687786       83.955819       3.8675318        3.8675318       83.955819                                83.955819
              1       45.009841     0.021958782      0.12425098     0.010402731      -1.8432732       1.7850046    2.100583e-09      0.25465446       111.10742      0.14685396      0.74528172      0.24567683      0.24700784       2.5237867       7.8327773       82.284619       3.8675318        3.8675318       82.284619                                82.284619
              1       45.018833     0.022024064      0.12381378     0.010403483      -1.8140018       1.7646302    2.100583e-09      0.25749669       110.35409      0.14648203      0.74243862      0.24570551      0.24703662       2.5115657       7.8159962       82.302603       3.8675318        3.8675318       82.302603                                82.302603
              1       45.296189     0.022049662      0.12396184     0.010402484      -1.8330028       1.7921362    2.100583e-09      0.25526636       110.83261      0.14665569      0.74466958      0.24571677      0.24704793       2.5067983       7.8114727       82.857315       3.8675318        3.8675318       82.857315                                82.857315
              5        45.27897     0.022049129       0.1239641     0.010402477      -1.8326641       1.7919144    2.100583e-09      0.25534707       110.81531      0.14665742      0.74458885      0.24571654      0.24704769       2.5068973       7.8116902       82.822876       3.8675318        3.8675318       82.822876                                82.822876
              4       45.293743     0.022050339      0.12396453     0.010402485      -1.8325252       1.7913969    2.100583e-09      0.25535375       110.81447      0.14665906      0.74458217      0.24571707      0.24704823       2.5066723       7.8113629       82.852423       3.8675318        3.8675318       82.852423                                82.852423
              4        45.36334     0.022061631      0.12499197     0.010403463      -1.8672992       1.8093894    2.100583e-09      0.25335776       111.48428      0.14769779      0.74657911      0.24572204      0.24705321       2.5045737       7.8178975       82.991616       3.8675318        3.8675318       82.991616                                82.991616
              1       45.714359     0.022059808      0.12492561     0.010404588      -1.8487649       1.7736865    2.100583e-09      0.25505554       111.12661      0.14762961      0.74488088      0.24572124      0.24705241       2.5049124       7.8168958       83.693655       3.8675318        3.8675318       83.693655                                83.693655
              2       47.343484     0.022071631      0.12373256     0.010405274      -1.8437578       1.7782749    2.100583e-09      0.25019537        111.9574      0.14644839      0.74974176      0.24572644      0.24705763       2.5027175       7.7980605       86.951905       3.8675318        3.8675318       86.951905                                86.951905
              2       46.981283     0.022100662      0.12317495     0.010405131      -1.7917685       1.7285967    2.100583e-09      0.25677856       110.38161      0.14591981      0.74315668      0.24573921      0.24707044       2.4973404       7.7891383       86.227503       3.8675318        3.8675318       86.227503                                86.227503
              7       46.280389     0.022091421      0.12310582     0.010406093      -1.7685827       1.7100789    2.100583e-09      0.26075474       109.51226      0.14584144      0.73917946      0.24573515      0.24706637         2.49905       7.7940536       84.825714       3.8675318        3.8675318       84.825714                                84.825714
              2       46.090685     0.022162011      0.12301019     0.010407369      -1.7433167        1.705383    2.100583e-09      0.26501505       108.50746      0.14581639      0.73491807      0.24576608      0.24709742       2.4860336        7.784276       84.446307       3.8675318        3.8675318       84.446307                                84.446307
              2        45.63087      0.02197618      0.12610379     0.010400359      -1.9302996       1.9262368    2.100583e-09      0.25050474       112.21203      0.14872416      0.74943327      0.24568446       0.2470155       2.5205208       7.8570322       83.526676       3.8675318        3.8675318       83.526676                                83.526676
              6       46.035898     0.021989605       0.1245762     0.010399538      -1.8763111       1.8706897    2.100583e-09      0.25206982       111.54935         0.14721      0.74786716      0.24569036      0.24702142       2.5180052       7.8364062       84.336732       3.8675318        3.8675318       84.336732                                84.336732
              4       45.547509     0.021956939       0.1263675     0.010402001      -1.9367346       1.8791704    2.100583e-09      0.24949732       112.65889      0.14896864      0.75044105      0.24567602      0.24700703        2.524133       7.8561988       83.359954       3.8675318        3.8675318       83.359954                                83.359954
              1       47.098366     0.021997006      0.12619471      0.01040127      -1.9593546       1.8856972    2.100583e-09      0.24400272       113.89501      0.14883591      0.75593694      0.24569361      0.24702468         2.51662       7.8397961       86.461668       3.8675318        3.8675318       86.461668                                86.461668
              6       46.201659     0.021999298      0.12547148     0.010402109       -1.924942       1.8555693    2.100583e-09      0.24604505       113.27662      0.14811497      0.75389381      0.24569462      0.24702569       2.5161913        7.831975       84.668255       3.8675318        3.8675318       84.668255                                84.668255
              1       45.330652     0.021919169      0.12543243     0.010399255      -1.9060234       1.8868435    2.100583e-09      0.25204705       111.82618      0.14799579      0.74789027      0.24565947      0.24699042       2.5312467       7.8594328        82.92624       3.8675318        3.8675318        82.92624                                 82.92624
              6       43.872931     0.021923419       0.1248492     0.010401553      -1.8497627       1.8400621    2.100583e-09      0.25796733       110.35531      0.14741681      0.74196827      0.24566133      0.24699229       2.5304446       7.8587373       80.010798       3.8675318        3.8675318       80.010798                                80.010798
              1       46.666476     0.022138649      0.12404714     0.010401123      -1.7516188       1.7411802    2.100583e-09      0.27057174       107.45637      0.14682998      0.72936044      0.24575587      0.24708717       2.4903304       7.8094021       85.597888       3.8675318        3.8675318       85.597888                                85.597888
              2       46.911192      0.02224474      0.12368982     0.010403444      -1.7547295       1.7503721    2.100583e-09        0.266545       108.10883      0.14657875      0.73338808      0.24580192      0.24713338       2.4709054       7.7819343        86.08732       3.8675318        3.8675318        86.08732                                 86.08732
              3       46.992579     0.022252714      0.12355103     0.010403403      -1.7484932       1.7348307    2.100583e-09      0.26738799         107.968      0.14644793      0.73254482      0.24580534      0.24713682       2.4694543       7.7761447       86.250095       3.8675318        3.8675318       86.250095                                86.250095
              4       47.010755     0.022253752      0.12354298     0.010403442      -1.7460722       1.7327505    2.100583e-09      0.26777001       107.88534      0.14644092      0.73216269      0.24580579      0.24713727       2.4692655       7.7762398       86.286446       3.8675318        3.8675318       86.286446                                86.286446
              3       48.465562     0.022273797      0.12334337     0.010402331      -1.7939618       1.7794931    2.100583e-09      0.25814683       109.86743      0.14626136      0.74178822      0.24581439       0.2471459       2.4656239       7.7616286       89.196061       3.8675318        3.8675318       89.196061                                89.196061
              3       47.685307     0.022227727      0.12246531     0.010405959      -1.7429549         1.69889    2.100583e-09      0.26223993       108.97209      0.14533723      0.73769367      0.24579459      0.24712603       2.4740054        7.759483        87.63555       3.8675318        3.8675318        87.63555                                 87.63555
              3       46.469945     0.022199713      0.12432559     0.010402697      -1.7905546       1.7818173    2.100583e-09      0.26393169       108.83678      0.14716949      0.73600231      0.24578248      0.24711388       2.4791224       7.7951104       85.204826       3.8675318        3.8675318       85.204826                                85.204826
              7       48.374193     0.022291858      0.12424336     0.010403127      -1.7864878       1.7662526    2.100583e-09      0.26385268       108.85735      0.14717941      0.73608134      0.24582212      0.24715366       2.4623495       7.7705567       89.013322       3.8675318        3.8675318       89.013322                                89.013322
             12       47.757607     0.022174503      0.12422195     0.010405934      -1.8720421       1.8323706    2.100583e-09      0.24797164       112.44886      0.14704064       0.7519663      0.24577153      0.24710288       2.4837407       7.7833114        87.78015       3.8675318        3.8675318        87.78015                                 87.78015
              2       47.976443     0.022181632      0.12566408     0.010404879      -1.8857268       1.8445045    2.100583e-09      0.25306541       111.58259       0.1484899      0.74687187      0.24577463        0.247106       2.4824333       7.8015661       88.217823       3.8675318        3.8675318       88.217823                                88.217823
              6       47.995937     0.022181508        0.125674     0.010404841      -1.8867371        1.845437    2.100583e-09      0.25294978       111.61045       0.1484997      0.74698753      0.24577458      0.24710594       2.4824562       7.8016158       88.256811       3.8675318        3.8675318       88.256811                                88.256811
              1       47.707677     0.021753035       0.1278535     0.010402895      -1.9268065       1.8970257    2.100583e-09      0.26089848       110.46913      0.15025072      0.73903761      0.24558659      0.24691727       2.5628972       7.9328011       87.680291       3.8675318        3.8675318       87.680291                                87.680291
              2       48.002795     0.021733045      0.12800749     0.010402509      -1.9359162       1.8921851    2.100583e-09      0.26002852       110.72637      0.15038473      0.73990784      0.24557777      0.24690842       2.5667454       7.9368485       88.270527       3.8675318        3.8675318       88.270527                                88.270527
              1       48.251178     0.021733132      0.12810753     0.010402476       -1.942346       1.8988916    2.100583e-09      0.25948033       110.86188      0.15048486      0.74045621      0.24557781      0.24690846       2.5667287        7.937806       88.767292       3.8675318        3.8675318       88.767292                                88.767292
              4       47.372037     0.021815641      0.12769442     0.010400993      -1.9423554       1.9291185    2.100583e-09      0.25772756       111.03997      0.15015426      0.74220928      0.24561411      0.24694489       2.5509007       7.9162818       87.009011       3.8675318        3.8675318       87.009011                                87.009011
              3       45.433753     0.021952136      0.12660221     0.010404053      -1.9577602       1.9475304    2.100583e-09      0.24760554       113.01174      0.14919853      0.75233339      0.24567392      0.24700492       2.5250359       7.8669208       83.132443       3.8675318        3.8675318       83.132443                                83.132443
              4       45.365694     0.021887808       0.1267979     0.010403026      -1.9956561       1.9929984    2.100583e-09      0.24301443       114.12694      0.14932989      0.75692568      0.24564574      0.24697663       2.5371762       7.8823534       82.996325       3.8675318        3.8675318       82.996325                                82.996325
              4        44.64256     0.021884421      0.12573477     0.010405506      -1.9327249       1.9012627    2.100583e-09      0.24718842       113.04198      0.14826338      0.75275023      0.24564425      0.24697515       2.5378179       7.8686072       81.550056       3.8675318        3.8675318       81.550056                                81.550056
              2       44.458217     0.021889843      0.12571418     0.010405216      -1.9247315       1.8883897    2.100583e-09      0.24837713       112.77596      0.14824822      0.75156121      0.24564663      0.24697753       2.5367908       7.8669586        81.18137       3.8675318        3.8675318        81.18137                                 81.18137
              1       44.959337     0.021949098       0.1246277     0.010406814      -1.8552427       1.8102838    2.100583e-09      0.25381677       111.33613      0.14722099      0.74611978      0.24567259      0.24700358       2.5256072       7.8427259        82.18361       3.8675318        3.8675318        82.18361                                 82.18361
              3       44.403036     0.021989526      0.12390886     0.010405495      -1.8238257       1.8170075    2.100583e-09      0.25608378       110.51904      0.14654257      0.74385191      0.24569032      0.24702138         2.51802       7.8341695       81.071008       3.8675318        3.8675318       81.071008                                81.071008
              2       46.327053     0.022099046      0.12322749     0.010403943      -1.7529598       1.6813134    2.100583e-09      0.26416454       108.84697      0.14597073      0.73576886       0.2457385      0.24706973       2.4976393       7.7930962       84.919043       3.8675318        3.8675318       84.919043                                84.919043
              4       46.259684     0.022053179      0.12515197     0.010404408      -1.7676584       1.6734084    2.100583e-09      0.26989673       108.08448      0.14784934      0.73003609      0.24571832      0.24704948       2.5061443        7.827646       84.784305       3.8675318        3.8675318       84.784305                                84.784305
              4       46.320231     0.022057509      0.12531347     0.010404859      -1.7786879       1.6892022    2.100583e-09      0.26884275       108.31859      0.14801517       0.7310904      0.24572023      0.24705139       2.5053395       7.8287217       84.905398       3.8675318        3.8675318       84.905398                                84.905398
              2       47.010493     0.021857352      0.12547581     0.010400364      -1.7797353       1.6520719    2.100583e-09      0.26929236       108.37968      0.14797735      0.73064067       0.2456324      0.24696324       2.5429547       7.8715156       86.285923       3.8675318        3.8675318       86.285923                                86.285923
              6       49.135296     0.021701077       0.1245777      0.01040502      -1.7032975       1.5727972    2.100583e-09       0.2782023       106.53998      0.14692297      0.72172801      0.24556363      0.24689423       2.5729175       7.9033644       90.535529       3.8675318        3.8675318       90.535529                                90.535529
              2       49.268498     0.021697324      0.12453383     0.010404949      -1.7014796       1.5706655    2.100583e-09      0.27833941        106.5078      0.14687535      0.72159084      0.24556197      0.24689256       2.5736436       7.9037179       90.801933       3.8675318        3.8675318       90.801933                                90.801933
              2       50.177814     0.021718247      0.12331852     0.010406141      -1.6724187       1.5899787    2.100583e-09      0.28106104       105.71266      0.14568096      0.71886796      0.24557123      0.24690186       2.5695998       7.8917704       92.620564       3.8675318        3.8675318       92.620564                                92.620564
              1       47.659718     0.021679957      0.12413733     0.010404473      -1.8005036       1.7243302    2.100583e-09      0.26193843       109.68267      0.14646148      0.73799575      0.24555427      0.24688483       2.5770075       7.8988655       87.584373       3.8675318        3.8675318       87.584373                                87.584373
              1       46.546469     0.021684346      0.12427893     0.010403028      -1.8039843       1.7468292    2.100583e-09       0.2634975       109.34714      0.14660747      0.73643636      0.24555622      0.24688679       2.5761566       7.9024594       85.357874       3.8675318        3.8675318       85.357874                                85.357874
              4       45.962001     0.021783275      0.12455482     0.010402193      -1.7462212       1.6938236    2.100583e-09      0.27567327       106.88402      0.14698229       0.7242577       0.2455999      0.24693062       2.5570922       7.8907749       84.188938       3.8675318        3.8675318       84.188938                                84.188938
              4       45.561792     0.021947565      0.12478693     0.010406777      -1.7580872       1.6744491    2.100583e-09      0.27043938       107.94404      0.14737869      0.72949309      0.24567192      0.24700291       2.5258957       7.8499126       83.388521       3.8675318        3.8675318       83.388521                                83.388521
              1       45.280846     0.021870528      0.12543254     0.010406762      -1.8218852       1.7447835    2.100583e-09      0.26282406       109.64856      0.14794726      0.73711056      0.24563817      0.24696904       2.5404523       7.8718785       82.826629       3.8675318        3.8675318       82.826629                                82.826629
              3       47.033344     0.021696331      0.12617973     0.010401816      -1.8756574       1.7284894    2.100583e-09      0.25499741       111.59153      0.14852025       0.7449394      0.24556153      0.24689212       2.5738359       7.9097861       86.331624       3.8675318        3.8675318       86.331624                                86.331624
              2       46.720528     0.021702244      0.12648446     0.010404047      -1.8777134       1.7436416    2.100583e-09      0.25642517       111.32778       0.1488309      0.74351142      0.24556415      0.24689475       2.5726918       7.9148902       85.705992       3.8675318        3.8675318       85.705992                                85.705992
              2        46.96263     0.021630712      0.12652159     0.010402935      -1.8463366       1.7344753    2.100583e-09      0.26449464       109.64304      0.14879649      0.73543994      0.24553233      0.24686281       2.5865817       7.9378307       86.190196       3.8675318        3.8675318       86.190196                                86.190196
              3       46.910904     0.021632042      0.12650425     0.010402929      -1.8469782       1.7356648    2.100583e-09      0.26431992       109.67527      0.14878048      0.73561469      0.24553292      0.24686341       2.5863225       7.9372445       86.086744       3.8675318        3.8675318       86.086744                                86.086744
              1       48.181603     0.021563893      0.12764497     0.010400483      -1.9266294       1.8756298    2.100583e-09      0.26115774       110.51413      0.14985306      0.73877813       0.2455023      0.24683268       2.5996587       7.9713799       88.628143       3.8675318        3.8675318       88.628143                                88.628143
              2       48.015407     0.021569563      0.12771298     0.010400179      -1.9418994       1.8961807    2.100583e-09        0.259164       110.94111      0.14992674      0.74077239      0.24550486      0.24683525       2.5985452       7.9703081       88.295751       3.8675318        3.8675318       88.295751                                88.295751
              1       45.763453     0.021661645      0.12686967     0.010401616      -1.8974842        1.872491    2.100583e-09      0.26181252       110.11884      0.14917551      0.73812289      0.24554613      0.24687666       2.5805615        7.943058       83.791843       3.8675318        3.8675318       83.791843                                83.791843
              2       46.431139     0.021904413      0.12630257     0.010404603      -1.9072122       1.7974242    2.100583e-09       0.2506697       112.45922      0.14885117      0.74926832      0.24565301      0.24698393       2.5340339       7.8643057       85.127214       3.8675318        3.8675318       85.127214                                85.127214
              5       45.845599     0.021970885      0.12558467     0.010401322      -1.8368715       1.7423763    2.100583e-09      0.26088489       110.05914      0.14819974      0.73905032      0.24568214      0.24701317       2.5215142        7.845433       83.956135       3.8675318        3.8675318       83.956135                                83.956135
              5       45.578518     0.022008859      0.12535496     0.010402691      -1.8151221       1.7245597    2.100583e-09      0.26324224       109.50029      0.14800801      0.73669231      0.24569882      0.24702991       2.5144039        7.836116       83.421972       3.8675318        3.8675318       83.421972                                83.421972
              1       45.229143     0.022010855      0.12509838     0.010403384      -1.7931005       1.7097277    2.100583e-09       0.2662002        108.8321      0.14775343      0.73373349       0.2456997      0.24703079       2.5140312        7.835279       82.723222       3.8675318        3.8675318       82.723222                                82.723222
              6       45.004605      0.02197653      0.12512699     0.010403112      -1.7985307       1.7133597    2.100583e-09      0.26551806       108.99565      0.14774772       0.7344158      0.24568462      0.24701566       2.5204552        7.842785       82.274147       3.8675318        3.8675318       82.274147                                82.274147
              2       44.506417     0.022003668      0.12437666     0.010402863      -1.7687999       1.7165746    2.100583e-09      0.26895082       108.08491      0.14702452      0.73098186      0.24569654      0.24702762       2.5153741       7.8339119       81.277771       3.8675318        3.8675318       81.277771                                81.277771
              4       44.907372     0.021905122      0.12494142     0.010400322       -1.834155       1.7807371    2.100583e-09      0.26110046       109.86583      0.14749073      0.73883439      0.24565332      0.24698424       2.5338999       7.8571524        82.07968       3.8675318        3.8675318        82.07968                                 82.07968
              1       44.966334     0.021938855      0.12502825     0.010400566      -1.8356375       1.7768709    2.100583e-09      0.26076066       109.94914       0.1476113      0.73917432       0.2456681      0.24699908       2.5275351       7.8495931       82.197605       3.8675318        3.8675318       82.197605                                82.197605
              1       44.658201     0.021929477      0.12516842     0.010400777      -1.8425825       1.7897889    2.100583e-09      0.26049645       110.02361      0.14774208      0.73943866      0.24566399      0.24699495       2.5293023       7.8542183       81.581338       3.8675318        3.8675318       81.581338                                81.581338
              2       44.408589     0.021877479      0.12509171      0.01040137      -1.8429509       1.7810559    2.100583e-09      0.25973464       110.21335      0.14761338      0.74020061      0.24564121      0.24697209       2.5391336       7.8638448       81.082115       3.8675318        3.8675318       81.082115                                81.082115
              2       44.450417     0.021841879        0.125122     0.010401414      -1.8177453       1.7607447    2.100583e-09      0.26492601       109.13516      0.14760808      0.73500793      0.24562562      0.24695644       2.5458979       7.8762292        81.16577       3.8675318        3.8675318        81.16577                                 81.16577
              5       44.189904     0.021922878      0.12395745     0.010402378      -1.7738242       1.7537053    2.100583e-09      0.26710431       108.30153      0.14652451       0.7328286       0.2456611      0.24699205       2.5305467       7.8526522       80.644745       3.8675318        3.8675318       80.644745                                80.644745
             12       45.089416     0.021955218      0.12329737     0.010404945      -1.7582164       1.7069643    2.100583e-09      0.26510617       108.68506      0.14589678      0.73482695      0.24567527      0.24700627       2.5244566       7.8308149       82.443768       3.8675318        3.8675318       82.443768                                82.443768
              8         44.8334     0.021985435      0.12314782     0.010404961      -1.7106133       1.6871262    2.100583e-09       0.2737832       106.77978      0.14577745      0.72614769      0.24568853      0.24701958       2.5187862        7.834452       81.931736       3.8675318        3.8675318       81.931736                                81.931736
              8        44.50915     0.022094068      0.12366559     0.010405497       -1.744736        1.715383    2.100583e-09      0.26913411       107.78994      0.14640385      0.73079824      0.24573631      0.24706754       2.4985602        7.810999       81.283236       3.8675318        3.8675318       81.283236                                81.283236
             15       44.625732     0.022097351      0.12342427     0.010405681      -1.7296072       1.7094934    2.100583e-09      0.27065862       107.38624      0.14616582      0.72927324      0.24573775      0.24706898       2.4979528       7.8111879         81.5164       3.8675318        3.8675318         81.5164                                  81.5164
             12       44.573859     0.022094904      0.12344915     0.010405646      -1.7323956       1.7128511    2.100583e-09      0.27027135       107.46721      0.14618825      0.72966061      0.24573668       0.2470679       2.4984054       7.8118764       81.412654       3.8675318        3.8675318       81.412654                                81.412654
              4       44.673946     0.022090197      0.12367508     0.010405102      -1.7264842       1.7050898    2.100583e-09      0.27276778       107.02491      0.14640947      0.72716366      0.24573461      0.24706583       2.4992767        7.816486       81.612829       3.8675318        3.8675318       81.612829                                81.612829
             15       44.926555     0.022085774      0.12373587     0.010406173      -1.7162285       1.7006509    2.100583e-09      0.27460641       106.63866      0.14646584      0.72532459      0.24573266      0.24706388       2.5000957       7.8218109       82.118047       3.8675318        3.8675318       82.118047                                82.118047
              4        45.58437     0.022089205      0.12444794       0.0104065      -1.7351792       1.6973995    2.100583e-09      0.27456717       106.89126      0.14718134      0.72536417      0.24573417      0.24706539       2.4994604       7.8233327       83.433677       3.8675318        3.8675318       83.433677                                83.433677
              3        45.32563     0.022140356      0.12430799     0.010406061      -1.7544506       1.7375075    2.100583e-09      0.27006165       107.64346      0.14709254      0.72987078      0.24575662      0.24708792        2.490016       7.8119563       82.916197       3.8675318        3.8675318       82.916197                                82.916197
              3       45.705432     0.022165113      0.12397762     0.010406506      -1.7327648        1.709316    2.100583e-09      0.27227881       107.15603      0.14678693      0.72765293      0.24576743      0.24709877        2.485464       7.8027297       83.675801       3.8675318        3.8675318       83.675801                                83.675801
              1        44.80638     0.022071993      0.12389121     0.010402964      -1.8060509       1.7719422    2.100583e-09      0.25967252       109.83362      0.14660739       0.7402623       0.2457266      0.24705779       2.5026503       7.8099406       81.877697       3.8675318        3.8675318       81.877697                                81.877697
              2       44.611254     0.021822879      0.12510013     0.010404506      -1.8564525       1.7839218    2.100583e-09      0.25614774       111.02887       0.1475672      0.74378838      0.24561729      0.24694808       2.5495192       7.8745096       81.487444       3.8675318        3.8675318       81.487444                                81.487444
              3       44.396781     0.021833883      0.12494544     0.010404175      -1.8373689       1.7666894    2.100583e-09      0.25890013       110.39808      0.14742351      0.74103524      0.24562211      0.24695292        2.547421       7.8717274       81.058499       3.8675318        3.8675318       81.058499                                81.058499
              2       45.881678     0.022091422      0.12289137     0.010407995      -1.7375081       1.7051462    2.100583e-09      0.26582726       108.32612      0.14562698      0.73410557      0.24573515      0.24706637         2.49905        7.800928       84.028292       3.8675318        3.8675318       84.028292                                84.028292
              1       45.649124     0.022083713      0.12279145     0.010407227      -1.7380247       1.7081547    2.100583e-09      0.26552226       108.36252      0.14551935      0.73441059      0.24573176      0.24706297       2.5004776       7.8015539       83.563184       3.8675318        3.8675318       83.563184                                83.563184
             10       44.400298     0.021974135       0.1236527     0.010406243      -1.7558901       1.7155628    2.100583e-09      0.26723422       108.27239      0.14627103      0.73269854      0.24568357       0.2470146       2.5209044       7.8347077       81.065533       3.8675318        3.8675318       81.065533                                81.065533
              1        45.86209     0.022052214      0.12251755     0.010405331      -1.7366656       1.7061497    2.100583e-09      0.26513333       108.40841      0.14521395      0.73479948       0.2457179      0.24704905       2.5063237       7.8042224       83.989116       3.8675318        3.8675318       83.989116                                83.989116
              4       46.127561     0.021999657      0.12364311     0.010400299      -1.8032685       1.7670251    2.100583e-09      0.26013951       109.72968      0.14628696      0.73979504      0.24569477      0.24702585       2.5161242       7.8220956       84.520059       3.8675318        3.8675318       84.520059                                84.520059
              2       45.314268     0.021977641      0.12347338     0.010402276      -1.8140656       1.7938459    2.100583e-09      0.25695196       110.32478      0.14609521      0.74298332      0.24568511      0.24701614        2.520247       7.8273899       82.893471       3.8675318        3.8675318       82.893471                                82.893471
              4       45.983892     0.022030018      0.12303565     0.010402439      -1.7909248       1.7765206    2.100583e-09      0.25849587        109.8455      0.14570986      0.74143884      0.24570813      0.24703925       2.5104555       7.8132177        84.23272       3.8675318        3.8675318        84.23272                                 84.23272
              5       45.735201     0.021981492      0.12350873     0.010402789      -1.8304998       1.7959057    2.100583e-09      0.25388997       111.05852      0.14613441      0.74604609       0.2456868      0.24701784        2.519525       7.8219615       83.735338       3.8675318        3.8675318       83.735338                                83.735338
              1        45.18845        0.021906      0.12449038     0.010406184      -1.8664545       1.8197665    2.100583e-09      0.25152037       111.84536      0.14704057      0.74841667      0.24565371      0.24698463        2.533734       7.8489961       82.641836       3.8675318        3.8675318       82.641836                                82.641836
              8       45.350608     0.021906506      0.12468846     0.010405799      -1.8521253       1.7790833    2.100583e-09      0.25389801       111.40495      0.14723916      0.74603853      0.24565393      0.24698485       2.5336382       7.8491604       82.966153       3.8675318        3.8675318       82.966153                                82.966153
             11       45.135884     0.021942455      0.12478875     0.010406028      -1.8589966       1.7945626    2.100583e-09       0.2533856       111.50642       0.1473754      0.74655112      0.24566968      0.24700066       2.5268573       7.8429371       82.536704       3.8675318        3.8675318       82.536704                                82.536704
              6        45.07726     0.021940606      0.12484109     0.010407161      -1.8414388       1.7846241    2.100583e-09      0.25681526       110.75162      0.14742588      0.74312063      0.24566887      0.24699985       2.5272054       7.8475537       82.419456       3.8675318        3.8675318       82.419456                                82.419456
              3       45.666555     0.021921798      0.12498854     0.010407331      -1.8949208       1.8569493    2.100583e-09      0.24892607       112.49692      0.14755453      0.75101184      0.24566062      0.24699157       2.5307504       7.8516379       83.598046       3.8675318        3.8675318       83.598046                                83.598046
              2       45.446329     0.022035764      0.12477972     0.010406529      -1.8854636       1.8622994    2.100583e-09      0.24934966       112.25683      0.14745968      0.75058811      0.24571066      0.24704179        2.509385       7.8255277       83.157594       3.8675318        3.8675318       83.157594                                83.157594
              1       45.902361     0.021989984      0.12553746     0.010406176      -1.9418994       1.9218051    2.100583e-09      0.24398246       113.66053      0.14817164      0.75595694      0.24569052      0.24702158       2.5179343       7.8420427       84.069658       3.8675318        3.8675318       84.069658                                84.069658
              2       46.351248      0.02200629      0.12575651     0.010405702      -1.9613626       1.9545233    2.100583e-09      0.24184362       114.14992      0.14840699       0.7580964      0.24569769      0.24702877        2.514884       7.8419651       84.967433       3.8675318        3.8675318       84.967433                                84.967433
              1       46.058943     0.021965544      0.12592738     0.010404258      -1.9879257        1.976255    2.100583e-09      0.23912337       114.88251      0.14853712      0.76081738       0.2456798      0.24701082       2.5225166       7.8500518       84.382822       3.8675318        3.8675318       84.382822                                84.382822
              4       45.083226      0.02198949      0.12570028     0.010403511      -1.9471139       1.9327988    2.100583e-09      0.24475181        113.4936      0.14833396      0.75518747      0.24569031      0.24702137       2.5180268       7.8445713       82.431389       3.8675318        3.8675318       82.431389                                82.431389
              6       46.565822     0.022032458      0.12553692     0.010404344      -1.9681968       1.9541637    2.100583e-09       0.2399605       114.57649      0.14821357      0.75997991       0.2457092      0.24704033       2.5100008       7.8300709        85.39658       3.8675318        3.8675318        85.39658                                 85.39658
              8       47.731796     0.022086139      0.12529975     0.010406701      -1.9437386       1.9260166    2.100583e-09      0.24177731       114.07808      0.14803009      0.75816259      0.24573282      0.24706404       2.5000281       7.8164434       87.728528       3.8675318        3.8675318       87.728528                                87.728528
              4       48.505322     0.021977438      0.12681771     0.010406991      -2.0071752       1.9950416    2.100583e-09      0.23960999       114.93706      0.14943934      0.76033101      0.24568502      0.24701606        2.520285       7.8595918        89.27558       3.8675318        3.8675318        89.27558                                 89.27558
              1       48.540405     0.021981525      0.12678054       0.0104071        -2.00428       1.9926825    2.100583e-09      0.23982622        114.8731      0.14940625      0.76011471      0.24568681      0.24701786       2.5195188       7.8584648       89.345747       3.8675318        3.8675318       89.345747                                89.345747
              7       46.391056     0.021904518      0.12635587     0.010407195      -1.9469707       1.9072692    2.100583e-09      0.24709933       113.19305      0.14890458       0.7528396      0.24565306      0.24698398       2.5340142       7.8710894       85.047048       3.8675318        3.8675318       85.047048                                85.047048
              5       45.140354      0.02198671      0.12546339     0.010406127      -1.9123674       1.8845007    2.100583e-09      0.24854034       112.61735      0.14809429       0.7513979      0.24568909      0.24702014       2.5185473       7.8433963       82.545645       3.8675318        3.8675318       82.545645                                82.545645
              5       45.196026     0.022044863      0.12463483     0.010402641      -1.8842965       1.8528157    2.100583e-09      0.24983395       112.14661      0.14732388      0.75010364      0.24571466      0.24704581       2.5076909       7.8188044       82.656987       3.8675318        3.8675318       82.656987                                82.656987
              7       44.880381     0.022083062       0.1250142     0.010404324      -1.8677921       1.8587279    2.100583e-09      0.25385762       111.20609      0.14774145      0.74607914      0.24573147      0.24706268       2.5005982       7.8227554       82.025698       3.8675318        3.8675318       82.025698                                82.025698
              4       44.990985     0.022122721      0.12453694     0.010404757      -1.8107181       1.7754228    2.100583e-09      0.26124084       109.60415      0.14730385      0.73869389      0.24574889      0.24708016       2.4932661       7.8076324       82.246906       3.8675318        3.8675318       82.246906                                82.246906
              3        44.65615     0.021945104       0.1246697     0.010406986      -1.8292059       1.7804779    2.100583e-09      0.25851467        110.3321        0.147259      0.74142072      0.24567084      0.24700182       2.5263588       7.8466028       81.577237       3.8675318        3.8675318       81.577237                                81.577237
              2        45.54319     0.021888878      0.12517617     0.010407774      -1.8371222       1.7734396    2.100583e-09      0.25908099       110.36356      0.14770924      0.74085446      0.24564621       0.2469771       2.5369735       7.8643063       83.351317       3.8675318        3.8675318       83.351317                                83.351317
              1       45.544658     0.021935617       0.1252667     0.010408431      -1.8239381       1.7849252    2.100583e-09      0.26245726       109.58434      0.14784651      0.73747741      0.24566668      0.24699765       2.5281451       7.8606832       83.354252       3.8675318        3.8675318       83.354252                                83.354252
              4        45.37437     0.021906235      0.12535265     0.010408317      -1.8437265       1.8111994    2.100583e-09      0.25969204       110.18135      0.14790308      0.74024334      0.24565381      0.24698473       2.5336896       7.8678169       83.013677       3.8675318        3.8675318       83.013677                                83.013677
              7        44.32576     0.021776209      0.12554365     0.010404748         -1.8417       1.7838591    2.100583e-09       0.2620539       109.84452      0.14796405      0.73788092      0.24559679      0.24692751       2.5584468       7.8962897       80.916457       3.8675318        3.8675318       80.916457                                80.916457
              9        44.17696     0.021784672      0.12546216     0.010404866      -1.8402927       1.7883942    2.100583e-09      0.26206239       109.81122      0.14789102       0.7378724      0.24560051      0.24693124       2.5568245       7.8941924       80.618856       3.8675318        3.8675318       80.618856                                80.618856
              3       45.258424     0.021663802      0.12565417     0.010402467      -1.8371726       1.8000143    2.100583e-09      0.26565704        109.1177      0.14796217      0.73427688      0.24554709      0.24687762       2.5801425       7.9283069       82.781785       3.8675318        3.8675318       82.781785                                82.781785
              2       44.644895     0.021701815      0.12511616     0.010402322      -1.8494246       1.8412021    2.100583e-09      0.26043442       109.97608      0.14746217      0.73950058      0.24556396      0.24689456       2.5727747       7.9157088       81.554727       3.8675318        3.8675318       81.554727                                81.554727
              7       44.881201     0.021694141      0.12510341     0.010401663      -1.8515595       1.8308731    2.100583e-09      0.26043201       110.03856      0.14744174      0.73950299      0.24556056      0.24689115       2.5742596       7.9140613       82.027338       3.8675318        3.8675318       82.027338                                82.027338
              6       44.203188     0.021797559      0.12610113     0.010405304      -1.9211637       1.9099882    2.100583e-09      0.25170541       112.05563      0.14854288      0.74823223      0.24560617      0.24693692        2.554357       7.8997336       80.671313       3.8675318        3.8675318       80.671313                                80.671313
              3       44.546448     0.021775989      0.12643979     0.010403455      -1.8802745       1.8309781    2.100583e-09      0.26063691       110.29559      0.14885997      0.73929865      0.24559669      0.24692741       2.5584891       7.9071858       81.357832       3.8675318        3.8675318       81.357832                                81.357832
             10       44.285714     0.021775196      0.12626323     0.010404802      -1.8890162       1.8818045    2.100583e-09      0.25824945        110.6333      0.14868261      0.74168663      0.24559634      0.24692706       2.5586411       7.9119032       80.836364       3.8675318        3.8675318       80.836364                                80.836364
             16        44.48152      0.02184907      0.12627969     0.010405514      -1.8877961       1.8745508    2.100583e-09      0.25799184       110.68445      0.14877295      0.74194434      0.24562877       0.2469596       2.5445295       7.8936393       81.227977       3.8675318        3.8675318       81.227977                                81.227977
              8       45.065811     0.021992071      0.12519729     0.010406245        -1.78319       1.7299253    2.100583e-09       0.2694757       108.13762      0.14783355      0.73045721      0.24569144       0.2470225       2.5175436       7.8479645       82.396558       3.8675318        3.8675318       82.396558                                82.396558
              2       45.894181      0.02183084      0.12591034     0.010407962      -1.8374922       1.7998881    2.100583e-09      0.26418399       109.39043      0.14838537      0.73575048      0.24562078      0.24695158       2.5480011       7.8937094       84.053299       3.8675318        3.8675318       84.053299                                84.053299
              1       46.411555     0.021789167       0.1267499     0.010406823      -1.8765454       1.8437536    2.100583e-09      0.26227625        109.9565      0.14918326      0.73765904      0.24560249      0.24693322       2.5559635        7.912785       85.088047       3.8675318        3.8675318       85.088047                                85.088047
              4        46.70678     0.021795058       0.1268998     0.010407001      -1.8921519       1.8525291    2.100583e-09       0.2600492       110.47385      0.14933905      0.73988671      0.24560507      0.24693582       2.5548355       7.9109033       85.678496       3.8675318        3.8675318       85.678496                                85.678496
              8        46.25658      0.02176922      0.12670378     0.010405392      -1.8498478       1.7935966    2.100583e-09      0.26661585       109.10918      0.14911719      0.73331835      0.24559371      0.24692442       2.5597878       7.9153644       84.778096       3.8675318        3.8675318       84.778096                                84.778096
              4        46.73274     0.021888848      0.12605029     0.010408768      -1.8473896       1.8166189    2.100583e-09      0.26262616       109.69403      0.14858333      0.73730879      0.24564619      0.24697709       2.5369792       7.8825737       85.730417       3.8675318        3.8675318       85.730417                                85.730417
              2       45.696079     0.022152185      0.12457915     0.010406687      -1.7939176       1.7635522    2.100583e-09      0.26390335       109.01912      0.14737552      0.73603075      0.24576179      0.24709311       2.4878394       7.8050373       83.657094       3.8675318        3.8675318       83.657094                                83.657094
              1       45.456823     0.022105021      0.12393828     0.010406486      -1.7138235       1.6845716    2.100583e-09      0.27608044       106.45451      0.14668749      0.72385029      0.24574112      0.24707237       2.4965344       7.8170211       83.178582       3.8675318        3.8675318       83.178582                                83.178582
              2       44.728237     0.021981121      0.12481411     0.010405463      -1.7593953       1.7062222    2.100583e-09      0.27228212       107.50943      0.14743942      0.72764991      0.24568663      0.24701768       2.5195945       7.8473674        81.72141       3.8675318        3.8675318        81.72141                                 81.72141
              3       45.638625     0.022033645      0.12474837     0.010404934      -1.7386537       1.6717043    2.100583e-09      0.27505177       106.95832      0.14742621      0.72487956      0.24570972      0.24704085       2.5097797       7.8339746       83.542187       3.8675318        3.8675318       83.542187                                83.542187
              1       45.128655     0.021990519      0.12478248     0.010404887      -1.7568045       1.6781862    2.100583e-09      0.27131858       107.74143      0.14741719      0.72861369      0.24569076      0.24702182       2.5178342       7.8403504       82.522247       3.8675318        3.8675318       82.522247                                82.522247
              4       44.260465     0.022047319      0.12360826     0.010406417      -1.7545711       1.7393848    2.100583e-09      0.26686286        108.1898      0.14629977      0.73307001      0.24571574      0.24704689       2.5072341       7.8235234       80.785867       3.8675318        3.8675318       80.785867                                80.785867
              5       44.543514     0.022071191      0.12339705     0.010406553      -1.7414968       1.7296494    2.100583e-09      0.26794519         107.892      0.14611243      0.73198732      0.24572625      0.24705744       2.5027991       7.8177295       81.351964       3.8675318        3.8675318       81.351964                                81.351964
             13       44.488678     0.022064499      0.12344009     0.010406573       -1.742668       1.7298606    2.100583e-09      0.26801192       107.89658      0.14614878      0.73192059       0.2457233      0.24705448       2.5040412       7.8194615       81.242293       3.8675318        3.8675318       81.242293                                81.242293
              4         44.4812     0.021928688      0.12465689     0.010405805      -1.7621061       1.7067698    2.100583e-09      0.27106288       107.75259      0.14722977      0.72886936      0.24566364       0.2469946       2.5294508       7.8565573       81.227337       3.8675318        3.8675318       81.227337                                81.227337
              2        44.51422     0.021932993      0.12463147     0.010405818      -1.7604541       1.7039205    2.100583e-09      0.27115847       107.72962      0.14720866      0.72877374      0.24566553       0.2469965       2.5286395       7.8551421       81.293376       3.8675318        3.8675318       81.293376                                81.293376
              2       45.341441     0.021732225      0.12589361     0.010400266      -1.8963742       1.8220991    2.100583e-09      0.25501098       111.47184      0.14827002      0.74492572      0.24557741      0.24690805       2.5669035        7.903146       82.947819       3.8675318        3.8675318       82.947819                                82.947819
              6       45.335979     0.021784667      0.12588748     0.010399974      -1.8990414       1.8236024    2.100583e-09      0.25422586       111.61994      0.14831634      0.74571106      0.24560051      0.24693124       2.5568254       7.8901045       82.936895       3.8675318        3.8675318       82.936895                                82.936895
              5       45.879813     0.021672774      0.12647248     0.010399534      -1.9205556       1.8563453    2.100583e-09      0.25499277       111.59889      0.14878945      0.74494416      0.24555108      0.24688163       2.5784007       7.9252886       84.024563       3.8675318        3.8675318       84.024563                                84.024563
              1        46.06953     0.021672204      0.12653071      0.01039929      -1.9197388       1.8549717    2.100583e-09      0.25549296       111.50113       0.1488471      0.74444387      0.24555082      0.24688137       2.5785112       7.9262857       84.403997       3.8675318        3.8675318       84.403997                                84.403997
              4       44.339366     0.021837338      0.12541706      0.01040152      -1.8443465       1.7817714    2.100583e-09      0.26132779       109.95575      0.14789859      0.73860719      0.24562363      0.24695444       2.5467628       7.8780892       80.943669       3.8675318        3.8675318       80.943669                                80.943669
              1       45.615415     0.021832879      0.12600152     0.010401661      -1.8174816       1.7279874    2.100583e-09      0.26766403       108.78601      0.14847859      0.73226963      0.24562167      0.24695248       2.5476124       7.8870023       83.495766       3.8675318        3.8675318       83.495766                                83.495766
              2       45.392727      0.02185867      0.12554424     0.010403352      -1.8481285       1.7365782    2.100583e-09      0.25753627       110.83185      0.14804711      0.74239971      0.24563298      0.24696382       2.5427041        7.868265        83.05039       3.8675318        3.8675318        83.05039                                 83.05039
              8       46.977669     0.021990646      0.12505201     0.010400198      -1.9042539       1.8302624    2.100583e-09      0.24782176       112.79981      0.14768685      0.75211649      0.24569082      0.24702188       2.5178102       7.8284493       86.220274       3.8675318        3.8675318       86.220274                                86.220274
              1         47.9252     0.021868503      0.12621991      0.01039922      -1.9107734        1.774936    2.100583e-09      0.24979806       112.67017       0.1487326      0.75014013      0.24563728      0.24696815       2.5408366       7.8671685       88.115336       3.8675318        3.8675318       88.115336                                88.115336
              5       47.980871     0.021783665      0.12684551     0.010403828      -1.9710499       1.8339518    2.100583e-09      0.24208411       114.60996      0.14927337      0.75785621      0.24560007       0.2469308       2.5570174        7.893026       88.226679       3.8675318        3.8675318       88.226679                                88.226679
              3       48.093877     0.021787271      0.12729781     0.010403372      -1.9995979       1.8708277    2.100583e-09      0.24047742       115.07208      0.14972927      0.75946347      0.24560165      0.24693239       2.5563265       7.8978111       88.452691       3.8675318        3.8675318       88.452691                                88.452691
              1       49.138681     0.021824481      0.12734165     0.010403292      -2.0066123       1.8622564    2.100583e-09      0.23843311       115.55924      0.14981032      0.76150832      0.24561799      0.24694878       2.5492135       7.8876917       90.542298       3.8675318        3.8675318       90.542298                                90.542298
              1       49.173095      0.02181474      0.12740929     0.010403398      -2.0137445       1.8724138    2.100583e-09      0.23786957       115.71271      0.14986822      0.76207202      0.24561372      0.24694449       2.5510728       7.8908417       90.611125       3.8675318        3.8675318       90.611125                                90.611125
              1       49.438123     0.021622723       0.1270797     0.010405753      -1.8943247        1.728447    2.100583e-09       0.2544492       111.91361      0.14934662       0.7454881      0.24552876      0.24685923         2.58814        7.939038       91.141182       3.8675318        3.8675318       91.141182                                91.141182
              1       48.920057     0.021648365      0.12699072     0.010405908      -1.8768076       1.7209346    2.100583e-09      0.25745017       111.22875      0.14928328      0.74248637      0.24554021      0.24687072       2.5831434       7.9339477       90.105051       3.8675318        3.8675318       90.105051                                90.105051
              7       48.630837     0.021519651      0.12698027     0.010401879      -1.8961834       1.7633774    2.100583e-09       0.2577913       111.20727      0.14914411      0.74214509      0.24548228      0.24681258       2.6083722       7.9648261       89.526611       3.8675318        3.8675318       89.526611                                89.526611
              1       48.709659     0.021519012      0.12705016     0.010401915      -1.8947582       1.7602892    2.100583e-09      0.25828685       111.11422      0.14921336      0.74164945      0.24548199      0.24681229       2.6084984       7.9660441       89.684255       3.8675318        3.8675318       89.684255                                89.684255
              1       48.462941     0.021564441      0.12676099     0.010402013      -1.8801076       1.7236032    2.100583e-09      0.25739826       111.23875      0.14896962      0.74253815      0.24550255      0.24683292       2.5995511       7.9493961       89.190818       3.8675318        3.8675318       89.190818                                89.190818
              2       46.411833     0.021853987      0.12639522     0.010400493      -1.8726289        1.754409    2.100583e-09      0.25814541       110.86188       0.1488934      0.74179078      0.24563092      0.24696177       2.5435943       7.8789026       85.088603       3.8675318        3.8675318       85.088603                                85.088603
              2       46.648699     0.021867614      0.12584599     0.010400093      -1.8166972       1.7009455    2.100583e-09      0.26541785        109.2241       0.1483578      0.73451631      0.24563689      0.24696776       2.5410053       7.8726303       85.562334       3.8675318        3.8675318       85.562334                                85.562334
              3       46.320674     0.021850179      0.12569782      0.01040129      -1.7963478       1.6721443    2.100583e-09      0.26742945       108.79807      0.14819219      0.73250414      0.24562926      0.24696009       2.5443184       7.8756419       84.906284       3.8675318        3.8675318       84.906284                                84.906284
              1       47.627596     0.021766559      0.12453643     0.010400488      -1.8300076       1.7236432    2.100583e-09      0.25733395       110.73033      0.14694718       0.7426016      0.24559254      0.24692324       2.5602986       7.8761209       87.520128       3.8675318        3.8675318       87.520128                                87.520128
              1       49.823143      0.02178524      0.12761459     0.010396785      -1.9462894       1.8862735    2.100583e-09      0.25702586       111.30725      0.15004402       0.7429111      0.24560076      0.24693149       2.5567157         7.91381       91.911223       3.8675318        3.8675318       91.911223                                91.911223
              4       48.206269     0.021680974      0.12771447     0.010399942      -1.9202456       1.8987191    2.100583e-09      0.26282048       110.04709      0.15003964      0.73711505      0.24555472      0.24688528       2.5768102       7.9493349       88.677475       3.8675318        3.8675318       88.677475                                88.677475
              2       44.134517     0.021942362      0.12563083     0.010404358      -1.8401952       1.7938671    2.100583e-09      0.26238776       109.68755      0.14821738      0.73754709      0.24566963      0.24700062       2.5268749       7.8604934        80.53397       3.8675318        3.8675318        80.53397                                 80.53397
              2       43.690745     0.021948801      0.12543705     0.010403329      -1.8674886       1.8349327    2.100583e-09      0.25718906       110.72129      0.14803004        0.742747      0.24567246      0.24700345       2.5256632       7.8552434       79.646426       3.8675318        3.8675318       79.646426                                79.646426
              5       43.851228     0.021960916      0.12561159     0.010404051      -1.8838123       1.8639162    2.100583e-09      0.25506273       111.16888       0.1482167      0.74487393      0.24567777      0.24700878       2.5233859        7.855879       79.967392       3.8675318        3.8675318       79.967392                                79.967392
              3       45.988428     0.022131108      0.12374687     0.010407165       -1.726257       1.6658437    2.100583e-09      0.27137665       107.43924      0.14652217      0.72855519      0.24575257      0.24708385       2.4917196       7.7997455       84.241792       3.8675318        3.8675318       84.241792                                84.241792
              1       45.458306      0.02209098      0.12418564     0.010402141      -1.7522628       1.7292701    2.100583e-09      0.27141759       107.40649      0.14692081      0.72851443      0.24573495      0.24706617       2.4991317       7.8191791       83.181549       3.8675318        3.8675318       83.181549                                83.181549
              3       45.369492       0.0220818      0.12474911     0.010402347      -1.7776046       1.7580942    2.100583e-09      0.26954743       107.88061       0.1474751       0.7303853      0.24573091      0.24706212       2.5008321       7.8272971       83.003921       3.8675318        3.8675318       83.003921                                83.003921
              5       48.971788     0.021969304      0.12358067     0.010398142      -1.7796512       1.7146636    2.100583e-09      0.26383743       109.03098      0.14619416      0.73609616      0.24568145      0.24701247       2.5218107        7.825012       90.208513       3.8675318        3.8675318       90.208513                                90.208513
              5       49.119608     0.022119598      0.12373286     0.010399532       -1.714901       1.6478158    2.100583e-09      0.27552833       106.64339      0.14649665      0.72440245      0.24574752      0.24707879       2.4938424       7.8003848       90.504151       3.8675318        3.8675318       90.504151                                90.504151
              1       51.644366     0.022272182       0.1236909     0.010404683      -1.6475022       1.5083703    2.100583e-09      0.28043649       105.71004      0.14660728      0.71949311       0.2458137       0.2471452        2.465917        7.762294       95.553668       3.8675318        3.8675318       95.553668                                95.553668
              2       51.435757     0.022273347      0.12363665     0.010404948      -1.6515172       1.5145797    2.100583e-09      0.27947077       105.88142      0.14655419      0.72045905      0.24581419       0.2471457       2.4657055       7.7611442       95.136451       3.8675318        3.8675318       95.136451                                95.136451
              4       48.844506     0.021954612      0.12437414     0.010405055      -1.6659362       1.4952594    2.100583e-09      0.27930867        106.1967      0.14697294      0.72062139        0.245675      0.24700601       2.5245704       7.8390538       89.953949       3.8675318        3.8675318       89.953949                                89.953949
              3       50.433429     0.022096715      0.12267077     0.010406774       -1.626894       1.4852866    2.100583e-09      0.27942744       105.79818      0.14541168      0.72050184      0.24573747       0.2470687       2.4980704       7.7895181       93.131795       3.8675318        3.8675318       93.131795                                93.131795
              2       50.058906     0.022116596      0.12293853     0.010407062      -1.6509363       1.5100737    2.100583e-09      0.27590139       106.51195      0.14569932      0.72402892       0.2457462      0.24707747       2.4943964       7.7863085       92.382748       3.8675318        3.8675318       92.382748                                92.382748
              2        49.55974     0.022098393      0.12359667     0.010404524      -1.6738957       1.5138669    2.100583e-09      0.27397603       107.02078      0.14633925      0.72595507      0.24573821      0.24706944       2.4977601       7.7944043       91.384415       3.8675318        3.8675318       91.384415                                91.384415
              1       47.368269     0.021802198      0.12649581     0.010401423      -1.8026236       1.6635867    2.100583e-09      0.26964813       108.51899       0.1489422      0.73028524      0.24560821      0.24693897       2.5534697       7.8969755       87.001474       3.8675318        3.8675318       87.001474                                87.001474
              2       47.379987     0.021803842      0.12649835     0.010401372      -1.8030702        1.664135    2.100583e-09      0.26959457       108.52944      0.14894638      0.73033882      0.24560893      0.24693969       2.5531552       7.8965835        87.02491       3.8675318        3.8675318        87.02491                                 87.02491
              2       47.569194     0.021992918       0.1256668      0.01040479      -1.7449054       1.6941852    2.100583e-09      0.27976558       106.19591      0.14830391      0.72016499      0.24569181      0.24702288        2.517385       7.8595475       87.403324       3.8675318        3.8675318       87.403324                                87.403324
              2       47.843123     0.021860384      0.12534107     0.010402979      -1.7228213       1.6952528    2.100583e-09      0.28423299       105.27126      0.14784565      0.71569625      0.24563373      0.24696458       2.5423785       7.8931427       87.951183       3.8675318        3.8675318       87.951183                                87.951183
              2       47.750365     0.021863191      0.12530121     0.010402704      -1.7234844       1.6923631    2.100583e-09      0.28394721       105.33173      0.14780859      0.71598209      0.24563496      0.24696581       2.5418452       7.8908566       87.765666       3.8675318        3.8675318       87.765666                                87.765666
              4       44.842479     0.021787552      0.12440831     0.010406176      -1.7811833       1.7485747    2.100583e-09       0.2676416       108.39411      0.14684006      0.73229133      0.24560178      0.24693251       2.5562727       7.8883119       81.949895       3.8675318        3.8675318       81.949895                                81.949895
              1       44.487251     0.021779428      0.12517259     0.010404799      -1.7987825       1.7532298    2.100583e-09      0.26847735       108.41551      0.14759621      0.73145571       0.2455982      0.24692893       2.5578295       7.8967808       81.239438       3.8675318        3.8675318       81.239438                                81.239438
              3       44.494917     0.021774238      0.12521068     0.010404784      -1.8019112       1.7562223    2.100583e-09      0.26812802       108.49661      0.14762911      0.73180514      0.24559592      0.24692664        2.558825        7.898199       81.254771       3.8675318        3.8675318       81.254771                                81.254771
              4       44.513761     0.021762535      0.12519044     0.010404854      -1.8042137       1.7633347    2.100583e-09      0.26780254       108.55112      0.14759717      0.73213068      0.24559077      0.24692147       2.5610714       7.9013304       81.292458       3.8675318        3.8675318       81.292458                                81.292458
              6       44.742073     0.021734651      0.12625126     0.010403617      -1.8602046       1.8125751    2.100583e-09      0.26348094       109.67574      0.14863011      0.73645382      0.24557848      0.24690913        2.566436        7.916526       81.749083       3.8675318        3.8675318       81.749083                                81.749083
              1       44.897445     0.021728487      0.12638185      0.01040385      -1.8648186       1.8243413    2.100583e-09      0.26355189       109.67095      0.14875453      0.73638291      0.24557576       0.2469064        2.567624       7.9207834       82.059826       3.8675318        3.8675318       82.059826                                82.059826
              4       44.906073     0.021728437      0.12639465     0.010403845      -1.8655831       1.8248333    2.100583e-09      0.26347652       109.68988      0.14876728       0.7364583      0.24557573      0.24690638       2.5676338       7.9208628       82.077082       3.8675318        3.8675318       82.077082                                82.077082
              2       45.442873     0.021710443      0.12669778     0.010403299      -1.8744785         1.82186    2.100583e-09      0.26334206       109.80983      0.14905241      0.73659292      0.24556778      0.24689839        2.571107       7.9268502       83.150682       3.8675318        3.8675318       83.150682                                83.150682
              1       45.530454       0.0220273      0.12567513     0.010404174      -1.8173587       1.7537688    2.100583e-09      0.26556604       109.03036      0.14834662      0.73436808      0.24570693      0.24703805       2.5109622       7.8408963       83.325845       3.8675318        3.8675318       83.325845                                83.325845
              1       45.485778     0.022129661      0.12279659      0.01040485      -1.7227787       1.7207733    2.100583e-09       0.2680158       107.65216      0.14557045      0.73191644      0.24575193      0.24708322       2.4919863       7.8009757       83.236493       3.8675318        3.8675318       83.236493                                83.236493
             10       45.777394      0.02201094      0.12345351     0.010400895      -1.7783775       1.7767266    2.100583e-09      0.26297866       108.90152      0.14610864       0.7369551      0.24569973      0.24703083       2.5140153        7.828833       83.819724       3.8675318        3.8675318       83.819724                                83.819724
              3       50.235095     0.022059884      0.12227679     0.010399687      -1.6647256       1.6301215    2.100583e-09      0.27947088       105.53143      0.14498087      0.72045818      0.24572127      0.24705244       2.5048982       7.8064843       92.735126       3.8675318        3.8675318       92.735126                                92.735126
              1        49.89428     0.022042581        0.122238     0.010400001      -1.6686708       1.6288201    2.100583e-09      0.27840432       105.75912      0.14492477      0.72152498      0.24571366       0.2470448       2.5081157       7.8080106       92.053497       3.8675318        3.8675318       92.053497                                92.053497
             11        49.66819     0.021832862      0.12464626      0.01039583      -1.8519799       1.8502622    2.100583e-09      0.25853321       110.19673      0.14712332      0.74140212      0.24562166      0.24695247       2.5476157       7.8772278       91.601317       3.8675318        3.8675318       91.601317                                91.601317
              9       50.417991      0.02194334       0.1244824      0.01039557      -1.8219582       1.8090627    2.100583e-09      0.26288625       109.24548      0.14706993      0.73704797      0.24567006      0.24700105       2.5266907       7.8496644       93.100919       3.8675318        3.8675318       93.100919                                93.100919
              3       51.031405     0.022154453      0.12478827     0.010397554      -1.8211851       1.7520988    2.100583e-09      0.26124955       109.72041      0.14758691       0.7386853      0.24576278       0.2470941       2.4874226       7.7951871       94.327746       3.8675318        3.8675318       94.327746                                94.327746
              1       47.442255     0.021913879      0.12567528     0.010399386      -1.8747091       1.7537551    2.100583e-09      0.25381961       111.64596      0.14823335      0.74611737      0.24565716      0.24698809       2.5322452       7.8528263       87.149447       3.8675318        3.8675318       87.149447                                87.149447
              3       47.437842     0.022083083      0.12338529     0.010404441       -1.767298       1.6711158    2.100583e-09      0.26057739       109.66847      0.14611257      0.73935697      0.24573148      0.24706269       2.5005942       7.7935714       87.140621       3.8675318        3.8675318       87.140621                                87.140621
              1        45.53353     0.022034059      0.12512577     0.010402604      -1.8059311       1.7239754    2.100583e-09      0.26417602       109.24257      0.14780403      0.73575821      0.24570991      0.24704103       2.5097026       7.8289568       83.331996       3.8675318        3.8675318       83.331996                                83.331996
              3        45.90126     0.021883693      0.12530486     0.010399295      -1.8374627       1.7675072    2.100583e-09      0.26200773       109.78282      0.14783274      0.73792704      0.24564394      0.24697483       2.5379558       7.8645181       84.067456       3.8675318        3.8675318       84.067456                                84.067456
              7       46.346899     0.021980036       0.1251796     0.010399152      -1.8201888       1.7782146    2.100583e-09      0.26526178       108.97719      0.14780382      0.73467217      0.24568616       0.2470172        2.519798       7.8465809       84.958735       3.8675318        3.8675318       84.958735                                84.958735
              2       45.371211     0.021912733      0.12551758      0.01039939      -1.8555427       1.8251751    2.100583e-09      0.26120806       109.88749      0.14807451      0.73872702      0.24565665      0.24698759       2.5324617       7.8657364       83.007359       3.8675318        3.8675318       83.007359                                83.007359
              2         45.3683     0.021948889      0.12546283     0.010399678      -1.8520867       1.8240616    2.100583e-09      0.26126171       109.84005      0.14805591      0.73867335       0.2456725      0.24700349       2.5256467       7.8573551       83.001536       3.8675318        3.8675318       83.001536                                83.001536
              2       45.132694     0.021952102      0.12532235     0.010400293      -1.8254774       1.7978855    2.100583e-09      0.26515691       108.99163      0.14791864      0.73477712       0.2456739       0.2470049       2.5250423       7.8577647       82.530325       3.8675318        3.8675318       82.530325                                82.530325
              1       43.786831     0.021863566      0.12612236     0.010402809      -1.9047279       1.8939449    2.100583e-09      0.25498629       111.29664      0.14863012      0.74495057      0.24563512      0.24696598       2.5417742       7.8857728       79.838598       3.8675318        3.8675318       79.838598                                79.838598
              1       43.416053     0.021869388      0.12568472     0.010403398      -1.8782038       1.8582964    2.100583e-09      0.25716414        110.7681       0.1481983        0.742772      0.24563767      0.24696854       2.5406686       7.8789486       79.097043       3.8675318        3.8675318       79.097043                                79.097043
              4       43.650772     0.021828797      0.12588325     0.010404246      -1.8730746       1.8565539    2.100583e-09      0.25905424       110.40216      0.14835624       0.7408815      0.24561988      0.24695068       2.5483904       7.8930579        79.56648       3.8675318        3.8675318        79.56648                                 79.56648
              5       44.119385     0.021817434       0.1256217     0.010404347      -1.8196756       1.7962488    2.100583e-09      0.26733701       108.64228      0.14808333      0.73259655       0.2456149      0.24694568       2.5505584       7.8965431       80.503707       3.8675318        3.8675318       80.503707                                80.503707
              4       44.757797     0.021765705      0.12546334     0.010403936       -1.799463       1.7874344    2.100583e-09      0.27049843       107.93702      0.14787323      0.72943425      0.24559217      0.24692287       2.5604627        7.911493        81.78053       3.8675318        3.8675318        81.78053                                 81.78053
              2       45.915576     0.021751712      0.12628649     0.010403476      -1.8214214       1.8200899    2.100583e-09      0.27065669       108.01162       0.1486824      0.72927632        0.245586      0.24691668       2.5631516       7.9271642       84.096089       3.8675318        3.8675318       84.096089                                84.096089
              1       44.389797     0.022006389      0.12446485     0.010406964      -1.7693496       1.7643639    2.100583e-09      0.26816521       108.04738      0.14711543      0.73176771      0.24569773      0.24702882       2.5148655       7.8468035       81.044531       3.8675318        3.8675318       81.044531                                81.044531
              1       44.691555     0.021966952      0.12404191     0.010407134      -1.7332396        1.709908    2.100583e-09      0.27348095       107.02059      0.14665306      0.72645042      0.24568042      0.24701144       2.5222523       7.8495308       81.648046       3.8675318        3.8675318       81.648046                                81.648046
              1       44.078385      0.02199364      0.12392818     0.010404924       -1.744214       1.7132058    2.100583e-09      0.27131741       107.45564      0.14656601      0.72861447      0.24569213       0.2470232       2.5172499       7.8376423       80.421706       3.8675318        3.8675318       80.421706                                80.421706
              2       43.985168     0.021864491      0.12490435     0.010404508      -1.8671735       1.8214546    2.100583e-09      0.25428071       111.33068      0.14741304      0.74565581      0.24563553      0.24696638       2.5415984       7.8647941       80.235273       3.8675318        3.8675318       80.235273                                80.235273
              7       45.046174     0.021872686      0.12431119     0.010404823      -1.8832158       1.8647986    2.100583e-09      0.24884136       112.34049      0.14682807      0.75109627      0.24563912      0.24696999       2.5400429       7.8572233       82.357284       3.8675318        3.8675318       82.357284                                82.357284
              7       43.796948     0.021837565      0.12491795     0.010405186      -1.8623636       1.8561739    2.100583e-09      0.25540005       110.94808      0.14739971      0.74453618      0.24562373      0.24695454       2.5467195       7.8801448       79.858833       3.8675318        3.8675318       79.858833                                79.858833
              1       43.804483     0.021818924      0.12449541     0.010404831       -1.818016       1.8062786    2.100583e-09      0.26151501       109.57942      0.14695853       0.7384195      0.24561555      0.24694634       2.5502741       7.8821558       79.873902       3.8675318        3.8675318       79.873902                                79.873902
              5       43.733895     0.021852381      0.12438391     0.010405032      -1.8006733       1.7943316    2.100583e-09      0.26362272       109.06188      0.14688048      0.73631123      0.24563022      0.24696106       2.5438998       7.8763579       79.732727       3.8675318        3.8675318       79.732727                                79.732727
             11       43.410167     0.021886672      0.12504006     0.010405003      -1.8523847       1.8387407    2.100583e-09      0.25772363       110.48037      0.14757092      0.74221209      0.24564524      0.24697613       2.5373914       7.8698429       79.085269       3.8675318        3.8675318       79.085269                                79.085269
              1       43.748876     0.021912604       0.1242322     0.010405227      -1.8198333       1.8018501    2.100583e-09      0.25922561       110.00262        0.146789       0.7407094       0.2456566      0.24698753        2.532486       7.8545672       79.762689       3.8675318        3.8675318       79.762689                                79.762689
              1       44.138912     0.021891834      0.12419673      0.01040531      -1.8295278       1.8266332    2.100583e-09      0.25697861       110.40522      0.14673276      0.74295694       0.2456475       0.2469784       2.5364137       7.8615532        80.54276       3.8675318        3.8675318        80.54276                                 80.54276
              5       44.220749     0.021906452      0.12421186     0.010405078      -1.8400614       1.8384471    2.100583e-09      0.25513129       110.79889      0.14676251      0.74480473       0.2456539      0.24698483       2.5336485       7.8572783       80.706434       3.8675318        3.8675318       80.706434                                80.706434
              3       43.666984     0.021960074      0.12399071     0.010405341      -1.7862148       1.7648014    2.100583e-09      0.26388044       108.96167      0.14659498      0.73605331       0.2456774      0.24700841        2.523544       7.8433031       79.598904       3.8675318        3.8675318       79.598904                                79.598904
              2       43.522962     0.021944307      0.12430023     0.010405233      -1.7998288       1.7720524    2.100583e-09      0.26308227       109.22587      0.14688873      0.73685182      0.24567049      0.24700147       2.5265087       7.8483926        79.31086       3.8675318        3.8675318        79.31086                                 79.31086
              4       43.679252     0.021925074      0.12486159     0.010402281       -1.830126       1.8261945    2.100583e-09      0.26105103       109.65798      0.14743085       0.7388838      0.24566206      0.24699302       2.5301324        7.862673       79.623441       3.8675318        3.8675318       79.623441                                79.623441
              5       43.584984     0.021969538      0.12445066     0.010403108      -1.8057327       1.8002506    2.100583e-09      0.26291954       109.16442      0.14706439      0.73701467      0.24568155      0.24701258       2.5217669       7.8490378       79.434905       3.8675318        3.8675318       79.434905                                79.434905
              3       44.492092     0.021892462      0.12527401     0.010402281      -1.7938915       1.7773432    2.100583e-09      0.27038232         107.889      0.14781067      0.72955036      0.24564778      0.24697868       2.5362948       7.8778774       81.249121       3.8675318        3.8675318       81.249121                                81.249121
              2       44.318643      0.02188574      0.12509294     0.010402749      -1.7846731       1.7561795    2.100583e-09      0.27108192       107.76941      0.14762287       0.7288505      0.24564483      0.24697572        2.537568       7.8751983       80.902223       3.8675318        3.8675318       80.902223                                80.902223
              5       44.699066     0.021953357      0.12526827     0.010405441      -1.7800562       1.7537202    2.100583e-09       0.2716165       107.65234      0.14786582       0.7283159      0.24567445      0.24700545       2.5248063       7.8637566       81.663068       3.8675318        3.8675318       81.663068                                81.663068
              9        44.35116     0.021899498      0.12518175     0.010405186      -1.7807925       1.7638172    2.100583e-09      0.27137522       107.66574      0.14772544      0.72855717      0.24565086      0.24698177       2.5349634       7.8771528       80.967256       3.8675318        3.8675318       80.967256                                80.967256
              1       44.695833     0.021880324      0.12591667     0.010404497      -1.8200692       1.7864334    2.100583e-09      0.26826733       108.51594      0.14844118      0.73166616      0.24564246      0.24697334       2.5385942        7.884063       81.656603       3.8675318        3.8675318       81.656603                                81.656603
              3       44.094187     0.021860025      0.12601079     0.010403264      -1.8533173       1.8276448    2.100583e-09      0.26332939       109.53947      0.14851501      0.73660536      0.24563357      0.24696442       2.5424467        7.887773        80.45331       3.8675318        3.8675318        80.45331                                 80.45331
              9       44.323744     0.021955465      0.12545076     0.010405374      -1.8089856       1.7887099    2.100583e-09      0.26723165       108.55041      0.14805041      0.73270193      0.24567538      0.24700638       2.5244101       7.8637785       80.912425       3.8675318        3.8675318       80.912425                                80.912425
              1       44.297067     0.021951501       0.1255151     0.010405676      -1.8202165       1.8093597    2.100583e-09      0.26530669       108.91578       0.1481108      0.73462739      0.24567364      0.24700464       2.5251554       7.8666084       80.859071       3.8675318        3.8675318       80.859071                                80.859071
              2       43.893964     0.021903924      0.12428012     0.010406285      -1.7876703       1.7812709    2.100583e-09       0.2647573       108.77606      0.14682824      0.73517634       0.2456528      0.24698372       2.5341264       7.8647859       80.052864       3.8675318        3.8675318       80.052864                                80.052864
              5       45.028779     0.021842571      0.12529917     0.010401529      -1.9547206       1.9442432    2.100583e-09      0.24290297       113.90745      0.14778593      0.75703654      0.24562592      0.24695674       2.5457663       7.8723298       82.322495       3.8675318        3.8675318       82.322495                                82.322495
              7       45.122012      0.02184876      0.12516914     0.010401629      -1.9499772       1.9365746    2.100583e-09      0.24298548       113.87045      0.14766209      0.75695396      0.24562863      0.24695947       2.5445885       7.8688239        82.50896       3.8675318        3.8675318        82.50896                                 82.50896
              7       44.960819     0.021916959      0.12385133     0.010403436      -1.8481199       1.8258847    2.100583e-09      0.25280368       111.35065      0.14641248      0.74713278      0.24565851      0.24698945       2.5316637        7.842846       82.186575       3.8675318        3.8675318       82.186575                                82.186575
              6       48.506328     0.021941933      0.12409377     0.010402822      -1.9293339       1.8813094    2.100583e-09      0.23949834       114.54453      0.14667989      0.76044157      0.24566945      0.24700043       2.5269557       7.8268017       89.277593       3.8675318        3.8675318       89.277593                                89.277593
              1       48.148993     0.021990681      0.12396004      0.01040234      -1.9213349       1.8897542    2.100583e-09      0.24054326       114.20161      0.14659491      0.75939636      0.24569083      0.24702189       2.5178037       7.8168667       88.562922       3.8675318        3.8675318       88.562922                                88.562922
              7       45.971518     0.021975559      0.12465734     0.010401227      -1.8889893       1.8299846    2.100583e-09      0.24900243       112.44011      0.14727709      0.75093534      0.24568419      0.24701523       2.5206373        7.829784       84.207972       3.8675318        3.8675318       84.207972                                84.207972
              3       46.244068     0.021940489      0.12507874     0.010399013       -1.836755       1.7745033    2.100583e-09       0.2611196       109.88908      0.14766342      0.73881532      0.24566881      0.24699979       2.5272274       7.8489382       84.753073       3.8675318        3.8675318       84.753073                                84.753073
              1       46.070853      0.02204974       0.1254583     0.010402157      -1.8100375       1.7378927    2.100583e-09      0.26579828       108.94739      0.14815224       0.7341357      0.24571681      0.24704796       2.5067837       7.8313459       84.406642       3.8675318        3.8675318       84.406642                                84.406642
              4       44.099108     0.021971619      0.12541421     0.010403016      -1.8790169       1.8367052    2.100583e-09      0.25474898       111.26684      0.14803003      0.74518769      0.24568246      0.24701349       2.5213763       7.8464865       80.463153       3.8675318        3.8675318       80.463153                                80.463153
              2       44.697949     0.021935793      0.12504225     0.010406126      -1.8256936       1.7559939    2.100583e-09      0.26035914       110.05498      0.14762224      0.73957595      0.24566676      0.24699773        2.528112       7.8511567       81.660834       3.8675318        3.8675318       81.660834                                81.660834
              2        44.63554     0.021925673      0.12492884     0.010406293      -1.8153609        1.748159    2.100583e-09      0.26180073       109.72958       0.1474987      0.73813395      0.24566232      0.24699328       2.5300195       7.8533486       81.536016       3.8675318        3.8675318       81.536016                                81.536016
              4       44.377502     0.021948856      0.12492595     0.010406462      -1.8124305       1.7574134    2.100583e-09      0.26278002       109.48871      0.14751899      0.73715443      0.24567248      0.24700347       2.5256529       7.8502792       81.019941       3.8675318        3.8675318       81.019941                                81.019941
             10       45.091139     0.022067194      0.12412319     0.010405734      -1.7364616       1.6782206    2.100583e-09      0.27225926       107.35852      0.14683457      0.72767251      0.24572449      0.24705567       2.5035408       7.8188921       82.447214       3.8675318        3.8675318       82.447214                                82.447214
              5       44.674735     0.021970804      0.12543438     0.010402132      -1.8127512       1.7859435    2.100583e-09      0.26737593       108.54152      0.14804938      0.73255761      0.24568211      0.24701313       2.5215294       7.8572305       81.614407       3.8675318        3.8675318       81.614407                                81.614407
              2       44.227648     0.021965834      0.12523519     0.010403219       -1.800128       1.7729142    2.100583e-09      0.26834198       108.30836      0.14784521      0.73159123      0.24567993      0.24701095       2.5224621       7.8570947       80.720232       3.8675318        3.8675318       80.720232                                80.720232
              3       43.914962     0.022004766      0.12511879     0.010403507      -1.8198716       1.8002394    2.100583e-09      0.26382297       109.16883      0.14776775      0.73611132      0.24569702       0.2470281       2.5151688       7.8456126       80.094861       3.8675318        3.8675318       80.094861                                80.094861
              6       43.872445     0.021950682      0.12541082     0.010402005      -1.8728451       1.8582244    2.100583e-09      0.25660375       110.77571      0.14800569      0.74333245      0.24567328      0.24700428       2.5253094       7.8570963       80.009826       3.8675318        3.8675318       80.009826                                80.009826
              1       45.742441     0.022055853      0.12582849     0.010405501       -1.897784       1.8659704    2.100583e-09      0.25261017       111.74917      0.14852853      0.74732724       0.2457195      0.24705066       2.5056472       7.8336052       83.749819       3.8675318        3.8675318       83.749819                                83.749819
              2       46.348262     0.021908576      0.12708671      0.01040468      -1.9435565       1.8900179    2.100583e-09       0.2516887       112.31513      0.14963948       0.7482494      0.24565483      0.24698576       2.5332471       7.8792036       84.961459       3.8675318        3.8675318       84.961459                                84.961459
              6       45.621628     0.021807959      0.12733599     0.010401439      -1.9925107       1.9563416    2.100583e-09       0.2470844       113.42737      0.14978814      0.75285489      0.24561074      0.24694151       2.5523683       7.9040639       83.508193       3.8675318        3.8675318       83.508193                                83.508193
              2       45.952056     0.021809822      0.12752638     0.010401554      -1.9992728       1.9733169    2.100583e-09       0.2471518       113.42294       0.1499804      0.75278756      0.24561156      0.24694233       2.5520122       7.9074773       84.169049       3.8675318        3.8675318       84.169049                                84.169049
              5       46.317037     0.021749054      0.12780115      0.01040116      -2.0155705       1.9891168    2.100583e-09      0.24643048       113.67458      0.15019439      0.75350913      0.24558483      0.24691551        2.563663       7.9246015        84.89901       3.8675318        3.8675318        84.89901                                 84.89901
              2       45.178412     0.021892656      0.12575251     0.010399684      -1.9440591       1.9314931    2.100583e-09      0.24726294       112.96473      0.14828936       0.7526757      0.24564786      0.24697877       2.5362581       7.8678321       82.621761       3.8675318        3.8675318       82.621761                                82.621761
             13       44.527085      0.02197356      0.12454604     0.010402709       -1.764583       1.7172925    2.100583e-09      0.27104547        107.6957      0.14716379      0.72888675      0.24568332      0.24701435       2.5210123       7.8449092       81.319106       3.8675318        3.8675318       81.319106                                81.319106
              1       45.094025     0.021857329      0.12519146     0.010400169      -1.8188529       1.7671129    2.100583e-09      0.26561934       108.98684      0.14769298      0.73431447      0.24563239      0.24696324        2.542959       7.8741403       82.452985       3.8675318        3.8675318       82.452985                                82.452985
              5       45.224665     0.021878793       0.1248351     0.010399774      -1.8109092       1.7775243    2.100583e-09      0.26579593       108.82146      0.14735808      0.73413769      0.24564179      0.24697267       2.5388845       7.8679343       82.714267       3.8675318        3.8675318       82.714267                                82.714267
              2       44.837635      0.02177994      0.12643315     0.010399953      -1.9497238       1.9147844    2.100583e-09      0.25018097       112.55789      0.14885728      0.74975718      0.24559843      0.24692915       2.5577315       7.9006011       81.940206       3.8675318        3.8675318       81.940206                                81.940206
              2       44.241711     0.021727646      0.12640676      0.01040218      -1.9165338       1.8814565    2.100583e-09       0.2553046       111.43355       0.1487786      0.74463225      0.24557539      0.24690602       2.5677862       7.9164654       80.748358       3.8675318        3.8675318       80.748358                                80.748358
              7       44.399953     0.021687196      0.12618591     0.010401976      -1.9257247       1.8938123    2.100583e-09      0.25296186       111.92106       0.1485173      0.74697545      0.24555748      0.24688806       2.5756045       7.9222384       81.064842       3.8675318        3.8675318       81.064842                                81.064842
              4       44.518963     0.021679528      0.12632138      0.01040208      -1.9355349       1.9003739    2.100583e-09      0.25193303       112.18941       0.1486451      0.74800459      0.24555408      0.24688464       2.5770906       7.9246776       81.302862       3.8675318        3.8675318       81.302862                                81.302862
              5       44.372824     0.021782384      0.12541829     0.010403822      -1.9337009       1.9126007    2.100583e-09      0.24667578       113.11641      0.14784486      0.75326281       0.2455995      0.24693023       2.5572629       7.8891516       81.010585       3.8675318        3.8675318       81.010585                                81.010585
              4       45.068304     0.021857807      0.12424837      0.01040063       -1.838327        1.832572    2.100583e-09      0.25743596        110.3587      0.14675037      0.74249948       0.2456326      0.24696344       2.5428683       7.8672046       82.401544       3.8675318        3.8675318       82.401544                                82.401544
              1       45.632448      0.02180052      0.12503007     0.010398959      -1.8903738       1.8796591    2.100583e-09      0.25338429       111.46832      0.14747478      0.74655247      0.24560747      0.24693823       2.5537905       7.8846597       83.529832       3.8675318        3.8675318       83.529832                                83.529832
              3       45.175039      0.02190232      0.12485375     0.010399583      -1.8740446       1.8683776    2.100583e-09      0.25437345       111.13536      0.14740026      0.74556304      0.24565209      0.24698301       2.5344298       7.8612688       82.615015       3.8675318        3.8675318       82.615015                                82.615015
              1       45.089162     0.021895261      0.12492779     0.010399748      -1.8794827       1.8785468    2.100583e-09      0.25362021       111.29323      0.14746724       0.7463165        0.245649      0.24697991       2.5357651       7.8646019        82.44326       3.8675318        3.8675318        82.44326                                 82.44326
              2       45.024931     0.021894485      0.12496151     0.010399807      -1.8837289       1.8814051    2.100583e-09      0.25311312       111.42219      0.14750019      0.74682373      0.24564866      0.24697957        2.535912        7.864447       82.314797       3.8675318        3.8675318       82.314797                                82.314797
              3        44.78709     0.021893984      0.12515683     0.010400055      -1.8962313       1.8927813    2.100583e-09      0.25195193       111.72937      0.14769501      0.74798529      0.24564844      0.24697935       2.5360067       7.8658298       81.839117       3.8675318        3.8675318       81.839117                                81.839117
              1       44.754615     0.021920859      0.12505148      0.01040013      -1.8866051       1.8769902    2.100583e-09      0.25305265       111.48073      0.14761653      0.74688426      0.24566021      0.24699116       2.5309276       7.8576482       81.774166       3.8675318        3.8675318       81.774166                                81.774166
              8       44.425314     0.021973121      0.12469001     0.010401134      -1.8358659       1.8328044    2.100583e-09      0.25918351       109.99654      0.14730733      0.74075173      0.24568312      0.24701415       2.5210947        7.848082       81.115564       3.8675318        3.8675318       81.115564                                81.115564
              5       44.605948     0.022019089      0.12473405     0.010401413      -1.8079815        1.791653    2.100583e-09      0.26451613       108.92776      0.14739734      0.73541783      0.24570332      0.24703442       2.5124937       7.8382341       81.476832       3.8675318        3.8675318       81.476832                                81.476832
              1       44.409091     0.022015565      0.12460098     0.010401798      -1.8035637       1.7994853    2.100583e-09      0.26414111       108.90843      0.14726073      0.73579287      0.24570177      0.24703287       2.5131516       7.8409432       81.083118       3.8675318        3.8675318       81.083118                                81.083118
              8       44.388571     0.022016129      0.12460376     0.010401826      -1.8046302         1.80049    2.100583e-09      0.26395499       108.94818      0.14726408      0.73597904      0.24570202      0.24703312       2.5130464       7.8407015       81.042078       3.8675318        3.8675318       81.042078                                81.042078
              2       44.583836     0.021955558      0.12493487     0.010401175      -1.8032475       1.7965105    2.100583e-09      0.26659317       108.51265      0.14753462      0.73334033      0.24567542      0.24700642       2.5243927       7.8590525       81.432608       3.8675318        3.8675318       81.432608                                81.432608
              1       44.879236     0.021860912       0.1246649     0.010399986      -1.8282158       1.8003915    2.100583e-09      0.26189207       109.59272         0.14717      0.73804244      0.24563396      0.24696481       2.5422783       7.8686787       82.023409       3.8675318        3.8675318       82.023409                                82.023409
              2       45.284819     0.021952063       0.1236859     0.010401423      -1.7666979       1.7215464    2.100583e-09      0.26680701       108.39589      0.14628216      0.73312586      0.24567389      0.24700488       2.5250498        7.836739       82.834574       3.8675318        3.8675318       82.834574                                82.834574
              1       45.540214     0.021841459      0.12476892     0.010401938      -1.8543037       1.7689438    2.100583e-09      0.25473923       111.28272      0.14725457       0.7451971      0.24562543      0.24695625        2.545978        7.862789       83.345364       3.8675318        3.8675318       83.345364                                83.345364
              5       45.473615     0.021859182      0.12527852      0.01040174      -1.8229353       1.7156747    2.100583e-09      0.26145372       109.94557      0.14778189      0.73848117       0.2456332      0.24696405        2.542607        7.866677       83.212166       3.8675318        3.8675318       83.212166                                83.212166
             13       45.345299     0.021791901      0.12719446     0.010402056      -1.9537319       1.9043683    2.100583e-09      0.25225858       112.25799      0.14963055      0.74767938      0.24560369      0.24693443       2.5554398       7.9075628       82.955534       3.8675318        3.8675318       82.955534                                82.955534
              2       45.235971     0.022005749      0.12584319     0.010405267      -1.8511449       1.7975761    2.100583e-09      0.26056386       110.09907      0.14849313      0.73937156      0.24569745      0.24702854       2.5149851       7.8467281       82.736879       3.8675318        3.8675318       82.736879                                82.736879
              2       44.692653     0.022012304      0.12509888     0.010406348      -1.8754296       1.8540485    2.100583e-09      0.25289903       111.52568      0.14775538      0.74703798      0.24570033      0.24703143       2.5137606       7.8372983       81.650242       3.8675318        3.8675318       81.650242                                81.650242
              3       44.624533     0.022006193      0.12503465     0.010406422       -1.872836        1.854019    2.100583e-09       0.2530362       111.47458      0.14768504      0.74690074      0.24569765      0.24702873       2.5149023       7.8385996       81.514002       3.8675318        3.8675318       81.514002                                81.514002
              1       44.355182     0.022005397      0.12504246     0.010406515       -1.849589       1.8308134    2.100583e-09      0.25712706       110.57547      0.14769205      0.74280887       0.2456973      0.24702838        2.515051        7.841686         80.9753       3.8675318        3.8675318         80.9753                                  80.9753
              1        44.68294      0.02188395      0.12634503     0.010405288      -1.9320731       1.9282487    2.100583e-09      0.25045736       112.30944      0.14887318      0.74948073      0.24564405      0.24697494       2.5379071       7.8833881       81.630816       3.8675318        3.8675318       81.630816                                81.630816
              5       44.559263     0.021826965      0.12652706     0.010404546      -1.9570263       1.9529135    2.100583e-09      0.24783729       112.97742      0.14899822       0.7521015      0.24561908      0.24694988       2.5487397       7.8966794       81.383463       3.8675318        3.8675318       81.383463                                81.383463
             14       44.925858     0.021766149       0.1267744     0.010402561      -1.9006089       1.8977252    2.100583e-09      0.25956492       110.43557      0.14918474      0.74037105      0.24559236      0.24692306       2.5603774       7.9209834       82.116652       3.8675318        3.8675318       82.116652                                82.116652
              2       44.332937     0.021817599      0.12653357     0.010402739      -1.8998229       1.8835143    2.100583e-09      0.25833177       110.69205      0.14899536      0.74160442      0.24561497      0.24694575       2.5505269       7.9023351        80.93081       3.8675318        3.8675318        80.93081                                 80.93081
              1       44.377188     0.021902038      0.12586923     0.010404394      -1.8296493       1.8042412    2.100583e-09      0.26628398        108.8747      0.14841546      0.73364999      0.24565197      0.24698289        2.534483       7.8787638       81.019313       3.8675318        3.8675318       81.019313                                81.019313
              1       43.800657     0.021835541       0.1249914      0.01040542      -1.8199159       1.7817577    2.100583e-09      0.26335711       109.38998      0.14747114      0.73657717      0.24562284      0.24695365       2.5471052       7.8798535       79.866251       3.8675318        3.8675318       79.866251                                79.866251
              2       43.871265     0.021828152      0.12504866     0.010405502      -1.8214146       1.7826669    2.100583e-09      0.26338266        109.4008        0.147521      0.73655164       0.2456196       0.2469504       2.5485135       7.8822009       80.007467       3.8675318        3.8675318       80.007467                                80.007467
              2       43.809183     0.021821337      0.12491396     0.010405185      -1.8147209       1.7800312    2.100583e-09      0.26414298       109.20664      0.14737949      0.73579106      0.24561661       0.2469474       2.5498135       7.8832636       79.883302       3.8675318        3.8675318       79.883302                                79.883302
              2       43.510145     0.021837276      0.12503769     0.010404702      -1.8329504       1.8045873    2.100583e-09      0.26158828        109.7381      0.14751916      0.73834647       0.2456236      0.24695441       2.5467745       7.8804491       79.285226       3.8675318        3.8675318       79.285226                                79.285226
              9       43.971128     0.021779119      0.12518938     0.010404583      -1.8777098        1.845957    2.100583e-09      0.25475482       111.28349      0.14761269      0.74518167      0.24559807      0.24692879       2.5578889       7.8906865       80.207192       3.8675318        3.8675318       80.207192                                80.207192
              5       43.912142     0.021849042      0.12552136     0.010403733      -1.8381967       1.7812698    2.100583e-09      0.26249298       109.71251       0.1480146      0.73744176      0.24562876      0.24695959       2.5445348       7.8790159        80.08922       3.8675318        3.8675318        80.08922                                 80.08922
              1       44.763652     0.021873428      0.12532854      0.01040642      -1.8303995       1.7632529    2.100583e-09      0.26140522       109.91153      0.14784616      0.73852971      0.24563944      0.24697031        2.539902       7.8701377        81.79224       3.8675318        3.8675318        81.79224                                 81.79224
              1       45.212925     0.021902927      0.12567207     0.010405726      -1.9119121       1.8500348    2.100583e-09      0.24912851       112.64222      0.14821919      0.75080963      0.24565236      0.24698328       2.5343149        7.860734       82.690786       3.8675318        3.8675318       82.690786                                82.690786
              1       45.178715     0.021978042      0.12396541     0.010407677      -1.8210094       1.7987978    2.100583e-09      0.25657732       110.50795      0.14658765      0.74335826      0.24568528      0.24701632       2.5201718        7.834753       82.622367       3.8675318        3.8675318       82.622367                                82.622367
             14       44.595374     0.021978195      0.12386192     0.010406853      -1.8067449       1.7831605    2.100583e-09      0.25887207       109.99764       0.1464843      0.74106289      0.24568535      0.24701639        2.520143       7.8344229       81.455684       3.8675318        3.8675318       81.455684                                81.455684
              5       46.638249      0.02198182      0.12390792     0.010409356      -1.8179978        1.791033    2.100583e-09      0.25629201       110.57561      0.14653393      0.74364362      0.24568694      0.24701799       2.5194636       7.8327207       85.541434       3.8675318        3.8675318       85.541434                                85.541434
              2       44.435274     0.021846897       0.1242065      0.01040574      -1.8298912       1.8214194    2.100583e-09      0.25732124        110.3892      0.14669759      0.74261421      0.24562782      0.24695865       2.5449429       7.8707953       81.135485       3.8675318        3.8675318       81.135485                                81.135485
             12       44.324405     0.021845787      0.12425448     0.010405673      -1.8303461       1.8199945    2.100583e-09      0.25756851       110.35677      0.14674445      0.74236689      0.24562733      0.24695816       2.5451542       7.8712236       80.913747       3.8675318        3.8675318       80.913747                                80.913747
             18       44.416836     0.021833789      0.12432039     0.010405649        -1.83669       1.8290358    2.100583e-09      0.25677547       110.53336      0.14679837      0.74316015      0.24562207      0.24695288       2.5474389       7.8749208       81.098608       3.8675318        3.8675318       81.098608                                81.098608
              1       45.559757     0.022086366      0.12394495     0.010406199      -1.8423326        1.832183    2.100583e-09      0.25235688       111.32402       0.1466755      0.74757981      0.24573292      0.24706414       2.4999861       7.8092436       83.384451       3.8675318        3.8675318       83.384451                                83.384451
              1       47.312466      0.02207076      0.12444224     0.010409181      -1.8603863       1.8402597    2.100583e-09      0.25102193       111.77855      0.14715719      0.74891529      0.24572606      0.24705725       2.5028791       7.8165174       86.889868       3.8675318        3.8675318       86.889868                                86.889868
              3       47.299909     0.022070599      0.12444552     0.010409174      -1.8602798       1.8398057    2.100583e-09      0.25106054       111.77211      0.14716031      0.74887668      0.24572599      0.24705718        2.502909       7.8165393       86.864755       3.8675318        3.8675318       86.864755                                86.864755
              2       47.503571     0.022030664      0.12476334     0.010408542      -1.9041153       1.8901613    2.100583e-09      0.24549386        113.1029      0.14743819      0.75444486      0.24570841      0.24703954        2.510335       7.8267133       87.272078       3.8675318        3.8675318       87.272078                                87.272078
              9        49.40682     0.022030459      0.12555559     0.010406445      -1.9567651       1.8763693    2.100583e-09       0.2390603       114.93734      0.14823024      0.76088034      0.24570832      0.24703944       2.5103733       7.8225901       91.078577       3.8675318        3.8675318       91.078577                                91.078577
              3       45.992426      0.02195846       0.1256104     0.010401713      -1.9179761       1.8370673    2.100583e-09      0.24765828       112.96525      0.14821305      0.75228023      0.24567669       0.2470077       2.5238472       7.8427253       84.249789       3.8675318        3.8675318       84.249789                                84.249789
              2       45.141032     0.021971626       0.1254359     0.010403764      -1.8196525       1.7294259    2.100583e-09      0.26273594       109.63736      0.14805172      0.73719875      0.24568247       0.2470135       2.5213752       7.8458697          82.547       3.8675318        3.8675318          82.547                                   82.547
              2       46.167164     0.021923008      0.12650822     0.010404356      -1.8845435       1.7855813    2.100583e-09      0.25631193       111.23356      0.14907542       0.7436248      0.24566115      0.24699211       2.5305221       7.8664295       84.599264       3.8675318        3.8675318       84.599264                                84.599264
              1       44.729345     0.021915584      0.12561787     0.010402831       -1.905073       1.8366342    2.100583e-09      0.25050608       112.32541      0.14817764       0.7494317       0.2456579      0.24698884       2.5319234        7.856027       81.723626       3.8675318        3.8675318       81.723626                                81.723626
              4       44.816138     0.021917806      0.12561925     0.010402818      -1.9065449       1.8367902    2.100583e-09      0.25018061       112.39974      0.14818124      0.74975726      0.24565888      0.24698982       2.5315039       7.8551993       81.897213       3.8675318        3.8675318       81.897213                                81.897213
              3       44.844822     0.021958232      0.12562801     0.010405553      -1.8183584       1.7610182    2.100583e-09       0.2654387       109.06737      0.14823044       0.7344954      0.24567659       0.2470076         2.52389       7.8575249       81.954581       3.8675318        3.8675318       81.954581                                81.954581
              7       44.197944     0.021957149      0.12524304      0.01040606      -1.8116726       1.7756901    2.100583e-09      0.26529558       108.96942      0.14784438      0.73463838      0.24567612      0.24700712       2.5240935       7.8567133       80.660825       3.8675318        3.8675318       80.660825                                80.660825
              8        44.58714     0.021791176      0.12640707     0.010403722      -1.8713335       1.8264092    2.100583e-09      0.26203448       109.97615      0.14884244      0.73790073      0.24560337      0.24693411       2.5555786       7.9047746       81.439216       3.8675318        3.8675318       81.439216                                81.439216
              1       44.497438     0.021781917      0.12633288     0.010403801      -1.8700998       1.8244276    2.100583e-09       0.2618692       110.00325      0.14875899      0.73806602       0.2455993      0.24693003       2.5573524       7.9058545       81.259812       3.8675318        3.8675318       81.259812                                81.259812
              6       44.241765     0.021785861      0.12613877     0.010403093      -1.8614444       1.8243767    2.100583e-09      0.26285981       109.73458      0.14856882      0.73707507      0.24560103      0.24693177       2.5565967       7.9041737       80.748466       3.8675318        3.8675318       80.748466                                80.748466
              3       44.591752     0.021743163      0.12646003     0.010401913      -1.8901755       1.8506487    2.100583e-09      0.26003305       110.42255      0.14884738      0.73990265      0.24558223       0.2469129       2.5647967       7.9155169        81.44844       3.8675318        3.8675318        81.44844                                 81.44844
              5       44.678372     0.021754513      0.12650292     0.010401749      -1.8887281        1.852496    2.100583e-09      0.26058619       110.29874      0.14890162      0.73934941      0.24558724      0.24691792        2.562613       7.9141441       81.621681       3.8675318        3.8675318       81.621681                                81.621681
              2       44.833988     0.021741988      0.12657798     0.010401407      -1.8946523       1.8620587    2.100583e-09      0.26021475       110.38849      0.14896416      0.73972097      0.24558172      0.24691238       2.5650227       7.9182129       81.932912       3.8675318        3.8675318       81.932912                                81.932912
              2          45.165     0.021699489      0.12631461     0.010402161      -1.8591186       1.8234543    2.100583e-09      0.26510505        109.3361       0.1486583      0.73482932      0.24556293      0.24689352       2.5732248       7.9277159       82.594937       3.8675318        3.8675318       82.594937                                82.594937
              4       45.526333     0.021786817      0.12528468     0.010404385      -1.8570779       1.7595829    2.100583e-09      0.25568354       111.20882      0.14771569      0.74425276      0.24560145      0.24693219       2.5564135       7.8823489       83.317603       3.8675318        3.8675318       83.317603                                83.317603
              2       46.829342     0.021786727      0.12528322      0.01040343      -1.8900306       1.7760749    2.100583e-09      0.24914419       112.67349      0.14771414      0.75079373      0.24560141      0.24693215       2.5564308       7.8769548       85.923621       3.8675318        3.8675318       85.923621                                85.923621
              3       46.274533     0.021782961      0.12636457     0.010399659      -2.0012764       1.9419914    2.100583e-09      0.24048014        114.8486      0.14879172      0.75946038      0.24559976      0.24693049       2.5571524       7.8905755       84.814003       3.8675318        3.8675318       84.814003                                84.814003
              1       46.830458     0.021814453      0.12600822     0.010399359      -2.0038847       1.9521993    2.100583e-09      0.23847126       115.23803      0.14846686      0.76146963      0.24561359      0.24694437       2.5511277       7.8781716       85.925853       3.8675318        3.8675318       85.925853                                85.925853
              2       47.332226     0.021904098      0.12636931     0.010399488       -2.023893       1.9799019    2.100583e-09      0.23681202       115.65572      0.14891759      0.76312946      0.24565287      0.24698379       2.5340936       7.8619018       86.929389       3.8675318        3.8675318       86.929389                                86.929389
              4       48.588049     0.021903029      0.12649828     0.010398162      -2.0253883       1.9660593    2.100583e-09      0.23702928       115.65199       0.1490455      0.76291219       0.2456524      0.24698332       2.5342956       7.8618553       89.441034       3.8675318        3.8675318       89.441034                                89.441034
              1       48.370285     0.021841437      0.12773653     0.010398629      -2.0031463       1.9389675    2.100583e-09      0.24702952       113.54572      0.15022216      0.75290996      0.24562542      0.24695625       2.5459822       7.8972451       89.005506       3.8675318        3.8675318       89.005506                                89.005506
              3       46.969333     0.021863806      0.12712974     0.010399385      -1.9488303       1.8797369    2.100583e-09      0.25224558       112.24433      0.14963773      0.74769238      0.24563523      0.24696608       2.5417285       7.8867696       86.203602       3.8675318        3.8675318       86.203602                                86.203602
              4       48.028395      0.02199061       0.1263208     0.010398749      -1.8713359       1.8205622    2.100583e-09      0.26171431       109.94932       0.1489556      0.73822103       0.2456908      0.24702186        2.517817       7.8543744       88.321727       3.8675318        3.8675318       88.321727                                88.321727
              1       47.822643     0.021992708      0.12628581     0.010398971      -1.8669683       1.8235089    2.100583e-09      0.26249764       109.76019       0.1489227      0.73743749      0.24569172      0.24702278       2.5174243       7.8550495       87.910223       3.8675318        3.8675318       87.910223                                87.910223
              2       46.073404     0.021998189       0.1256224     0.010405873      -1.7932095       1.7105259    2.100583e-09      0.26825345       108.51242      0.14826478      0.73167996      0.24569413       0.2470252       2.5163987       7.8469033       84.411745       3.8675318        3.8675318       84.411745                                84.411745
              4       48.486829     0.021649036      0.12727933     0.010403756      -1.8424341       1.7444484    2.100583e-09      0.26984867       108.66353      0.14957256      0.73008493      0.24554051      0.24687102        2.583013       7.9475534       89.238595       3.8675318        3.8675318       89.238595                                89.238595
              1       47.559603     0.021699585      0.12721355     0.010399713      -1.8948615       1.7662996    2.100583e-09      0.25913084       110.87484      0.14955733       0.7408054      0.24556297      0.24689357       2.5732061       7.9251949       87.384142       3.8675318        3.8675318       87.384142                                87.384142
              1       48.482862     0.021693032      0.12778265     0.010401957      -1.9388021       1.7635984    2.100583e-09      0.25093865       112.78934      0.15011988      0.74899983      0.24556007      0.24689065       2.5744743       7.9281637       89.230661       3.8675318        3.8675318       89.230661                                89.230661
              1       46.879602     0.021864733        0.125349     0.010407223      -1.8347841         1.72379    2.100583e-09      0.25769616       110.75781      0.14785792       0.7422397      0.24563563      0.24696649       2.5415524       7.8660363        86.02414       3.8675318        3.8675318        86.02414                                 86.02414
              2        47.19799     0.021787929      0.12549866     0.010406751      -1.8703038       1.7614364    2.100583e-09      0.25296702       111.85282      0.14793078      0.74697005      0.24560194      0.24693268       2.5562005       7.8832282       86.660916       3.8675318        3.8675318       86.660916                                86.660916
              1         46.0129     0.021905564      0.12540771     0.010403886      -1.9343101       1.8605207    2.100583e-09      0.24391607       113.80956      0.14795747      0.75602326      0.24565351      0.24698444       2.5338164       7.8518175       84.290737       3.8675318        3.8675318       84.290737                                84.290737
              2       44.158374     0.021853348      0.12532463      0.01040267      -1.8998769       1.8480231    2.100583e-09      0.25110823       112.13669      0.14782217      0.74882925      0.24563064      0.24696148       2.5437158       7.8690251       80.581685       3.8675318        3.8675318       80.581685                                80.581685
              5       44.412497     0.021823185      0.12545556     0.010403022      -1.9453235       1.9216646    2.100583e-09      0.24490233       113.52586      0.14792293      0.75503674      0.24561742      0.24694821       2.5494609       7.8781992        81.08993       3.8675318        3.8675318        81.08993                                 81.08993
              3       44.925912     0.021820901      0.12537749     0.010402706      -1.9553438       1.9267528    2.100583e-09      0.24287679       114.00341      0.14784258      0.75706275      0.24561642      0.24694721       2.5498967       7.8755719       82.116761       3.8675318        3.8675318       82.116761                                82.116761
              2          45.047     0.021815076      0.12590991     0.010401652       -1.977574       1.9377316    2.100583e-09      0.24197991       114.35262      0.14836917      0.75796007      0.24561386      0.24694464       2.5510087       7.8810488       82.358937       3.8675318        3.8675318       82.358937                                82.358937
              1       45.147945     0.021743421      0.12645352     0.010403784      -1.9881257       1.9441442    2.100583e-09      0.24265502       114.34009      0.14884113      0.75728498      0.24558235      0.24691301        2.564747       7.9054595       82.560827       3.8675318        3.8675318       82.560827                                82.560827
              9       46.865549     0.021645934      0.12647068     0.010402933      -1.9950849       1.9151991    2.100583e-09       0.2408037       114.88032      0.14876081      0.75913673      0.24553913      0.24686963       2.5836165       7.9237934       85.996034       3.8675318        3.8675318       85.996034                                85.996034
              2       46.795426     0.021640099      0.12669763     0.010403087      -1.9937565       1.9092002    2.100583e-09      0.24191947       114.66403      0.14898192      0.75802077      0.24553652      0.24686702       2.5847526       7.9284173       85.855789       3.8675318        3.8675318       85.855789                                85.855789
              1       49.230584      0.02153515      0.12606897     0.010399624      -1.8920075        1.770123    2.100583e-09      0.25505033       111.62662      0.14824831      0.74488635       0.2454893      0.24681963       2.6053148       7.9476749       90.726105       3.8675318        3.8675318       90.726105                                90.726105
              2       49.961378     0.021945744      0.12387486     0.010402171      -1.7430971       1.5715869    2.100583e-09      0.26304772       109.34682      0.14646479      0.73688618      0.24567112      0.24700211       2.5262382       7.8245759       92.187692       3.8675318        3.8675318       92.187692                                92.187692
              2       47.912728     0.021876246      0.12487541     0.010401774      -1.7821273       1.6165468    2.100583e-09      0.26216393       109.74232      0.14739585      0.73777061      0.24564067      0.24697155       2.5393676       7.8531614       88.090393       3.8675318        3.8675318       88.090393                                88.090393
              1       48.551877     0.021978536      0.12505723     0.010402092      -1.7998156       1.6273066    2.100583e-09      0.25870129       110.46212      0.14767996      0.74123424       0.2456855      0.24701654       2.5200791       7.8296797        89.36869       3.8675318        3.8675318        89.36869                                 89.36869
              1       47.338963     0.022022065      0.12475217     0.010401174      -1.8654848       1.7689349    2.100583e-09       0.2511452        112.0012      0.14741843       0.7487921      0.24570463      0.24703574       2.5119384       7.8175247       86.942863       3.8675318        3.8675318       86.942863                                86.942863
              1       45.369823     0.022139535      0.12392598     0.010403523      -1.7709248       1.7257953    2.100583e-09      0.26552316       108.61695       0.1467097      0.73441023      0.24575626      0.24708756       2.4901671       7.7970745       83.004581       3.8675318        3.8675318       83.004581                                83.004581
              2       45.850127     0.022111553      0.12381362     0.010403798      -1.7221702       1.6580795    2.100583e-09      0.27344657       107.06085      0.14656936      0.72648477      0.24574399      0.24707524       2.4953275       7.8041847        83.96519       3.8675318        3.8675318        83.96519                                 83.96519
              3       46.278095     0.022137403      0.12363955     0.010403812       -1.712637       1.6466944    2.100583e-09      0.27414264       106.88419      0.14642114      0.72578846      0.24575532      0.24708662       2.4905598       7.7964824       84.821126       3.8675318        3.8675318       84.821126                                84.821126
              2       45.621227     0.022108858        0.123767     0.010403959      -1.7294999       1.6666429    2.100583e-09      0.27182664       107.37106      0.14652004      0.72810509      0.24574281      0.24707406       2.4958253       7.8034686       83.507389       3.8675318        3.8675318       83.507389                                83.507389
              3       46.578092     0.022088904      0.12308792     0.010401873      -1.7266904       1.6719789    2.100583e-09      0.27004684       107.58949      0.14582102      0.72988501      0.24573404      0.24706526        2.499516       7.7992864        85.42112       3.8675318        3.8675318        85.42112                                 85.42112
             10       47.270603     0.022106143      0.12293389     0.010401488      -1.7501048       1.6957114    2.100583e-09      0.26483311       108.61314      0.14568422      0.73509999      0.24574162      0.24707286        2.496327       7.7900131       86.806143       3.8675318        3.8675318       86.806143                                86.806143
              2       47.148223     0.022140627      0.12328148     0.010401313      -1.7474842       1.6931299    2.100583e-09      0.26695006       108.22869       0.1460663      0.73298268      0.24575674      0.24708804       2.4899661        7.787639       86.561383       3.8675318        3.8675318       86.561383                                86.561383
              4       47.735359     0.022121091      0.12398765     0.010403313      -1.7874742       1.6822868    2.100583e-09      0.25936712       110.02794      0.14675293      0.74056784      0.24574818      0.24707944       2.4935668       7.7902336       87.735655       3.8675318        3.8675318       87.735655                                87.735655
              6       48.536791     0.022175982       0.1239583     0.010402924      -1.7833142       1.6800505    2.100583e-09      0.25992066       109.87824      0.14677847      0.74001417      0.24577217      0.24710353       2.4834694       7.7778403       89.338519       3.8675318        3.8675318       89.338519                                89.338519
              2       48.701311     0.022187065      0.12380448     0.010404756      -1.7314012       1.6117136    2.100583e-09      0.26692809       108.40299      0.14663573      0.73300491      0.24577699      0.24710837       2.4814379       7.7766934       89.667559       3.8675318        3.8675318       89.667559                                89.667559
              1       48.704936     0.022065195       0.1232721     0.010406097      -1.8346819       1.7689853    2.100583e-09      0.24929905       112.07387      0.14598148       0.7506381      0.24572361      0.24705479       2.5039119       7.7936575       89.674809       3.8675318        3.8675318       89.674809                                89.674809
              1       45.897269     0.021957752      0.12502632     0.010403562      -1.9432938       1.9042178    2.100583e-09      0.24180844       114.14754      0.14762826      0.75813128      0.24567638      0.24700739       2.5239802       7.8376983       84.059474       3.8675318        3.8675318       84.059474                                84.059474
             15       46.237687     0.022011324      0.12476183     0.010403551      -1.9330877       1.9031257    2.100583e-09      0.24211198        113.9722      0.14741734      0.75782758       0.2456999        0.247031       2.5139435       7.8237196        84.74031       3.8675318        3.8675318        84.74031                                 84.74031
              3       46.183409     0.022023983      0.12486327     0.010403311      -1.9309579       1.8962915    2.100583e-09      0.24287078       113.82031      0.14753144      0.75706864      0.24570547      0.24703658       2.5115808       7.8217026       84.631754       3.8675318        3.8675318       84.631754                                84.631754
              5        46.12256     0.022029948      0.12462082     0.010403663      -1.9197723       1.8921476    2.100583e-09      0.24354618       113.58865      0.14729496      0.75639297       0.2457081      0.24703922       2.5104685       7.8191011       84.510056       3.8675318        3.8675318       84.510056                                84.510056
              1       48.388398      0.02215996      0.12330709     0.010404032      -1.8287261       1.7704041    2.100583e-09      0.25098363       111.64384      0.14611124      0.74895315      0.24576519      0.24709652       2.4864105       7.7738744       89.041731       3.8675318        3.8675318       89.041731                                89.041731
              2       49.347536     0.022208105      0.12209488     0.010404021      -1.7766429       1.7620073    2.100583e-09      0.25496676       110.33334      0.14494718      0.74496851      0.24578612      0.24711752       2.4775879       7.7607169       90.960008       3.8675318        3.8675318       90.960008                                90.960008
              4       48.529041     0.021973378      0.12274795      0.01039958      -1.7258486       1.6888804    2.100583e-09      0.27041896       107.44618      0.14536552      0.72951257      0.24568324      0.24701427       2.5210464       7.8242572       89.323019       3.8675318        3.8675318       89.323019                                89.323019
              6       48.454349     0.022115961      0.12164244     0.010402769      -1.6791353       1.6725697    2.100583e-09      0.27147716       106.75631       0.1444026      0.72845365      0.24574593      0.24707719       2.4945135       7.7918213       89.173634       3.8675318        3.8675318       89.173634                                89.173634
              1       45.864029     0.021969583      0.12280796     0.010403443      -1.7438213        1.704133    2.100583e-09      0.26610431       108.34294      0.14542173      0.73382834      0.24568157       0.2470126       2.5217585       7.8240137       83.992995       3.8675318        3.8675318       83.992995                                83.992995
              5        46.68648     0.022047745      0.12245393     0.010404444      -1.6952068       1.6361832    2.100583e-09      0.27218868       107.07131      0.14514587       0.7277423      0.24571593      0.24704708       2.5071547       7.8030887       85.637896       3.8675318        3.8675318       85.637896                                85.637896
              2       45.576635     0.022041318      0.12369243      0.01040286      -1.7147603       1.6630236    2.100583e-09      0.27556167       106.62487      0.14637794      0.72436905       0.2457131      0.24704424       2.5083506       7.8217304       83.418207       3.8675318        3.8675318       83.418207                                83.418207
              1        45.46362     0.021927785      0.12445569     0.010399675      -1.8024948       1.7974627    2.100583e-09      0.26480342       108.79239      0.14702766       0.7351303      0.24566325      0.24699421       2.5296212       7.8585222       83.192176       3.8675318        3.8675318       83.192176                                83.192176
              3       45.985127     0.021916497       0.1244145     0.010398933      -1.8336983       1.8160381    2.100583e-09      0.25956754       109.96976      0.14697519      0.74036747       0.2456583      0.24698924        2.531751       7.8532014       84.235191       3.8675318        3.8675318       84.235191                                84.235191
              3       48.121482     0.021998397      0.12514081     0.010404888      -1.8034007       1.6445505    2.100583e-09      0.25856087       110.49446       0.1477834      0.74137474      0.24569422      0.24702529       2.5163598        7.828202         88.5079       3.8675318        3.8675318         88.5079                                  88.5079
              2       47.899563     0.021945314      0.12627864     0.010405339       -1.861058        1.713668    2.100583e-09      0.25538385       111.40785      0.14886814      0.74455301      0.24567093      0.24700192       2.5263193       7.8543967       88.064063       3.8675318        3.8675318       88.064063                                88.064063
              4        48.45028      0.02196421      0.12621297     0.010406708      -1.8793875       1.7492321    2.100583e-09      0.25256307       112.00166      0.14882137      0.74737448      0.24567921      0.24701023       2.5227671       7.8495146       89.165496       3.8675318        3.8675318       89.165496                                89.165496
              2       48.162983     0.021972776      0.12567663     0.010407671      -1.8289994       1.7023786    2.100583e-09      0.25850071       110.60354      0.14829359      0.74143514      0.24568297        0.247014       2.5211594       7.8444918       88.590903       3.8675318        3.8675318       88.590903                                88.590903
              2       48.151546     0.021963172      0.12584824     0.010407537      -1.8302563       1.7017907    2.100583e-09      0.25912771       110.50581       0.1484556      0.74080805      0.24567876      0.24700977       2.5229619       7.8490175       88.568028       3.8675318        3.8675318       88.568028                                88.568028
              1       45.985595     0.021861272      0.12582837     0.010405571      -1.8338059       1.7186497    2.100583e-09      0.26059049       110.23141      0.14833384      0.73934486      0.24563412      0.24696497       2.5422098       7.8734928       84.236127       3.8675318        3.8675318       84.236127                                84.236127
              1       45.519768     0.021885553      0.12582818     0.010405994      -1.8367107       1.7455301    2.100583e-09      0.26145011       110.01935      0.14835793      0.73848503      0.24564475      0.24697564       2.5376033       7.8707173       83.304473       3.8675318        3.8675318       83.304473                                83.304473
              5       44.831666      0.02194851      0.12402644     0.010401938      -1.7598977        1.711451    2.100583e-09      0.26958361       107.90705      0.14661914      0.73034873      0.24567233      0.24700332       2.5257179       7.8430278       81.928269       3.8675318        3.8675318       81.928269                                81.928269
             10       44.517464     0.021863898      0.12432695     0.010403587      -1.8421653       1.7924577    2.100583e-09      0.25590422        110.8744      0.14683504      0.74403164      0.24563527      0.24696612        2.541711       7.8579063       81.299863       3.8675318        3.8675318       81.299863                                81.299863
              1       44.504616     0.021860932      0.12434901     0.010403607      -1.8420682       1.7917216    2.100583e-09      0.25601959       110.85638      0.14685413      0.74391625      0.24563397      0.24696482       2.5422744       7.8588453       81.274168       3.8675318        3.8675318       81.274168                                81.274168
              2       44.442215     0.021855223      0.12450262     0.010401175      -1.8067803        1.772517    2.100583e-09      0.26451746        109.0355      0.14700203      0.73541632      0.24563146      0.24696231       2.5433594       7.8690626       81.149366       3.8675318        3.8675318       81.149366                                81.149366
              7       44.281105      0.02185571       0.1245356     0.010401329      -1.8089725        1.778255    2.100583e-09      0.26429814       109.07453       0.1470355      0.73563571      0.24563168      0.24696252       2.5432668       7.8699656       80.827146       3.8675318        3.8675318       80.827146                                80.827146
              4       44.203038     0.021757185      0.12552144     0.010400994      -1.8834974       1.8546446    2.100583e-09      0.25674773       110.91576      0.14792282      0.74318839      0.24558841       0.2469191       2.5620993       7.9000641       80.671013       3.8675318        3.8675318       80.671013                                80.671013
              4       44.638136     0.021735021      0.12549435     0.010400383      -1.8855417       1.8591204    2.100583e-09      0.25660605       110.94447      0.14787356      0.74333009      0.24557864      0.24690929       2.5663646       7.9050034       81.541209       3.8675318        3.8675318       81.541209                                81.541209
              1       44.942723     0.022045816      0.12492343     0.010401439      -1.8533497        1.849251    2.100583e-09      0.25684087       110.52396      0.14761344       0.7430951      0.24571508      0.24704623       2.5075135       7.8322947       82.150383       3.8675318        3.8675318       82.150383                                82.150383
              1       45.426685     0.022098092       0.1247178     0.010402697       -1.790919       1.7400689    2.100583e-09      0.26612862       108.67755      0.14746008      0.73380496      0.24573808      0.24706931       2.4978156       7.8148166       83.118307       3.8675318        3.8675318       83.118307                                83.118307
             10       45.400812      0.02194935      0.12560642     0.010407899      -1.8383333       1.8231017    2.100583e-09      0.26188364       109.67393      0.14819996      0.73805133       0.2456727      0.24700369       2.5255599       7.8657951        83.06656       3.8675318        3.8675318        83.06656                                 83.06656
              1       49.180633     0.022085977      0.12670426      0.01040683      -1.9303913       1.8850936    2.100583e-09      0.25051958       112.40433      0.14943442      0.74941873      0.24573275      0.24706397       2.5000581       7.8347366       90.626202       3.8675318        3.8675318       90.626202                                90.626202
              6       51.310211     0.021908326      0.12648709     0.010405803      -2.0513055       1.9603981    2.100583e-09       0.2289531       117.70271      0.14903961      0.77099036      0.24565472      0.24698565       2.5332943       7.8564433       94.885358       3.8675318        3.8675318       94.885358                                94.885358
              1       51.102717      0.02193261      0.12576058     0.010407807        -2.01566       1.9563746    2.100583e-09      0.23177486       116.79815      0.14833738      0.76816764      0.24566536      0.24699633       2.5287116       7.8462323       94.470371       3.8675318        3.8675318       94.470371                                94.470371
              1       47.186222     0.022069823      0.12600297     0.010407443      -1.8778453       1.8413426    2.100583e-09      0.25618397       110.99953      0.14871699      0.74375263      0.24572565      0.24705683       2.5030529       7.8347964        86.63738       3.8675318        3.8675318        86.63738                                 86.63738
              6       46.628856      0.02181755      0.12587037     0.010407157      -1.7925405       1.7144443    2.100583e-09      0.27066032       108.14804      0.14833211      0.72927253      0.24561495      0.24694573       2.5505362       7.8941859       85.522648       3.8675318        3.8675318       85.522648                                85.522648
              1       46.174849     0.021854029      0.12529364     0.010405933      -1.7535395       1.6569731    2.100583e-09      0.27385899        107.4149      0.14779186      0.72607282      0.24563094      0.24696178       2.5435863       7.8778761       84.614634       3.8675318        3.8675318       84.614634                                84.614634
              3       46.679855     0.022137533      0.12543427     0.010403074      -1.8412238       1.7887786    2.100583e-09      0.26017304       110.04272      0.14821599      0.73976235      0.24575538      0.24708668       2.4905358       7.8107136       85.624646       3.8675318        3.8675318       85.624646                                85.624646
              7       45.627755     0.022119017      0.12505005     0.010402613      -1.8331643       1.8014669    2.100583e-09      0.26054224       109.84273      0.14781325      0.73939289      0.24574727      0.24707853       2.4939495       7.8137681       83.520447       3.8675318        3.8675318       83.520447                                83.520447
              3       46.133147      0.02190184      0.12534629     0.010398492      -1.8457623       1.8249049    2.100583e-09      0.26247479       109.55682      0.14789232      0.73745989      0.24565188       0.2469828       2.5345205       7.8685279        84.53123       3.8675318        3.8675318        84.53123                                 84.53123
              6       45.829193     0.021874789      0.12571692     0.010398572      -1.8804114       1.8749149    2.100583e-09      0.25819793       110.48559       0.1482359      0.74173796      0.24564004      0.24697091       2.5396438       7.8799031       83.923322       3.8675318        3.8675318       83.923322                                83.923322
              1       44.703541     0.021861513       0.1266487     0.010401937       -1.916371       1.8858793    2.100583e-09      0.25595454       111.26021       0.1491544       0.7439823      0.24563422      0.24696507        2.542164        7.889143       81.672019       3.8675318        3.8675318       81.672019                                81.672019
              1       43.955704     0.021965477      0.12551326     0.010404224      -1.8330843       1.8203662    2.100583e-09       0.2634032       109.31909      0.14812293      0.73653135      0.24567977      0.24701079       2.5225291       7.8608933       80.176344       3.8675318        3.8675318       80.176344                                80.176344
              6       43.742869     0.021920381       0.1247156     0.010405144      -1.8561247       1.8284989    2.100583e-09      0.25519306       111.01189      0.14728017      0.74474317         0.24566      0.24699095       2.5310179       7.8535618       79.750674       3.8675318        3.8675318       79.750674                                79.750674
              1       43.956604     0.021986426      0.12445606     0.010405965      -1.8322469       1.8108241    2.100583e-09      0.25751157       110.39705      0.14708667        0.742424      0.24568896      0.24702002       2.5186006       7.8385946       80.178145       3.8675318        3.8675318       80.178145                                80.178145
              2       43.940931     0.021987716      0.12445176      0.01040593      -1.8308898       1.8085657    2.100583e-09      0.25773654       110.35081      0.14708367      0.74219897      0.24568953      0.24702058        2.518359       7.8381843       80.146798       3.8675318        3.8675318       80.146798                                80.146798
              6        43.97707     0.022015788      0.12421251     0.010406481      -1.7773721       1.7633868    2.100583e-09      0.26585241       108.52794      0.14687249      0.73408097      0.24570187      0.24703297       2.5131099       7.8370678       80.219077       3.8675318        3.8675318       80.219077                                80.219077
             13       43.801982     0.021896344      0.12468876     0.010402293      -1.8470819        1.846981    2.100583e-09      0.25715757       110.45229       0.1472293      0.74277815      0.24564948      0.24698039       2.5355601       7.8656515         79.8689       3.8675318        3.8675318         79.8689                                  79.8689
              5       44.391779     0.021813485      0.12536421      0.01040379      -1.9372306       1.9196564    2.100583e-09      0.24564952       113.31565      0.14782189      0.75428932      0.24561316      0.24694394       2.5513125       7.8812316       81.048495       3.8675318        3.8675318       81.048495                                81.048495
              1       44.724494      0.02172458      0.12580167     0.010401304      -1.9430191       1.9035364    2.100583e-09      0.24782895       113.00922      0.14817044      0.75210949      0.24557403      0.24690467       2.5683776       7.9042018       81.713925       3.8675318        3.8675318       81.713925                                81.713925
             14        44.38604     0.021869477      0.12609839     0.010401378      -1.8963984       1.8463723    2.100583e-09      0.25608216       111.17162      0.14861206      0.74385442      0.24563771      0.24696858       2.5406518        7.877533       81.037016       3.8675318        3.8675318       81.037016                                81.037016
              5       44.329316     0.021865153      0.12619089     0.010401167      -1.9112157       1.8747623    2.100583e-09       0.2545439       111.49798      0.14870023      0.74539311      0.24563582      0.24696668       2.5414727       7.8805819       80.923569       3.8675318        3.8675318       80.923569                                80.923569
              4       44.569024     0.021783452      0.12646208      0.01040099      -1.9079413       1.8684563    2.100583e-09      0.25699271       111.05997      0.14888972      0.74294377      0.24559997       0.2469307       2.5570582       7.9039193       81.402984       3.8675318        3.8675318       81.402984                                81.402984
             10       45.304485     0.021852494      0.12637624     0.010401187      -1.8639726       1.8606913    2.100583e-09       0.2637306       109.42912      0.14887293       0.7362042      0.24563027      0.24696111       2.5438783       7.8983154       82.873906       3.8675318        3.8675318       82.873906                                82.873906
              3       44.816142     0.021762442      0.12492092     0.010402823      -1.8757431       1.8212006    2.100583e-09      0.25361295       111.55026      0.14732756       0.7463237      0.24559073      0.24692142       2.5610894       7.8863701        81.89722       3.8675318        3.8675318        81.89722                                 81.89722
              2       44.625129     0.021737075      0.12545395     0.010401269       -1.928219        1.904427    2.100583e-09      0.24880956       112.66671      0.14783522       0.7511285      0.24557955       0.2469102        2.565969       7.8999614       81.515194       3.8675318        3.8675318       81.515194                                81.515194
              4       44.880368     0.021660328      0.12561891     0.010401519      -1.9030258       1.8868972    2.100583e-09      0.25435345       111.46085      0.14792343      0.74558327      0.24554554      0.24687607       2.5808174        7.925102       82.025672       3.8675318        3.8675318       82.025672                                82.025672
              1        44.85262     0.021692208      0.12536996     0.010400948      -1.8826278       1.8659003    2.100583e-09      0.25657695       110.90957      0.14770636      0.74335912       0.2455597      0.24689029       2.5746339       7.9156837       81.970177       3.8675318        3.8675318       81.970177                                81.970177
              5       44.352164     0.021790868      0.12445614     0.010402802      -1.8484258       1.8313186    2.100583e-09       0.2567121        110.6493       0.1468912      0.74322359      0.24560323      0.24693397       2.5556377       7.8826349       80.969265       3.8675318        3.8675318       80.969265                                80.969265
              3       44.452713     0.021818023      0.12469296     0.010402088      -1.8812572       1.8512096    2.100583e-09      0.25216381       111.73918      0.14715518      0.74777312      0.24561516      0.24694594        2.550446       7.8731781       81.170363       3.8675318        3.8675318       81.170363                                81.170363
              9        44.22117     0.021804222      0.12440505     0.010403015      -1.8369389       1.8287429    2.100583e-09      0.25815407       110.27202      0.14685346      0.74178123       0.2456091      0.24693986       2.5530825        7.882335       80.707276       3.8675318        3.8675318       80.707276                                80.707276
              3       44.147898     0.021814481      0.12444431     0.010403265      -1.8458313       1.8392228    2.100583e-09      0.25660081       110.60378      0.14690298      0.74333491       0.2456136      0.24694438       2.5511222       7.8798568       80.560733       3.8675318        3.8675318       80.560733                                80.560733
              4       44.671475     0.021857084      0.12386757     0.010403735      -1.8193465       1.8164671    2.100583e-09      0.25777841       110.18173      0.14636884      0.74215677      0.24563228      0.24696313       2.5430056       7.8656728       81.607887       3.8675318        3.8675318       81.607887                                81.607887
              4       44.851955     0.021851067      0.12384656     0.010403604      -1.8225874        1.820729    2.100583e-09      0.25712016       110.31689      0.14634182      0.74281518      0.24562964      0.24696048       2.5441496       7.8665911       81.968846       3.8675318        3.8675318       81.968846                                81.968846
              2        44.85352     0.021849957      0.12384873     0.010403608      -1.8224535       1.8206198    2.100583e-09      0.25715865        110.3093      0.14634288      0.74277668      0.24562916      0.24695999       2.5443608       7.8669104       81.971977       3.8675318        3.8675318       81.971977                                81.971977
              4       44.349188     0.021827698       0.1241954     0.010402312      -1.8145624       1.7865522    2.100583e-09      0.26142539       109.61393      0.14666729      0.73850902       0.2456194       0.2469502       2.5486001       7.8715078       80.963312       3.8675318        3.8675318       80.963312                                80.963312
              1       45.721457     0.022030361      0.12298257     0.010407675      -1.6820652       1.6672719    2.100583e-09      0.27717404       106.00248      0.14565712      0.72275593      0.24570828       0.2470394       2.5103916       7.8291953        83.70785       3.8675318        3.8675318        83.70785                                 83.70785
              7       45.495561     0.022101645      0.12305095     0.010407729      -1.7021812        1.677927    2.100583e-09      0.27343012        106.7772      0.14579678      0.72650087      0.24573964      0.24707088       2.4971586       7.8079668       83.256059       3.8675318        3.8675318       83.256059                                83.256059
              2        45.77274     0.022069856      0.12311336     0.010402925      -1.7023494       1.6677126    2.100583e-09      0.27531336       106.48953      0.14582741      0.72461716      0.24572566      0.24705685       2.5030469       7.8121213       83.810417       3.8675318        3.8675318       83.810417                                83.810417
              1       46.100361     0.022099801       0.1231173     0.010403029      -1.6936567       1.6571615    2.100583e-09      0.27680071        106.1946       0.1458613      0.72312945      0.24573883      0.24707006       2.4974995       7.8060682       84.465659       3.8675318        3.8675318       84.465659                                84.465659
              2       44.898714     0.021922477      0.12584224     0.010401175      -1.8704684       1.8052794    2.100583e-09      0.25834438       110.63545      0.14840891      0.74159156      0.24566092      0.24699187       2.5306223       7.8614225       82.062365       3.8675318        3.8675318       82.062365                                82.062365
              8       44.821872     0.022048642       0.1251395     0.010402601      -1.8446638       1.7984415    2.100583e-09      0.25896255       110.27316      0.14783233      0.74097298      0.24571632      0.24704748       2.5069878       7.8273515        81.90868       3.8675318        3.8675318        81.90868                                 81.90868
              9       45.758362     0.022162691      0.12468813     0.010404506      -1.7968412       1.7967599    2.100583e-09      0.26386322       108.87994      0.14749501      0.73607094      0.24576638      0.24709771       2.4859088       7.8110858        83.78166       3.8675318        3.8675318        83.78166                                 83.78166
              7        45.48167     0.022141635      0.12486683     0.010405353      -1.8060428       1.7978663    2.100583e-09      0.26340109       109.07814      0.14765266      0.73653326      0.24575718      0.24708848       2.4897805       7.8152535       83.228277       3.8675318        3.8675318       83.228277                                83.228277
              2       45.577136     0.022169599      0.12432043     0.010405459      -1.8097812       1.8004735    2.100583e-09      0.25972513       109.74159      0.14713422       0.7402099      0.24576939      0.24710074       2.4846405       7.7999892       83.419208       3.8675318        3.8675318       83.419208                                83.419208
              1       47.884664     0.022196176      0.12419547     0.010407129      -1.7464674       1.6594104    2.100583e-09      0.26778462       108.26287      0.14703584      0.73214836      0.24578095      0.24711234       2.4797697       7.7844088       88.034264       3.8675318        3.8675318       88.034264                                88.034264
              2       45.869879     0.021939657      0.12418656     0.010407081       -1.740253       1.6537521    2.100583e-09      0.27046969       107.83595      0.14677041      0.72946249      0.24566845      0.24699943        2.527384       7.8442632       84.004694       3.8675318        3.8675318       84.004694                                84.004694
              5       46.156739     0.021917195       0.1236944     0.010405376      -1.7771685       1.6919943    2.100583e-09      0.26175054       109.54175      0.14625579      0.73818359      0.24565861      0.24698955       2.5316192       7.8375441       84.578414       3.8675318        3.8675318       84.578414                                84.578414
              3       46.087165     0.021965936      0.12387094       0.0104068      -1.7908656       1.7134645    2.100583e-09       0.2598952        109.9325      0.14648107      0.74003951      0.24567997      0.24701099        2.522443       7.8289603       84.439267       3.8675318        3.8675318       84.439267                                84.439267
              1        45.43331     0.022145978      0.12305799     0.010404954      -1.7045135       1.6818172    2.100583e-09      0.27357601       106.72396      0.14584816      0.72635496      0.24575908      0.24709039       2.4889812       7.7972756       83.131557       3.8675318        3.8675318       83.131557                                83.131557
              9       47.146783     0.022229646      0.12214485     0.010405939      -1.6618238       1.6374671    2.100583e-09       0.2765466       105.92958      0.14501868      0.72338322      0.24579542      0.24712686       2.4736555       7.7709292       86.558503       3.8675318        3.8675318       86.558503                                86.558503
              6       46.896799     0.022224116      0.12269094     0.010405383      -1.6733914       1.6390649    2.100583e-09      0.27723127       105.96025      0.14555925      0.72269864      0.24579303      0.24712447       2.4746642        7.775463       86.058533       3.8675318        3.8675318       86.058533                                86.058533
              1           46.75     0.022226211       0.1229519     0.010405604      -1.6913785       1.6483449    2.100583e-09      0.27475782       106.52716       0.1458223      0.72517284      0.24579394      0.24712537       2.4742819       7.7741486       85.764937       3.8675318        3.8675318       85.764937                                85.764937
              1       45.765539     0.022129094      0.12430657     0.010403929      -1.7359651       1.7172865    2.100583e-09      0.27429365       106.81483      0.14707986      0.72563772      0.24575168      0.24708297       2.4920907       7.8160244       83.796014       3.8675318        3.8675318       83.796014                                83.796014
              2       45.631878     0.022130977      0.12437375     0.010403815      -1.7466075       1.7284916    2.100583e-09      0.27263986       107.15253      0.14714892      0.72729195      0.24575251      0.24708379       2.4917437       7.8152502       83.528693       3.8675318        3.8675318       83.528693                                83.528693
              9        45.57812     0.022124574       0.1243854     0.010403643      -1.7479297       1.7288694    2.100583e-09      0.27255854       107.17946      0.14715416       0.7273733       0.2457497      0.24708098       2.4929243       7.8164168       83.421176       3.8675318        3.8675318       83.421176                                83.421176
              1       45.739879     0.022074165      0.12467691     0.010403249      -1.7454753       1.7138137    2.100583e-09      0.27497971       106.83991      0.14739526      0.72495163      0.24572756      0.24705875       2.5022474       7.8294591       83.744694       3.8675318        3.8675318       83.744694                                83.744694
              1       45.992447     0.022074144      0.12451323     0.010403597      -1.7263652       1.7027135    2.100583e-09       0.2776942       106.24182      0.14723156      0.72223639      0.24572755      0.24705874       2.5022514       7.8316443        84.24983       3.8675318        3.8675318        84.24983                                 84.24983
              2       44.645676     0.021722312      0.12493506     0.010404106      -1.8718543         1.86664    2.100583e-09      0.25481816       111.13291      0.14730156      0.74511818      0.24557303      0.24690366       2.5688152       7.9064866       81.556288       3.8675318        3.8675318       81.556288                                81.556288
              1        44.60522     0.021731158      0.12501089     0.010404866      -1.8675787       1.8647662    2.100583e-09      0.25556732       110.96318      0.14738624      0.74436887      0.24557694      0.24690758       2.5671092       7.9068589       81.475376       3.8675318        3.8675318       81.475376                                81.475376
              2       44.608242     0.021731225      0.12501018      0.01040486      -1.8675553       1.8650128    2.100583e-09      0.25555754       110.96351      0.14738559      0.74437865      0.24557697      0.24690761       2.5670963       7.9069025       81.481421       3.8675318        3.8675318       81.481421                                81.481421
              6       44.688274     0.021687924      0.12533844     0.010404383      -1.8741007       1.8674967    2.100583e-09      0.25666912       110.83194      0.14767055      0.74326692       0.2455578      0.24688838       2.5754635       7.9203191       81.641484       3.8675318        3.8675318       81.641484                                81.641484
              3       46.068642     0.021583781      0.12642031     0.010404446      -1.9510707       1.9426116    2.100583e-09       0.2498597       112.63311      0.14864828      0.75007844      0.24551127      0.24684168       2.5957562       7.9529219        84.40222       3.8675318        3.8675318        84.40222                                 84.40222
              4       46.587942     0.021546694       0.1264224     0.010403781      -1.9542536       1.9537845    2.100583e-09      0.24958549       112.67765      0.14861329       0.7503527      0.24549453      0.24682487       2.6030409       7.9630684       85.440821       3.8675318        3.8675318       85.440821                                85.440821
              2       46.772361     0.021709419      0.12509448     0.010404859       -1.948375       1.9154263    2.100583e-09      0.24250849       114.10004      0.14744809      0.75743098      0.24556733      0.24689794       2.5713048       7.8980828       85.809658       3.8675318        3.8675318       85.809658                                85.809658
              2       44.911891     0.021787067      0.12521751     0.010402612      -1.9117372       1.8547592    2.100583e-09      0.24870424       112.70111      0.14764876      0.75123377      0.24560156       0.2469323       2.5563657       7.8810245       82.088719       3.8675318        3.8675318       82.088719                                82.088719
              2       45.138716     0.021691223      0.12631479     0.010402447      -1.9564079       1.8942156    2.100583e-09      0.24715937       113.31789       0.1486502      0.75277944      0.24555927      0.24688985       2.5748245       7.9159448       82.542368       3.8675318        3.8675318       82.542368                                82.542368
             13       44.925374      0.02171274      0.12593827     0.010402497      -1.8673633       1.7912637    2.100583e-09      0.25964332       110.48828       0.1482952      0.74029225       0.2455688      0.24689941       2.5706631       7.9115869       82.115685       3.8675318        3.8675318       82.115685                                82.115685
              3       45.073009     0.021696911      0.12601096     0.010402751      -1.8724228       1.7946108    2.100583e-09      0.25904506        110.6391      0.14835206      0.74089067      0.24556179      0.24689238       2.5737236       7.9158186       82.410955       3.8675318        3.8675318       82.410955                                82.410955
              3       45.147111     0.021716938      0.12618697     0.010403124      -1.8644794       1.7809028    2.100583e-09      0.26078654       110.29704       0.1485481      0.73914885      0.24557065      0.24690128       2.5698526       7.9138623       82.559159       3.8675318        3.8675318       82.559159                                82.559159
             11       45.220987     0.021713332      0.12627231     0.010403163       -1.868387       1.7838014    2.100583e-09      0.26049077       110.37818      0.14862983      0.73944473      0.24556906      0.24689967       2.5705488       7.9155451       82.706911       3.8675318        3.8675318       82.706911                                82.706911
              3       44.451161     0.021800137      0.12632065     0.010404168      -1.9504178       1.9079942    2.100583e-09       0.2478182       113.07964      0.14876498       0.7521205       0.2456073      0.24693806       2.5538638       7.8937836       81.167259       3.8675318        3.8675318       81.167259                                81.167259
              1       44.434656     0.021798892      0.12620094     0.010404355      -1.9353657       1.8859007    2.100583e-09      0.24943294       112.70271      0.14864402      0.75050531      0.24560676      0.24693751       2.5541019       7.8926857       81.134249       3.8675318        3.8675318       81.134249                                81.134249
              2       46.738972     0.022041602      0.12508214     0.010401952      -1.7520138       1.7327007    2.100583e-09      0.27643239       106.59259      0.14776793      0.72349876      0.24571323      0.24704437       2.5082978       7.8448806        85.74288       3.8675318        3.8675318        85.74288                                 85.74288
              1       46.805006       0.0220259      0.12519931      0.01040224       -1.750932       1.7342748    2.100583e-09      0.27720789       106.45668       0.1478694      0.72272312      0.24570631      0.24703743       2.5112233       7.8511822       85.874949       3.8675318        3.8675318       85.874949                                85.874949
              2       45.764324      0.02211763      0.12441655     0.010403328      -1.7447932       1.7366068    2.100583e-09      0.27309172       107.01596      0.14717837         0.72684      0.24574666      0.24707792       2.4942054        7.821911       83.793585       3.8675318        3.8675318       83.793585                                83.793585
              3       45.467646     0.022100799      0.12441878     0.010403179      -1.7500078       1.7437485    2.100583e-09      0.27217535       107.19442      0.14716377      0.72775658      0.24573927       0.2470705       2.4973151       7.8256268       83.200229       3.8675318        3.8675318       83.200229                                83.200229
              1       46.235794     0.022142874      0.12421201     0.010403949      -1.8231172        1.763208    2.100583e-09      0.25656668       110.59925      0.14699908      0.74336909      0.24575772      0.24708902       2.4895524        7.791883       84.736525       3.8675318        3.8675318       84.736525                                84.736525
              1       46.252596     0.022143735      0.12421784     0.010403952      -1.8227293       1.7624056    2.100583e-09       0.2566398       110.58494      0.14700577      0.74329595       0.2457581       0.2470894       2.4893941       7.7917483       84.770129       3.8675318        3.8675318       84.770129                                84.770129
              1       45.965447     0.021874756      0.12646884     0.010401031      -1.9589418       1.8771992    2.100583e-09      0.24584165       113.58542      0.14898779      0.75409762      0.24564002       0.2469709       2.5396502       7.8717843       84.195831       3.8675318        3.8675318       84.195831                                84.195831
              2       46.026299     0.021872713      0.12679973      0.01040304      -1.9802543       1.9066682    2.100583e-09      0.24385156       114.10373      0.14931664      0.75608834      0.24563913         0.24697       2.5400378       7.8769623       84.317535       3.8675318        3.8675318       84.317535                                84.317535
              1       46.084174      0.02191054       0.1263595     0.010403519      -1.9528267       1.8693248    2.100583e-09       0.2452065       113.69603      0.14891423       0.7547329      0.24565569      0.24698663       2.5328761       7.8625095       84.433285       3.8675318        3.8675318       84.433285                                84.433285
              8       45.133081     0.021817659      0.12619505     0.010401436      -1.8826588       1.7912568    2.100583e-09      0.25705904        111.0583       0.1486569      0.74287732        0.245615      0.24694578       2.5505154       7.8868919       82.531098       3.8675318        3.8675318       82.531098                                82.531098
              6       45.160888     0.021819903      0.12613575     0.010401407      -1.8782865       1.7850903    2.100583e-09      0.25739424       110.97546      0.14859984      0.74254202      0.24561598      0.24694677       2.5500872       7.8856185       82.586713       3.8675318        3.8675318       82.586713                                82.586713
              1       44.931069     0.021807392      0.12605532     0.010401939      -1.8732858       1.7825153    2.100583e-09      0.25791376       110.85214       0.1485069      0.74202232      0.24561049      0.24694126       2.5524765        7.888234       82.127074       3.8675318        3.8675318       82.127074                                82.127074
              4       47.826932     0.021595113      0.12663183     0.010398096      -2.0176403       1.9678623    2.100583e-09      0.24123185        114.7994      0.14887114      0.75870851      0.24551637       0.2468468       2.5935364       7.9392162         87.9188       3.8675318        3.8675318         87.9188                                  87.9188
              1       47.901143     0.021591435      0.12666041     0.010398066       -2.018738       1.9676052    2.100583e-09        0.241181       114.82099      0.14889604      0.75875939      0.24551472      0.24684514       2.5942565       7.9402854       88.067222       3.8675318        3.8675318       88.067222                                88.067222
              2       47.876836     0.021603465      0.12652205     0.010397854      -2.0034854       1.9504103    2.100583e-09       0.2428468       114.39515      0.14876971      0.75709312      0.24552012      0.24685056       2.5919023       7.9362365       88.018608       3.8675318        3.8675318       88.018608                                88.018608
              1        47.98531     0.021597823      0.12659589     0.010397697      -2.0063081       1.9545479    2.100583e-09      0.24290921       114.39566      0.14883791      0.75703072      0.24551759      0.24684802       2.5930059        7.938651       88.235556       3.8675318        3.8675318       88.235556                                88.235556
              1       47.620433     0.021809603       0.1272543     0.010398582      -2.0198712       1.9457435    2.100583e-09      0.24152264       114.77234      0.14970809      0.75841799      0.24561146      0.24694223       2.5520541       7.8947138       87.505803       3.8675318        3.8675318       87.505803                                87.505803
              1       45.719886     0.021803409      0.12693743     0.010400383       -1.912845       1.8811894    2.100583e-09      0.25891157       110.70515      0.14938504      0.74102464      0.24560874       0.2469395        2.553238       7.9071736       83.704709       3.8675318        3.8675318       83.704709                                83.704709
              5       45.056293     0.021795741      0.12635061     0.010400146      -1.8875175        1.859006    2.100583e-09      0.26041187       110.26601      0.14879054      0.73952372      0.24560537      0.24693612       2.5547049       7.9031124       82.377523       3.8675318        3.8675318       82.377523                                82.377523
              3        43.48996     0.021859978       0.1256287     0.010403856      -1.8635942       1.8312451    2.100583e-09      0.25923691       110.35739      0.14813287      0.74069869      0.24563355       0.2469644       2.5424557       7.8796247       79.244856       3.8675318        3.8675318       79.244856                                79.244856
              1       43.513139     0.021830122      0.12572649     0.010403703      -1.8768054       1.8441481    2.100583e-09      0.25763271       110.73761       0.1482008      0.74230331      0.24562046      0.24695127       2.5481378        7.886614       79.291215       3.8675318        3.8675318       79.291215                                79.291215
              4          45.432     0.021686306       0.1267137     0.010400792      -1.9068875       1.8532362    2.100583e-09      0.25863776        110.8271       0.1490442      0.74129837      0.24555709      0.24688766       2.5757769       7.9288981       83.128936       3.8675318        3.8675318       83.128936                                83.128936
              1       45.441602     0.021702493      0.12670593     0.010400692      -1.9018012       1.8490789    2.100583e-09      0.25945481       110.64077      0.14905261      0.74048113      0.24556426      0.24689486       2.5726436       7.9255162        83.14814       3.8675318        3.8675318        83.14814                                 83.14814
              5        45.13185      0.02168189      0.12665791     0.010402006       -1.898782       1.8525094    2.100583e-09      0.25969133       110.57755      0.14898399      0.74024452      0.24555513      0.24688569       2.5766328        7.931284       82.528637       3.8675318        3.8675318       82.528637                                82.528637
              5       44.459787     0.021693715      0.12628113     0.010401856      -1.9056348       1.8741729    2.100583e-09      0.25692075       111.06247      0.14861904      0.74301563      0.24556037      0.24689096        2.574342       7.9242939       81.184511       3.8675318        3.8675318       81.184511                                81.184511
              5       44.976411     0.021642108      0.12658178     0.010403021      -1.9282599       1.8953157    2.100583e-09      0.25451582       111.67609      0.14886808      0.74542126      0.24553742      0.24686792       2.5843614       7.9390244       82.217759       3.8675318        3.8675318       82.217759                                82.217759
              5       44.939302     0.021653317      0.12674878     0.010402106      -1.9473417       1.9113279    2.100583e-09        0.252292       112.20573      0.14904629      0.74764571      0.24554242      0.24687294       2.5821802       7.9363363       82.143541       3.8675318        3.8675318       82.143541                                82.143541
              8       44.322746     0.021863818      0.12649898     0.010402257      -1.9501552       1.9350858    2.100583e-09      0.24946833       112.62863      0.14900699      0.75047006      0.24563523      0.24696609       2.5417262       7.8855953       80.910429       3.8675318        3.8675318       80.910429                                80.910429
              3       44.848306     0.021732841      0.12597378     0.010400087       -1.898479        1.855989    2.100583e-09      0.25658247       111.08866      0.14835081      0.74335387      0.24557768      0.24690833       2.5667848       7.9086749       81.961549       3.8675318        3.8675318       81.961549                                81.961549
              1       45.407464     0.021711094      0.12592807     0.010399251      -1.9134417       1.8752176    2.100583e-09      0.25427977       111.58594      0.14828336      0.74565712      0.24556807      0.24689868       2.5709812       7.9121123       83.079865       3.8675318        3.8675318       83.079865                                83.079865
              1       45.287221     0.021693632      0.12598744     0.010399583      -1.9226108       1.8864558    2.100583e-09      0.25307292       111.86799      0.14832526      0.74686429      0.24556034      0.24689092       2.5743582       7.9166822       82.839379       3.8675318        3.8675318       82.839379                                82.839379
              6       45.409871     0.021902837      0.12572514     0.010400772      -1.9730207       1.9697305    2.100583e-09      0.24182555       114.18921      0.14827217      0.75811443      0.24565232      0.24698324       2.5343319       7.8640152       83.084678       3.8675318        3.8675318       83.084678                                83.084678
              2       45.284584     0.021880061      0.12575814     0.010401198      -1.9782679       1.9777858    2.100583e-09      0.24107458       114.37306       0.1482824      0.75886559      0.24564235      0.24697323       2.5386441        7.869994       82.834104       3.8675318        3.8675318       82.834104                                82.834104
              7       45.131862     0.021861436       0.1257434     0.010400884      -1.9747225       1.9682298    2.100583e-09      0.24191573       114.20703      0.14824903      0.75802421      0.24563419      0.24696504       2.5421787       7.8732449       82.528661       3.8675318        3.8675318       82.528661                                82.528661
              6       44.869474      0.02190212       0.1259092     0.010401135      -1.9644439        1.945793    2.100583e-09      0.24418932       113.72926      0.14845551      0.75575014      0.24565201      0.24698292       2.5344674       7.8650892       82.003885       3.8675318        3.8675318       82.003885                                82.003885
              5       44.410928     0.021817821       0.1245051     0.010401542      -1.8168369       1.8166303    2.100583e-09      0.26230798       109.34534      0.14696711      0.73762633      0.24561507      0.24694585       2.5504846        7.885004       81.086792       3.8675318        3.8675318       81.086792                                81.086792
              2       44.470927     0.021909322      0.12416232     0.010403702      -1.7395802       1.7306187    2.100583e-09      0.27390654       106.90614      0.14671583      0.72602476      0.24565516      0.24698609       2.5331062       7.8670348       81.206791       3.8675318        3.8675318       81.206791                                81.206791
              1       46.164042     0.021849895      0.12463254     0.010399913      -1.8114624       1.7297834    2.100583e-09      0.26255498       109.57551      0.14712662      0.73737934      0.24562913      0.24695997       2.5443725       7.8632144        84.59302       3.8675318        3.8675318        84.59302                                 84.59302
             11       47.353618     0.021831838      0.12376447     0.010400497      -1.7694412        1.688934    2.100583e-09       0.2658287       108.74244       0.1462405       0.7341044      0.24562122      0.24695202       2.5478109       7.8590531       86.972173       3.8675318        3.8675318       86.972173                                86.972173
              2       44.514688     0.021889963      0.12418878     0.010402963      -1.7496398       1.7444835    2.100583e-09      0.27230502       107.21464      0.14672293      0.72762668      0.24564668      0.24697758       2.5367681        7.871494       81.294313       3.8675318        3.8675318       81.294313                                81.294313
              4       44.820791     0.021976543       0.1237721     0.010403148      -1.7270251       1.7267999    2.100583e-09      0.27344293       106.81885      0.14639283      0.72648833      0.24568462      0.24701566       2.5204528        7.850141       81.906519       3.8675318        3.8675318       81.906519                                81.906519
              5       44.699794     0.021977739      0.12399077     0.010403168      -1.7332301       1.7320071    2.100583e-09      0.27348636       106.86368       0.1466127      0.72644499      0.24568515      0.24701619       2.5202286       7.8518208       81.664525       3.8675318        3.8675318       81.664525                                81.664525
              1       45.048346     0.021981905      0.12463739     0.010403854      -1.7391168       1.6967455    2.100583e-09      0.27613199       106.68815      0.14726348        0.723799      0.24568698      0.24701802       2.5194477       7.8488244       82.361629       3.8675318        3.8675318       82.361629                                82.361629
              6       44.791132     0.021966086      0.12491563     0.010404808      -1.7758621       1.6983364    2.100583e-09      0.26866102       108.30925      0.14752591      0.73127196      0.24568004      0.24701106       2.5224148       7.8460644         81.8472       3.8675318        3.8675318         81.8472                                  81.8472
              1       44.055617       0.0218747      0.12558511     0.010403294      -1.8369446        1.776428    2.100583e-09      0.26286085       109.64219        0.148104      0.73707383         0.24564      0.24697087       2.5396608       7.8734036       80.376171       3.8675318        3.8675318       80.376171                                80.376171
              6       43.469198     0.021933241      0.12435552     0.010403999      -1.7924289       1.7650571    2.100583e-09      0.26516655       108.80652      0.14693295      0.73476703      0.24566564      0.24699661       2.5285927       7.8525201       79.203333       3.8675318        3.8675318       79.203333                                79.203333
             14       43.502629     0.021930735      0.12507226     0.010403418      -1.8590446        1.825443    2.100583e-09      0.25686683       110.73261      0.14764718      0.74306915      0.24566454       0.2469955        2.529065       7.8546665       79.270195       3.8675318        3.8675318       79.270195                                79.270195
              4       43.665046     0.021878188      0.12517459     0.010403103      -1.8886898        1.854964    2.100583e-09      0.25259964       111.71777      0.14769697      0.74733742      0.24564153      0.24697241       2.5389993       7.8651646       79.595028       3.8675318        3.8675318       79.595028                                79.595028
              1       44.537725     0.021821845      0.12513299     0.010403491      -1.9128263       1.8693343    2.100583e-09      0.24815739       112.76516      0.14759903      0.75178073      0.24561683      0.24694762       2.5497165       7.8736565       81.340387       3.8675318        3.8675318       81.340387                                81.340387
              1       45.751625     0.021671432      0.12452868     0.010404366      -1.8130904       1.7962267    2.100583e-09      0.26367697       109.22817       0.1468443      0.73625695      0.24555048      0.24688103       2.5786611       7.9168572       83.768187       3.8675318        3.8675318       83.768187                                83.768187
              1       49.140228     0.021658749      0.12519476     0.010405891      -1.7299051        1.613685    2.100583e-09      0.27751853       106.79023       0.1474977      0.72241223      0.24554484      0.24687537       2.5811241       7.9223496       90.545393       3.8675318        3.8675318       90.545393                                90.545393
              4       50.067062     0.021550405      0.12649726     0.010405669      -1.8033399       1.6901794    2.100583e-09      0.27168085       108.21344      0.14869186      0.72825191      0.24549621      0.24682656       2.6023106       7.9614177        92.39906       3.8675318        3.8675318        92.39906                                 92.39906
              2       46.817555     0.021714398      0.12675116     0.010404428      -1.8362853       1.7514431    2.100583e-09      0.26836898       108.82637      0.14910975      0.73156478      0.24556953      0.24690015       2.5703429       7.9261469       85.900045       3.8675318        3.8675318       85.900045                                85.900045
              7       46.047783      0.02184506      0.12595056     0.010405127      -1.7873748       1.7059189    2.100583e-09      0.27230826       107.82606      0.14843981      0.72762423      0.24562701      0.24695784       2.5452925       7.8884829       84.360502       3.8675318        3.8675318       84.360502                                84.360502
              5       45.857185     0.021616758      0.12645421     0.010402914      -1.8755657       1.8489015    2.100583e-09      0.26330494       109.74998      0.14871516       0.7366299      0.24552609      0.24685654       2.5893046        7.949792       83.979306       3.8675318        3.8675318       83.979306                                83.979306
              8       45.652859     0.021635328      0.12606976     0.010403413      -1.8497907       1.8261561    2.100583e-09      0.26565915       109.16406      0.14834928      0.73427495      0.24553439      0.24686488       2.5856821        7.942972       83.570654       3.8675318        3.8675318       83.570654                                83.570654
              7       45.263682      0.02164996      0.12575837       0.0104024      -1.8513267        1.848208    2.100583e-09       0.2636216       109.42433      0.14805252      0.73631287      0.24554092      0.24687144       2.5828331       7.9389235       82.792301       3.8675318        3.8675318       82.792301                                82.792301
              3       45.512076     0.021646156      0.12570997     0.010402259      -1.8421767        1.839073    2.100583e-09      0.26504728       109.11694      0.14800031      0.73488682      0.24553923      0.24686973       2.5835734       7.9402046       83.289088       3.8675318        3.8675318       83.289088                                83.289088
              6       45.113044     0.021790437      0.12397826     0.010404088      -1.7517681       1.7341051    2.100583e-09      0.27153401       107.45324      0.14641289      0.72839774      0.24560304      0.24693378       2.5557203       7.8880813       82.491025       3.8675318        3.8675318       82.491025                                82.491025
              3       45.227839     0.021733922      0.12429858     0.010403685      -1.7806945       1.7574972    2.100583e-09      0.26831104       108.22452      0.14667669      0.73162164      0.24557816      0.24690881       2.5665764        7.900932       82.720615       3.8675318        3.8675318       82.720615                                82.720615
              2       45.434903       0.0217372      0.12447842     0.010401824      -1.7868941       1.7580514    2.100583e-09      0.26863179       108.21887      0.14685981      0.73130089       0.2455796      0.24691026       2.5659449       7.9003234       83.134743       3.8675318        3.8675318       83.134743                                83.134743
              3       45.241471     0.021725174      0.12453815     0.010401689      -1.8086966       1.7899713    2.100583e-09      0.26505378       108.92877      0.14690752      0.73487982      0.24557429      0.24690493       2.5682631       7.9036529       82.747879       3.8675318        3.8675318       82.747879                                82.747879
              2       45.130436     0.021738708      0.12451531     0.010401588      -1.8078337       1.7897792    2.100583e-09      0.26503697       108.91815      0.14689821      0.73489663      0.24558027      0.24691093       2.5656544       7.9003371       82.525808       3.8675318        3.8675318       82.525808                                82.525808
              2       45.147459     0.021733789      0.12452247     0.010401671      -1.8083473       1.7908307    2.100583e-09      0.26497776       108.93151      0.14690045      0.73495585       0.2455781      0.24690875        2.566602       7.9016985       82.559855       3.8675318        3.8675318       82.559855                                82.559855
              5       44.464544      0.02175582      0.12459654     0.010402209      -1.8280554         1.81086    2.100583e-09      0.26150521       109.66383      0.14699655      0.73842932      0.24558781       0.2469185       2.5623618       7.8953501       81.194024       3.8675318        3.8675318       81.194024                                81.194024
              1       44.247616      0.02182461      0.12481123     0.010401095      -1.8314868        1.820629    2.100583e-09      0.26175948       109.58836      0.14728003      0.73817511      0.24561805      0.24694884        2.549189       7.8832373       80.760169       3.8675318        3.8675318       80.760169                                80.760169
              1       43.883351     0.021846007      0.12500097     0.010401587      -1.8372912       1.8051127    2.100583e-09      0.26147494       109.76716      0.14749116      0.73845982      0.24562743      0.24695826       2.5451123       7.8757904       80.031637       3.8675318        3.8675318       80.031637                                80.031637
              1       43.560217     0.021849082      0.12523524     0.010404233      -1.8252001       1.7879811    2.100583e-09      0.26397001       109.30001      0.14772851      0.73596423      0.24562877      0.24695961       2.5445272       7.8796688        79.38537       3.8675318        3.8675318        79.38537                                 79.38537
              4       43.673964     0.021893102      0.12436465     0.010405515       -1.807546       1.7784195    2.100583e-09      0.26219723       109.45403      0.14690194      0.73773708      0.24564806      0.24697896       2.5361737       7.8601508       79.612864       3.8675318        3.8675318       79.612864                                79.612864
             18       44.990092     0.021885628      0.12394154     0.010407799      -1.7707584       1.7448999    2.100583e-09      0.26618154        108.5273      0.14647136      0.73375158      0.24564478      0.24697568       2.5375891       7.8614906       82.245121       3.8675318        3.8675318       82.245121                                82.245121
              1       48.038428     0.021790698      0.12584605     0.010406779      -1.9531168       1.8666477    2.100583e-09      0.24207844       114.39311      0.14828094      0.75786147      0.24560316       0.2469339       2.5556702       7.8830924       88.341793       3.8675318        3.8675318       88.341793                                88.341793
              1       46.746824     0.021809141      0.12601301      0.01040507      -1.9592146       1.8727989    2.100583e-09      0.24233671       114.35496      0.14846635      0.75760322      0.24561126      0.24694203       2.5521424       7.8804415       85.758585       3.8675318        3.8675318       85.758585                                85.758585
              1       46.511249     0.021876613      0.12569314      0.01040227       -1.897383         1.77663    2.100583e-09      0.24936467       112.66071      0.14821395      0.75057341      0.24564084      0.24697171       2.5392979       7.8604538       85.287434       3.8675318        3.8675318       85.287434                                85.287434
              5       48.242556      0.02167128      0.12775017     0.010398258      -2.0066173       1.9051077    2.100583e-09      0.24570697       113.96738      0.15006564      0.75423277      0.24555041      0.24688096       2.5786905       7.9338088       88.750049       3.8675318        3.8675318       88.750049                                88.750049
              2       48.046282     0.021716914      0.12696962     0.010396964      -1.9713504       1.8961068    2.100583e-09      0.24899339        113.0259      0.14933072      0.75094524      0.24557064      0.24690126       2.5698571       7.9159706         88.3575       3.8675318        3.8675318         88.3575                                  88.3575
             12       50.329005       0.0216635       0.1271561     0.010395437      -2.0103163        1.920123    2.100583e-09      0.24358758       114.35018      0.14946379      0.75635244      0.24554695      0.24687749        2.580201       7.9265247       92.922947       3.8675318        3.8675318       92.922947                                92.922947
              3       50.374379     0.021663495      0.12718397      0.01039543      -2.0120824       1.9208123    2.100583e-09      0.24339078       114.40243      0.14949165       0.7565493      0.24554695      0.24687749        2.580202        7.926715       93.013695       3.8675318        3.8675318       93.013695                                93.013695
              3       48.798704     0.021883543      0.12609773     0.010399362      -1.7756801       1.6448958    2.100583e-09      0.27326097       107.68813      0.14862546      0.72667137      0.24564387      0.24697476       2.5379843       7.8747448       89.862344       3.8675318        3.8675318       89.862344                                89.862344
              4       49.244086     0.022008786      0.12323147     0.010402815      -1.7043071       1.5645217    2.100583e-09      0.26907127       107.95878      0.14588444      0.73086085      0.24569879      0.24702988       2.5144177       7.8085524       90.753108       3.8675318        3.8675318       90.753108                                90.753108
              1       49.692918     0.022002793      0.12292127     0.010403451      -1.7131047       1.5811489    2.100583e-09      0.26631743       108.45816      0.14556825      0.73361524      0.24569615      0.24702723       2.5155377       7.8054871       91.650773       3.8675318        3.8675318       91.650773                                91.650773
              5       49.986946     0.021859968      0.12253366     0.010402943      -1.6332922       1.5744172    2.100583e-09      0.28652548       104.43619      0.14503782      0.71340181      0.24563354       0.2469644       2.5424576       7.8559163       92.238828       3.8675318        3.8675318       92.238828                                92.238828
              2       45.130699     0.022088486      0.12375974     0.010405393      -1.7093278         1.69589    2.100583e-09      0.27619441       106.31703      0.14649241      0.72373621      0.24573386      0.24706507       2.4995934       7.8229819       82.526334       3.8675318        3.8675318       82.526334                                82.526334
              2       44.743088     0.022078921      0.12389963     0.010404816      -1.7273812       1.7126604    2.100583e-09      0.27374876       106.84087      0.14662274      0.72618253      0.24572965      0.24706085       2.5013655       7.8240998       81.751112       3.8675318        3.8675318       81.751112                                81.751112
              1       44.409242     0.021784941      0.12586229     0.010403735       -1.857355       1.7861838    2.100583e-09      0.26047894        110.2553      0.14829142      0.73945642      0.24560063      0.24693136       2.5567729       7.8952235        81.08342       3.8675318        3.8675318        81.08342                                 81.08342
              6       46.706385     0.021822007      0.12662718     0.010407492      -1.8850769       1.8262383    2.100583e-09      0.25879069       110.71934      0.14909338      0.74114543       0.2456169      0.24694769       2.5496856       7.8981285       85.677706       3.8675318        3.8675318       85.677706                                85.677706
              1        47.25468     0.021858545      0.12726952     0.010405038      -1.8881478       1.8272327    2.100583e-09      0.26208138       110.12394      0.14977226      0.73785422      0.24563292      0.24696377        2.542728       7.8982333       86.774296       3.8675318        3.8675318       86.774296                                86.774296
              1       47.527959     0.021905903      0.12724222     0.010405061      -1.9020718       1.8206852    2.100583e-09      0.25808172       110.97612      0.14979231      0.74185487      0.24565366      0.24698459       2.5337524       7.8825422       87.320855       3.8675318        3.8675318       87.320855                                87.320855
              6       47.832784     0.021872015       0.1263781     0.010404629      -1.7722489       1.6414031    2.100583e-09       0.2737605       107.64341       0.1488943      0.72617184      0.24563882      0.24696969       2.5401701        7.883314       87.930505       3.8675318        3.8675318       87.930505                                87.930505
              2       48.248319     0.021856737      0.12660886     0.010404818      -1.7805903       1.6402086    2.100583e-09      0.27273361       107.89777      0.14910978      0.72719908      0.24563213      0.24696297       2.5430716       7.8885186       88.761575       3.8675318        3.8675318       88.761575                                88.761575
             11       48.738175     0.021838636      0.12668046     0.010403948        -1.76696        1.620887    2.100583e-09      0.27558249       107.36094      0.14916328      0.72434952       0.2456242      0.24695501       2.5465155       7.8943374       89.741286       3.8675318        3.8675318       89.741286                                89.741286
              2       48.197602     0.021847956      0.12635462     0.010404148       -1.756738        1.615865    2.100583e-09      0.27603104       107.21054      0.14884677      0.72390072      0.24562828      0.24695911       2.5447413       7.8887931       88.660141       3.8675318        3.8675318       88.660141                                88.660141
              3       46.719708     0.021875481      0.12722286     0.010402502      -1.8977618       1.8597622    2.100583e-09      0.26175781       110.13137      0.14974253      0.73817786      0.24564034      0.24697122       2.5395125       7.8954658       85.704352       3.8675318        3.8675318       85.704352                                85.704352
              3       45.950118      0.02183765      0.12732217     0.010401694       -1.965248        1.911991    2.100583e-09      0.25066409        112.6248      0.14980401      0.74927433      0.24562376      0.24695458       2.5467033       7.8970084       84.165173       3.8675318        3.8675318       84.165173                                84.165173
              2       45.678698     0.021803302      0.12715525     0.010401285      -1.9424093       1.8791313    2.100583e-09      0.25352729        111.9847      0.14960275      0.74641035      0.24560869      0.24693946       2.5532585       7.9032553       83.622332       3.8675318        3.8675318       83.622332                                83.622332
              3       44.440805     0.021989871      0.12494817     0.010405348      -1.7720103       1.7577515    2.100583e-09      0.27113688       107.60993      0.14758223       0.7287955      0.24569048      0.24702153       2.5179554       7.8544376       81.146547       3.8675318        3.8675318       81.146547                                81.146547
             11       44.441054     0.021990541      0.12494979      0.01040534      -1.7722613       1.7584715    2.100583e-09      0.27108459        107.6178      0.14758452      0.72884782      0.24569077      0.24702183         2.51783       7.8543956       81.147045       3.8675318        3.8675318       81.147045                                81.147045
              1        45.75765      0.02187335      0.12637658     0.010404197       -1.827041       1.7736026    2.100583e-09      0.26889701        108.5293      0.14889412      0.73103653      0.24563941      0.24697028       2.5399169       7.8882767       83.780237       3.8675318        3.8675318       83.780237                                83.780237
              3       45.375611     0.021856872      0.12638153       0.0104016      -1.8528634       1.7970836    2.100583e-09      0.26506371       109.33065      0.14888259      0.73487077      0.24563219      0.24696303        2.543046       7.8884987       83.016159       3.8675318        3.8675318       83.016159                                83.016159
              8       45.811165     0.021812507      0.12674591     0.010401337      -1.8714261       1.8148053    2.100583e-09      0.26395874       109.65007       0.1492026      0.73597615      0.24561274      0.24694351       2.5514992       7.9025299       83.887266       3.8675318        3.8675318       83.887266                                83.887266
              3       44.601548     0.021831401      0.12636391      0.01040219      -1.8723164       1.8308226    2.100583e-09      0.26198827       109.95159       0.1488395      0.73794695      0.24562102      0.24695183       2.5478941       7.8946886       81.468033       3.8675318        3.8675318       81.468033                                81.468033
              4       45.703185     0.021714086      0.12630832     0.010403707      -1.8858717        1.781433    2.100583e-09      0.25615875       111.33291       0.1486666      0.74377784      0.24556939      0.24690001       2.5704032       7.9118848       83.671307       3.8675318        3.8675318       83.671307                                83.671307
              2       46.773512     0.021645215      0.12600072     0.010404479      -1.8388597       1.7325577    2.100583e-09      0.26287667        109.8759      0.14829012      0.73705809      0.24553881      0.24686931       2.5837566       7.9279414        85.81196       3.8675318        3.8675318        85.81196                                 85.81196
              2       46.541391     0.021647091      0.12594718     0.010404162      -1.8354249        1.734941    2.100583e-09      0.26371766       109.68526      0.14823846      0.73621687      0.24553964      0.24687015       2.5833914       7.9276641       85.347719       3.8675318        3.8675318       85.347719                                85.347719
              1       46.257326     0.021663648      0.12664716     0.010403819       -1.909331       1.8049482    2.100583e-09      0.25416895       111.85459        0.148955      0.74576825      0.24554702      0.24687755       2.5801724       7.9271892       84.779589       3.8675318        3.8675318       84.779589                                84.779589
              4       47.530552     0.021712779      0.12732587      0.01040187      -1.8745782       1.7324566    2.100583e-09      0.26150159       110.38896      0.14968284      0.73843411      0.24556881      0.24689943       2.5706557       7.9245504        87.32604       3.8675318        3.8675318        87.32604                                 87.32604
              6       47.059822     0.021801188      0.12676756     0.010403573      -1.8382845       1.6920125    2.100583e-09      0.26346738       109.83711      0.14921294      0.73646764      0.24560777      0.24693852       2.5536627       7.8978078        86.38458       3.8675318        3.8675318        86.38458                                 86.38458
              1       46.735611       0.0217845       0.1267465     0.010402384      -1.8849214       1.7372866    2.100583e-09      0.25563708       111.51273      0.14917519      0.74429986      0.24560043      0.24693116       2.5568575       7.8969677       85.736158       3.8675318        3.8675318       85.736158                                85.736158
              2       47.791873     0.021855352      0.12685491     0.010403903      -1.8977484       1.7378811    2.100583e-09      0.25225525       112.24745      0.14935445      0.74768259      0.24563152      0.24696237       2.5433349       7.8798646       87.848683       3.8675318        3.8675318       87.848683                                87.848683
              4       46.721492     0.022130321      0.12383041     0.010408727      -1.7960029       1.7566319    2.100583e-09      0.25902346       109.94623      0.14660492      0.74091152      0.24575222      0.24708351       2.4918647       7.7971735       85.707921       3.8675318        3.8675318       85.707921                                85.707921
              2       47.098444     0.022151948      0.12346459     0.010409212      -1.7720169       1.7322655    2.100583e-09      0.26138124       109.36477      0.14626073      0.73855299      0.24576169      0.24709301        2.487883       7.7897205       86.461825       3.8675318        3.8675318       86.461825                                86.461825
              6        47.37224     0.022065697      0.12365275     0.010409901      -1.7939045       1.7564219    2.100583e-09      0.25858222       110.02929      0.14636263      0.74135276      0.24572383      0.24705501       2.5038187       7.8103028       87.009417       3.8675318        3.8675318       87.009417                                87.009417
              2       45.869844      0.02191621      0.12409585     0.010409341      -1.7799751       1.7721302    2.100583e-09      0.26428238       108.83663      0.14665626       0.7356513      0.24565818      0.24698912       2.5318052       7.8605868       84.004624       3.8675318        3.8675318       84.004624                                84.004624
              4       43.699178     0.021922859      0.12435639     0.010405883      -1.7995424        1.796513    2.100583e-09      0.26284797       109.16142      0.14692344      0.73708619      0.24566109      0.24699204       2.5305503       7.8607608       79.663293       3.8675318        3.8675318       79.663293                                79.663293
              4       43.600805     0.021919452      0.12434007      0.01040562      -1.7987232       1.7928225    2.100583e-09      0.26315544       109.11497      0.14690372      0.73677864       0.2456596      0.24699054       2.5311931       7.8605282       79.466547       3.8675318        3.8675318       79.466547                                79.466547
              1       43.668201     0.021895461      0.12442976     0.010405813      -1.8001635       1.7932756    2.100583e-09      0.26347998       109.08273      0.14696941      0.73645405      0.24564909         0.24698       2.5357272       7.8670661       79.601338       3.8675318        3.8675318       79.601338                                79.601338
              3       44.820997     0.021932734      0.12381365     0.010407555      -1.7961175       1.7811562    2.100583e-09      0.26058182        109.5997      0.14639057      0.73935267      0.24566542      0.24699638       2.5286883       7.8478971       81.906931       3.8675318        3.8675318       81.906931                                81.906931
              7       44.899642     0.021748731      0.12583745     0.010406394      -1.8717255       1.8346433    2.100583e-09      0.25864834       110.58919      0.14823037      0.74128745      0.24558469      0.24691536       2.5637251       7.9080059       82.064221       3.8675318        3.8675318       82.064221                                82.064221
              1       44.704844     0.021766816       0.1252814     0.010406609      -1.8493829       1.8440409    2.100583e-09       0.2594788       110.16042      0.14769241      0.74045654      0.24559266      0.24692336       2.5602494        7.904575       81.674625       3.8675318        3.8675318       81.674625                                81.674625
              5       45.487328     0.021789212       0.1255397     0.010407718      -1.8306727        1.830316    2.100583e-09      0.26346989       109.31701       0.1479731      0.73646459      0.24560251      0.24693324       2.5559548       7.9071138       83.239593       3.8675318        3.8675318       83.239593                                83.239593
              2       46.413097     0.021723932      0.12595508     0.010398184      -1.9578358       1.9183096    2.100583e-09      0.24710693       113.20735       0.1483232      0.75283176      0.24557374      0.24690438       2.5685028       7.9045927        85.09113       3.8675318        3.8675318        85.09113                                 85.09113
              8       46.118511     0.021800088      0.12587833     0.010397969      -1.9426604       1.9243858    2.100583e-09      0.24924418       112.60451      0.14832261      0.75069397      0.24560728      0.24693804       2.5538731       7.8902981       84.501959       3.8675318        3.8675318       84.501959                                84.501959
              2       44.954733     0.021811664      0.12671281     0.010404165      -1.9855794        1.955016    2.100583e-09      0.24425939       113.94842      0.14916866      0.75568035      0.24561237      0.24694314       2.5516603       7.8955462       82.174403       3.8675318        3.8675318       82.174403                                82.174403
              2       46.244418     0.021827628      0.12624363      0.01040379      -2.0027194       1.9436786    2.100583e-09       0.2381021       115.37565      0.14871545      0.76183898      0.24561937      0.24695017       2.5486134        7.878861       84.753772       3.8675318        3.8675318       84.753772                                84.753772
              2       46.553115     0.021863796      0.12643188     0.010403463      -2.0087399       1.9442347    2.100583e-09      0.23771941       115.49448      0.14893987      0.76222185      0.24563522      0.24696608       2.5417305       7.8719977       85.371167       3.8675318        3.8675318       85.371167                                85.371167
              1       46.791282     0.021851108      0.12655357     0.010404174       -1.993946       1.9129797    2.100583e-09      0.23974114       115.05132      0.14904887      0.76019966      0.24562966       0.2469605       2.5441417       7.8764176       85.847499       3.8675318        3.8675318       85.847499                                85.847499
              3        46.19442     0.021848368       0.1265125     0.010403922      -1.9847115       1.9095727    2.100583e-09       0.2414401       114.63277      0.14900506      0.75850027      0.24562846      0.24695929       2.5446631       7.8778341       84.653777       3.8675318        3.8675318       84.653777                                84.653777
              3       46.831163      0.02186171      0.12558317     0.010405235      -1.9951803       1.9645938    2.100583e-09      0.23635317       115.60213      0.14808907      0.76358809      0.24563431      0.24696516       2.5421266       7.8654274       85.927263       3.8675318        3.8675318       85.927263                                85.927263
              9       46.010285     0.021826214       0.1259084     0.010404279      -2.0081654        1.990481    2.100583e-09      0.23658136       115.59182      0.14837881      0.76335996      0.24561875      0.24694955       2.5488831       7.8794634       84.285506       3.8675318        3.8675318       84.285506                                84.285506
              1       44.918963     0.021730619      0.12612376     0.010403488      -1.9863172        1.975289    2.100583e-09      0.24199415       114.34718      0.14849857      0.75794588       0.2455767      0.24690734       2.5672131        7.908688       82.102863       3.8675318        3.8675318       82.102863                                82.102863
              6       45.237408      0.02169559       0.1266795     0.010402964      -2.0114069       1.9840804    2.100583e-09      0.24103008       114.75843      0.14901928      0.75891039       0.2455612      0.24689179       2.5739791       7.9204873       82.739752       3.8675318        3.8675318       82.739752                                82.739752
              3       44.566159     0.021875737        0.126416     0.010402694      -1.9734196        1.957915    2.100583e-09      0.24498317       113.64419      0.14893592       0.7549563      0.24564045      0.24697133       2.5394641       7.8791264       81.397254       3.8675318        3.8675318       81.397254                                81.397254
              2       44.712294     0.021875857      0.12635228     0.010402151      -1.9808967       1.9637985    2.100583e-09      0.24359794       113.96339      0.14887233      0.75634184       0.2456405      0.24697138       2.5394412       7.8769556       81.689524       3.8675318        3.8675318       81.689524                                81.689524
              1       45.140035      0.02189261      0.12616772     0.010402946      -1.9920029        1.985678    2.100583e-09      0.24045543       114.62521      0.14870452      0.75948506      0.24564784      0.24697874       2.5362669       7.8711548       82.545006       3.8675318        3.8675318       82.545006                                82.545006
              1        44.66834     0.021780552      0.12558961     0.010403186      -1.9579242       1.9535532    2.100583e-09      0.24360366       113.80186      0.14801435      0.75633577       0.2455987      0.24692942       2.5576141       7.8927569       81.601616       3.8675318        3.8675318       81.601616                                81.601616
              1       44.790552      0.02176051      0.12577618     0.010403206      -1.9715326       1.9616242    2.100583e-09      0.24253012       114.12977      0.14818088      0.75740965      0.24558988      0.24692057       2.5614605       7.8978473       81.846041       3.8675318        3.8675318       81.846041                                81.846041
              7       44.781065     0.021900302      0.12592829     0.010403225       -1.971927       1.9553502    2.100583e-09      0.24243307       114.13969      0.14847278      0.75750684      0.24565121      0.24698213       2.5348114       7.8658878       81.827067       3.8675318        3.8675318       81.827067                                81.827067
              1       44.717594     0.021886747      0.12601917     0.010402771      -1.9750096       1.9550309    2.100583e-09      0.24259267       114.13885       0.1485501      0.75734723      0.24564527      0.24697617       2.5373771       7.8694699       81.700123       3.8675318        3.8675318       81.700123                                81.700123
              3       44.008614     0.021913619      0.12524451     0.010405156      -1.8445943       1.7886833    2.100583e-09       0.2591295       110.34101      0.14780232      0.74080598      0.24565704      0.24698798       2.5322945       7.8593904       80.282165       3.8675318        3.8675318       80.282165                                80.282165
              3       44.017789     0.021911043      0.12526787     0.010405184      -1.8465235       1.7907453    2.100583e-09      0.25891699       110.39186       0.1478231      0.74101855      0.24565591      0.24698685        2.532781       7.8601717       80.300515       3.8675318        3.8675318       80.300515                                80.300515
              6       43.810849     0.021872407      0.12597485     0.010403454      -1.8716537       1.8412822    2.100583e-09      0.25969395       110.31399      0.14849145      0.74024169      0.24563899      0.24696986       2.5400958        7.881379       79.886634       3.8675318        3.8675318       79.886634                                79.886634
              1        44.04906     0.021807459      0.12625724     0.010403078      -1.8858542       1.8476571    2.100583e-09      0.25900294       110.57016      0.14870889      0.74093297      0.24561052      0.24694129       2.5524638       7.8980476       80.363056       3.8675318        3.8675318       80.363056                                80.363056
              2       45.485804     0.021912259      0.12549537     0.010402299      -1.7987411        1.697254    2.100583e-09      0.26691504       108.82234      0.14805182      0.73301861      0.24565645      0.24698738       2.5325513       7.8609146       83.236545       3.8675318        3.8675318       83.236545                                83.236545
              1       45.573106     0.021901292      0.12538742     0.010400959      -1.8188565       1.7222974    2.100583e-09      0.26351342       109.50569      0.14793291      0.73642103      0.24565164      0.24698256       2.5346241       7.8601287       83.411149       3.8675318        3.8675318       83.411149                                83.411149
              1       45.637029     0.021913064      0.12517255     0.010402439      -1.8445891       1.7373474    2.100583e-09      0.25649985       110.95967       0.1477298      0.74343625       0.2456568      0.24698774       2.5323993       7.8503989       83.538994       3.8675318        3.8675318       83.538994                                83.538994
              1       46.002446     0.021946553      0.12498522     0.010402881      -1.8248955       1.7093562    2.100583e-09      0.25811367       110.56731      0.14757597      0.74182196      0.24567147      0.24700246       2.5260862       7.8406356       84.269829       3.8675318        3.8675318       84.269829                                84.269829
              1       45.484786     0.021964936      0.12431146     0.010403512       -1.765031       1.6669937    2.100583e-09      0.26655854       108.65289      0.14692059      0.73337469      0.24567953      0.24701055       2.5226309       7.8348065       83.234508       3.8675318        3.8675318       83.234508                                83.234508
             12       45.431476     0.021960537      0.12448907     0.010403371      -1.7643401        1.665215    2.100583e-09      0.26759586       108.47699       0.1470938      0.73233719       0.2456776      0.24700861        2.523457       7.8384304       83.127888       3.8675318        3.8675318       83.127888                                83.127888
              2       45.478387     0.021956582      0.12506408     0.010401845      -1.8033028       1.7066269    2.100583e-09      0.26404816       109.31006      0.14766485      0.73588603      0.24567587      0.24700687       2.5242001       7.8439994       83.221711       3.8675318        3.8675318       83.221711                                83.221711
              1       46.256489     0.021971321      0.12374941     0.010402279      -1.7305794       1.6407636    2.100583e-09      0.27110979       107.61994      0.14636493      0.72882204      0.24568233      0.24701336       2.5214322       7.8296499       84.777914       3.8675318        3.8675318       84.777914                                84.777914
              2       46.882256      0.02189049      0.12415554     0.010402246      -1.7060784       1.6072357    2.100583e-09      0.27776835       106.43777      0.14669022      0.72216197      0.24564691      0.24697781       2.5366683       7.8560631       86.029447       3.8675318        3.8675318       86.029447                                86.029447
              3       46.460837     0.021822483       0.1243607     0.010403671      -1.7384907       1.6274755    2.100583e-09      0.27161851       107.71859      0.14682737      0.72831341      0.24561711       0.2469479       2.5495948       7.8699334       85.186611       3.8675318        3.8675318       85.186611                                85.186611
              3       47.748435     0.022107605      0.12428544     0.010404863      -1.6874161        1.581484    2.100583e-09      0.27943199       106.05268      0.14703723      0.72049807      0.24574226       0.2470735       2.4960569       7.8093597       87.761805       3.8675318        3.8675318       87.761805                                87.761805
              7       47.510437     0.021916366      0.12494023     0.010401704      -1.7142894       1.5970553    2.100583e-09      0.27885435        106.3745      0.14750079      0.72107608      0.24565825      0.24698919       2.5317757       7.8580877       87.285811       3.8675318        3.8675318       87.285811                                87.285811
              5       48.087325     0.021687785      0.12675319     0.010399015      -1.8466841       1.7471834    2.100583e-09      0.26745588       109.04015      0.14908516       0.7324781      0.24555774      0.24688832       2.5754904       7.9283843       88.439586       3.8675318        3.8675318       88.439586                                88.439586
              6        48.11384      0.02175102      0.12664193     0.010400859      -1.8026239       1.7134733    2.100583e-09       0.2746086        107.5484      0.14903714      0.72532359       0.2455857      0.24691637       2.5632848       7.9177101       88.492617       3.8675318        3.8675318       88.492617                                88.492617
              2       47.717749     0.021739285      0.12661675     0.010401026      -1.8097971       1.7266528    2.100583e-09      0.27356102       107.74904      0.14900023      0.72637141      0.24558052      0.24691118       2.5655432       7.9202738       87.700434       3.8675318        3.8675318       87.700434                                87.700434
              3       48.158232     0.021798541       0.1264104     0.010400577       -1.793124       1.7276042    2.100583e-09      0.27639619       107.10381      0.14885313      0.72353548       0.2456066      0.24693736       2.5541691        7.907349       88.581401       3.8675318        3.8675318       88.581401                                88.581401
              6       47.866099     0.021800345      0.12662489     0.010400695      -1.8126393       1.7489047    2.100583e-09      0.27395479       107.61719      0.14906943      0.72597758       0.2456074      0.24693815        2.553824       7.9084164       87.997135       3.8675318        3.8675318       87.997135                                87.997135
              1       48.697985     0.021777424      0.12499839     0.010401294      -1.7046681       1.5853287    2.100583e-09      0.28182919       105.88414      0.14742001      0.71810046      0.24559732      0.24692804       2.5582138       7.8923332       89.660906       3.8675318        3.8675318       89.660906                                89.660906
              3       47.654746     0.021970854      0.12376975       0.0104027      -1.6792599       1.5640505    2.100583e-09      0.27905532       106.10242       0.1463848      0.72087452      0.24568213      0.24701316       2.5215199       7.8321007       87.574428       3.8675318        3.8675318       87.574428                                87.574428
              3       44.117346      0.02196309      0.12412651     0.010402936      -1.7590234       1.7460717    2.100583e-09      0.27016991       107.65014      0.14673379      0.72976233      0.24567872      0.24700974       2.5229774       7.8498678       80.499628       3.8675318        3.8675318       80.499628                                80.499628
             12        44.19058     0.021955017      0.12403646     0.010402941      -1.7542567       1.7394774    2.100583e-09      0.27069446       107.54092      0.14663566       0.7292376      0.24567518      0.24700618       2.5244943       7.8505467       80.646096       3.8675318        3.8675318       80.646096                                80.646096
              1       47.637688      0.02182953      0.12698706     0.010398399      -1.9354717       1.8370988    2.100583e-09      0.25259766       112.18298      0.14946078      0.74734014       0.2456202      0.24695101       2.5482507       7.8901777       87.540312       3.8675318        3.8675318       87.540312                                87.540312
              1       47.202922     0.021793531      0.12690182      0.01039907      -1.9810943       1.8821491    2.100583e-09      0.24454386        114.0207      0.14933954      0.75539588       0.2456044      0.24693515       2.5551279       7.8936105        86.67078       3.8675318        3.8675318        86.67078                                 86.67078
              4       47.788078     0.021875239      0.12702522     0.010399976      -2.0002266       1.9018443    2.100583e-09      0.24132541       114.76272      0.14954465       0.7586152      0.24564023      0.24697111       2.5395585        7.874863       87.841092       3.8675318        3.8675318       87.841092                                87.841092
              2       47.127696     0.021732516      0.12765965     0.010404586      -2.0376887       1.9826401    2.100583e-09      0.24023617       115.17107      0.15003636       0.7597049      0.24557754      0.24690818       2.5668475       7.9214245       86.520328       3.8675318        3.8675318       86.520328                                86.520328
              2       45.607427     0.021839516      0.12684385     0.010403392      -1.9829737       1.9198022    2.100583e-09      0.24424481       114.02367      0.14932755        0.755695      0.24562458       0.2469554       2.5463479        7.886601       83.479789       3.8675318        3.8675318       83.479789                                83.479789
              1        45.80043     0.021759703      0.12724392     0.010401701      -1.9211514       1.8859173    2.100583e-09      0.25886146       110.80334      0.14964782      0.74107488      0.24558952      0.24692021       2.5616155       7.9211877       83.865797       3.8675318        3.8675318       83.865797                                83.865797
              1       46.341282     0.021623656      0.12713575     0.010399913      -1.9415243       1.8995784    2.100583e-09      0.25602628       111.48118      0.14940359      0.74391066      0.24552917      0.24685964        2.587958       7.9487066         84.9475       3.8675318        3.8675318         84.9475                                  84.9475
              1       47.084927     0.021560937      0.12719975     0.010400077      -1.9427681       1.8886776    2.100583e-09      0.25602695       111.54553      0.14940488      0.74390998      0.24550097      0.24683134       2.6002397       7.9630702       86.434791       3.8675318        3.8675318       86.434791                                86.434791
              4       46.917759     0.021710053      0.12735817     0.010403968      -1.9052148       1.8018159    2.100583e-09      0.25835755       111.04838      0.14971242      0.74157894      0.24556761      0.24689822       2.5711822       7.9277451       86.100455       3.8675318        3.8675318       86.100455                                86.100455
              3       47.036943     0.021571948       0.1269347     0.010403111      -1.9064556       1.8182053    2.100583e-09      0.25799356       111.10423      0.14915084      0.74194278      0.24550594      0.24683633       2.5980772       7.9558444       86.338823       3.8675318        3.8675318       86.338823                                86.338823
              8       47.545319     0.021544383      0.12724993     0.010402726      -1.9229721       1.8365235    2.100583e-09       0.2572289       111.33884       0.1494385      0.74270775      0.24549348      0.24682382       2.6034959       7.9661384       87.355575       3.8675318        3.8675318       87.355575                                87.355575
              7       44.951043     0.021782441      0.12522267     0.010400943       -1.831149       1.7642909    2.100583e-09      0.26300643       109.59971       0.1476493      0.73692802      0.24559953      0.24693026        2.557252       7.8886451       82.167022       3.8675318        3.8675318       82.167022                                82.167022
             15       44.826035     0.021766062      0.12509994     0.010401453       -1.826962       1.7649268    2.100583e-09      0.26332175       109.51005       0.1475102      0.73661256      0.24559232      0.24692302        2.560394       7.8919673       81.917007       3.8675318        3.8675318       81.917007                                81.917007
              1       46.395938     0.021677454      0.12516266     0.010400296      -1.8308757       1.7633196    2.100583e-09       0.2635354       109.52852      0.14748431      0.73639883      0.24555316      0.24688372       2.5774927       7.9124462       85.056813       3.8675318        3.8675318       85.056813                                85.056813
              2       46.358092      0.02166697      0.12453833     0.010401068      -1.8453781       1.8273631    2.100583e-09      0.25893562       110.24983      0.14684949      0.74099948       0.2455485      0.24687904       2.5795272       7.9130332       84.981121       3.8675318        3.8675318       84.981121                                84.981121
              4       44.618666     0.021689386       0.1253094     0.010402063      -1.8669258        1.845484    2.100583e-09      0.25868934       110.45825      0.14764298      0.74124618      0.24555845      0.24688903       2.5751804       7.9165124       81.502268       3.8675318        3.8675318       81.502268                                81.502268
             16       44.883711     0.021681271      0.12512144     0.010402369      -1.8489135       1.8292928    2.100583e-09      0.26084979       109.95387       0.1474469      0.73908511      0.24555485      0.24688542       2.5767528        7.918124       82.032358       3.8675318        3.8675318       82.032358                                82.032358
              6       44.785761     0.021805483      0.12674522     0.010401655      -1.9180082       1.9158868    2.100583e-09      0.25646913       111.08184       0.1491949       0.7434676      0.24560965      0.24694042       2.5528415       7.9091626       81.836458       3.8675318        3.8675318       81.836458                                81.836458
              1       46.616093     0.022097136       0.1260759     0.010403252      -1.8875699         1.85846    2.100583e-09       0.2561483       110.98938      0.14881723      0.74378836      0.24573766      0.24706889       2.4979926       7.8288685       85.497123       3.8675318        3.8675318       85.497123                                85.497123
              1       46.709033     0.022123792      0.12566413     0.010405357        -1.82559       1.7891234    2.100583e-09      0.26413903       109.21375      0.14843212      0.73579548      0.24574936      0.24708063       2.4930685       7.8225054       85.683003       3.8675318        3.8675318       85.683003                                85.683003
              4       46.514317     0.022083535      0.12586162     0.010405341       -1.844359       1.7894813    2.100583e-09       0.2613247       109.90739      0.14858935      0.73861058      0.24573168      0.24706289       2.5005105       7.8294704        85.29357       3.8675318        3.8675318        85.29357                                 85.29357
              1       45.585247     0.022053563      0.12575453     0.010404741      -1.8307303       1.7933332    2.100583e-09      0.26426645       109.24065      0.14845228      0.73566804      0.24571849      0.24704965       2.5060728       7.8392079       83.435431       3.8675318        3.8675318       83.435431                                83.435431
              2       45.746941     0.021973251      0.12357665     0.010402941      -1.7794156       1.7073708    2.100583e-09      0.26198391       109.42604      0.14619409      0.73795014      0.24568318      0.24701421       2.5210703       7.8240105       83.758818       3.8675318        3.8675318       83.758818                                83.758818
              5       45.621211     0.022007314      0.12299417     0.010402754      -1.7643496       1.7301534    2.100583e-09      0.26329913         108.923      0.14564567      0.73663434      0.24569814      0.24702923       2.5146927       7.8164825       83.507359       3.8675318        3.8675318       83.507359                                83.507359
              5       46.366697     0.022044456      0.12273241     0.010402034      -1.7161261       1.7136628    2.100583e-09      0.27028943       107.22513      0.14542106      0.72964217      0.24571448      0.24704563       2.5077667       7.8196652        84.99833       3.8675318        3.8675318        84.99833                                 84.99833
              4       47.215069     0.022111556      0.12357138     0.010399937      -1.7666413       1.7658525    2.100583e-09      0.26535739       108.37314      0.14632713      0.73457587      0.24574399      0.24707525       2.4953269        7.809096       86.695074       3.8675318        3.8675318       86.695074                                86.695074
              7       46.339609      0.02203365      0.12293801     0.010401216      -1.7475145       1.7373197    2.100583e-09      0.26624262       108.16354      0.14561585      0.73369009      0.24570973      0.24704085       2.5097788       7.8177643       84.944154       3.8675318        3.8675318       84.944154                                84.944154
              4       47.777431     0.021974229      0.12314443     0.010399167      -1.7792864       1.7652711    2.100583e-09      0.26251208       109.04062      0.14576285      0.73742164      0.24568361      0.24701464       2.5208867       7.8285202       87.819797       3.8675318        3.8675318       87.819797                                87.819797
              2       47.588875     0.021925691      0.12340033     0.010398905      -1.7923344       1.7722564    2.100583e-09      0.26188279       109.28144      0.14597022      0.73805119      0.24566233      0.24699329        2.530016       7.8402852       87.442686       3.8675318        3.8675318       87.442686                                87.442686
              1       46.268538     0.021938412      0.12386369     0.010401358      -1.8714954       1.8440846    2.100583e-09       0.2492347       112.16813      0.14644629      0.75070267       0.2456679      0.24699888       2.5276186       7.8336756       84.802013       3.8675318        3.8675318       84.802013                                84.802013
              5       45.084805     0.021995927      0.12587244     0.010401947      -1.8824493       1.8329918    2.100583e-09      0.25643207       110.99126      0.14851256      0.74350438      0.24569314       0.2470242       2.5168219       7.8460525       82.434546       3.8675318        3.8675318       82.434546                                82.434546
              1       45.021443     0.021974696      0.12599591      0.01040175      -1.8862609       1.8380269    2.100583e-09      0.25663884       110.97708      0.14861479       0.7432976      0.24568381      0.24701485       2.5207993       7.8526588       82.307822       3.8675318        3.8675318       82.307822                                82.307822
              1       45.485217     0.022003132      0.12563403     0.010403255      -1.8763571       1.7964009    2.100583e-09      0.25427315       111.46338      0.14828135      0.74566374       0.2456963      0.24702738       2.5154743       7.8371465        83.23537       3.8675318        3.8675318        83.23537                                 83.23537
              2       50.588538     0.021644284      0.12515418     0.010397846      -1.9507514       1.8694657    2.100583e-09      0.24283232       114.15217      0.14744265      0.75710707      0.24553839       0.2468689       2.5839377       7.9059915       93.442013       3.8675318        3.8675318       93.442013                                93.442013
              2       51.336325     0.021617719      0.12546625     0.010396792      -1.9342012       1.8299243    2.100583e-09      0.24629758       113.43444      0.14772816      0.75364106      0.24552652      0.24685698       2.5891167       7.9158561       94.937587       3.8675318        3.8675318       94.937587                                94.937587
              1       49.137545     0.021780701      0.12465281     0.010398149      -1.9001441       1.8202924    2.100583e-09      0.24800583       112.78997       0.1470777      0.75193212      0.24559876      0.24692949       2.5575856       7.8706549       90.540026       3.8675318        3.8675318       90.540026                                90.540026
              2       49.454335     0.021771454      0.12479552     0.010397581      -1.9151348       1.8401546    2.100583e-09      0.24667859       113.12007      0.14721116      0.75325975       0.2455947      0.24692541       2.5593591       7.8741494       91.173607       3.8675318        3.8675318       91.173607                                91.173607
              2        48.73706     0.021847657      0.12679832     0.010397808       -1.963728       1.8477157    2.100583e-09      0.24587396       113.67564      0.14929016      0.75406543      0.24562815      0.24695898       2.5447984       7.8785328       89.739056       3.8675318        3.8675318       89.739056                                89.739056
              3        47.30288     0.021981086      0.12605778     0.010399236      -1.8680713       1.7878025    2.100583e-09       0.2592933       110.46522      0.14868306      0.74064252      0.24568662      0.24701766       2.5196012       7.8486968       86.870697       3.8675318        3.8675318       86.870697                                86.870697
              1       47.315916     0.021796594      0.12660232     0.010407761      -1.8693158        1.792684    2.100583e-09      0.26056536       110.37305       0.1490431       0.7393703      0.24560575       0.2469365       2.5545416       7.9028647       86.896768       3.8675318        3.8675318       86.896768                                86.896768
              5       46.850788      0.02177049      0.12683391     0.010407367      -1.9095559       1.8554217    2.100583e-09      0.25616772       111.34262      0.14924859      0.74376911      0.24559427      0.24692498       2.5595441       7.9117957       85.966513       3.8675318        3.8675318       85.966513                                85.966513
              3       46.839392     0.021850296      0.12718138     0.010406239      -1.9509665       1.8986371    2.100583e-09      0.25084405       112.54808      0.14967587      0.74909428      0.24562931      0.24696014       2.5442963       7.8942572       85.943721       3.8675318        3.8675318       85.943721                                85.943721
              7       46.547984     0.022087517      0.12585886     0.010406497      -1.8750828        1.846786    2.100583e-09      0.25627947       110.91791      0.14859057      0.74365705      0.24573343      0.24706464       2.4997728       7.8300951       85.360905       3.8675318        3.8675318       85.360905                                85.360905
              6       48.709633     0.022078776      0.12613232     0.010408541      -1.8379283       1.8302798    2.100583e-09       0.2635011       109.33312      0.14885528      0.73643375      0.24572958      0.24706079       2.5013925       7.8456036       89.684202       3.8675318        3.8675318       89.684202                                89.684202
             17        48.15387     0.022074848      0.12601055     0.010408595      -1.8629056       1.8608505    2.100583e-09      0.25827229       110.39585      0.14872959       0.7416638      0.24572786      0.24705905       2.5021208       7.8430246       88.572676       3.8675318        3.8675318       88.572676                                88.572676
              2        47.88696     0.022052591      0.12616968     0.010408264      -1.8870165       1.8845365    2.100583e-09      0.25518664       111.11853      0.14886646      0.74475027      0.24571806      0.24704922       2.5062536       7.8474753       88.038857       3.8675318        3.8675318       88.038857                                88.038857
              2       47.344346     0.022033125      0.12590412     0.010408733      -1.8670401       1.8393698    2.100583e-09      0.25756857       110.66791      0.14858143      0.74236763      0.24570949      0.24704062       2.5098764       7.8449588       86.953628       3.8675318        3.8675318       86.953628                                86.953628
              1        45.33167     0.022056602      0.12517295       0.0104072      -1.8267764       1.7949948    2.100583e-09      0.26128083       109.73527      0.14787375      0.73865414      0.24571983      0.24705099        2.505508       7.8318979       82.928276       3.8675318        3.8675318       82.928276                                82.928276
              2       46.864247     0.022128919      0.12460097     0.010408713      -1.8017359       1.7563878    2.100583e-09      0.26168957       109.54674      0.14737409      0.73824508      0.24575161      0.24708289        2.492123       7.8072188        85.99343       3.8675318        3.8675318        85.99343                                 85.99343
              2       47.506861     0.022129659      0.12523085     0.010407235      -1.8585734       1.7962096    2.100583e-09      0.25434562       111.28575       0.1480047      0.74559114      0.24575193      0.24708321       2.4919867       7.8069383       87.278657       3.8675318        3.8675318       87.278657                                87.278657
              6       46.526072     0.021950566      0.12606686     0.010405445      -1.9799912       1.9378221    2.100583e-09      0.24034495       114.70974      0.14866162      0.75959555      0.24567323      0.24700423       2.5253312       7.8518439       85.317081       3.8675318        3.8675318       85.317081                                85.317081
              1       45.955015     0.021932135      0.12615715     0.010405487      -1.9722907       1.9350321    2.100583e-09      0.24231624       114.25516      0.14873348       0.7576238      0.24566515      0.24699612       2.5288012       7.8590352       84.174967       3.8675318        3.8675318       84.174967                                84.174967
              1       45.285489     0.021979893      0.12571864     0.010405046      -1.9188415       1.8674619    2.100583e-09      0.24840694       112.76043      0.14834272      0.75153143      0.24568609      0.24701714       2.5198247       7.8441222       82.835914       3.8675318        3.8675318       82.835914                                82.835914
              3       45.353478     0.022002757      0.12588222     0.010404023      -1.9333256       1.8924018    2.100583e-09      0.24734083       113.00347      0.14852917      0.75259788      0.24569614      0.24702722       2.5155445       7.8412234       82.971891       3.8675318        3.8675318       82.971891                                82.971891
              7       45.420185     0.021956234      0.12566729     0.010402197      -1.9684228       1.9640414    2.100583e-09      0.24155761       114.21802      0.14826771      0.75838243      0.24567572      0.24700672       2.5242656       7.8512072       83.105306       3.8675318        3.8675318       83.105306                                83.105306
              2        45.24054     0.021949025       0.1256958     0.010402092       -1.965054        1.960915    2.100583e-09      0.24231887       114.04463      0.14828901        0.757621      0.24567255      0.24700355       2.5256211       7.8537197       82.746017       3.8675318        3.8675318       82.746017                                82.746017
              2       45.200413     0.021948121      0.12566199     0.010402134      -1.9632608       1.9588717    2.100583e-09      0.24243844       114.01078       0.1482543      0.75750138      0.24567216      0.24700315       2.5257911       7.8535643       82.665762       3.8675318        3.8675318       82.665762                                82.665762
              2       44.981405     0.021919556      0.12589995     0.010401986      -1.9721713       1.9586824    2.100583e-09      0.24251274       114.09529       0.1484637      0.75742714      0.24565964      0.24699059       2.5311736       7.8611792       82.227746       3.8675318        3.8675318       82.227746                                82.227746
              3       45.377525     0.021766947      0.12617176     0.010404603      -1.9741272       1.9251249    2.100583e-09      0.24293516       114.21685      0.14858289      0.75700467      0.24559271      0.24692342       2.5602241       7.8962306       83.019986       3.8675318        3.8675318       83.019986                                83.019986
              1       45.446596     0.021765219      0.12604936      0.01040465      -1.9752363       1.9303837    2.100583e-09      0.24227961       114.34148      0.14845877      0.75766033      0.24559195      0.24692265       2.5605559       7.8952143       83.158128       3.8675318        3.8675318       83.158128                                83.158128
              2       45.434231     0.021761503      0.12605217     0.010404539      -1.9753916       1.9297965    2.100583e-09      0.24229785       114.34103      0.14845787      0.75764209      0.24559032      0.24692101       2.5612697       7.8959977       83.133399       3.8675318        3.8675318       83.133399                                83.133399
              2       45.738562     0.021868387      0.12590672      0.01040544      -1.9456156       1.8817521    2.100583e-09       0.2448077       113.70062       0.1484193      0.75513159      0.24563723       0.2469681       2.5408588       7.8689186       83.742061       3.8675318        3.8675318       83.742061                                83.742061
              1       46.218206     0.021966356      0.12416384     0.010402704      -1.7026665       1.6601118    2.100583e-09      0.28118975        105.6356      0.14677439      0.71873974      0.24568015      0.24701118       2.5223641       7.8497405       84.701349       3.8675318        3.8675318       84.701349                                84.701349
              6       46.196697     0.021969789      0.12414368      0.01040279      -1.7016393        1.660644    2.100583e-09      0.28128131       105.60723      0.14675766      0.71864815      0.24568166      0.24701269       2.5217198       7.8491608       84.658331       3.8675318        3.8675318       84.658331                                84.658331
              5       47.196748     0.022040867      0.12385943     0.010400949      -1.7038722       1.6912991    2.100583e-09      0.27936404       105.74436      0.14654448       0.7205658       0.2457129      0.24704404       2.5084347       7.8352943       86.658432       3.8675318        3.8675318       86.658432                                86.658432
              6       47.270946     0.022123378      0.12339881     0.010402748      -1.6849043       1.6135315    2.100583e-09      0.27842692       106.02795      0.14616638      0.72150298      0.24574918      0.24708045       2.4931448       7.7982884       86.806829       3.8675318        3.8675318       86.806829                                86.806829
              2       48.040163     0.022092994      0.12302361     0.010405971      -1.6424156       1.5430106    2.100583e-09      0.28213374       105.31588      0.14576079      0.71779503      0.24573584      0.24706706       2.4987589       7.8006624       88.345263       3.8675318        3.8675318       88.345263                                88.345263
              1       47.771102     0.022051468      0.12294884     0.010405383       -1.652192       1.5522721    2.100583e-09      0.28015582       105.69403      0.14564449      0.71977339      0.24571757      0.24704873       2.5064623       7.8075937        87.80714       3.8675318        3.8675318        87.80714                                 87.80714
              2       47.694229     0.021835306      0.12502797     0.010402805      -1.7081712       1.5695355    2.100583e-09      0.27885392       106.43915      0.14750746      0.72107651      0.24562274      0.24695355         2.54715       7.8763367       87.653395       3.8675318        3.8675318       87.653395                                87.653395
              3       47.965929     0.021873195      0.12515056     0.010403731      -1.6997119       1.5472321    2.100583e-09      0.27941613        106.3423      0.14766795      0.72051423      0.24563934      0.24697021       2.5399463       7.8685424       88.196794       3.8675318        3.8675318       88.196794                                88.196794
              1       46.135359     0.021927734       0.1255049     0.010404584      -1.7746991        1.654864    2.100583e-09      0.26921619       108.36296      0.14807683       0.7307169      0.24566323      0.24699418       2.5296308       7.8579445       84.535654       3.8675318        3.8675318       84.535654                                84.535654
              3       46.340609     0.021924712      0.12555449     0.010404928      -1.7781856       1.6517943    2.100583e-09      0.26823319       108.57571      0.14812339      0.73170016       0.2456619      0.24699286       2.5302007       7.8582722       84.946154       3.8675318        3.8675318       84.946154                                84.946154
              2       46.867094     0.021698509      0.12551677     0.010402566      -1.8370829        1.705846    2.100583e-09      0.25913895       110.56847      0.14785947      0.74079655       0.2455625      0.24689309       2.5734143       7.9042781       85.999125       3.8675318        3.8675318       85.999125                                85.999125
              5       47.428983     0.021813944      0.12624689     0.010401714      -2.0362492       1.9722801    2.100583e-09       0.2332602       116.58583      0.14870503      0.76668207      0.24561337      0.24694414       2.5512249       7.8782308       87.122902       3.8675318        3.8675318       87.122902                                87.122902
              3       47.471045     0.021838681      0.12603011     0.010400956      -2.0398966        1.995104    2.100583e-09      0.23247356       116.70186      0.14851298      0.76746883      0.24562422      0.24695503        2.546507        7.870815       87.207026       3.8675318        3.8675318       87.207026                                87.207026
              1       45.328885     0.021993487      0.12433085      0.01040326      -1.8834055       1.8462803    2.100583e-09      0.24844009       112.44496      0.14696853       0.7514977      0.24569206      0.24702313       2.5172785       7.8252789       82.922707       3.8675318        3.8675318       82.922707                                82.922707
              2       45.237968     0.022045087      0.12521259     0.010401934      -1.8807393       1.8361503    2.100583e-09      0.25323662       111.53347      0.14790186      0.74670037      0.24571476      0.24704591       2.5076493       7.8254855       82.740873       3.8675318        3.8675318       82.740873                                82.740873
              1       44.435593       0.0220315      0.12517823     0.010404103      -1.8487988       1.8031042    2.100583e-09      0.25807992       110.47601      0.14785393      0.74185584      0.24570878       0.2470399       2.5101794       7.8319082       81.136122       3.8675318        3.8675318       81.136122                                81.136122
              1       45.092873     0.021935985      0.12661357     0.010402811      -1.9263794       1.9177469    2.100583e-09      0.25337249        111.7075      0.14919374      0.74656501      0.24566684      0.24699781       2.5280758        7.874281       82.450683       3.8675318        3.8675318       82.450683                                82.450683
              8       45.961387     0.021871888      0.12730186     0.010402277      -1.9622103       1.9298291    2.100583e-09      0.25136853       112.40337      0.14981794      0.74856973      0.24563877      0.24696964       2.5401943       7.8919656       84.187711       3.8675318        3.8675318       84.187711                                84.187711
              8       44.921663     0.021793907      0.12642114      0.01040263      -1.8580353       1.8443558    2.100583e-09      0.26527023       109.19595      0.14885924      0.73466419      0.24560457      0.24693531       2.5550559       7.9114618       82.108262       3.8675318        3.8675318       82.108262                                82.108262
              3       43.808315     0.021783985       0.1254323     0.010403299      -1.8343971       1.8277708    2.100583e-09      0.26395621       109.24212      0.14786047      0.73597809      0.24560021      0.24693094       2.5569561       7.9034657       79.881566       3.8675318        3.8675318       79.881566                                79.881566
             10       44.485626     0.021727968      0.12546963     0.010403144      -1.8270857       1.8233877    2.100583e-09      0.26571652       108.89087      0.14784179      0.73421734      0.24557553      0.24690617       2.5677243       7.9189849       81.236189       3.8675318        3.8675318       81.236189                                81.236189
              1       45.390673     0.021924095      0.12442344     0.010402034      -1.7371713       1.7237364    2.100583e-09      0.27633196       106.50468      0.14699173      0.72359885      0.24566163      0.24699258       2.5303171       7.8660505       83.046282       3.8675318        3.8675318       83.046282                                83.046282
              5       45.545358     0.022153692      0.12457843     0.010405986      -1.8108214       1.7856014    2.100583e-09      0.26100579       109.60791      0.14737631      0.73892903      0.24576245      0.24709377       2.4875623       7.8035943       83.355653       3.8675318        3.8675318       83.355653                                83.355653
              5       45.419717     0.022148093      0.12452715     0.010406076      -1.8055787       1.7803604    2.100583e-09      0.26170328       109.45258      0.14731944      0.73823134         0.24576      0.24709131       2.4885921       7.8047851        83.10437       3.8675318        3.8675318        83.10437                                 83.10437
              1       45.317251     0.022107557      0.12473883     0.010406572      -1.8217356       1.7865754    2.100583e-09      0.25980694       109.95312      0.14749058      0.74012823      0.24574224      0.24707348       2.4960657       7.8133261       82.899438       3.8675318        3.8675318       82.899438                                82.899438
              2       45.280918     0.022099255      0.12488397     0.010405856      -1.8355429       1.7932547    2.100583e-09       0.2581322       110.36651      0.14762742      0.74180345      0.24573859      0.24706982       2.4976006       7.8142791       82.826773       3.8675318        3.8675318       82.826773                                82.826773
              2       45.469013     0.022081818      0.12484807     0.010406409      -1.8359637       1.7846433    2.100583e-09      0.25747633       110.53184      0.14757408      0.74245946      0.24573092      0.24706213       2.5008287       7.8162244       83.202962       3.8675318        3.8675318       83.202962                                83.202962
              5       44.590581     0.021967692      0.12492025      0.01040675      -1.7801056       1.7398693    2.100583e-09      0.26908356       108.14003      0.14753214      0.73084931      0.24568074      0.24701176       2.5221133       7.8524664       81.446098       3.8675318        3.8675318       81.446098                                81.446098
              8       45.507652     0.021798176      0.12648911     0.010404998      -1.8472234       1.8304539    2.100583e-09      0.26680698       108.89933      0.14893148      0.73312709      0.24560644       0.2469372        2.554239       7.9126491        83.28024       3.8675318        3.8675318        83.28024                                 83.28024
              6       44.712397     0.021787444      0.12690054     0.010401934      -1.9384569       1.9282736    2.100583e-09      0.25404652        111.6952      0.14933217      0.74589087      0.24560173      0.24693246       2.5562934       7.9119747       81.689731       3.8675318        3.8675318       81.689731                                81.689731
              3       44.279321     0.021961045      0.12453292      0.01040436      -1.7761348       1.7112563    2.100583e-09      0.26754777       108.44591      0.14713816      0.73238531      0.24567783      0.24700884       2.5233616       7.8433856       80.823579       3.8675318        3.8675318       80.823579                                80.823579
              4       44.523212     0.022061935      0.12468961     0.010402855      -1.8328669       1.8314701    2.100583e-09      0.25857406       110.07079      0.14739574      0.74136138      0.24572217      0.24705335       2.5045173       7.8287518       81.311361       3.8675318        3.8675318       81.311361                                81.311361
              1       44.521771     0.022061699      0.12468976     0.010402853      -1.8328986       1.8315352    2.100583e-09      0.25856948        110.0717      0.14739566      0.74136596      0.24572207      0.24705324       2.5045611       7.8288133       81.308479       3.8675318        3.8675318       81.308479                                81.308479
              1       46.103835     0.021976479      0.12463268     0.010399831      -1.7753941       1.7669991    2.100583e-09      0.27046941       107.66087      0.14725335      0.72946299       0.2456846      0.24701563       2.5204647       7.8525566       84.472607       3.8675318        3.8675318       84.472607                                84.472607
              1       46.040372     0.021698586      0.12559402     0.010401738      -1.8087904       1.7231859    2.100583e-09      0.26815778       108.66958       0.1479368      0.73177551      0.24556253      0.24689312       2.5733994        7.914058       84.345681       3.8675318        3.8675318       84.345681                                84.345681
              5       47.234255     0.021708556      0.12557784     0.010404144      -1.7563087       1.6916491    2.100583e-09      0.27837725       106.60787      0.14793059       0.7215535      0.24556695      0.24689755       2.5714716       7.9211357       86.733446       3.8675318        3.8675318       86.733446                                86.733446
              4       46.163914     0.021767275      0.12387972     0.010405195       -1.726112       1.7004512    2.100583e-09      0.27577986       106.64302      0.14629119      0.72415076      0.24559286      0.24692356       2.5601612       7.8937431       84.592765       3.8675318        3.8675318       84.592765                                84.592765
              7       48.209989     0.021808453      0.12274611     0.010404089      -1.6741318       1.6686424    2.100583e-09      0.27930921       105.57725      0.14519875         0.72062      0.24561096      0.24694173       2.5522738       7.8807955       88.684914       3.8675318        3.8675318       88.684914                                88.684914
             11        47.64483     0.021821493      0.12272067     0.010404526       -1.682977       1.6679832    2.100583e-09      0.27780347       105.93145      0.14518636      0.72212611      0.24561668      0.24694747       2.5497838       7.8727995       87.554597       3.8675318        3.8675318       87.554597                                87.554597
             10       46.701335     0.021633742      0.12533129     0.010403404      -1.8909381       1.8147919    2.100583e-09      0.25254049        111.9606      0.14760922      0.74739654      0.24553368      0.24686417       2.5859911         7.91885       85.667607       3.8675318        3.8675318       85.667607                                85.667607
              7       44.977695     0.021814173      0.12417572     0.010403717      -1.8292872       1.7790692    2.100583e-09      0.25767449       110.48611      0.14663408      0.74226084      0.24561347      0.24694424       2.5511811       7.8686622       82.220326       3.8675318        3.8675318       82.220326                                82.220326
              1       45.537016     0.021824389      0.12355242     0.010404663      -1.8087704       1.7897043    2.100583e-09      0.25845469        110.0804      0.14602101      0.74148018      0.24561795      0.24694874       2.5492311       7.8659175       83.338969       3.8675318        3.8675318       83.338969                                83.338969
             17       45.189997     0.021790243      0.12423972     0.010407072      -1.7984023       1.7794809    2.100583e-09      0.26335982       109.18699      0.14667415       0.7365741      0.24560296       0.2469337       2.5557573        7.886333        82.64493       3.8675318        3.8675318        82.64493                                 82.64493
              1       46.482399     0.021721239      0.12565063     0.010407657      -1.9175806       1.9163026    2.100583e-09      0.24947835       112.45474      0.14801606      0.75045962      0.24557255      0.24690318       2.5690223       7.9140793       85.229734       3.8675318        3.8675318       85.229734                                85.229734
              1       45.919524     0.021807996      0.12519731     0.010408573      -1.8633687       1.8461079    2.100583e-09      0.25600976       110.93673       0.1476495      0.74392643      0.24561076      0.24694152       2.5523612       7.8895094       84.103985       3.8675318        3.8675318       84.103985                                84.103985
              1       47.368896     0.021819938      0.12471072     0.010409925      -1.8377016       1.8326114    2.100583e-09       0.2572676       110.49076      0.14717485      0.74266807        0.245616      0.24694678       2.5500805       7.8857286       87.002729       3.8675318        3.8675318       87.002729                                87.002729
              3       48.222266     0.021709942      0.12517915     0.010409811      -1.8165216       1.7985513    2.100583e-09      0.26452253       109.16018      0.14753328      0.73541148      0.24556756      0.24689817       2.5712037       7.9182849       88.709468       3.8675318        3.8675318       88.709468                                88.709468
              1       47.991699     0.021727928      0.12472666     0.010409686      -1.7937798        1.769123    2.100583e-09      0.26629574       108.72497      0.14709878      0.73363763      0.24557551      0.24690615       2.5677319       7.9083717       88.248334       3.8675318        3.8675318       88.248334                                88.248334
              8       47.742756     0.021634274      0.12502644     0.010407958      -1.8250776       1.8077894    2.100583e-09      0.26320415       109.44205      0.14730491      0.73673009      0.24553392      0.24686441       2.5858874       7.9326505       87.750447       3.8675318        3.8675318       87.750447                                87.750447
              1       47.696625     0.021647722      0.12509488     0.010408236      -1.8246722       1.8006179    2.100583e-09      0.26348932       109.41874      0.14738679      0.73644489      0.24553992      0.24687043       2.5832687        7.929067       87.658187       3.8675318        3.8675318       87.658187                                87.658187
              2       47.687633     0.021645908      0.12510183     0.010408196      -1.8257582       1.8017798    2.100583e-09      0.26335259       109.44942      0.14739193      0.73658166      0.24553912      0.24686962       2.5836216       7.9294826       87.640202       3.8675318        3.8675318       87.640202                                87.640202
              2       46.764662     0.021647545       0.1254309     0.010406758      -1.8149857        1.782374    2.100583e-09       0.2673702       108.71169      0.14772264      0.73256319      0.24553985      0.24687036       2.5833031       7.9332596       85.794261       3.8675318        3.8675318       85.794261                                85.794261
              2       45.464553     0.021707192      0.12525706     0.010406536      -1.8186961       1.8035113    2.100583e-09      0.26553108         108.957      0.14760844      0.73440272      0.24556634      0.24689695       2.5717352       7.9197019       83.194042       3.8675318        3.8675318       83.194042                                83.194042
              1       44.984733     0.021734242      0.12494136     0.010403047      -1.8024974       1.7451621    2.100583e-09      0.26690431       108.74386      0.14731979      0.73302901       0.2455783      0.24690895       2.5665148       7.9009582       82.234403       3.8675318        3.8675318       82.234403                                82.234403
              3       45.457452     0.021792322       0.1265699     0.010403724      -1.9138543       1.8176729    2.100583e-09      0.25275707       112.08614      0.14900641       0.7471805      0.24560387      0.24693462       2.5553592       7.8957813        83.17984       3.8675318        3.8675318        83.17984                                 83.17984
              5       46.215465     0.021920881      0.12448808     0.010404269      -1.7515308       1.6286001    2.100583e-09      0.26811487       108.40835      0.14705315      0.73181803      0.24566022      0.24699117       2.5309235       7.8458353       84.695867       3.8675318        3.8675318       84.695867                                84.695867
              1       46.938822     0.021975207      0.12460734     0.010406284      -1.7262117       1.6003047    2.100583e-09      0.27231998       107.56488      0.14722674      0.72761195      0.24568404      0.24701507       2.5207033       7.8377883       86.142581       3.8675318        3.8675318       86.142581                                86.142581
              2       45.215397     0.021913895      0.12576561     0.010404674      -1.7985607       1.7337895    2.100583e-09      0.26997554       108.20229      0.14832369      0.72995747      0.24565716       0.2469881       2.5322423       7.8707562        82.69573       3.8675318        3.8675318        82.69573                                 82.69573
              7       44.688843     0.021907257      0.12583937     0.010405928      -1.8543961       1.7988743    2.100583e-09      0.26026497       110.21184      0.14839082      0.73967048      0.24565426      0.24698518       2.5334965       7.8692023       81.642622       3.8675318        3.8675318       81.642622                                81.642622
              1       44.416693     0.021919028      0.12559245     0.010405681      -1.8727377       1.8189145    2.100583e-09      0.25581686       111.11585      0.14815567      0.74411959      0.24565941      0.24699036       2.5312732       7.8609207       81.098323       3.8675318        3.8675318       81.098323                                81.098323
              6       43.322384      0.02193905      0.12464103     0.010404073      -1.8162388       1.8107676    2.100583e-09      0.26189536       109.43353      0.14722428      0.73803917      0.24566818      0.24699916       2.5274985       7.8578698       78.909705       3.8675318        3.8675318       78.909705                                78.909705
              3        43.53197     0.021958196      0.12459748     0.010403057      -1.8301155       1.8169277    2.100583e-09      0.25957085       109.95814      0.14719986      0.74036425      0.24567658      0.24700758       2.5238967       7.8487763       79.328876       3.8675318        3.8675318       79.328876                                79.328876
              3       43.524728     0.021973255      0.12449645     0.010403174      -1.8103282       1.7876914    2.100583e-09       0.2626478       109.32224       0.1471139      0.73728649      0.24568318      0.24701421       2.5210695       7.8439601       79.314392       3.8675318        3.8675318       79.314392                                79.314392
              1       43.525794     0.021984278      0.12428298     0.010403792      -1.8025068       1.7802125    2.100583e-09      0.26272451        109.2565      0.14691145      0.73720968      0.24568802      0.24701907        2.519003        7.839389       79.316524       3.8675318        3.8675318       79.316524                                79.316524
              6        43.63152     0.021942297      0.12413021     0.010403284      -1.7943904       1.7726553    2.100583e-09      0.26382657       109.01299       0.1467167      0.73610726      0.24566961      0.24700059       2.5268872       7.8478866       79.527977       3.8675318        3.8675318       79.527977                                79.527977
              1       43.382862      0.02189024      0.12498329     0.010403296      -1.8296153       1.8226013    2.100583e-09       0.2617879       109.56014      0.14751772      0.73814679       0.2456468       0.2469777       2.5367155       7.8721777       79.030661       3.8675318        3.8675318       79.030661                                79.030661
              8        43.30361     0.021893701      0.12499704     0.010403825      -1.8375489        1.829883    2.100583e-09       0.2602917       109.88373      0.14753493      0.73964337      0.24564832      0.24697922       2.5360604       7.8705342       78.872157       3.8675318        3.8675318       78.872157                                78.872157
              1       43.301619     0.021887821      0.12502473     0.010403809      -1.8390382       1.8312668    2.100583e-09      0.26021408       109.90948      0.14755674      0.73972102      0.24564574      0.24697664       2.5371736       7.8721146       78.868175       3.8675318        3.8675318       78.868175                                78.868175
              4       43.406755     0.021910423       0.1246611     0.010404027      -1.8101578       1.8096376    2.100583e-09      0.26300931        109.1816      0.14721571      0.73692494      0.24565564      0.24698657       2.5328981       7.8670561       79.078447       3.8675318        3.8675318       79.078447                                79.078447
              3       43.787041     0.021947259      0.12456638     0.010402577      -1.7911597       1.7723454    2.100583e-09      0.26682287       108.46151      0.14715783       0.7331104      0.24567178      0.24700277       2.5259532       7.8542542       79.839019       3.8675318        3.8675318       79.839019                                79.839019
              4       44.196406      0.02194342      0.12456921     0.010403354      -1.7717649       1.7187824    2.100583e-09      0.26956399       108.02646      0.14715682      0.73036859       0.2456701      0.24700108       2.5266757        7.850469       80.657748       3.8675318        3.8675318       80.657748                                80.657748
              9       45.151818     0.022016657      0.12405274     0.010403843      -1.7352496        1.663395    2.100583e-09      0.27224436       107.40117      0.14671359      0.72768735      0.24570225      0.24703335       2.5129478       7.8266507       82.568572       3.8675318        3.8675318       82.568572                                82.568572
              1       44.652893     0.022018213      0.12398275     0.010403163      -1.7462861       1.6993164    2.100583e-09      0.27121529        107.5339      0.14664515      0.72871665      0.24570293      0.24703404       2.5126572       7.8284892       81.570723       3.8675318        3.8675318       81.570723                                81.570723
             10       44.617914     0.022053882      0.12437186     0.010405556      -1.7480281       1.7169578    2.100583e-09      0.27232966       107.31056      0.14706993      0.72760219      0.24571863      0.24704979       2.5060135       7.8299842       81.500764       3.8675318        3.8675318       81.500764                                81.500764
              3        45.01728     0.022033746      0.12535778     0.010404062      -1.8022904       1.7557241    2.100583e-09      0.26745935       108.54256      0.14803572      0.73247416      0.24570977       0.2470409       2.5097608       7.8391884       82.299497       3.8675318        3.8675318       82.299497                                82.299497
              1       45.293456     0.022066226       0.1249891     0.010402708      -1.7872792       1.7466211    2.100583e-09      0.26875265       108.17883      0.14769951      0.73118039      0.24572406      0.24705524       2.5037205        7.828671       82.851848       3.8675318        3.8675318       82.851848                                82.851848
             16       44.492441     0.022010877      0.12522038     0.010403548      -1.8554598       1.8004693    2.100583e-09      0.25702504       110.74292      0.14787545      0.74291099      0.24569971       0.2470308        2.514027       7.8349176       81.249818       3.8675318        3.8675318       81.249818                                81.249818
              1       44.771042     0.021964971      0.12474586     0.010402415       -1.791879       1.7169388    2.100583e-09      0.26570812        108.8783      0.14735502      0.73422551      0.24567955      0.24701057       2.5226241       7.8417881       81.807019       3.8675318        3.8675318       81.807019                                81.807019
              1       46.205153     0.021850146      0.12421412     0.010404653      -1.8143603       1.7224646    2.100583e-09      0.25773012        110.5322      0.14670845      0.74220522      0.24562924      0.24696008       2.5443248       7.8559909       84.675242       3.8675318        3.8675318       84.675242                                84.675242
              9       46.099631     0.021848139       0.1241373     0.010404566      -1.8141052       1.7279302    2.100583e-09      0.25780199       110.49694      0.14662963       0.7421333      0.24562836      0.24695919       2.5447066        7.856123       84.464198       3.8675318        3.8675318       84.464198                                84.464198
              5       47.321125     0.021872095      0.12373152     0.010404376      -1.7384928       1.6214318    2.100583e-09      0.26736615       108.44139      0.14624781      0.73256657      0.24563886      0.24696973        2.540155       7.8478822       86.907186       3.8675318        3.8675318       86.907186                                86.907186
              2       47.648957     0.021922078      0.12338551     0.010404506      -1.7120578       1.5950364    2.100583e-09      0.27027816         107.769      0.14595178      0.72965369      0.24566075       0.2469917       2.5306976        7.833921        87.56285       3.8675318        3.8675318        87.56285                                 87.56285
              1       47.697233     0.021924286      0.12340808     0.010404474      -1.7144983       1.5954165    2.100583e-09      0.26975607       107.87817      0.14597656      0.73017592      0.24566171      0.24699267        2.530281       7.8331527       87.659403       3.8675318        3.8675318       87.659403                                87.659403
              1       47.896118      0.02193447      0.12330348     0.010404933      -1.7024888       1.5825721    2.100583e-09      0.27125276       107.55656      0.14588214      0.72867881      0.24566618      0.24699715       2.5283611       7.8305435       88.057172       3.8675318        3.8675318       88.057172                                88.057172
              3        47.80652     0.021833115      0.12389905     0.010404466      -1.7062935       1.5790144    2.100583e-09      0.27372328       107.22682      0.14637636       0.7262079      0.24562177      0.24695258       2.5475675       7.8617084       87.877976       3.8675318        3.8675318       87.877976                                87.877976
              2       45.593445     0.021915437      0.12560693     0.010406229       -1.791453       1.7151035    2.100583e-09      0.26928908       108.32917      0.14816655      0.73064403      0.24565784      0.24698878       2.5319511       7.8672629       83.451826       3.8675318        3.8675318       83.451826                                83.451826
              2       45.753141     0.021886976      0.12545882     0.010407737       -1.801767       1.7391119    2.100583e-09      0.26709281       108.73833      0.14798998      0.73284077      0.24564537      0.24697627       2.5373337       7.8731121       83.771219       3.8675318        3.8675318       83.771219                                83.771219
              2       45.527443     0.021873911      0.12546759     0.010407482      -1.8049535       1.7438361    2.100583e-09      0.26678898       108.80544      0.14798569      0.73314467      0.24563965      0.24697053       2.5398104       7.8761579       83.319822       3.8675318        3.8675318       83.319822                                83.319822
              1       45.432395     0.021883618      0.12565402     0.010406709      -1.8019104       1.7402937    2.100583e-09      0.26847699       108.49213      0.14818183      0.73145633       0.2456439      0.24697479       2.5379699       7.8768013       83.129726       3.8675318        3.8675318       83.129726                                83.129726
              2       45.373664      0.02188415      0.12560696     0.010406707      -1.7991793        1.739542    2.100583e-09      0.26883932       108.40581       0.1481353      0.73109389      0.24564414      0.24697503       2.5378692       7.8765946       83.012263       3.8675318        3.8675318       83.012263                                83.012263
              1       44.963368     0.021793876        0.126111     0.010405464      -1.8457466       1.7900157    2.100583e-09      0.26405335       109.51806      0.14854907      0.73588123      0.24560455       0.2469353       2.5550618       7.9009237       82.191672       3.8675318        3.8675318       82.191672                                82.191672
              2       44.568126     0.021973258      0.12504206     0.010402768      -1.8954727       1.8522587    2.100583e-09      0.25002629       112.24963      0.14765951       0.7499114      0.24568318      0.24701421       2.5210689       7.8384269       81.401188       3.8675318        3.8675318       81.401188                                81.401188
              5       45.071847      0.02202333      0.12395864     0.010403097      -1.7994491       1.7370948    2.100583e-09       0.2604118       109.78825      0.14662616      0.73952284      0.24570518       0.2470363       2.5117026       7.8176407        82.40863       3.8675318        3.8675318        82.40863                                 82.40863
              1        45.05912     0.022007488      0.12464226     0.010403875      -1.8212441       1.7417516    2.100583e-09      0.25880019       110.29455      0.14729394      0.74113515      0.24569822       0.2470293       2.5146602       7.8267661       82.383176       3.8675318        3.8675318       82.383176                                82.383176
              6       47.521483      0.02189716      0.12576025     0.010398813      -1.8680699       1.7505501    2.100583e-09      0.25593496       111.20446       0.1483016      0.74400153      0.24564983      0.24698074       2.5354057       7.8589636       87.307901       3.8675318        3.8675318       87.307901                                87.307901
              1       47.662943     0.021893964       0.1257734     0.010398597      -1.8680916       1.7509399    2.100583e-09      0.25611279       111.16959      0.14831155      0.74382366      0.24564843      0.24697934       2.5360105       7.8599138       87.590822       3.8675318        3.8675318       87.590822                                87.590822
              3       48.940502     0.022159517      0.12389252     0.010399771      -1.7766477       1.7007032    2.100583e-09      0.26375451       109.03754      0.14669623      0.73617932      0.24576499      0.24709632       2.4864917       7.7847847       90.145941       3.8675318        3.8675318       90.145941                                90.145941
              1       47.548144     0.022060534      0.12381597     0.010399967      -1.7772476       1.7014164    2.100583e-09      0.26377214       109.06477       0.1465207      0.73616161      0.24572156      0.24705273       2.5047775       7.8063648       87.361224       3.8675318        3.8675318       87.361224                                87.361224
              2       48.365833     0.022050726      0.12390816     0.010399696      -1.7774819       1.6816323    2.100583e-09      0.26299231       109.27452      0.14660307      0.73694167      0.24571724       0.2470484       2.5066004       7.8068059       88.996602       3.8675318        3.8675318       88.996602                                88.996602
              2       49.459026     0.022087135      0.12376855      0.01040225      -1.6698926        1.523122    2.100583e-09      0.27758832       106.35146      0.14649988      0.72234194      0.24573326      0.24706448       2.4998438       7.8014045       91.182988       3.8675318        3.8675318       91.182988                                91.182988
              5       47.446281     0.022030609      0.12419521     0.010404362      -1.7069181       1.5705633    2.100583e-09      0.27324774       107.28987      0.14687001      0.72668379      0.24570839      0.24703951       2.5103453       7.8188101       87.157498       3.8675318        3.8675318       87.157498                                87.157498
              4       45.439078     0.021909364      0.12499992      0.01040382      -1.7933568       1.6818042    2.100583e-09      0.26412297        109.3166      0.14755347      0.73581115      0.24565518      0.24698611       2.5330983       7.8534826       83.143092       3.8675318        3.8675318       83.143092                                83.143092
              3       45.784872     0.022024787      0.12431721     0.010404756      -1.7375546       1.6407626    2.100583e-09      0.27112918       107.70272      0.14698619      0.72880293      0.24570583      0.24703694       2.5114308        7.824568        83.83468       3.8675318        3.8675318        83.83468                                 83.83468
              1       43.512347     0.021945464      0.12437198     0.010403756      -1.8202206       1.8096852    2.100583e-09      0.25997834       109.81572      0.14696164      0.73995656      0.24567099      0.24700198        2.526291       7.8504392        79.28963       3.8675318        3.8675318        79.28963                                 79.28963
              3       43.837634     0.021995529      0.12379415     0.010404214      -1.7900844       1.7743494    2.100583e-09      0.26223873       109.22262      0.14643387      0.73769536      0.24569296      0.24702403       2.5168963       7.8327475       79.940205       3.8675318        3.8675318       79.940205                                79.940205
              2       44.765125     0.021923615      0.12355039     0.010403292      -1.7993452       1.7953555    2.100583e-09      0.25953552       109.71129      0.14611819      0.74039911      0.24566142      0.24699237       2.5304077       7.8476201       81.795187       3.8675318        3.8675318       81.795187                                81.795187
              3       44.328283     0.021895782      0.12581563     0.010403827      -1.9438723       1.9434733    2.100583e-09      0.24606656       113.19047       0.1483556       0.7538724      0.24564923      0.24698014       2.5356664       7.8715869       80.921503       3.8675318        3.8675318       80.921503                                80.921503
              5       44.893421     0.021750704      0.12679167     0.010402885      -1.9052351       1.9034247    2.100583e-09      0.25881672       110.60226      0.14918656      0.74111943      0.24558556      0.24691623       2.5633456       7.9247215       82.051778       3.8675318        3.8675318       82.051778                                82.051778
              5       45.318915     0.021697914      0.12656791     0.010404001      -1.8748656       1.8670955    2.100583e-09      0.26304774       109.70729      0.14891001      0.73688725      0.24556223      0.24689282       2.5735294        7.936323       82.902766       3.8675318        3.8675318       82.902766                                82.902766
              8       44.582984     0.021896332      0.12597916     0.010404841      -1.9167274       1.8642618    2.100583e-09      0.25061192       112.35233      0.14851968      0.74932598      0.24564947      0.24698038       2.5355624       7.8677333       81.430905       3.8675318        3.8675318       81.430905                                81.430905
              1       44.554924     0.021889411      0.12595321     0.010404695      -1.9191351       1.8657481    2.100583e-09      0.25011439       112.46477      0.14848681      0.74982362      0.24564644      0.24697734       2.5368725       7.8685515       81.374784       3.8675318        3.8675318       81.374784                                81.374784
             14       44.696979     0.021820899      0.12671624     0.010402651      -1.9919624       1.9759772    2.100583e-09      0.24383691       114.00229      0.14918133      0.75610294      0.24561642      0.24694721       2.5498971       7.8947973       81.658894       3.8675318        3.8675318       81.658894                                81.658894
              4       44.938544     0.021717538      0.12639344     0.010402367      -2.0009089       1.9945773    2.100583e-09      0.24139591       114.53392      0.14875517      0.75854437      0.24557092      0.24690154       2.5697366       7.9151359       82.142024       3.8675318        3.8675318       82.142024                                82.142024
              8       44.806095     0.021717457      0.12630153     0.010401968      -1.9916989       1.9836771    2.100583e-09      0.24255373         114.246      0.14866317      0.75738622      0.24557088      0.24690151       2.5697523        7.914256       81.877127       3.8675318        3.8675318       81.877127                                81.877127
              1        44.75964     0.021707617      0.12638778     0.010401296      -1.9823445        1.956273    2.100583e-09      0.24472797        113.8166      0.14873959      0.75521148      0.24556653      0.24689714        2.571653       7.9156404       81.784217       3.8675318        3.8675318       81.784217                                81.784217
             11       44.601135     0.021722151      0.12568919     0.010400752       -1.929355       1.9184944    2.100583e-09      0.25006552       112.38545      0.14805553      0.74987232      0.24557296      0.24690359       2.5688463       7.9093994       81.467207       3.8675318        3.8675318       81.467207                                81.467207
              2       45.408084     0.021757134      0.12483114     0.010401473      -1.9160717        1.908343    2.100583e-09      0.24742769       112.78247      0.14723246      0.75251047      0.24558839      0.24691908       2.5621092       7.8901637       83.081105       3.8675318        3.8675318       83.081105                                83.081105
              2       44.755853     0.021928452      0.12360253     0.010405056      -1.7464239       1.6926139    2.100583e-09      0.26890287       107.98627      0.14617517      0.73102943      0.24566354       0.2469945       2.5294954       7.8426554       81.776642       3.8675318        3.8675318       81.776642                                81.776642
              2        44.48494     0.022033943      0.12335031     0.010406436      -1.7387029       1.7139605    2.100583e-09      0.26874188       107.81283      0.14602844      0.73119039      0.24570985      0.24704098       2.5097242       7.8223737       81.234816       3.8675318        3.8675318       81.234816                                81.234816
              2       44.534636     0.022040373      0.12323414     0.010406303      -1.7420888       1.7222578    2.100583e-09      0.26747066       108.02021      0.14591871      0.73246188      0.24571268      0.24704382       2.5085266       7.8199683       81.334208       3.8675318        3.8675318       81.334208                                81.334208
              4        45.11307     0.022101841      0.12302519     0.010406027      -1.7304083       1.6955629    2.100583e-09      0.26833988       107.84577      0.14577122      0.73159237      0.24573973      0.24707096       2.4971223       7.8003791       82.491077       3.8675318        3.8675318       82.491077                                82.491077
              9        47.26106     0.022193099      0.12195333     0.010405576      -1.6499437       1.6446264    2.100583e-09      0.27732606       105.60996      0.14479062      0.72260345      0.24577961        0.247111       2.4803329       7.7848785       86.787056       3.8675318        3.8675318       86.787056                                86.787056
              3       45.516727       0.0221163      0.12293394     0.010405677      -1.6934814       1.6570578    2.100583e-09      0.27500845       106.49822      0.14569443      0.72492208      0.24574607      0.24707734       2.4944509        7.800309        83.29839       3.8675318        3.8675318        83.29839                                 83.29839
              1       45.411528     0.022099921       0.1228847     0.010405975      -1.6946846       1.6604149    2.100583e-09      0.27455826       106.57477      0.14562882      0.72537235      0.24573888      0.24707012       2.4974774       7.8037935       83.087993       3.8675318        3.8675318       83.087993                                83.087993
              1       45.397994     0.022092225      0.12288307     0.010405832      -1.6941571        1.659226    2.100583e-09      0.27473063       106.54724      0.14561948      0.72519994       0.2457355      0.24706672       2.4989012       7.8054004       83.060925       3.8675318        3.8675318       83.060925                                83.060925
              4       45.854397     0.022058225      0.12351411     0.010402797      -1.8342723       1.8217576    2.100583e-09      0.25284424       111.15814      0.14621653      0.74709212      0.24572054      0.24705171       2.5052064       7.8088132       83.973731       3.8675318        3.8675318       83.973731                                83.973731
              1       48.788233     0.021783348      0.12452269     0.010407302      -1.8618811       1.7686408    2.100583e-09      0.25035316       112.24386      0.14695023      0.74958414      0.24559993      0.24693066       2.5570782       7.8720303       89.841402       3.8675318        3.8675318       89.841402                                89.841402
              3       48.742681     0.021807544      0.12482481     0.010407466      -1.8789465        1.781007    2.100583e-09      0.24842598       112.72899      0.14727655      0.75151194      0.24561056      0.24694132       2.5524475       7.8687641       89.750298       3.8675318        3.8675318       89.750298                                89.750298
              3       48.245129     0.021762335      0.12572701     0.010406512      -1.7463293       1.6116144    2.100583e-09      0.27490221       107.35636      0.14813354      0.72502949      0.24559068      0.24692138       2.5611099       7.9017559       88.755195       3.8675318        3.8675318       88.755195                                88.755195
              3       47.825059     0.021963754      0.12363746     0.010404587      -1.6463016       1.5950592    2.100583e-09      0.28885962       104.14224      0.14624541      0.71106769      0.24567901      0.24701003       2.5228527       7.8486406       87.915054       3.8675318        3.8675318       87.915054                                87.915054
              8       47.845345     0.021964887      0.12360652     0.010404529      -1.6454388       1.5948646    2.100583e-09      0.28891134       104.12444       0.1462156      0.71101594      0.24567951      0.24701053       2.5226399       7.8481806       87.955627       3.8675318        3.8675318       87.955627                                87.955627
              3       47.491537     0.021936816      0.12367312     0.010404221      -1.6562472       1.6153006    2.100583e-09      0.28762457       104.34941      0.14625412      0.71230305       0.2456672      0.24699818       2.5279192        7.856461        87.24801       3.8675318        3.8675318        87.24801                                 87.24801
              5       49.318098     0.021965769      0.12468877     0.010403497      -1.6643468       1.6042843    2.100583e-09        0.290656       104.03391      0.14729873      0.70927138       0.2456799      0.24701092       2.5224744       7.8591547       90.901133       3.8675318        3.8675318       90.901133                                90.901133
              1       47.715205     0.021863709      0.12490898     0.010403037       -1.702308       1.6529623    2.100583e-09      0.28547249       105.03837      0.14741688      0.71445624      0.24563518      0.24696604        2.541747       7.8835525       87.695346       3.8675318        3.8675318       87.695346                                87.695346
              4       46.991332     0.021968822      0.12389339     0.010403287      -1.6746518       1.6682603    2.100583e-09      0.28454108       104.74822       0.1465064      0.71538745      0.24568124      0.24701226       2.5219013       7.8596259         86.2476       3.8675318        3.8675318         86.2476                                  86.2476
              2        45.96568     0.022088257      0.12386131     0.010404646      -1.6929879        1.682618    2.100583e-09      0.27994702       105.58852      0.14659376       0.7199827      0.24573375      0.24706497       2.4996359       7.8277339       84.196297       3.8675318        3.8675318       84.196297                                84.196297
              4        43.74289     0.021958751      0.12439775     0.010402951      -1.7932633       1.7596936    2.100583e-09      0.26531966       108.79602      0.14700069      0.73461391      0.24567682      0.24700783       2.5237926       7.8454844       79.750716       3.8675318        3.8675318       79.750716                                79.750716
              5       43.710173     0.021976656      0.12487554     0.010402948      -1.8305752       1.8263528    2.100583e-09       0.2605433       109.74502      0.14749639      0.73939169      0.24568467      0.24701571       2.5204317       7.8508802       79.685283       3.8675318        3.8675318       79.685283                                79.685283
              6       44.034648     0.021939114      0.12557519     0.010401737      -1.8968666       1.8745197    2.100583e-09      0.25345645       111.53952      0.14815849       0.7464806      0.24566821      0.24699919       2.5274863       7.8579257       80.334233       3.8675318        3.8675318       80.334233                                80.334233
              5          43.595     0.021902277      0.12565545     0.010403906      -1.8925278       1.8650581    2.100583e-09      0.25411536       111.44275      0.14820192      0.74582153      0.24565207      0.24698299       2.5344379       7.8678097       79.454936       3.8675318        3.8675318       79.454936                                79.454936
              8       44.669969     0.021798708      0.12676162     0.010404102      -1.9669353       1.9390758    2.100583e-09      0.24774027       113.14785      0.14920451      0.75219863      0.24560668      0.24693743       2.5541372       7.9015982       81.604875       3.8675318        3.8675318       81.604875                                81.604875
              2       44.897949     0.021706919      0.12690354      0.01040304      -1.9991256       1.9863843    2.100583e-09      0.24420883       113.99695      0.14925465      0.75573095      0.24556622      0.24689683       2.5717881       7.9248099       82.060835       3.8675318        3.8675318       82.060835                                82.060835
              1       46.503526     0.021610612      0.12730772     0.010404861      -1.9903653       1.9646141    2.100583e-09      0.24765223        113.3603      0.14956252      0.75228683      0.24552333      0.24685378       2.5905051       7.9534184       85.271989       3.8675318        3.8675318       85.271989                                85.271989
              2       45.843921     0.021632169      0.12684552     0.010405133       -1.946444        1.928863    2.100583e-09      0.25239598        112.1549      0.14912188      0.74754173      0.24553298      0.24686347       2.5862978       7.9467887       83.952779       3.8675318        3.8675318       83.952779                                83.952779
              1       46.677696     0.021768803      0.12672311     0.010407604      -1.9348553       1.8957391    2.100583e-09      0.25174233       112.27162       0.1491361      0.74819555      0.24559353      0.24692424       2.5598678       7.9102913       85.620328       3.8675318        3.8675318       85.620328                                85.620328
              1       47.082968     0.021726545      0.12627997     0.010407669      -1.9221346        1.857685    2.100583e-09      0.25081763       112.46266       0.1486507      0.74912027       0.2455749      0.24690554       2.5679987       7.9110281       86.430872       3.8675318        3.8675318       86.430872                                86.430872
              1       47.187543     0.021714586      0.12645073     0.010407465      -1.9158854       1.8428198    2.100583e-09      0.25245343       112.14533       0.1488095      0.74748413      0.24556961      0.24690023       2.5703067       7.9159473       86.640022       3.8675318        3.8675318       86.640022                                86.640022
              2       47.105649     0.021705921      0.12668156     0.010406807      -1.9399858       1.8635263    2.100583e-09      0.24962242       112.83292      0.14903168      0.75031594      0.24556578      0.24689638       2.5719808       7.9188176       86.476235       3.8675318        3.8675318       86.476235                                86.476235
              9       46.483983     0.021660978      0.12716045     0.010405482      -1.9979602       1.9605951    2.100583e-09       0.2448672       113.98154      0.14946562      0.75507251      0.24554583      0.24687636       2.5806911       7.9366784       85.232902       3.8675318        3.8675318       85.232902                                85.232902
              1       47.751572     0.021583213      0.12771316     0.010405288      -1.9897401        1.951053    2.100583e-09        0.249605       113.03407      0.14994056      0.75033374      0.24551102      0.24684142       2.5958674       7.9646662        87.76808       3.8675318        3.8675318        87.76808                                 87.76808
              6       46.546557     0.021606033      0.12755245     0.010400846      -1.9691054       1.9236897    2.100583e-09      0.25325913       112.18529      0.14980267      0.74667866      0.24552128      0.24685172       2.5914002       7.9566127       85.358051       3.8675318        3.8675318       85.358051                                85.358051
              1       46.576879     0.021601075      0.12755168     0.010400734      -1.9717177       1.9279217    2.100583e-09      0.25294252       112.25518      0.14979695      0.74699534      0.24551905      0.24684948       2.5923696       7.9577585       85.418695       3.8675318        3.8675318       85.418695                                85.418695
              2       46.456151     0.021653025      0.12761548     0.010400253      -1.9756571       1.9416315    2.100583e-09      0.25274876       112.26521       0.1499127      0.74718919      0.24554229      0.24687281        2.582237       7.9471367       85.177239       3.8675318        3.8675318       85.177239                                85.177239
              1       47.167863     0.021666387      0.12732065     0.010399255      -1.9249154       1.8632495    2.100583e-09      0.25898911        110.8867      0.14963123      0.74094719      0.24554824      0.24687878       2.5796405       7.9399697       86.600663       3.8675318        3.8675318       86.600663                                86.600663
              1       47.175642     0.021704971      0.12725164     0.010398295      -1.9490831       1.8876982    2.100583e-09      0.25457135        111.8174       0.1496008      0.74536602      0.24556536      0.24689596       2.5721646       7.9272252        86.61622       3.8675318        3.8675318        86.61622                                 86.61622
              4       48.802829     0.021784043      0.12808003     0.010399452      -1.9657326       1.8797041    2.100583e-09      0.25397979       112.08768      0.15050826      0.74595811      0.24560023      0.24693096       2.5569451       7.9171474       89.870594       3.8675318        3.8675318       89.870594                                89.870594
              2       46.382534     0.021862806      0.12685803     0.010399621      -1.9432077       1.8718111    2.100583e-09      0.25158319       112.34529      0.14936503      0.74835482      0.24563479      0.24696564       2.5419183       7.8830438       85.030004       3.8675318        3.8675318       85.030004                                85.030004
              1       46.225237     0.021869579      0.12677963      0.01039991      -1.9343802       1.8598343    2.100583e-09      0.25236688       112.15587       0.1492934      0.74757091      0.24563775      0.24696862       2.5406323       7.8806933       84.715411       3.8675318        3.8675318       84.715411                                84.715411
              1       45.354519     0.021796486      0.12633211     0.010399971      -1.8812494       1.8283403    2.100583e-09      0.26073359       110.25439      0.14877279      0.73920191       0.2456057      0.24693645       2.5545622       7.8991907       82.973975       3.8675318        3.8675318       82.973975                                82.973975
              4       45.311993     0.021790039       0.1264197     0.010400311      -1.8793974       1.8296707    2.100583e-09      0.26158541       110.08655      0.14885393      0.73834991      0.24560287      0.24693361       2.5557964       7.9028382       82.888923       3.8675318        3.8675318       82.888923                                82.888923
              2        44.51299      0.02184556      0.12604772     0.010401067      -1.8686576       1.8290919    2.100583e-09      0.26130767       110.02522      0.14853747      0.73862758      0.24562723      0.24695806       2.5451973       7.8869398       81.290916       3.8675318        3.8675318       81.290916                                81.290916
              1       44.835169     0.021920625      0.12503398     0.010402791      -1.7683577       1.7191474    2.100583e-09      0.27309133       107.40894       0.1475988      0.72684058      0.24566011      0.24699106       2.5309719       7.8638412       81.935275       3.8675318        3.8675318       81.935275                                81.935275
              3       45.115629      0.02193479      0.12502474     0.010402533       -1.762762       1.7195686    2.100583e-09      0.27431305       107.14242      0.14760373      0.72561856      0.24566632      0.24699729       2.5283009       7.8621959       82.496195       3.8675318        3.8675318       82.496195                                82.496195
              3       44.878242       0.0219465       0.1245275     0.010402464       -1.748349       1.7299209    2.100583e-09      0.27462653       106.87853      0.14711819      0.72530478      0.24567145      0.24700244        2.526096       7.8595684       82.021421       3.8675318        3.8675318       82.021421                                82.021421
              5       44.851636     0.021945762      0.12452225     0.010402432       -1.749309       1.7305678    2.100583e-09      0.27443792       106.91684      0.14711221      0.72549343      0.24567112      0.24700211       2.5262349       7.8594407       81.968209       3.8675318        3.8675318       81.968209                                81.968209
              5       44.719766     0.021944812      0.12489417     0.010401765       -1.779608       1.7694072    2.100583e-09       0.2707093       107.68823      0.14748317      0.72922314      0.24567071       0.2470017       2.5264136       7.8632887       81.704469       3.8675318        3.8675318       81.704469                                81.704469
              2       43.609863     0.021952067      0.12487708     0.010402719      -1.8138364       1.7924391    2.100583e-09      0.26423166       109.06986      0.14747333      0.73570241      0.24567389      0.24700489       2.5250489       7.8543859       79.484662       3.8675318        3.8675318       79.484662                                79.484662
              5       43.948086     0.021958437      0.12533064     0.010402354      -1.8867957       1.8586583    2.100583e-09      0.25358137       111.47424      0.14793327      0.74635554      0.24567668      0.24700769       2.5238516       7.8498201       80.161108       3.8675318        3.8675318       80.161108                                80.161108
              3       43.495746     0.021858311      0.12527989     0.010402429      -1.8673852        1.863822    2.100583e-09      0.25701425       110.64616       0.1477824      0.74292175      0.24563282      0.24696367       2.5427724       7.8801183       79.256427       3.8675318        3.8675318       79.256427                                79.256427
              7       43.450161     0.021915481      0.12452516     0.010404696      -1.8154615       1.8089029    2.100583e-09      0.26136042        109.5407      0.14708483      0.73857418      0.24565786       0.2469888       2.5319427       7.8616582       79.165258       3.8675318        3.8675318       79.165258                                79.165258
              8       44.305459     0.021985911      0.12391307     0.010402528      -1.7712484       1.7367966    2.100583e-09      0.26687317        108.3732      0.14654317      0.73305981      0.24568874      0.24701979       2.5186971       7.8342973       80.875854       3.8675318        3.8675318       80.875854                                80.875854
              2       44.275539     0.021986746      0.12391653     0.010402549      -1.7729124       1.7391497    2.100583e-09      0.26658137       108.43076      0.14654747      0.73335168       0.2456891      0.24702016       2.5185407       7.8341029       80.816014       3.8675318        3.8675318       80.816014                                80.816014
              8       44.586339     0.021946913      0.12326208      0.01040401      -1.7482031       1.7283041    2.100583e-09      0.26768528       108.02931      0.14585318      0.73224718      0.24567163      0.24700262       2.5260183       7.8405513       81.437615       3.8675318        3.8675318       81.437615                                81.437615
              2       44.854282      0.02203816      0.12321046      0.01040325      -1.7328781       1.7132181    2.100583e-09      0.27001315       107.50224      0.14589281      0.72991874      0.24571171      0.24704285       2.5089387       7.8206543         81.9735       3.8675318        3.8675318         81.9735                                  81.9735
              2       44.603075       0.0220751      0.12342996     0.010403665      -1.7709436       1.7496263    2.100583e-09      0.26369128       108.83663      0.14614925      0.73624232      0.24572797      0.24705916       2.5020741       7.8098726       81.471087       3.8675318        3.8675318       81.471087                                81.471087
              3        45.24461     0.021893197      0.12584986      0.01040007      -1.8728234        1.810401    2.100583e-09      0.25863078        110.5852      0.14838725      0.74130507       0.2456481        0.246979       2.5361558       7.8683369       82.754157       3.8675318        3.8675318       82.754157                                82.754157
              3       45.603722     0.021989557      0.12541129     0.010399713      -1.8960497       1.8692908    2.100583e-09      0.25304082       111.59286      0.14804504      0.74689628      0.24569034       0.2470214       2.5180142       7.8424093        83.47238       3.8675318        3.8675318        83.47238                                 83.47238
              5       47.248881     0.022001589      0.12592035     0.010400663      -1.9739382       1.9177102    2.100583e-09      0.24121039       114.47739      0.14856613      0.75872986      0.24569562       0.2470267       2.5157629       7.8352234       86.762699       3.8675318        3.8675318       86.762699                                86.762699
              2       46.260228     0.021948781       0.1258786      0.01039907      -1.9140231       1.8619602    2.100583e-09      0.25205526       111.98668      0.14847157      0.74788226      0.24567245      0.24700344        2.525667       7.8528979       84.785393       3.8675318        3.8675318       84.785393                                84.785393
              1       46.068031     0.022025929      0.12578116     0.010400385      -1.9102941       1.8714292    2.100583e-09      0.25179955       111.95878      0.14845128      0.74813802      0.24570633      0.24703744       2.5112178       7.8361246       84.400999       3.8675318        3.8675318       84.400999                                84.400999
             18       44.253972     0.021944429      0.12525687     0.010402993      -1.9150807       1.8873771    2.100583e-09      0.24823578       112.66911      0.14784549      0.75170243      0.24567054      0.24700153       2.5264858         7.84911        80.77288       3.8675318        3.8675318        80.77288                                 80.77288
              2       44.613876      0.02191961      0.12578322     0.010403243      -1.9549268       1.9305637    2.100583e-09      0.24432758       113.68011      0.14834702       0.7556118      0.24565967      0.24699061       2.5311633       7.8594912       81.492689       3.8675318        3.8675318       81.492689                                81.492689
              5       44.344499     0.021869689      0.12617535     0.010402389      -1.9311102       1.8808649    2.100583e-09      0.25017918       112.49719      0.14868923       0.7497589       0.2456378      0.24696867       2.5406115       7.8754057       80.953934       3.8675318        3.8675318       80.953934                                80.953934
              1       44.562811     0.021857526      0.12634482      0.01040266      -1.9414831       1.8862905    2.100583e-09       0.2490752       112.79409      0.14884654      0.75086322      0.24563247      0.24696332       2.5429216       7.8792616       81.390559       3.8675318        3.8675318       81.390559                                81.390559
              1       44.312648     0.021930645      0.12543544     0.010404866      -1.8893406       1.8379498    2.100583e-09      0.25239061       111.83189      0.14801027      0.74754663       0.2456645      0.24699546       2.5290821       7.8542435       80.890233       3.8675318        3.8675318       80.890233                                80.890233
              1       44.039886     0.021877111      0.12549548     0.010405057       -1.864356       1.8088694    2.100583e-09      0.25716524       110.82774      0.14801678      0.74277082      0.24564105      0.24697193       2.5392036       7.8697493       80.344708       3.8675318        3.8675318       80.344708                                80.344708
              2        44.35586     0.021916385      0.12547839     0.010405118      -1.8451564       1.7786866    2.100583e-09      0.25970368       110.27988      0.14803896      0.74023176      0.24565825       0.2469892       2.5317721       7.8605874       80.976656       3.8675318        3.8675318       80.976656                                80.976656
              1       44.995138     0.021870411      0.12633784     0.010404455      -1.8484147       1.8237004    2.100583e-09      0.26553507       109.13206      0.14885245      0.73439928      0.24563812      0.24696899       2.5404744        7.891313       82.255213       3.8675318        3.8675318       82.255213                                82.255213
              4       44.814812     0.021963746      0.12544393     0.010404278      -1.7893968       1.7743672    2.100583e-09      0.27101005        107.7512      0.14805187      0.72892259      0.24567901      0.24701003       2.5228542       7.8652049        81.89456       3.8675318        3.8675318        81.89456                                 81.89456
              2       46.387309     0.021918085       0.1260255     0.010406298      -1.7958783       1.7791623    2.100583e-09      0.27253222       107.58637      0.14858777      0.72740028        0.245659      0.24698994       2.5314511       7.8839056       85.039555       3.8675318        3.8675318       85.039555                                85.039555
             11       46.835133     0.021911621      0.12614433     0.010405908      -1.7921889       1.7809208    2.100583e-09       0.2738725        107.3168      0.14870014      0.72605971      0.24565617       0.2469871       2.5326717       7.8889428       85.935202       3.8675318        3.8675318       85.935202                                85.935202
              6       45.592634     0.021885707      0.12591964     0.010404976      -1.7957378        1.770364    2.100583e-09       0.2726746       107.59358      0.14844954       0.7272578      0.24564482      0.24697571       2.5375742       7.8875967       83.450205       3.8675318        3.8675318       83.450205                                83.450205
              4       45.749251     0.021877203      0.12599796     0.010405061      -1.7977916        1.771634    2.100583e-09      0.27272847       107.60482      0.14851935      0.72720395      0.24564109      0.24697197       2.5391859       7.8903802       83.763439       3.8675318        3.8675318       83.763439                                83.763439
              2       45.067055     0.021880691       0.1263056     0.010405167      -1.8494248       1.8173367    2.100583e-09      0.26480064       109.29849      0.14883049      0.73513388      0.24564262      0.24697351       2.5385247       7.8870091       82.399046       3.8675318        3.8675318       82.399046                                82.399046
              8        45.40613     0.021941337      0.12615451     0.010405722      -1.8388166       1.8062822    2.100583e-09      0.26536894       109.12404      0.14874004       0.7345654      0.24566919      0.24700017       2.5270677       7.8716964       83.077196       3.8675318        3.8675318       83.077196                                83.077196
              3       44.624398     0.022019382      0.12522307     0.010406589      -1.8268154        1.806177    2.100583e-09       0.2620145       109.56385      0.14788664      0.73792029      0.24570345      0.24703455       2.5124392       7.8435209       81.513732       3.8675318        3.8675318       81.513732                                81.513732
              1       44.015001      0.02193176      0.12427445     0.010406792      -1.8011654       1.7766048    2.100583e-09      0.26232217       109.37142       0.1468504      0.73761209      0.24566499      0.24699595       2.5288719        7.851884       80.294938       3.8675318        3.8675318       80.294938                                80.294938
              3       44.713321     0.021957549      0.12411583     0.010407988       -1.785021       1.7576243    2.100583e-09       0.2639487       108.99761      0.14671757      0.73598509      0.24567629       0.2470073       2.5240185       7.8451759       81.691579       3.8675318        3.8675318       81.691579                                81.691579
              2       44.001793     0.021942897      0.12527696     0.010406068      -1.8530859       1.8495952    2.100583e-09      0.25785773       110.41397      0.14786405      0.74207809      0.24566987      0.24700085       2.5267741       7.8629233       80.268523       3.8675318        3.8675318       80.268523                                80.268523
              2       43.939396     0.021812554      0.12615636     0.010404225      -1.8981286       1.8608199    2.100583e-09      0.25596576       111.20425       0.1486131      0.74397086      0.24561276      0.24694353       2.5514902       7.8944061       80.143729       3.8675318        3.8675318       80.143729                                80.143729
              6       44.007432     0.021778816      0.12625804     0.010403494      -1.9086131       1.8669114    2.100583e-09      0.25497962       111.46752      0.14868105      0.74495726      0.24559793      0.24692866        2.557947       7.9020065         80.2798       3.8675318        3.8675318         80.2798                                  80.2798
              4       44.034765     0.021778256      0.12612181     0.010404306       -1.902107       1.8615084    2.100583e-09      0.25518191        111.3942      0.14854425      0.74475487      0.24559769      0.24692841       2.5580544       7.9010643       80.334466       3.8675318        3.8675318       80.334466                                80.334466
              5        44.60287     0.021873007       0.1264289     0.010404111      -1.9645196       1.9543186    2.100583e-09      0.24606185       113.37408       0.1489461      0.75387735      0.24563926      0.24697013        2.539982       7.8821849       81.470676       3.8675318        3.8675318       81.470676                                81.470676
              9       44.937441     0.021734546      0.12659386     0.010405002      -1.9373914       1.8934705    2.100583e-09      0.25151299       112.32729      0.14897259      0.74842487      0.24557843      0.24690908       2.5664561       7.9148804       82.139818       3.8675318        3.8675318       82.139818                                82.139818
              1       44.593595      0.02174496      0.12583571      0.01040297      -1.8951239       1.8241646    2.100583e-09      0.25418675       111.63103      0.14822486      0.74575014      0.24558303      0.24691369       2.5644506       7.9003867       81.452126       3.8675318        3.8675318       81.452126                                81.452126
              2       44.131008     0.021760258      0.12540795     0.010403229      -1.8688587       1.8152348    2.100583e-09       0.2572622       110.84294       0.1478124      0.74267374      0.24558977      0.24692046       2.5615088        7.895406       80.526952       3.8675318        3.8675318       80.526952                                80.526952
              2       44.375693     0.021736749      0.12581098     0.010404471        -1.86669       1.8163047    2.100583e-09      0.25962831       110.41329      0.14819192      0.74030722       0.2455794      0.24691006       2.5660318       7.9082752       81.016322       3.8675318        3.8675318       81.016322                                81.016322
              2       44.697938     0.021924869      0.12557303     0.010404308      -1.8006241       1.7448717    2.100583e-09      0.26908672       108.32377      0.14814209      0.73084643      0.24566197      0.24699292       2.5301712        7.866453       81.660813       3.8675318        3.8675318       81.660813                                81.660813
              4       43.857234     0.021787716      0.12597965     0.010403414      -1.8907806       1.8454565    2.100583e-09      0.25648018       111.09016      0.14841156      0.74345622      0.24560185      0.24693258       2.5562413       7.8968212       79.979404       3.8675318        3.8675318       79.979404                                79.979404
              3       43.705391       0.0218572       0.1255775     0.010403981      -1.8820944       1.8356643    2.100583e-09       0.2552865       111.24373      0.14807889      0.74465006      0.24563233      0.24696318       2.5429835       7.8750413       79.675719       3.8675318        3.8675318       79.675719                                79.675719
              3       43.989097     0.021863895      0.12464391     0.010401713      -1.8564582       1.8370288    2.100583e-09      0.25618214       110.77899        0.147152      0.74375379      0.24563526      0.24696612       2.5417116       7.8665542        80.24313       3.8675318        3.8675318        80.24313                                 80.24313
              2       44.318325     0.021836547      0.12454352     0.010401547      -1.8576911       1.8392175    2.100583e-09      0.25565381       110.88392      0.14702426       0.7442822      0.24562328      0.24695409       2.5469134       7.8714751       80.901586       3.8675318        3.8675318       80.901586                                80.901586
              3       44.395109     0.021845501      0.12448492     0.010401531      -1.8587471       1.8416061    2.100583e-09      0.25511314       110.98071      0.14697461      0.74482298       0.2456272      0.24695803       2.5452085       7.8686384       81.055155       3.8675318        3.8675318       81.055155                                81.055155
              5       45.115676     0.021928462      0.12528761     0.010399688      -1.8899452       1.8891193    2.100583e-09      0.25350014       111.37738      0.14786027      0.74643677      0.24566354       0.2469945       2.5294935        7.861031       82.496289       3.8675318        3.8675318       82.496289                                82.496289
              2       45.114352     0.021928439      0.12528701      0.01039969      -1.8899199       1.8891011    2.100583e-09      0.25350059       111.37712      0.14785964      0.74643631      0.24566353      0.24699449       2.5294979       7.8610324        82.49364       3.8675318        3.8675318        82.49364                                 82.49364
              4       45.108764     0.021918052      0.12538255     0.010399639       -1.899289       1.8976087    2.100583e-09      0.25250886       111.62911      0.14794479      0.74742833      0.24565898      0.24698993       2.5314574       7.8635827       82.482464       3.8675318        3.8675318       82.482464                                82.482464
              1       45.213804      0.02186849      0.12554463     0.010399063      -1.8862499       1.8772232    2.100583e-09      0.25627735        110.8908      0.14805731      0.74365895      0.24563728      0.24696814       2.5408392       7.8773831       82.692545       3.8675318        3.8675318       82.692545                                82.692545
              5       45.610101     0.021957904      0.12552685     0.010401177       -1.839178       1.7499978    2.100583e-09      0.26064501       110.10024      0.14812895      0.73929024      0.24567645      0.24700746       2.5239516       7.8480331       83.485139       3.8675318        3.8675318       83.485139                                83.485139
              5       46.105331     0.021880504      0.12642679     0.010401719      -1.9153044        1.806644    2.100583e-09      0.25106139       112.40529      0.14895148      0.74887658      0.24564254      0.24697342       2.5385601       7.8706684       84.475598       3.8675318        3.8675318       84.475598                                84.475598
              1        45.81499     0.021906524      0.12538236     0.010401748       -1.875783       1.7736142    2.100583e-09      0.25270938       111.82878      0.14793308      0.74722775      0.24565393      0.24698486        2.533635       7.8526658       83.894916       3.8675318        3.8675318       83.894916                                83.894916
              3       45.773083     0.022093176      0.12473946     0.010402009      -1.8288419       1.7699486    2.100583e-09      0.25913999       110.16726      0.14747683      0.74079534      0.24573592      0.24706714       2.4987252       7.8104099       83.811103       3.8675318        3.8675318       83.811103                                83.811103
              7       45.749694     0.021997018      0.12613949     0.010400723      -1.9271012       1.8991398    2.100583e-09      0.25108269       112.17248       0.1487807      0.74885521      0.24569361      0.24702468       2.5166178       7.8485319       83.764324       3.8675318        3.8675318       83.764324                                83.764324
              3       45.472619     0.021777243      0.12687642     0.010401111      -1.9022545       1.8461015    2.100583e-09      0.25952705       110.62723      0.14929785      0.74040898      0.24559724      0.24692796       2.5582485       7.9098697       83.210175       3.8675318        3.8675318       83.210175                                83.210175
              9       45.683124     0.022034578      0.12527569     0.010404894      -1.8156848       1.7274932    2.100583e-09      0.26203122       109.72421      0.14795446       0.7379036      0.24571013      0.24704126       2.5096058       7.8297269       83.631184       3.8675318        3.8675318       83.631184                                83.631184
              2       45.560752     0.022061119      0.12543562     0.010403877      -1.8088857       1.7513231    2.100583e-09      0.26607075       108.85501      0.14814093      0.73386315      0.24572182      0.24705299       2.5046688       7.8312679       83.386439       3.8675318        3.8675318       83.386439                                83.386439
              2       47.396849     0.021857274       0.1277525     0.010404082      -1.9672294       1.9217358    2.100583e-09      0.25200262       112.38019      0.15025397      0.74793566      0.24563236      0.24696321       2.5429694       7.9004291       87.058635       3.8675318        3.8675318       87.058635                                87.058635
              1       46.325543     0.021992455      0.12673907     0.010404551      -1.9320557       1.8984822    2.100583e-09      0.25204972       112.08587      0.14937572      0.74788818      0.24569161      0.24702267       2.5174716       7.8582207       84.916023       3.8675318        3.8675318       84.916023                                84.916023
              1       45.545706     0.021991241      0.12626431     0.010404787      -1.8781915       1.8309095    2.100583e-09      0.25843081         110.628      0.14889975      0.74150531      0.24569108      0.24702214       2.5176989       7.8545992       83.356348       3.8675318        3.8675318       83.356348                                83.356348
              3       45.118466     0.021984051      0.12595716     0.010405502      -1.8464094       1.8377852    2.100583e-09      0.26265332       109.53283       0.1485854      0.73728162      0.24568792      0.24701897       2.5190455       7.8629696       82.501869       3.8675318        3.8675318       82.501869                                82.501869
              3        44.98019     0.021977706      0.12589345     0.010405557      -1.8470529       1.8451262    2.100583e-09      0.26196585       109.62942      0.14851535      0.73796923      0.24568513      0.24701617       2.5202346       7.8651162       82.225316       3.8675318        3.8675318       82.225316                                82.225316
              1       44.963427     0.022015492      0.12558077     0.010405782      -1.8335434       1.8328766    2.100583e-09      0.26235713        109.4553      0.14824045      0.73757774      0.24570174      0.24703284       2.5131652       7.8537319       82.191791       3.8675318        3.8675318       82.191791                                82.191791
              3       43.753857     0.021959754      0.12536686     0.010404151      -1.8287755       1.8175371    2.100583e-09      0.26343937       109.27746      0.14797081      0.73649511      0.24567726      0.24700827       2.5236041       7.8608954        79.77265       3.8675318        3.8675318        79.77265                                 79.77265
              1       43.817881     0.021916882        0.124972     0.010404684      -1.7875784       1.7750472    2.100583e-09      0.26898322       108.07713      0.14753308      0.73094968      0.24565847      0.24698941       2.5316782       7.8700569       79.900699       3.8675318        3.8675318       79.900699                                79.900699
              7       43.857024     0.021768994      0.12538064     0.010402655      -1.8700194       1.8301879    2.100583e-09      0.25755097       110.73944      0.14779383      0.74238489      0.24559361      0.24692432       2.5598311        7.894965       79.978984       3.8675318        3.8675318       79.978984                                79.978984
              9       43.909567     0.021766455      0.12540019     0.010402524       -1.873003       1.8317251    2.100583e-09      0.25713766       110.83789      0.14781083      0.74279832       0.2455925       0.2469232       2.5603185       7.8952619       80.084071       3.8675318        3.8675318       80.084071                                80.084071
              1       45.074265     0.021627933      0.12597269     0.010402001      -1.9003802       1.8837587    2.100583e-09      0.25669602       111.03253      0.14824481      0.74324025      0.24553109      0.24686157       2.5871236       7.9386557       82.413466       3.8675318        3.8675318       82.413466                                82.413466
              8       45.386708     0.021635883      0.12635053     0.010400536      -1.9223809       1.8832619    2.100583e-09      0.25497536        111.5508      0.14863061       0.7449615      0.24553464      0.24686513        2.585574       7.9359488       83.038352       3.8675318        3.8675318       83.038352                                83.038352
             11       44.766883     0.021667011      0.12632536     0.010401485      -1.9181287        1.880489    2.100583e-09       0.2551264       111.49349      0.14863656      0.74481043      0.24554852      0.24687906       2.5795192       7.9289655       81.798701       3.8675318        3.8675318       81.798701                                81.798701
              2       45.056488     0.021643823      0.12656696     0.010401495      -1.9340689       1.8947451    2.100583e-09      0.25375083       111.85868      0.14885498      0.74618643      0.24553819      0.24686869       2.5840274       7.9364363       82.377913       3.8675318        3.8675318       82.377913                                82.377913
              2       45.233969     0.021715183      0.12678625      0.01040289        -1.95516       1.8826309    2.100583e-09       0.2490066       112.98483      0.14914563      0.75093195      0.24556988       0.2469005       2.5701914       7.9165166       82.732874       3.8675318        3.8675318       82.732874                                82.732874
              3       46.197681     0.022074153      0.12534613     0.010402897      -1.9356252       1.9289168    2.100583e-09      0.24446637       113.41359      0.14806447      0.75547287      0.24572755      0.24705875       2.5022496       7.8221354       84.660299       3.8675318        3.8675318       84.660299                                84.660299
              1       45.155753     0.022012569      0.12524618     0.010402137      -1.9095554       1.8693039    2.100583e-09      0.24869371       112.56577      0.14790294      0.75124441      0.24570045      0.24703155        2.513711       7.8312754       82.576443       3.8675318        3.8675318       82.576443                                82.576443
              2       44.782586     0.021820736      0.12582327      0.01040401      -1.9661563       1.9349156    2.100583e-09      0.24289555       114.09342       0.1482882      0.75704417      0.24561635      0.24694713       2.5499281       7.8813102       81.830108       3.8675318        3.8675318       81.830108                                81.830108
              3        45.24126     0.021866104      0.12570245     0.010405303      -1.9505645       1.9089474    2.100583e-09      0.24392426       113.82953      0.14821275      0.75601517      0.24563623      0.24696709       2.5412921       7.8689378       82.747456       3.8675318        3.8675318       82.747456                                82.747456
              1       44.598117     0.021722721      0.12561195     0.010403539      -1.9408582       1.9214472    2.100583e-09      0.24690991       113.12448      0.14797887      0.75302869      0.24557321      0.24690384       2.5687362       7.9058156        81.46117       3.8675318        3.8675318        81.46117                                 81.46117
              1       44.118702     0.021755305      0.12574251     0.010402112      -1.9378898       1.9175839    2.100583e-09      0.24831871       112.81447      0.14814201       0.7516196      0.24558759      0.24691827       2.5624608       7.8999071        80.50234       3.8675318        3.8675318        80.50234                                 80.50234
              1       44.113163     0.021746725      0.12579263     0.010402098       -1.934458       1.9089527    2.100583e-09      0.24916105       112.65334      0.14818354      0.75077707       0.2455838      0.24691447       2.5641111       7.9021482       80.491262       3.8675318        3.8675318       80.491262                                80.491262
              3       44.215871     0.021736813      0.12617351     0.010404476      -1.8907136       1.8725392    2.100583e-09      0.25798136       110.74249      0.14855451      0.74195472      0.24557943      0.24691009       2.5660193       7.9170519       80.696678       3.8675318        3.8675318       80.696678                                80.696678
              4       44.322173     0.021833215      0.12456785     0.010404827      -1.7644233       1.7510409    2.100583e-09      0.27163962       107.50338      0.14704526       0.7282924      0.24562182      0.24695263       2.5475483       7.8865192       80.909283       3.8675318        3.8675318       80.909283                                80.909283
             16       44.619472     0.021789639      0.12489204     0.010404937      -1.7762943       1.7495038    2.100583e-09      0.27149453       107.68378      0.14732587      0.72843766      0.24560269      0.24693343        2.555873        7.896789       81.503881       3.8675318        3.8675318       81.503881                                81.503881
              1       45.409556     0.021924773      0.12545027     0.010406201      -1.8160258       1.7272346    2.100583e-09      0.26308347       109.58674      0.14801923      0.73685112      0.24566193      0.24699288       2.5301891       7.8581898       83.084048       3.8675318        3.8675318       83.084048                                83.084048
              4       49.246821     0.021861174      0.12574709     0.010410509      -1.8176909       1.7361603    2.100583e-09      0.26384849       109.50101      0.14825246      0.73608601      0.24563407      0.24696493       2.5422284       7.8795636       90.758579       3.8675318        3.8675318       90.758579                                90.758579
              1        47.43987       0.0219827      0.12566038     0.010409191      -1.8445797       1.7826066    2.100583e-09       0.2593208       110.35497      0.14828728      0.74061484      0.24568733      0.24701837       2.5192986       7.8495762       87.144676       3.8675318        3.8675318       87.144676                                87.144676
              7       47.513957     0.022009431      0.12544841     0.010409149      -1.8203166       1.7499651    2.100583e-09      0.26201527        109.7457      0.14810203      0.73791962      0.24569907      0.24703016       2.5142972       7.8413879        87.29285       3.8675318        3.8675318        87.29285                                 87.29285
              2       46.612682     0.021962069      0.12522061     0.010408119      -1.7541371       1.7060358    2.100583e-09      0.27489357       107.06246      0.14782687      0.72503799      0.24567827      0.24700929       2.5231691       7.8602403       85.490301       3.8675318        3.8675318       85.490301                                85.490301
              5       45.513689     0.021947824      0.12525413     0.010407274      -1.7738539       1.7322134    2.100583e-09      0.27190004       107.64943      0.14784614      0.72803227      0.24567203      0.24700302        2.525847       7.8627586       83.292315       3.8675318        3.8675318       83.292315                                83.292315
             10       45.343581     0.021903189      0.12559586      0.01040646      -1.7912594       1.7435987    2.100583e-09      0.27074624       107.98273      0.14814324       0.7291865      0.24565247      0.24698339       2.5342653       7.8749411       82.952099       3.8675318        3.8675318       82.952099                                82.952099
              3       45.424667     0.021847344      0.12603085     0.010405203      -1.8103972       1.7530098    2.100583e-09      0.26979147       108.30441      0.14852239      0.73014168      0.24562801      0.24695884       2.5448579       7.8905238        83.11427       3.8675318        3.8675318        83.11427                                 83.11427
              3       44.106971     0.021939587      0.12451097     0.010406165      -1.7701509       1.7304512    2.100583e-09      0.26919551       108.05143      0.14709475      0.73073714      0.24566842       0.2469994       2.5273973       7.8540255       80.478879       3.8675318        3.8675318       80.478879                                80.478879
              6       43.944157     0.021881973      0.12472988     0.010406122      -1.7983079       1.7601531    2.100583e-09      0.26547709       108.87627      0.14725605      0.73445656      0.24564318      0.24697407       2.5382818       7.8676876        80.15325       3.8675318        3.8675318        80.15325                                 80.15325
              9       44.728757     0.021965183       0.1259662     0.010402786      -1.8874949       1.8332089    2.100583e-09      0.25575291       111.18074      0.14857558      0.74418374      0.24567964      0.24701066       2.5225844       7.8535931        81.72245       3.8675318        3.8675318        81.72245                                 81.72245
              5       45.376635     0.021970584      0.12563155     0.010403158      -1.9635074       1.9559418    2.100583e-09      0.24185969       114.14488      0.14824633      0.75808027      0.24568201      0.24701304       2.5215705       7.8474134       83.018205       3.8675318        3.8675318       83.018205                                83.018205
             11        45.27519     0.021948062      0.12583223     0.010403257      -1.9730656       1.9646284    2.100583e-09      0.24143083       114.30338      0.14842448      0.75850931      0.24567213      0.24700312       2.5258023       7.8545991       82.815316       3.8675318        3.8675318       82.815316                                82.815316
             12       45.803065     0.021907946      0.12583122     0.010402499      -1.9998462       1.9914212    2.100583e-09      0.23757216       115.25922      0.14838336      0.76236891      0.24565456      0.24698549       2.5333661       7.8610515       83.871066       3.8675318        3.8675318       83.871066                                83.871066
              2       47.393792     0.021787848      0.12586769     0.010398017      -1.8348117       1.7749875    2.100583e-09      0.26699105       108.88021      0.14829973       0.7329427      0.24560191      0.24693264        2.556216       7.8973558       87.052521       3.8675318        3.8675318       87.052521                                87.052521
              4       47.187318     0.021711655       0.1263342     0.010398964      -1.8465745       1.7947157    2.100583e-09      0.26786862       108.80617      0.14869005      0.73206508      0.24556832      0.24689893       2.5708727       7.9229436       86.639572       3.8675318        3.8675318       86.639572                                86.639572
              3       47.006381     0.021712225      0.12630018     0.010399055      -1.8477624       1.7989928    2.100583e-09       0.2675667       108.85474      0.14865659      0.73236706      0.24556857      0.24689918       2.5707627       7.9226839       86.277698       3.8675318        3.8675318       86.277698                                86.277698
              3       46.043335     0.021777694      0.12573792     0.010399612      -1.8253819        1.769845    2.100583e-09      0.26778453       108.68959       0.1481598      0.73214895      0.24559744      0.24692816       2.5581621       7.8998511       84.351606       3.8675318        3.8675318       84.351606                                84.351606
             10       45.901709     0.021754633      0.12629327     0.010401534      -1.8309702       1.7482625    2.100583e-09      0.26771642       108.85676       0.1486921      0.73221732      0.24558729      0.24691797       2.5625899       7.9096224       84.068354       3.8675318        3.8675318       84.068354                                84.068354
              2       46.204599     0.021760758      0.12633369     0.010401282      -1.8260333       1.7415153    2.100583e-09       0.2687582       108.65147      0.14873864       0.7311753      0.24558999      0.24692068       2.5614128       7.9089804       84.674135       3.8675318        3.8675318       84.674135                                84.674135
              4       44.452272      0.02189279      0.12564182     0.010402062      -1.8604342       1.7883414    2.100583e-09      0.25860876       110.56523       0.1481788      0.74132701      0.24564792      0.24697882       2.5362327       7.8655179        81.16948       3.8675318        3.8675318        81.16948                                 81.16948
              6       44.433781     0.021899464      0.12564704     0.010402211      -1.8604475       1.7889011    2.100583e-09      0.25857738       110.56898       0.1481907       0.7413584      0.24565084      0.24698176       2.5349699       7.8641425       81.132498       3.8675318        3.8675318       81.132498                                81.132498
              3       43.465862     0.021850633      0.12520961     0.010404363      -1.8421834       1.8070244    2.100583e-09      0.26072717       109.97121      0.14770444      0.73920787      0.24562945      0.24696029       2.5442322       7.8774165        79.19666       3.8675318        3.8675318        79.19666                                 79.19666
              4       43.521576     0.021857947      0.12513479      0.01040456      -1.8335697       1.7960557    2.100583e-09      0.26173027       109.74774      0.14763693      0.73820449      0.24563266      0.24696351       2.5428416       7.8751345       79.308089       3.8675318        3.8675318       79.308089                                79.308089
              5        44.06809     0.021875279      0.12569824     0.010403765      -1.9352279       1.9082014    2.100583e-09      0.24724953       113.01345      0.14821771      0.75268907      0.24564025      0.24697113       2.5395509       7.8702979       80.401117       3.8675318        3.8675318       80.401117                                80.401117
             25       45.195995     0.021895944      0.12588988     0.010404665      -1.9730355       1.9510166    2.100583e-09       0.2416091       114.34759      0.14843001        0.758331       0.2456493      0.24698021       2.5356358       7.8655824       82.656926       3.8675318        3.8675318       82.656926                                82.656926
              4       45.268389       0.0219438       0.1266116      0.01040427      -1.9356271       1.9094575    2.100583e-09      0.25130812       112.23059      0.14919959      0.74862989      0.24567027      0.24700125       2.5266041       7.8684781       82.801714       3.8675318        3.8675318       82.801714                                82.801714
              3       45.496916     0.021876967      0.12700561     0.010403782      -1.9442394       1.8996399    2.100583e-09      0.25198091       112.23364      0.14952677      0.74795708      0.24564099      0.24697187       2.5392307       7.8864144       83.258769       3.8675318        3.8675318       83.258769                                83.258769
             13       45.511525     0.021842323       0.1271542     0.010403313      -1.9472325       1.9013629    2.100583e-09      0.25256569       112.15033      0.14964072       0.7473722      0.24562581      0.24695663       2.5458135       7.8963425       83.287986       3.8675318        3.8675318       83.287986                                83.287986
              2       45.661438     0.021819317      0.12721304     0.010403588      -1.9508728       1.8943717    2.100583e-09      0.25187856       112.34438      0.14967655      0.74805951      0.24561572      0.24694651        2.550199       7.9009627       83.587811       3.8675318        3.8675318       83.587811                                83.587811
              1       45.493905     0.021847523      0.12707297     0.010403632      -1.9765066       1.9308857    2.100583e-09      0.24711622       113.36831      0.14956469      0.75282297      0.24562809      0.24695892       2.5448238       7.8912055       83.252747       3.8675318        3.8675318       83.252747                                83.252747
              2       44.420038     0.021902639      0.12610165     0.010401106      -1.9215794       1.9133671    2.100583e-09      0.25226582       111.86954      0.14864849      0.74767172      0.24565223      0.24698315       2.5343694       7.8745078       81.105012       3.8675318        3.8675318       81.105012                                81.105012
              1       44.343743     0.021886083      0.12600541     0.010400782       -1.921314       1.9061102    2.100583e-09      0.25210142        111.9263      0.14853569      0.74783612      0.24564498      0.24697588       2.5375029       7.8754602       80.952422       3.8675318        3.8675318       80.952422                                80.952422
              3       44.313138     0.021949906      0.12563635     0.010401259      -1.8923623       1.8700767    2.100583e-09       0.2546328       111.28595      0.14823045      0.74530398      0.24567294      0.24700394       2.5254553       7.8567333       80.891212       3.8675318        3.8675318       80.891212                                80.891212
              3       45.197495     0.021823147      0.12607578     0.010400142      -1.9387944        1.876619    2.100583e-09      0.24881217       112.83163      0.14854311      0.75112619       0.2456174       0.2469482       2.5494682       7.8819472       82.659927       3.8675318        3.8675318       82.659927                                82.659927
              5       44.885033     0.021988647      0.12415884     0.010403781      -1.8201347       1.7563002    2.100583e-09        0.257576       110.45083      0.14679168      0.74235942      0.24568994      0.24702099       2.5181846        7.826309       82.035002       3.8675318        3.8675318       82.035002                                82.035002
              1       45.532354     0.022107572      0.12280907      0.01040362      -1.7297814       1.7060688    2.100583e-09      0.26810763       107.79815      0.14556083      0.73182459      0.24574224      0.24707349       2.4960629       7.7981433       83.329645       3.8675318        3.8675318       83.329645                                83.329645
              5       47.384016       0.0219175      0.12331734     0.010406661       -1.650161       1.6315265    2.100583e-09      0.28628843        104.4167      0.14587903      0.71363935      0.24565874      0.24698969       2.5315616       7.8636671       87.032969       3.8675318        3.8675318       87.032969                                87.032969
              2       46.987717     0.021943584       0.1245022     0.010406105       -1.688064       1.6370024    2.100583e-09      0.28463563       105.08609      0.14708998      0.71529315      0.24567017      0.24700116       2.5266448        7.861021        86.24037       3.8675318        3.8675318        86.24037                                 86.24037
              5       47.614032     0.021826238      0.12524989      0.01040915      -1.7627651       1.7006125    2.100583e-09      0.27325361        107.4866      0.14772032      0.72667832      0.24561876      0.24694956       2.5488785       7.8891238          87.493       3.8675318        3.8675318          87.493                                   87.493
              1       47.427226     0.021836074      0.12435004     0.010409147      -1.7269754       1.6694438    2.100583e-09      0.27560517       106.84376      0.14683031      0.72432575      0.24562307      0.24695389       2.5470036       7.8783308       87.119388       3.8675318        3.8675318       87.119388                                87.119388
              2       45.529014     0.022015506      0.12380847     0.010408914      -1.7643049       1.7630622    2.100583e-09       0.2648641       108.55917      0.14646817      0.73506935      0.24570174      0.24703284       2.5131625       7.8373463       83.322964       3.8675318        3.8675318       83.322964                                83.322964
              9       46.030469     0.022098177      0.12349958     0.010409016      -1.7557988         1.75455    2.100583e-09      0.26435289       108.56115      0.14624194      0.73558058      0.24573812      0.24706935          2.4978       7.8149766       84.325874       3.8675318        3.8675318       84.325874                                84.325874
              3       45.743863     0.022057847      0.12363152     0.010408604      -1.7842007       1.7823891    2.100583e-09      0.26026353       109.48127      0.14633356      0.73967102      0.24572038      0.24705154       2.5052767        7.821819       83.752663       3.8675318        3.8675318       83.752663                                83.752663
              1       47.055996      0.02195506      0.12299712     0.010409767      -1.7158986       1.7118203    2.100583e-09      0.26999145        107.3832      0.14559637       0.7299403       0.2456752       0.2470062       2.5244862       7.8458397       86.376928       3.8675318        3.8675318       86.376928                                86.376928
              2       47.052018      0.02196949      0.12281004     0.010409615      -1.7072057       1.7007563    2.100583e-09      0.27080737       107.19202      0.14542372      0.72912409      0.24568153      0.24701256        2.521776       7.8401992       86.368973       3.8675318        3.8675318       86.368973                                86.368973
              1       47.072395     0.021964993      0.12280962     0.010409608      -1.7091184       1.7020464    2.100583e-09      0.27051039       107.25924      0.14541881      0.72942115      0.24567956      0.24701058       2.5226201       7.8407232       86.409727       3.8675318        3.8675318       86.409727                                86.409727
              1       45.713026     0.021850228      0.12358036     0.010405417      -1.7159846       1.6667212    2.100583e-09      0.27517519       106.75735      0.14607478      0.72475548      0.24562928      0.24696011       2.5443092       7.8655225       83.690989       3.8675318        3.8675318       83.690989                                83.690989
              2       46.411573     0.021908018      0.12292246     0.010405254      -1.6852762       1.6356504    2.100583e-09      0.27750653       106.15517      0.14547467      0.72242326      0.24565459      0.24698552       2.5333526       7.8460811       85.088083       3.8675318        3.8675318       85.088083                                85.088083
              4       45.862221     0.022072645      0.12263723     0.010406812      -1.6899372       1.6486571    2.100583e-09      0.27400061        106.6777      0.14535406      0.72593002      0.24572689      0.24705808       2.5025294       7.8054949       83.989378       3.8675318        3.8675318       83.989378                                83.989378
              1       45.605838     0.022063091      0.12299496     0.010407361      -1.6892004       1.6542946    2.100583e-09      0.27597899       106.33642      0.14570224      0.72395131      0.24572268      0.24705386       2.5043025       7.8148713       83.476613       3.8675318        3.8675318       83.476613                                83.476613
              2       45.635832     0.022063479      0.12293102     0.010406946      -1.6785257       1.6523119    2.100583e-09      0.27790092       105.90807      0.14563869      0.72202885      0.24572285      0.24705403       2.5042306       7.8176403       83.536601       3.8675318        3.8675318       83.536601                                83.536601
              8       46.496822     0.022116914       0.1221838     0.010407092      -1.6867435       1.6867281    2.100583e-09      0.27092252       106.91172      0.14494491      0.72900869      0.24574634      0.24707761       2.4943377       7.8020273        85.25858       3.8675318        3.8675318        85.25858                                 85.25858
             10       45.861072     0.021990759      0.12307416     0.010407178      -1.6751855       1.6580248    2.100583e-09      0.27944971       105.61599      0.14570911      0.72047971      0.24569087      0.24702193       2.5177892       7.8398444       83.987081       3.8675318        3.8675318       83.987081                                83.987081
              1       45.354619      0.02201477      0.12293816     0.010406385      -1.6869246       1.6743442    2.100583e-09      0.27638563       106.14089      0.14559712      0.72354451      0.24570142      0.24703252       2.5132999       7.8317642       82.974174       3.8675318        3.8675318       82.974174                                82.974174
              2       45.244884     0.021881562      0.12416294     0.010403346       -1.741149       1.6667255    2.100583e-09      0.27247266       107.44235       0.1466887      0.72745898        0.245643      0.24697389       2.5383596       7.8585027       82.754705       3.8675318        3.8675318       82.754705                                82.754705
              2       44.126579     0.021816777      0.12504007     0.010403213      -1.8179067       1.7563036    2.100583e-09      0.26383204       109.36704      0.14750104      0.73610213      0.24561461      0.24694539       2.5506839       7.8805285       80.518095       3.8675318        3.8675318       80.518095                                80.518095
              9       44.205899     0.021827895      0.12493849     0.010403449       -1.809716       1.7445224    2.100583e-09      0.26447542       109.21562      0.14741058      0.73545855      0.24561949      0.24695029       2.5485624       7.8767141       80.676734       3.8675318        3.8675318       80.676734                                80.676734
              1       43.909925     0.021827191      0.12520311     0.010404346      -1.8178921       1.7661886    2.100583e-09      0.26473353       109.18387       0.1476745       0.7352005      0.24561918      0.24694998       2.5486968       7.8825327       80.084787       3.8675318        3.8675318       80.084787                                80.084787
              2       44.237391     0.021845774      0.12483426     0.010404858      -1.7824641       1.7298269    2.100583e-09      0.26906138       108.22095      0.14732423       0.7308714      0.24562732      0.24695815       2.5451565       7.8765472       80.739718       3.8675318        3.8675318       80.739718                                80.739718
              3       44.380193      0.02207903       0.1238663     0.010404828      -1.7509955       1.7481457    2.100583e-09      0.26857328       107.79312      0.14658952       0.7313593       0.2457297       0.2470609       2.5013454       7.8238478       81.025322       3.8675318        3.8675318       81.025322                                81.025322
              1       44.271487     0.022073643      0.12414293     0.010404494      -1.7663336        1.762471    2.100583e-09      0.26736603       108.10938      0.14686076      0.73256697      0.24572733      0.24705852       2.5023442       7.8265754        80.80791       3.8675318        3.8675318        80.80791                                 80.80791
              5       48.694387     0.022020098      0.12358583     0.010397896      -1.8089609       1.7927631    2.100583e-09      0.25946551       109.76957      0.14625012      0.74046919      0.24570376      0.24703487       2.5123056        7.819782       89.653711       3.8675318        3.8675318       89.653711                                89.653711
             11       48.315465      0.02200723      0.12363564      0.01039815      -1.8153241       1.7907024    2.100583e-09      0.25862136       110.00673      0.14628706      0.74131358       0.2456981      0.24702919       2.5147083       7.8207687       88.895867       3.8675318        3.8675318       88.895867                                88.895867
              1       48.157725     0.021824966      0.12751367     0.010398691      -2.0355158       1.9608723    2.100583e-09      0.24021077       115.12784      0.14998283      0.75973029       0.2456182        0.246949        2.549121       7.8938458       88.580387       3.8675318        3.8675318       88.580387                                88.580387
              1       46.908386     0.021805082      0.12727442     0.010400938      -1.9308604       1.8150059    2.100583e-09       0.2531131       112.14201      0.14972369      0.74682468      0.24560948      0.24694024       2.5529181        7.899514       86.081708       3.8675318        3.8675318       86.081708                                86.081708
              4       47.161947     0.021750885       0.1265609     0.010403225      -1.9529913       1.8242957    2.100583e-09      0.24447996       114.00697      0.14895598      0.75545964      0.24558564      0.24691632       2.5633108       7.8984811        86.58883       3.8675318        3.8675318        86.58883                                 86.58883
              9       45.856559     0.021714832      0.12667509     0.010400443      -1.8897926       1.8109593    2.100583e-09      0.26005501       110.53848      0.14903412      0.73988077      0.24556972      0.24690034       2.5702592       7.9195665       83.978055       3.8675318        3.8675318       83.978055                                83.978055
              5       43.812239     0.021875738      0.12510713     0.010402874      -1.8094678       1.7670323    2.100583e-09      0.26629724       108.79709      0.14762706      0.73363637      0.24564045      0.24697133       2.5394639       7.8719374       79.889414       3.8675318        3.8675318       79.889414                                79.889414
              6       43.581533     0.021912636      0.12499393     0.010404028      -1.8110149       1.7688929    2.100583e-09      0.26485502       109.05473      0.14755075      0.73507892      0.24565661      0.24698755         2.53248       7.8617182       79.428002       3.8675318        3.8675318       79.428002                                79.428002
             10       44.193241     0.022010454      0.12386577     0.010403709      -1.8108785       1.8027823    2.100583e-09      0.25863127       109.95615      0.14652041      0.74130377      0.24569952      0.24703061       2.5141061       7.8295738       80.651418       3.8675318        3.8675318       80.651418                                80.651418
              8       44.322473     0.021916551      0.12557074     0.010403294      -1.8532689       1.7819155    2.100583e-09      0.25902836       110.44945      0.14813148      0.74090729      0.24565833      0.24698927       2.5317409       7.8599688       80.909882       3.8675318        3.8675318       80.909882                                80.909882
              3       46.919755     0.022228143      0.12455655     0.010405818      -1.8078088       1.7859531    2.100583e-09      0.26105762       109.54262      0.14742889      0.73887721      0.24579477      0.24712621       2.4739296       7.7873349       86.104446       3.8675318        3.8675318       86.104446                                86.104446
              2       47.331348     0.022262859      0.12401012     0.010406716      -1.7532351       1.7216073    2.100583e-09      0.26791622       108.03447      0.14691717      0.73201667       0.2458097      0.24714119         2.46761       7.7761909       86.927632       3.8675318        3.8675318       86.927632                                86.927632
              4       47.089393     0.022227593      0.12447657     0.010406617      -1.7813972       1.7448452    2.100583e-09      0.26516734       108.72437      0.14734835      0.73476643      0.24579453      0.24712597       2.4740299        7.786447       86.443722       3.8675318        3.8675318       86.443722                                86.443722
              4        45.48533     0.022163734      0.12446493     0.010405558      -1.7828172       1.7607171    2.100583e-09      0.26567651       108.58826      0.14727286       0.7342571      0.24576683      0.24709817       2.4857172       7.8037115       83.235597       3.8675318        3.8675318       83.235597                                83.235597
              4       45.167242     0.022136989      0.12359774     0.010406463        -1.78014       1.7532964    2.100583e-09      0.26165967       109.29093      0.14637892      0.73827455      0.24575514      0.24708644        2.490636       7.7963198        82.59942       3.8675318        3.8675318        82.59942                                 82.59942
              6       45.160323     0.022132486      0.12358663     0.010406423      -1.7803159       1.7510773    2.100583e-09      0.26159143       109.31571       0.1463633      0.73834279      0.24575317      0.24708446       2.4914657       7.7965903       82.585582       3.8675318        3.8675318       82.585582                                82.585582
              2       44.730257     0.022078506       0.1244263       0.0104048      -1.8480086       1.8228713    2.100583e-09      0.25437197       111.05054      0.14714899      0.74556441      0.24572947      0.24706067       2.5014426       7.8138158       81.725451       3.8675318        3.8675318       81.725451                                81.725451
              5       44.678404     0.022058387      0.12453833     0.010404979      -1.8598563       1.8360923    2.100583e-09      0.25292063       111.39831      0.14724091      0.74701615      0.24572061      0.24705178       2.5051763       7.8190924       81.621744       3.8675318        3.8675318       81.621744                                81.621744
              1        43.93485     0.022021818      0.12497526      0.01040333      -1.8355612       1.8196928    2.100583e-09      0.26012548       109.89737      0.14764127      0.73980968      0.24570452      0.24703563       2.5119845       7.8384316       80.134637       3.8675318        3.8675318       80.134637                                80.134637
             27       43.934647     0.022010822      0.12478624     0.010402649      -1.8301302        1.809483    2.100583e-09      0.26043924       109.82119      0.14744125      0.73949575      0.24569968      0.24703077       2.5140373       7.8375334       80.134231       3.8675318        3.8675318       80.134231                                80.134231
              2       44.589737     0.022082375      0.12383778     0.010403521      -1.8020867       1.7893068    2.100583e-09      0.25986022       109.67989      0.14656435      0.74007453      0.24573117      0.24706238       2.5007254       7.8124027        81.44441       3.8675318        3.8675318        81.44441                                 81.44441
              3       44.614621     0.022101862      0.12357389     0.010403864      -1.7743542       1.7570134    2.100583e-09      0.26352818       108.86561      0.14631994      0.73640554      0.24573973      0.24707097       2.4971185       7.8064954       81.494178       3.8675318        3.8675318       81.494178                                81.494178
              1       44.141542     0.022001008      0.12404323     0.010403741      -1.7958948       1.7497001    2.100583e-09      0.26218388       109.40205      0.14668843      0.73775034      0.24569537      0.24702644       2.5158715       7.8275992       80.548021       3.8675318        3.8675318       80.548021                                80.548021
              5       45.594006     0.021631656      0.12620825      0.01040127      -1.8974593       1.8362137    2.100583e-09      0.25744974       111.02812       0.1484841      0.74248645      0.24553275      0.24686324       2.5863977       7.9340593       83.452949       3.8675318        3.8675318       83.452949                                83.452949
              3       45.629891     0.021632295      0.12609808     0.010401236      -1.8972863       1.8342321    2.100583e-09      0.25681908       111.14693      0.14837457      0.74311722      0.24553304      0.24686352       2.5862732       7.9319325       83.524718       3.8675318        3.8675318       83.524718                                83.524718
              5       46.410269     0.021618319      0.12679013     0.010401523      -1.9268121       1.8286399    2.100583e-09      0.25334743       112.08023      0.14905264      0.74659002      0.24552678      0.24685725       2.5889996       7.9390222       85.085475       3.8675318        3.8675318       85.085475                                85.085475
              9       46.206868     0.021630354      0.12719167      0.01040286       -1.954079       1.8732762    2.100583e-09      0.25138913       112.57077      0.14946622      0.74854897      0.24553217      0.24686265       2.5866516       7.9423644       84.678672       3.8675318        3.8675318       84.678672                                84.678672
              9       46.957028     0.021706359      0.12683623     0.010399163      -1.9158987       1.8049334    2.100583e-09      0.25483981       111.72593      0.14918678      0.74509733      0.24556597      0.24689658       2.5718963       7.9176145       86.178992       3.8675318        3.8675318       86.178992                                86.178992
              3       47.940712     0.021695487      0.12797679     0.010401936      -1.9527687       1.8264241    2.100583e-09      0.25285687       112.38231      0.15031647      0.74708122      0.24556116      0.24689175        2.573999       7.9341279        88.14636       3.8675318        3.8675318        88.14636                                 88.14636
              2       47.760897     0.021769625      0.12638496      0.01040486      -1.8329285       1.6592079    2.100583e-09      0.26013108       110.49292      0.14879877      0.73980458      0.24559389       0.2469246       2.5597101       7.8970832        87.78673       3.8675318        3.8675318        87.78673                                 87.78673
              6       46.833967     0.021807198      0.12603034     0.010405002      -1.8324083       1.6856798    2.100583e-09      0.26008473       110.41483      0.14848173      0.73985081       0.2456104      0.24694117       2.5525138       7.8856511       85.932871       3.8675318        3.8675318       85.932871                                85.932871
              4       46.430969     0.021785784      0.12625054     0.010404482      -1.8556582       1.7200165    2.100583e-09      0.25826496       110.84934      0.14868051      0.74167111        0.245601      0.24693173       2.5566114       7.8932013       85.126875       3.8675318        3.8675318       85.126875                                85.126875
              1       46.163057     0.021807998      0.12639735     0.010403351      -1.8637319       1.7307421    2.100583e-09      0.25803992       110.91289      0.14884954      0.74189628      0.24561076      0.24694152       2.5523609       7.8895562       84.591051       3.8675318        3.8675318       84.591051                                84.591051
              2       46.221988     0.021800372      0.12618415      0.01040289      -1.8535441        1.714042    2.100583e-09      0.25842251       110.79836      0.14862872       0.7415135      0.24560741      0.24693816       2.5538189        7.888113       84.708912       3.8675318        3.8675318       84.708912                                84.708912
              4       45.423133     0.021794562      0.12582509     0.010402817      -1.8476455       1.7344183    2.100583e-09      0.25952093       110.48852      0.14826384      0.74041465      0.24560486       0.2469356       2.5549305       7.8875041       83.111202       3.8675318        3.8675318       83.111202                                83.111202
              2        45.36916     0.021820811      0.12564483     0.010403313      -1.8418225       1.7291953    2.100583e-09      0.25934003       110.48165      0.14810983      0.74059553      0.24561638      0.24694717       2.5499139       7.8792278       83.003257       3.8675318        3.8675318       83.003257                                83.003257
              1       45.513031     0.021830449      0.12572523     0.010405336      -1.8346034        1.730587    2.100583e-09      0.26095915       110.14138      0.14819987      0.73897605      0.24562061      0.24695141       2.5480756       7.8804594       83.290998       3.8675318        3.8675318       83.290998                                83.290998
              3       45.805486     0.021685284      0.12579708     0.010404953      -1.9041118       1.8309365    2.100583e-09      0.25204921       112.12855      0.14812655      0.74788817      0.24555663       0.2468872        2.575975       7.9132787       83.875909       3.8675318        3.8675318       83.875909                                83.875909
              1       45.740351     0.021779156      0.12450602     0.010406044      -1.8369966       1.7755405    2.100583e-09       0.2569544       110.74376      0.14692937      0.74298124      0.24559808      0.24692881       2.5578818        7.879791       83.745639       3.8675318        3.8675318       83.745639                                83.745639
              1       45.210203     0.021789052       0.1243395     0.010402683      -1.7827954        1.719197    2.100583e-09      0.26690026       108.61993      0.14677274      0.73303282      0.24560243      0.24693317       2.5559854       7.8798049       82.685342       3.8675318        3.8675318       82.685342                                82.685342
              8       45.017548      0.02174207      0.12566632     0.010403524      -1.8088504       1.7610968    2.100583e-09      0.26975048       108.27368      0.14805258      0.73018247      0.24558175      0.24691241       2.5650071       7.9113366       82.300033       3.8675318        3.8675318       82.300033                                82.300033
              4       43.928542     0.021961029      0.12478731     0.010405874       -1.786411       1.7547901    2.100583e-09      0.26771603       108.36692      0.14739253      0.73221713      0.24567782      0.24700883       2.5233646       7.8528402        80.12202       3.8675318        3.8675318        80.12202                                 80.12202
              2       43.830615     0.021965462      0.12489366     0.010405825      -1.8000305        1.771027    2.100583e-09      0.26577155       108.77521      0.14750332      0.73416214      0.24567976      0.24701078       2.5225319       7.8522886       79.926167       3.8675318        3.8675318       79.926167                                79.926167
             12       43.833595     0.021965721      0.12489466     0.010405825      -1.8000217       1.7709085    2.100583e-09      0.26577547        108.7749      0.14750457      0.73415822      0.24567988       0.2470109       2.5224834       7.8522206       79.932126       3.8675318        3.8675318       79.932126                                79.932126
              2       43.723132     0.021966905      0.12492378     0.010405568      -1.8034426       1.7810176    2.100583e-09      0.26540111       108.82985      0.14753488      0.73453269       0.2456804      0.24701142        2.522261       7.8533978       79.711201       3.8675318        3.8675318       79.711201                                79.711201
              1       44.159642     0.021777399      0.12476844     0.010402307      -1.8390793       1.8088391    2.100583e-09      0.26016699       110.02564      0.14719003      0.73976796      0.24559731      0.24692803       2.5582187       7.8887763        80.58422       3.8675318        3.8675318        80.58422                                 80.58422
              1       46.318402     0.021899832      0.12361499     0.010404342      -1.6809745       1.6458367    2.100583e-09      0.28265542       105.25457      0.14615901      0.71727341        0.245651      0.24698192       2.5349003       7.8622377        84.90174       3.8675318        3.8675318        84.90174                                 84.90174
              1       46.208546     0.021992345       0.1231279     0.010405063      -1.6671527       1.6209816    2.100583e-09      0.28186878       105.31174      0.14576444      0.71806005      0.24569156      0.24702262       2.5174923       7.8328451       84.682028       3.8675318        3.8675318       84.682028                                84.682028
              4       47.760162     0.021926668        0.122812     0.010408594       -1.657667       1.6152738    2.100583e-09      0.28156383       105.32185      0.14538286      0.71836489      0.24566276      0.24699372       2.5298318       7.8466003        87.78526       3.8675318        3.8675318        87.78526                                 87.78526
              2       46.893684     0.022120562       0.1223948     0.010406585      -1.6511164       1.6017808    2.100583e-09      0.28003233       105.47354      0.14515956      0.71989667      0.24574794      0.24707921       2.4936645       7.7943634       86.052304       3.8675318        3.8675318       86.052304                                86.052304
              4       45.658641     0.022033254       0.1243099     0.010406412      -1.8454253       1.7912055    2.100583e-09      0.25322025       111.38902      0.14698734      0.74671635      0.24570955      0.24704068       2.5098524       7.8176989       83.582218       3.8675318        3.8675318       83.582218                                83.582218
              8       44.852391     0.022030778      0.12350461     0.010406037      -1.7499756       1.6970873    2.100583e-09      0.26688712       108.32736      0.14617958      0.73304569      0.24570846      0.24703959       2.5103138       7.8174249       81.969719       3.8675318        3.8675318       81.969719                                81.969719
              1       44.400324     0.021857785      0.12412665     0.010403186      -1.8384654       1.8106142    2.100583e-09        0.256286       110.68933      0.14662862      0.74364967      0.24563259      0.24696344       2.5428724       7.8607881       81.065585       3.8675318        3.8675318       81.065585                                81.065585
              6       43.830476     0.021857708      0.12493867     0.010403786       -1.891506       1.8790524    2.100583e-09       0.2509367       111.97321      0.14744057      0.74900066      0.24563255       0.2469634        2.542887       7.8704245       79.925889       3.8675318        3.8675318       79.925889                                79.925889
              4       44.300226     0.021790269      0.12514888     0.010403156      -1.9180734       1.9072779    2.100583e-09      0.24805493       112.69902      0.14758334      0.75188321      0.24560297      0.24693371       2.5557523       7.8867232       80.865388       3.8675318        3.8675318       80.865388                                80.865388
              4       44.206826     0.021823795      0.12470631      0.01040403      -1.8832157       1.8658091    2.100583e-09      0.25135185       111.87143       0.1471743       0.7485853      0.24561769      0.24694848       2.5493444       7.8748008       80.678588       3.8675318        3.8675318       80.678588                                80.678588
              4       43.899811     0.021877151      0.12453166     0.010403752      -1.8594291       1.8304835    2.100583e-09      0.25433375       111.19173      0.14705301       0.7456026      0.24564107      0.24697195       2.5391959       7.8598889       80.064558       3.8675318        3.8675318       80.064558                                80.064558
              2       44.295761     0.021895339      0.12423791     0.010403828       -1.855307       1.8288327    2.100583e-09      0.25346895       111.30712      0.14677744      0.74646749      0.24564904      0.24697994       2.5357503       7.8521361       80.856458       3.8675318        3.8675318       80.856458                                80.856458
              2       44.500202     0.021884944      0.12411015     0.010405475      -1.7428786       1.7042206    2.100583e-09      0.27284562       107.26568      0.14663928       0.7270859      0.24564448      0.24697537       2.5377188        7.864252       81.265341       3.8675318        3.8675318       81.265341                                81.265341
              2       44.473743     0.021926506      0.12402974     0.010404899      -1.7330292       1.6943369    2.100583e-09       0.2742517       106.95377      0.14660043      0.72567946      0.24566269      0.24699364       2.5298624       7.8544508       81.212422       3.8675318        3.8675318       81.212422                                81.212422
              5       44.097432     0.021786133      0.12572126     0.010401031      -1.8936379       1.8562847    2.100583e-09      0.25564809       111.20567      0.14815159      0.74428841      0.24560115      0.24693189       2.5565446       7.8936756       80.459801       3.8675318        3.8675318       80.459801                                80.459801
              3       44.808476     0.021878846      0.12524686      0.01040025      -1.8311248       1.7855586    2.100583e-09      0.26376388       109.35753       0.1477699      0.73617043      0.24564181      0.24697269       2.5388744       7.8696582       81.881889       3.8675318        3.8675318       81.881889                                81.881889
              7       45.041456     0.021848784      0.12539563     0.010400185       -1.827516       1.7773975    2.100583e-09      0.26521898       109.10807       0.1478886      0.73471502      0.24562864      0.24695948       2.5445839       7.8786023       82.347848       3.8675318        3.8675318       82.347848                                82.347848
              8        44.92208     0.021845226      0.12536231     0.010400444      -1.8227514       1.7739535    2.100583e-09      0.26590694       108.95806      0.14785173      0.73402687      0.24562708      0.24695791       2.5452608       7.8797542       82.109097       3.8675318        3.8675318       82.109097                                82.109097
              1       44.904581     0.021845893      0.12539629     0.010400541      -1.8223454       1.7726358    2.100583e-09      0.26608807       108.92886      0.14788638      0.73384571      0.24562738      0.24695821       2.5451339       7.8800261       82.074099       3.8675318        3.8675318       82.074099                                82.074099
              6       44.851306     0.022002719      0.12462153     0.010402162      -1.8207739       1.7556485    2.100583e-09      0.26016334       109.98096      0.14726844      0.73977164      0.24569612       0.2470272       2.5155516       7.8294518       81.967548       3.8675318        3.8675318       81.967548                                81.967548
              1       44.934661     0.022066297       0.1239206     0.010404902      -1.8088529       1.7606787    2.100583e-09      0.25835217        110.1666      0.14663109      0.74158298      0.24572409      0.24705528       2.5037074       7.8090372       82.134258       3.8675318        3.8675318       82.134258                                82.134258
              2       44.244165     0.022000174      0.12403831     0.010406082      -1.7761466       1.7295102    2.100583e-09      0.26509825       108.79336      0.14668267      0.73483524        0.245695      0.24702608       2.5160275        7.830599       80.753266       3.8675318        3.8675318       80.753266                                80.753266
              1       44.757759     0.021750109       0.1253277     0.010404391      -1.9243841        1.895388    2.100583e-09       0.2477064       112.90213        0.147722      0.75223189       0.2455853      0.24691597         2.56346       7.8951003       81.780454       3.8675318        3.8675318       81.780454                                81.780454
              1       46.167705     0.021727421      0.12612527     0.010405235      -1.9567344       1.8871279    2.100583e-09      0.24467684        113.8485      0.14849688      0.75526252      0.24557529      0.24690593       2.5678296       7.9039381       84.600346       3.8675318        3.8675318       84.600346                                84.600346
              6       45.420701     0.021895537      0.12514676     0.010407318      -1.9034942       1.8773487    2.100583e-09      0.24865146       112.56707      0.14768649      0.75128658      0.24564912      0.24698003       2.5357128       7.8614276       83.106339       3.8675318        3.8675318       83.106339                                83.106339
              3       45.407611     0.021895087      0.12515117     0.010407332      -1.9029974       1.8771831    2.100583e-09      0.24876103       112.54198      0.14769045      0.75117698      0.24564893      0.24697983       2.5357981       7.8617216       83.080159       3.8675318        3.8675318       83.080159                                83.080159
              1       43.801287     0.021924822       0.1248274      0.01040402      -1.8815185       1.8689834    2.100583e-09      0.25162786       111.76208      0.14739642      0.74830931      0.24566195       0.2469929         2.53018       7.8541923       79.867511       3.8675318        3.8675318       79.867511                                79.867511
              1       43.800794      0.02192962      0.12483055     0.010404011      -1.8810463       1.8687646    2.100583e-09      0.25169578       111.74387      0.14740436      0.74824138      0.24566405      0.24699501       2.5292752       7.8532288       79.866525       3.8675318        3.8675318       79.866525                                79.866525
              3       44.119193     0.021901912      0.12472233     0.010401492      -1.8469068       1.8080817    2.100583e-09      0.25786491       110.47982      0.14726843      0.74207065      0.24565191      0.24698283       2.5345069       7.8559922       80.503323       3.8675318        3.8675318       80.503323                                80.503323
              4       44.099014     0.021888661       0.1248433     0.010401277      -1.8545979       1.8185768    2.100583e-09      0.25733377       110.61625      0.14737616      0.74260197      0.24564611      0.24697701       2.5370145       7.8605519       80.462964       3.8675318        3.8675318       80.462964                                80.462964
             10       44.892201     0.021854651      0.12484737          0.0104      -1.8187441       1.7982609    2.100583e-09      0.26460412       109.03167      0.14734621      0.73532979      0.24563121      0.24696206       2.5434682       7.8756862       82.049339       3.8675318        3.8675318       82.049339                                82.049339
             13       45.192665     0.021853352      0.12490604     0.010399585      -1.8215192       1.8000689    2.100583e-09      0.26454636       109.06067      0.14740359      0.73538759      0.24563065      0.24696149       2.5437151       7.8762226       82.650266       3.8675318        3.8675318       82.650266                                82.650266
              2       45.562696     0.021876465      0.12479089     0.010399185      -1.8202706       1.7922763    2.100583e-09      0.26413575       109.13991      0.14731155      0.73579827      0.24564077      0.24697165        2.539326       7.8676648       83.390327       3.8675318        3.8675318       83.390327                                83.390327
              4        44.13609      0.02189745      0.12527857     0.010402694      -1.8613517       1.7965585    2.100583e-09      0.25673885       110.88762      0.14782021      0.74319723      0.24564996      0.24698087       2.5353508       7.8599496       80.537116       3.8675318        3.8675318       80.537116                                80.537116
              6       44.113598     0.021888635       0.1252887     0.010402599      -1.8635637       1.7997597    2.100583e-09      0.25653286       110.93682      0.14782152      0.74340327       0.2456461        0.246977       2.5370196        7.862073       80.492132       3.8675318        3.8675318       80.492132                                80.492132
              7       44.708995     0.021974272      0.12510116     0.010405168      -1.8143982       1.7388232    2.100583e-09       0.2624423       109.61779      0.14771962      0.73749232      0.24568363      0.24701466       2.5208787       7.8431574       81.682926       3.8675318        3.8675318       81.682926                                81.682926
             10       44.253771     0.022017961      0.12421157     0.010406271      -1.7745148       1.7305574    2.100583e-09      0.26621998       108.57866      0.14687372      0.73371331      0.24570282      0.24703393       2.5127042       7.8298829       80.772478       3.8675318        3.8675318       80.772478                                80.772478
              9       44.925396     0.021728049      0.12663797     0.010403346      -1.8878176       1.8805322    2.100583e-09      0.26117377        110.1033      0.14901022      0.73876173      0.24557556       0.2469062       2.5677086       7.9286433       82.115728       3.8675318        3.8675318       82.115728                                82.115728
              3       44.462165     0.021746863      0.12614372     0.010403184      -1.8609305       1.8553574    2.100583e-09      0.26314409       109.56801      0.14853478      0.73679071      0.24558387      0.24691454       2.5640845       7.9201286       81.189266       3.8675318        3.8675318       81.189266                                81.189266
             15       44.483327      0.02175883      0.12607395     0.010403356      -1.8477804       1.8380851    2.100583e-09      0.26516543         109.146      0.14847698      0.73476885      0.24558914      0.24691983       2.5617834       7.9168091        81.23159       3.8675318        3.8675318        81.23159                                 81.23159
              3       43.786169     0.021799615       0.1258503     0.010402807      -1.8661634       1.8301032    2.100583e-09      0.26054372       110.16112       0.1482941      0.73939162      0.24560708      0.24693783       2.5539636       7.8960724       79.837275       3.8675318        3.8675318       79.837275                                79.837275
              5        44.00182     0.021779444      0.12515125     0.010402182      -1.8470641       1.8070772    2.100583e-09      0.26052579       110.05263      0.14757488      0.73940924      0.24559821      0.24692893       2.5578265       7.8913523       80.268576       3.8675318        3.8675318       80.268576                                80.268576
              5       44.012864     0.021800516      0.12518071     0.010401947      -1.8247802       1.7952545    2.100583e-09      0.26491583       109.09177      0.14762542      0.73501813      0.24560747      0.24693823       2.5537914       7.8913256       80.290665       3.8675318        3.8675318       80.290665                                80.290665
              9       44.260955     0.021806337       0.1252517     0.010402534      -1.8046351        1.775151    2.100583e-09      0.26874943       108.31307      0.14770223      0.73118361      0.24561003      0.24694079       2.5526783       7.8935952       80.786846       3.8675318        3.8675318       80.786846                                80.786846
              4       43.666356     0.021809677        0.125597     0.010403288       -1.842518       1.8309911    2.100583e-09      0.26336166       109.41465      0.14805086      0.73657288      0.24561149      0.24694226         2.55204       7.8976763       79.597648       3.8675318        3.8675318       79.597648                                79.597648
              4       44.028948     0.021767757      0.12623173     0.010402666      -1.8870291       1.8667267    2.100583e-09      0.25931203       110.46144      0.14864368      0.74062377      0.24559307      0.24692377       2.5600687       7.9101381       80.322832       3.8675318        3.8675318       80.322832                                80.322832
              1       44.080899      0.02178778      0.12608886     0.010403084      -1.8645641       1.8513157    2.100583e-09      0.26219654       109.77723      0.14852083      0.73773849      0.24560188      0.24693261       2.5562291       7.9073319       80.426734       3.8675318        3.8675318       80.426734                                80.426734
              2       44.005698     0.021748135       0.1255789     0.010403606      -1.8440672       1.8360043    2.100583e-09      0.26317233       109.46191      0.14797122      0.73676221      0.24558443       0.2469151       2.5638397       7.9127155       80.276332       3.8675318        3.8675318       80.276332                                80.276332
             10       44.457596     0.021716675      0.12589903      0.01040437      -1.8635966       1.8598019    2.100583e-09      0.26113698       109.94843       0.1482599       0.7387982      0.24557054      0.24690116       2.5699033       7.9239928       81.180129       3.8675318        3.8675318       81.180129                                81.180129
              1       44.064342     0.021830086      0.12579175     0.010405789      -1.8675197       1.8573804    2.100583e-09        0.258964       110.37108      0.14826603      0.74097173      0.24562045      0.24695125       2.5481447       7.8937946       80.393621       3.8675318        3.8675318       80.393621                                80.393621
              3       44.114419     0.021835204      0.12566573     0.010406073      -1.8577141       1.8478178    2.100583e-09      0.25990383       110.13919      0.14814512      0.74003161      0.24562269       0.2469535       2.5471693       7.8919694       80.493775       3.8675318        3.8675318       80.493775                                80.493775
             15       44.137149      0.02183752      0.12566068       0.0104061      -1.8576402        1.849959    2.100583e-09      0.25980657       110.14615      0.14814239      0.74012889      0.24562371      0.24695452       2.5467281       7.8918912       80.539235       3.8675318        3.8675318       80.539235                                80.539235
              6       43.714879     0.021840477       0.1257454     0.010405035      -1.8808621       1.8730745    2.100583e-09      0.25652081       110.87722      0.14823007      0.74341551        0.245625      0.24695582       2.5461649       7.8894113       79.694695       3.8675318        3.8675318       79.694695                                79.694695
              1       43.844053     0.021900965      0.12518663     0.010404528      -1.8475667       1.7921234    2.100583e-09      0.25858995       110.45117      0.14773179      0.74134563       0.2456515      0.24698242       2.5346859       7.8610756       79.953042       3.8675318        3.8675318       79.953042                                79.953042
              1       44.174698     0.021937082      0.12501132     0.010404424        -1.79049        1.731301    2.100583e-09      0.26776748       108.48942      0.14759259      0.73216575      0.24566732       0.2469983        2.527869       7.8556157       80.614332       3.8675318        3.8675318       80.614332                                80.614332
             11       45.026096     0.021764922       0.1254386     0.010401512      -1.8179377       1.7503475    2.100583e-09      0.26643045        108.9387      0.14784771      0.73350323      0.24559182      0.24692252       2.5606129       7.8975703       82.317128       3.8675318        3.8675318       82.317128                                82.317128
              1        45.01086     0.021824386      0.12485415      0.01040148      -1.7999077       1.7273132    2.100583e-09      0.26605309       108.88903      0.14732273      0.73388045      0.24561795      0.24694874       2.5492318       7.8756645       82.286656       3.8675318        3.8675318       82.286656                                82.286656
              2       45.127477     0.021900158      0.12525566     0.010401158      -1.8101119       1.7308797    2.100583e-09      0.26551185       109.04879      0.14780001      0.73442204      0.24565115      0.24698206       2.5348386       7.8618109       82.519891       3.8675318        3.8675318       82.519891                                82.519891
              1       45.586831     0.021877419      0.12531457     0.010400775      -1.8023511       1.7149507    2.100583e-09      0.26697458       108.77991      0.14783618      0.73295896      0.24564119      0.24697207       2.5391451       7.8675795       83.438598       3.8675318        3.8675318       83.438598                                83.438598
              1       46.984094     0.021996609      0.12423807     0.010400568      -1.7369541       1.6501408    2.100583e-09      0.27301564        107.3163      0.14687887      0.72691595      0.24569343       0.2470245       2.5166944       7.8305505       86.233124       3.8675318        3.8675318       86.233124                                86.233124
              2       47.737608     0.022034983      0.12468275     0.010400133      -1.7522155       1.6526256    2.100583e-09      0.27141087       107.71217      0.14736192      0.72852134      0.24571031      0.24704144       2.5095304       7.8245944       87.740153       3.8675318        3.8675318       87.740153                                87.740153
              3       48.663345     0.022087618      0.12425211     0.010399782      -1.7778257       1.6727334    2.100583e-09       0.2637814       109.16546      0.14698392      0.73615255      0.24573347      0.24706469       2.4997543       7.8021869       89.591626       3.8675318        3.8675318       89.591626                                89.591626
              1       48.630688     0.022058197      0.12416661     0.010399872      -1.7701475       1.6566083    2.100583e-09      0.26426836       109.06923      0.14686899      0.73566542      0.24572053       0.2470517       2.5052116       7.8073098       89.526311       3.8675318        3.8675318       89.526311                                89.526311
              1       49.376684     0.022063335      0.12403661     0.010399249      -1.7600368       1.6464417    2.100583e-09      0.26563066       108.76279      0.14674414      0.73430272      0.24572279      0.24705397       2.5042573       7.8050651       91.018305       3.8675318        3.8675318       91.018305                                91.018305
              2       50.402266     0.022189543      0.12423737     0.010400652      -1.7635293       1.6403715    2.100583e-09      0.26410236       109.06313       0.1470711      0.73583155      0.24577807      0.24710945        2.480984       7.7777684       93.069469       3.8675318        3.8675318       93.069469                                93.069469
              2       50.387968     0.022186264      0.12430287     0.010400536      -1.7661714        1.643336    2.100583e-09      0.26403053       109.09118      0.14713332      0.73590343      0.24577664      0.24710802       2.4815846       7.7792548       93.040873       3.8675318        3.8675318       93.040873                                93.040873
              2       50.695272      0.02216386      0.12454595     0.010399962      -1.8112491        1.689269    2.100583e-09      0.25743849       110.53592        0.147354      0.74249721      0.24576689      0.24709823        2.485694       7.7834623       93.655481       3.8675318        3.8675318       93.655481                                93.655481
              1       46.738805     0.021939841       0.1257816     0.010403864      -1.7628793       1.6587299    2.100583e-09      0.27423373       107.39695      0.14836563      0.72569825      0.24566853      0.24699951       2.5273495       7.8625953       85.742546       3.8675318        3.8675318       85.742546                                85.742546
              1       44.615864     0.021967337      0.12488026     0.010407486      -1.8074156       1.7691019    2.100583e-09      0.26365244        109.2437      0.14749179      0.73628177      0.24568058      0.24701161         2.52218       7.8492201       81.496664       3.8675318        3.8675318       81.496664                                81.496664
              1       44.864466     0.021943699      0.12602251     0.010406288      -1.8882974        1.867738    2.100583e-09      0.25580183       111.09566       0.1486104      0.74413483      0.24567022      0.24700121       2.5266232       7.8660693       81.993867       3.8675318        3.8675318       81.993867                                81.993867
              1       45.205645     0.021759469      0.12683775     0.010404852      -1.9673287       1.9248266    2.100583e-09      0.24768683       113.22828      0.14924141      0.75225209      0.24558942      0.24692011       2.5616606       7.9100302       82.676227       3.8675318        3.8675318       82.676227                                82.676227
             12       45.017475     0.021773471      0.12675666     0.010404922      -1.9607298       1.9228634    2.100583e-09      0.24840689       113.03075      0.14917433      0.75153183      0.24559558       0.2469263       2.5589721       7.9067577       82.299887       3.8675318        3.8675318       82.299887                                82.299887
              7       45.507764      0.02191724      0.12565421     0.010404565      -1.9631689       1.9254183    2.100583e-09      0.24163472       114.32803      0.14821564      0.75830529      0.24565863      0.24698957       2.5316106       7.8553465       83.280464       3.8675318        3.8675318       83.280464                                83.280464
              8       45.635793     0.021750537      0.12613136     0.010405449      -1.9864129       1.9761372    2.100583e-09      0.24129029       114.50201      0.14852608      0.75864992      0.24558549      0.24691616       2.5633776       7.9046326       83.536522       3.8675318        3.8675318       83.536522                                83.536522
              1       45.144469     0.021688593      0.12633304      0.01040245      -1.9799752       1.9341146    2.100583e-09      0.24405096       114.01886      0.14866582      0.75588862       0.2455581      0.24688868       2.5753339       7.9168762       82.553874       3.8675318        3.8675318       82.553874                                82.553874
              8       45.002319      0.02171563      0.12636477     0.010402623        -1.97511       1.9237013    2.100583e-09      0.24458613       113.89602      0.14872459      0.75535335      0.24557007      0.24690069       2.5701051       7.9106369       82.269575       3.8675318        3.8675318       82.269575                                82.269575
              7       47.202719      0.02212451      0.12429958      0.01040057      -1.8689008       1.8650807    2.100583e-09       0.2507844       111.70336      0.14706828      0.74915284      0.24574968      0.24708095       2.4929361       7.8026594       86.670374       3.8675318        3.8675318       86.670374                                86.670374
              4       46.217815     0.021938681      0.12333916     0.010401999      -1.7592089       1.6936733    2.100583e-09      0.26540736       108.67412      0.14592204      0.73452571      0.24566802        0.246999       2.5275679       7.8317126       84.700566       3.8675318        3.8675318       84.700566                                84.700566
              1       45.205876     0.021862605      0.12473774     0.010402411      -1.7597124       1.6855348    2.100583e-09      0.27235169       107.58018      0.14724454      0.72758023       0.2456347      0.24696555       2.5419566       7.8693718       82.676688       3.8675318        3.8675318       82.676688                                82.676688
              2       45.645464     0.021914124      0.12398339     0.010402877      -1.7105338       1.6807524    2.100583e-09      0.27918175       105.95698       0.1465417      0.72074814      0.24565726       0.2469882       2.5321991        7.861285       83.555864       3.8675318        3.8675318       83.555864                                83.555864
              2        45.27896     0.021876485      0.12368065     0.010407569      -1.7401153       1.7268741    2.100583e-09      0.27051014       107.52782      0.14620133      0.72942176      0.24564078      0.24697166       2.5393222       7.8671934       82.822856       3.8675318        3.8675318       82.822856                                82.822856
              2       45.694047     0.021758213      0.12402443     0.010406446      -1.7691339       1.7544275    2.100583e-09       0.2679346       108.18818      0.14642684      0.73199805      0.24558887      0.24691956       2.5619018       7.8954365        83.65303       3.8675318        3.8675318        83.65303                                 83.65303
              8       45.229556     0.021722413      0.12491205     0.010406414      -1.8146233       1.8042635    2.100583e-09      0.26431294        109.1095      0.14727866      0.73562101      0.24557307       0.2469037       2.5687957       7.9125121       82.724048       3.8675318        3.8675318       82.724048                                82.724048
              4       45.331349     0.021712358      0.12455746     0.010405634      -1.8080594       1.7984959    2.100583e-09      0.26393878       109.11779      0.14691401       0.7359951      0.24556863      0.24689924        2.570737       7.9103704       82.927634       3.8675318        3.8675318       82.927634                                82.927634
              1       45.462244     0.021700548      0.12459877     0.010405594      -1.8123223       1.8035342    2.100583e-09      0.26344024       109.23218      0.14694351      0.73649378       0.2455634        0.246894       2.5730199       7.9134451       83.189425       3.8675318        3.8675318       83.189425                                83.189425
              5       47.227012     0.021731243      0.12497634     0.010409019      -1.8492916       1.8391953    2.100583e-09      0.25754799       110.55784      0.14735178      0.74238768      0.24557697      0.24690762       2.5670929       7.9077916       86.718961       3.8675318        3.8675318       86.718961                                86.718961
              2       49.069667     0.021760984       0.1238558     0.010408056      -1.7319138       1.6333281    2.100583e-09       0.2702175       107.92177      0.14626098      0.72971451      0.24559009      0.24692078       2.5613694       7.8803601       90.404271       3.8675318        3.8675318       90.404271                                90.404271
              3        50.77596     0.021605174      0.12516448     0.010403192      -1.9213433       1.8011776    2.100583e-09      0.24396919       113.93241      0.14741385       0.7559699      0.24552089      0.24685133        2.591568        7.914784       93.816856       3.8675318        3.8675318       93.816856                                93.816856
              1        50.51219     0.021625415      0.12453963     0.010406299      -1.8185284       1.7047533    2.100583e-09       0.2579142       110.67611      0.14680924      0.74202114      0.24552996      0.24686044       2.5876147       7.9112401       93.289316       3.8675318        3.8675318       93.289316                                93.289316
              1       50.460229     0.021745824      0.12301829     0.010404217      -1.7195808       1.6153908    2.100583e-09      0.26907394       108.01192      0.14540831      0.73085795      0.24558341      0.24691408       2.5642844       7.8706451       93.185394       3.8675318        3.8675318       93.185394                                93.185394
              2       50.497497     0.021754185      0.12295566     0.010404355       -1.718091       1.6142768    2.100583e-09      0.26897626       108.01582      0.14535403      0.73095564      0.24558709      0.24691777       2.5626762       7.8679777        93.25993       3.8675318        3.8675318        93.25993                                 93.25993
              5        49.78647     0.022011443      0.12196705     0.010404773      -1.6401337       1.5433161    2.100583e-09      0.27820582       105.90045      0.14462268      0.72172339      0.24569996      0.24703105       2.5139212       7.8039841       91.837876       3.8675318        3.8675318       91.837876                                91.837876
              1       49.499551     0.021998855      0.12215107     0.010404885      -1.6499112       1.5488856    2.100583e-09      0.27687626        106.2001      0.14479412      0.72305337      0.24569442      0.24702549       2.5162742       7.8076493       91.264038       3.8675318        3.8675318       91.264038                                91.264038
              3       48.016103     0.022257193       0.1226821     0.010406425      -1.7712509       1.7492997    2.100583e-09        0.257999       109.80859      0.14558348      0.74193578      0.24580727      0.24713875       2.4686398       7.7577169       88.297143       3.8675318        3.8675318       88.297143                                88.297143
              2       45.939767     0.021899834      0.12306428     0.010402536      -1.7820305        1.765506    2.100583e-09       0.2610731       109.37424       0.1456083      0.73886091      0.24565101      0.24698192       2.5348998       7.8444386       84.144469       3.8675318        3.8675318       84.144469                                84.144469
              5       44.672785     0.021757473      0.12500363     0.010402743      -1.9090017       1.9044007    2.100583e-09      0.24902509       112.43249       0.1474053      0.75091273      0.24558854      0.24691923        2.562044       7.8945663       81.610507       3.8675318        3.8675318       81.610507                                81.610507
              3       45.082187     0.021731194      0.12511229      0.01040292      -1.9274232       1.9193372    2.100583e-09      0.24667182       113.02792      0.14748767      0.75326663      0.24557695       0.2469076       2.5671021       7.8996355       82.429311       3.8675318        3.8675318       82.429311                                82.429311
              1       45.372235     0.021714644      0.12491222     0.010402926      -1.9119589       1.9050422    2.100583e-09      0.24831819       112.60908      0.14727106      0.75161976      0.24556964      0.24690026       2.5702955       7.9025053       83.009406       3.8675318        3.8675318       83.009406                                83.009406
              8       45.431595     0.021762441      0.12471486     0.010405792      -1.8361017       1.7742443    2.100583e-09      0.25833877       110.49332      0.14712149      0.74159661      0.24559073      0.24692142       2.5610896       7.8869475       83.128127       3.8675318        3.8675318       83.128127                                83.128127
              1       45.111147     0.021858843      0.12422193     0.010403762      -1.8391633       1.7786498    2.100583e-09      0.25539651       110.99042      0.14672497      0.74453943      0.24563305       0.2469639       2.5426714       7.8560169       82.487231       3.8675318        3.8675318       82.487231                                82.487231
              5       44.646546     0.021815871      0.12460091     0.010404183      -1.8887745       1.8712984    2.100583e-09      0.24986017       112.19149      0.14706097       0.7500773      0.24561421      0.24694499       2.5508569       7.8744286       81.558028       3.8675318        3.8675318       81.558028                                81.558028
              4        44.18424     0.021946339      0.12398335     0.010405328      -1.8228727       1.7974881    2.100583e-09      0.25721669       110.40409      0.14657388      0.74271872      0.24567138      0.24700237       2.5261264       7.8408586       80.633417       3.8675318        3.8675318       80.633417                                80.633417
              3       45.042236      0.02196202      0.12439874     0.010405742       -1.866776       1.8252221    2.100583e-09       0.2509879       111.90736      0.14700495      0.74894926      0.24567825      0.24700927       2.5231785       7.8352746       82.349409       3.8675318        3.8675318       82.349409                                82.349409
             13       45.538409     0.021966368      0.12412871     0.010405917      -1.8568729       1.8109221    2.100583e-09      0.25114566       111.82868      0.14673927      0.74879135      0.24568016      0.24701118       2.5223619        7.830489       83.341755       3.8675318        3.8675318       83.341755                                83.341755
              2       45.871104     0.021849092      0.12461271     0.010405893      -1.8589854       1.7860378    2.100583e-09       0.2526111       111.70209      0.14710599       0.7473257      0.24562878      0.24695961       2.5445253       7.8607766       84.007145       3.8675318        3.8675318       84.007145                                84.007145
              3       46.825222      0.02196193      0.12529722     0.010406621      -1.8421398       1.7318702    2.100583e-09      0.25578642       111.11599      0.14790334      0.74414993      0.24567821      0.24700923       2.5231952       7.8416873        85.91538       3.8675318        3.8675318        85.91538                                 85.91538
              5        44.24027     0.022073501      0.12437226     0.010406022      -1.7996761       1.7879186    2.100583e-09       0.2623426       109.25485      0.14708996      0.73759176      0.24572726      0.24705846       2.5023706       7.8236184       80.745477       3.8675318        3.8675318       80.745477                                80.745477
              2       43.814507     0.021988298       0.1246483     0.010405671       -1.827295       1.7978749    2.100583e-09      0.25941158       110.05725      0.14728079       0.7405236      0.24568978      0.24702084       2.5182499       7.8398606        79.89395       3.8675318        3.8675318        79.89395                                 79.89395
              3       43.932461     0.022004388       0.1246446     0.010405421      -1.8283382        1.793429    2.100583e-09       0.2590936       110.13655      0.14729318      0.74084167      0.24569685      0.24702794       2.5152396       7.8347564       80.129859       3.8675318        3.8675318       80.129859                                80.129859
              4       43.646588     0.021888588       0.1253244     0.010405045      -1.8526456       1.8126331    2.100583e-09       0.2588895       110.38176      0.14785718      0.74104606      0.24564608      0.24697698       2.5370284       7.8683184       79.558112       3.8675318        3.8675318       79.558112                                79.558112
              3       44.111276     0.021899485       0.1253419     0.010405882      -1.8426913       1.7931813    2.100583e-09      0.26010772       110.14278      0.14788557      0.73982755      0.24565085      0.24698177       2.5349659       7.8656538       80.487489       3.8675318        3.8675318       80.487489                                80.487489
              1       45.417704     0.021801564      0.12636187     0.010405878      -1.9401795       1.8835457    2.100583e-09        0.248653       112.92133      0.14880763       0.7512855      0.24560793      0.24693869       2.5535908       7.8934091       83.100344       3.8675318        3.8675318       83.100344                                83.100344
              1       45.422783      0.02180177      0.12636262     0.010405886      -1.9400903       1.8834165    2.100583e-09      0.24866624       112.91842      0.14880859      0.75127226      0.24560802      0.24693878       2.5535514       7.8933768       83.110503       3.8675318        3.8675318       83.110503                                83.110503
              6       45.987871     0.021890359      0.12698611     0.010404761      -1.9957923       1.9822127    2.100583e-09      0.24352074        114.0855      0.14952066      0.75641932      0.24564686      0.24697776       2.5366931       7.8830468       84.240679       3.8675318        3.8675318       84.240679                                84.240679
              3       45.315293     0.021915591      0.12646274      0.01040506      -1.9674642       1.9526496    2.100583e-09      0.24522685       113.57179      0.14902252      0.75471259      0.24565791      0.24698885        2.531922       7.8717284       82.895523       3.8675318        3.8675318       82.895523                                82.895523
              2       45.189313     0.021794787      0.12677447     0.010405407      -1.9613142       1.9310992    2.100583e-09      0.24831088       113.02657      0.14921345      0.75162788      0.24560495       0.2469357       2.5548875       7.9031977       82.643562       3.8675318        3.8675318       82.643562                                82.643562
             10        44.11889      0.02194103      0.12570005      0.01040403      -1.8384234       1.8288875    2.100583e-09      0.26348219       109.33446      0.14828528      0.73645241      0.24566905      0.24700003       2.5271256       7.8695453       80.502717       3.8675318        3.8675318       80.502717                                80.502717
              1       43.977549     0.021941987      0.12562925     0.010403789      -1.8414759       1.8344546    2.100583e-09       0.2625617       109.50049      0.14821543      0.73737311      0.24566947      0.24700045       2.5269454       7.8684375       80.220035       3.8675318        3.8675318       80.220035                                80.220035
              1       44.246283     0.021879687       0.1263867      0.01040295      -1.9029301       1.8780556    2.100583e-09      0.25655906       111.05047      0.14891058      0.74337754      0.24564218      0.24697306        2.538715       7.8834714       80.757502       3.8675318        3.8675318       80.757502                                80.757502
              1       45.512058     0.021914762       0.1265531     0.010401238      -1.8902945       1.8538475    2.100583e-09       0.2597441       110.41265      0.14911205      0.74019179      0.24565754      0.24698848       2.5320786       7.8766612       83.289052       3.8675318        3.8675318       83.289052                                83.289052
              5       45.826593     0.022044002       0.1251578     0.010402565      -1.8079143       1.7204351    2.100583e-09      0.26356974       109.37654      0.14784599      0.73636465      0.24571428      0.24704543       2.5078511       7.8261039       83.918122       3.8675318        3.8675318       83.918122                                83.918122
              2       45.700031     0.022093153      0.12470717     0.010403899      -1.7849629       1.7079327    2.100583e-09      0.26544539        108.8689      0.14744452      0.73448836      0.24573591      0.24706713       2.4987294       7.8122706       83.664999       3.8675318        3.8675318       83.664999                                83.664999
              2       45.657577     0.022089536      0.12471696     0.010403855      -1.7867211       1.7095853    2.100583e-09       0.2651979       108.92353      0.14745069      0.73473591      0.24573432      0.24706554        2.499399       7.8130302        83.58009       3.8675318        3.8675318        83.58009                                 83.58009
              2       45.932379     0.022055746      0.12520728     0.010403333        -1.79925       1.7107217    2.100583e-09      0.26503538       109.07728      0.14790722      0.73489867      0.24571945      0.24705062        2.505667       7.8250833       84.129694       3.8675318        3.8675318       84.129694                                84.129694
              5       46.774113     0.022070333      0.12558628     0.010404582       -1.838926       1.7415667    2.100583e-09      0.25871655       110.47644      0.14830081      0.74121925      0.24572587      0.24705706       2.5029583       7.8224777       85.813163       3.8675318        3.8675318       85.813163                                85.813163
              1       47.002984     0.022120809      0.12467346     0.010404268       -1.820008        1.726041    2.100583e-09      0.25745836       110.55236      0.14743846      0.74247737      0.24574805      0.24707932       2.4936188       7.7991607       86.270905       3.8675318        3.8675318       86.270905                                86.270905
              3       45.854061      0.02201535      0.12334512     0.010403866      -1.7026069       1.6321323    2.100583e-09      0.27500661       106.72538      0.14600467      0.72492407      0.24570167      0.24703277       2.5131918       7.8205501       83.973057       3.8675318        3.8675318       83.973057                                83.973057
              1       44.856936     0.021944683      0.12446756     0.010401921      -1.7588756       1.7146397    2.100583e-09      0.27224378       107.44668      0.14705644      0.72768808      0.24567065      0.24700164       2.5264379       7.8515709       81.978808       3.8675318        3.8675318       81.978808                                81.978808
              6       46.777997     0.021699588      0.12557742     0.010398826      -1.8716381        1.793414    2.100583e-09       0.2581097       110.76051       0.1479212      0.74182609      0.24556297      0.24689357       2.5732055         7.90755       85.820931       3.8675318        3.8675318       85.820931                                85.820931
              8       46.856262     0.021700543      0.12491025     0.010401316      -1.8919635       1.8166124    2.100583e-09       0.2504913       112.30755      0.14725498      0.74944609       0.2455634      0.24689399       2.5730208       7.8958295        85.97746       3.8675318        3.8675318        85.97746                                 85.97746
              1       47.144221     0.021832631      0.12434885     0.010400127      -1.8560697       1.7768056    2.100583e-09      0.25325424       111.52824      0.14682567      0.74668229      0.24562156      0.24695237       2.5476597       7.8586135       86.553378       3.8675318        3.8675318       86.553378                                86.553378
              1       46.785615     0.021822097      0.12510443     0.010400612      -1.8397771       1.7180733    2.100583e-09      0.25707791       110.87393      0.14757072      0.74285798      0.24561694      0.24694773       2.5496684       7.8689719       85.836165       3.8675318        3.8675318       85.836165                                85.836165
              1       46.578443     0.021765987      0.12571627     0.010399541      -1.8407543       1.7325238    2.100583e-09      0.26173487       110.01026      0.14812644       0.7382001      0.24559229      0.24692299       2.5604086       7.8931446       85.421822       3.8675318        3.8675318       85.421822                                85.421822
              6       46.704638     0.021944083       0.1243449      0.01040022      -1.7504218       1.6683407    2.100583e-09      0.27174766       107.60431      0.14693317      0.72818427      0.24567039      0.24700137        2.526551       7.8435332       85.674213       3.8675318        3.8675318       85.674213                                85.674213
              3        46.47616     0.022024033      0.12318445     0.010404052      -1.7592215       1.6813758    2.100583e-09      0.26277511       109.17267      0.14585268      0.73715859      0.24570549      0.24703661       2.5115714       7.8079162       85.217256       3.8675318        3.8675318       85.217256                                85.217256
              5       46.777709     0.021889028      0.12310104     0.010405891      -1.7862505       1.7349545    2.100583e-09      0.25898212       109.96451      0.14563426      0.74095243      0.24564627      0.24697717       2.5369451       7.8400069       85.820355       3.8675318        3.8675318       85.820355                                85.820355
              3       47.015646     0.021803545       0.1250196     0.010397705       -1.841119       1.8026665    2.100583e-09      0.26224342       109.65144      0.14746733      0.73769113       0.2456088      0.24693956        2.553212       7.8834803       86.296229       3.8675318        3.8675318       86.296229                                86.296229
              1       46.634328     0.021833473      0.12477178     0.010398577      -1.8009072       1.7686255    2.100583e-09      0.26796416       108.38236      0.14724945      0.73196887      0.24562193      0.24695274       2.5474992       7.8787633       85.533592       3.8675318        3.8675318       85.533592                                85.533592
              4       46.226799     0.021814846      0.12516203     0.010398856      -1.8153694       1.7770169    2.100583e-09      0.26723947       108.63362      0.14762107      0.73269391      0.24561376      0.24694454       2.5510525       7.8862434       84.718534       3.8675318        3.8675318       84.718534                                84.718534
              6       46.392118     0.021859669      0.12492422     0.010400552      -1.7567608        1.751215    2.100583e-09      0.27577339       106.69533      0.14742808      0.72415777      0.24563341      0.24696426       2.5425144       7.8878208       85.049172       3.8675318        3.8675318       85.049172                                85.049172
              7       45.551957     0.021771851      0.12541366     0.010401055      -1.7971469       1.7809934    2.100583e-09      0.27162847       107.72187      0.14782971      0.72830391      0.24559487      0.24692558       2.5592829       7.9078171        83.36885       3.8675318        3.8675318        83.36885                                 83.36885
              5       43.835507     0.021817845      0.12450758     0.010403377      -1.8024799       1.7853143    2.100583e-09      0.26494227       108.89182      0.14696962      0.73499139      0.24561508      0.24694586       2.5504799       7.8828622        79.93595       3.8675318        3.8675318        79.93595                                 79.93595
              4        44.12599     0.021785947      0.12478855     0.010404285      -1.8000507       1.7654845    2.100583e-09      0.26667435       108.67525      0.14721869      0.73325898      0.24560107       0.2469318       2.5565802       7.8912705       80.516916       3.8675318        3.8675318       80.516916                                80.516916
              2       47.339387     0.021720396      0.12380901     0.010403239        -1.72245       1.6947888    2.100583e-09      0.27699561       106.42562       0.1461736      0.72293465      0.24557218      0.24690281       2.5691849       7.9032349       86.943711       3.8675318        3.8675318       86.943711                                86.943711
              4       47.413885     0.021728752      0.12373873     0.010403436       -1.715654       1.6860418    2.100583e-09      0.27782742       106.25548      0.14611168       0.7221026      0.24557587      0.24690652        2.567573       7.9006772       87.092707       3.8675318        3.8675318       87.092707                                87.092707
              3       47.572351     0.021728602      0.12385788     0.010404948      -1.7054551       1.6761708    2.100583e-09      0.27996668       105.86343      0.14623067      0.71996287      0.24557581      0.24690645       2.5676019       7.9044043       87.409638       3.8675318        3.8675318       87.409638                                87.409638
              1       46.946381     0.021659848      0.12532747     0.010404004      -1.7883325       1.6893342    2.100583e-09      0.26911976       108.45744      0.14763151      0.73081315      0.24554533      0.24687586       2.5809106       7.9199167       86.157698       3.8675318        3.8675318       86.157698                                86.157698
              2       44.082954     0.021968487      0.12512918     0.010405628      -1.8025737       1.7678426    2.100583e-09      0.26647179       108.69563      0.14774186      0.73346183      0.24568109      0.24701211       2.5219642       7.8535744       80.430844       3.8675318        3.8675318       80.430844                                80.430844
              8       44.664649      0.02201572      0.12506869      0.01040257       -1.810206       1.7558654    2.100583e-09      0.26475629       109.07309       0.1477286      0.73517775      0.24570184      0.24703294       2.5131226       7.8363209       81.594234       3.8675318        3.8675318       81.594234                                81.594234
              1       43.640016     0.021908069      0.12468829     0.010402596      -1.8408607       1.8081797    2.100583e-09      0.25853914       110.30485      0.14724055      0.74139624      0.24565461      0.24698554       2.5333428       7.8561713       79.544967       3.8675318        3.8675318       79.544967                                79.544967
              2       43.351872     0.021851254      0.12535332     0.010404378      -1.8600453       1.8388121    2.100583e-09      0.25844544       110.43812      0.14784876      0.74149023      0.24562973      0.24696056        2.544114       7.8802058       78.968681       3.8675318        3.8675318       78.968681                                78.968681
              2       44.274237     0.021731665      0.12644219     0.010402396      -1.9260197       1.8839964    2.100583e-09       0.2535665       111.83889      0.14881805      0.74637079      0.24557716      0.24690781       2.5670115       7.9140361       80.813411       3.8675318        3.8675318       80.813411                                80.813411
              1       44.768655     0.021717195      0.12616669      0.01040095       -1.891728       1.8405861    2.100583e-09      0.25827048       110.78461      0.14852808      0.74166552      0.24557077      0.24690139       2.5698028       7.9149251       81.802247       3.8675318        3.8675318       81.802247                                81.802247
              1       44.281355     0.021761425      0.12517415     0.010401459      -1.8676445       1.8305882    2.100583e-09      0.25739534       110.73037      0.14757977      0.74254047      0.24559028      0.24692098       2.5612847       7.8940472       80.827646       3.8675318        3.8675318       80.827646                                80.827646
              2       44.058246     0.021761747      0.12490741     0.010402768      -1.8257348        1.801752    2.100583e-09      0.26334544       109.36317      0.14731335      0.73658877      0.24559042      0.24692112       2.5612228       7.8975863       80.381429       3.8675318        3.8675318       80.381429                                80.381429
              2       43.735115     0.021823215      0.12472438     0.010402848        -1.81043       1.7897327    2.100583e-09      0.26478036       108.98347      0.14719179      0.73515343      0.24561743      0.24694823       2.5494551       7.8829081       79.735166       3.8675318        3.8675318       79.735166                                79.735166
              4        44.07108     0.021903541      0.12394141     0.010403651      -1.7617724       1.7564455    2.100583e-09      0.26850379       107.92831      0.14648914      0.73142876      0.24565263      0.24698355       2.5341988       7.8630284       80.407096       3.8675318        3.8675318       80.407096                                80.407096
              1       44.094658     0.021994819      0.12474446     0.010401946      -1.8366911       1.8101697    2.100583e-09      0.25934607       110.07953      0.14738347      0.74058917      0.24569265      0.24702372       2.5170292        7.838378       80.454253       3.8675318        3.8675318       80.454253                                80.454253
              2        44.08417     0.021970021       0.1247652     0.010401755      -1.8562395       1.8314077    2.100583e-09      0.25619611       110.77091      0.14737941      0.74373992      0.24568176      0.24701279       2.5216763       7.8424671       80.433277       3.8675318        3.8675318       80.433277                                80.433277
              1       45.762605     0.021944758      0.12458283     0.010399185      -1.8426946       1.8119745    2.100583e-09      0.25853559       110.26395      0.14717178      0.74139976      0.24567069      0.24700167       2.5264238       7.8453375       83.790146       3.8675318        3.8675318       83.790146                                83.790146
              7       45.831388     0.021890391      0.12492062     0.010399223      -1.8446277       1.7853389    2.100583e-09      0.25926495       110.27175       0.1474552      0.74067034      0.24564687      0.24697777        2.536687       7.8579159       83.927711       3.8675318        3.8675318       83.927711                                83.927711
              1       43.941697      0.02185745      0.12547973      0.01040225      -1.9177111       1.8846275    2.100583e-09      0.24955899       112.47017      0.14798137      0.75037895      0.24563244      0.24696329        2.542936       7.8715609        80.14833       3.8675318        3.8675318        80.14833                                 80.14833
              2        43.73416     0.021836365       0.1252275     0.010403138      -1.8872703       1.8482377    2.100583e-09      0.25321234       111.62668      0.14770806      0.74672457       0.2456232      0.24695401        2.546948       7.8750534       79.733256       3.8675318        3.8675318       79.733256                                79.733256
              9       43.791378     0.021857911      0.12560718     0.010403658      -1.8814224       1.8294078    2.100583e-09      0.25543262       111.22917      0.14810928      0.74450391      0.24563264      0.24696349       2.5428483       7.8744281       79.847693       3.8675318        3.8675318       79.847693                                79.847693
              4       43.550873     0.021927609      0.12518416     0.010404819      -1.8520713       1.8181623    2.100583e-09      0.25826032       110.45377      0.14775596      0.74167536      0.24566317      0.24699413       2.5296543        7.858174       79.366683       3.8675318        3.8675318       79.366683                                79.366683
              2       43.763475     0.021889935      0.12527948     0.010404778      -1.8320159       1.7829263    2.100583e-09      0.26212691       109.70739      0.14781361      0.73780782      0.24564667      0.24697757       2.5367734       7.8679355       79.791886       3.8675318        3.8675318       79.791886                                79.791886
              1       44.194166     0.021966337      0.12499744     0.010405238      -1.8035641       1.7452772    2.100583e-09      0.26489586       109.06083      0.14760796      0.73503809      0.24568015      0.24701117       2.5223678       7.8474342       80.653269       3.8675318        3.8675318       80.653269                                80.653269
              1       43.822841      0.02200426      0.12429819     0.010404123      -1.8141445       1.7805749    2.100583e-09      0.26031847        109.8042      0.14694664      0.73961633       0.2456968      0.24702788       2.5152634        7.831179       79.910619       3.8675318        3.8675318       79.910619                                79.910619
              3       43.938572     0.022051172      0.12388074     0.010405108      -1.7734229       1.7582544    2.100583e-09      0.26512921       108.60328       0.1465761      0.73480422      0.24571744      0.24704859       2.5065173         7.82378       80.142081       3.8675318        3.8675318       80.142081                                80.142081
              4       44.493775     0.022039831      0.12328402     0.010406141      -1.7378796       1.7129713    2.100583e-09      0.26861666       107.82361      0.14596805      0.73131561      0.24571245      0.24704358       2.5086275       7.8200176       81.252487       3.8675318        3.8675318       81.252487                                81.252487
             10        44.69685     0.021958727      0.12441587     0.010405128      -1.8796121       1.8659071    2.100583e-09      0.24936738       112.17781      0.14701878       0.7505702      0.24567681      0.24700782        2.523797       7.8402397       81.658636       3.8675318        3.8675318       81.658636                                81.658636
              1       44.543743     0.021948716      0.12454142      0.01040476      -1.8864348       1.8727428    2.100583e-09      0.24899402       112.29381      0.14713433       0.7509437      0.24567242      0.24700341       2.5256791       7.8435939       81.352422       3.8675318        3.8675318       81.352422                                81.352422
              2       44.472494     0.021984024      0.12435551     0.010404787      -1.7771659       1.7082526    2.100583e-09      0.26594775        108.7371      0.14698373      0.73398566      0.24568791      0.24701896       2.5190506       7.8346257       81.209925       3.8675318        3.8675318       81.209925                                81.209925
              3       45.222459     0.022016962      0.12478201     0.010405568      -1.7759335       1.6941026    2.100583e-09      0.26714023       108.57643      0.14744316      0.73279309      0.24570238      0.24703348       2.5128908         7.83168       82.709855       3.8675318        3.8675318       82.709855                                82.709855
              2       45.289763       0.0220106      0.12478001     0.010405385      -1.7697227       1.6842839    2.100583e-09      0.26814467        108.3795      0.14743481       0.7317884      0.24569958      0.24703068       2.5140787        7.833208       82.844463       3.8675318        3.8675318       82.844463                                82.844463
              6       46.223524     0.021743025      0.12669822     0.010401161      -1.8839112       1.7639363    2.100583e-09      0.25813328       110.97201      0.14908544        0.741803      0.24558217      0.24691284       2.5648232       7.9089138       84.711983       3.8675318        3.8675318       84.711983                                84.711983
              1       47.971069     0.021714945      0.12733227     0.010398685       -1.941889       1.8118721    2.100583e-09      0.25193745       112.46328      0.14969141      0.74800061      0.24556977      0.24690039       2.5702374       7.9191094       88.207074       3.8675318        3.8675318       88.207074                                88.207074
              5       47.010094     0.021793127       0.1267955      0.01039956      -1.9827841       1.8830487    2.100583e-09      0.24351729       114.24206      0.14923282      0.75642265      0.24560423      0.24693497       2.5552052       7.8919086       86.285124       3.8675318        3.8675318       86.285124                                86.285124
              2       50.866107     0.021676892      0.12547925     0.010396719      -1.9655101       1.8770814    2.100583e-09       0.2418048       114.44786      0.14780034      0.75813499      0.24555291      0.24688346       2.5776019       7.9009314       93.997151       3.8675318        3.8675318       93.997151                                93.997151
              1        50.72209     0.021500181      0.12796487     0.010397467      -1.9589432       1.8420303    2.100583e-09      0.25508832       111.97687      0.15010925      0.74484914      0.24547344      0.24680371        2.612221       7.9807841       93.709116       3.8675318        3.8675318       93.709116                                93.709116
              3       47.833771     0.021656868      0.12808843     0.010399819      -1.9846436       1.9219292    2.100583e-09      0.25279351       112.39053      0.15038948      0.74714462        0.245544      0.24687453       2.5814897       7.9489493       87.932479       3.8675318        3.8675318       87.932479                                87.932479
              3       47.012613     0.021674991        0.127549     0.010399914      -1.9396817        1.891784    2.100583e-09      0.25800211       111.11506      0.14986818      0.74193453      0.24555206      0.24688262       2.5779706       7.9421186       86.290162       3.8675318        3.8675318       86.290162                                86.290162
             14       46.943571     0.021674532      0.12682987     0.010405396      -1.8618362        1.861555    2.100583e-09      0.26618904       109.06778      0.14914859      0.73374528      0.24555186      0.24688241       2.5780595       7.9495686       86.152079       3.8675318        3.8675318       86.152079                                86.152079
              2       46.476112     0.021632686      0.12768504     0.010403807      -2.0022484       1.9983157    2.100583e-09      0.24789453       113.29451      0.14996192      0.75204464      0.24553321       0.2468637        2.586197       7.9562672       85.217161       3.8675318        3.8675318       85.217161                                85.217161
              2       50.683034     0.021643379      0.12752001     0.010409227      -1.9816489       1.9476423    2.100583e-09      0.24842934       113.22375      0.14980758      0.75150963      0.24553799      0.24686849       2.5841138       7.9493698       93.631004       3.8675318        3.8675318       93.631004                                93.631004
              1       49.384598     0.021598251      0.12590361     0.010409089      -1.8812137       1.8518213    2.100583e-09      0.25754602       110.88772      0.14814605         0.74239      0.24551778      0.24684821       2.5929222       7.9460375       91.034133       3.8675318        3.8675318       91.034133                                91.034133
              1       46.889256     0.021643121      0.12563888     0.010406948       -1.905136       1.8664683    2.100583e-09      0.25220745       112.01961      0.14792619       0.7477298      0.24553787      0.24686837       2.5841642       7.9264233       86.043448       3.8675318        3.8675318       86.043448                                86.043448
              2       44.937965     0.021720908      0.12567663      0.01040463       -1.823731       1.7777966    2.100583e-09      0.26691676       108.85756      0.14804173      0.73301688      0.24557241      0.24690304       2.5690861       7.9154409       82.140866       3.8675318        3.8675318       82.140866                                82.140866
              2          44.414      0.02176745      0.12537012     0.010405052      -1.8124828       1.7802401    2.100583e-09      0.26733165        108.6515      0.14778177      0.73260178      0.24559293      0.24692364       2.5601276       7.9037091       81.092937       3.8675318        3.8675318       81.092937                                81.092937
              4       44.660077     0.021680553      0.12573373     0.010404078      -1.8618401       1.8348298    2.100583e-09       0.2611851       110.02929      0.14805848      0.73874998      0.24555453       0.2468851       2.5768919       7.9251015       81.585091       3.8675318        3.8675318       81.585091                                81.585091
              4       44.726791     0.021677878      0.12570417     0.010404303      -1.8612038        1.836102    2.100583e-09       0.2611064       110.03453      0.14802624      0.73882868      0.24555334       0.2468839       2.5774107       7.9257914       81.718519       3.8675318        3.8675318       81.718519                                81.718519
              4        45.37787     0.022001366      0.12494314     0.010408251      -1.7846939       1.7637071    2.100583e-09       0.2679079       108.29083       0.1475887       0.7320253      0.24569553       0.2470266       2.5158046       7.8490617       83.020677       3.8675318        3.8675318       83.020677                                83.020677
              6       45.330922     0.021831354      0.12460947     0.010405743      -1.7707306       1.6880386    2.100583e-09      0.26820954        108.4135      0.14708501      0.73172335        0.245621      0.24695181       2.5479031       7.8729101        82.92678       3.8675318        3.8675318        82.92678                                 82.92678
              2       45.147226       0.0218554      0.12511506     0.010406424      -1.7942029       1.7158126    2.100583e-09      0.26638961       108.86015      0.14761465      0.73354397      0.24563154      0.24696239       2.5433258       7.8732506       82.559389       3.8675318        3.8675318       82.559389                                82.559389
             12       45.156382     0.021849445      0.12513614     0.010406446      -1.7961727       1.7183834    2.100583e-09      0.26620195       108.90443      0.14762977      0.73373169      0.24562893      0.24695977       2.5444581       7.8748586       82.577701       3.8675318        3.8675318       82.577701                                82.577701
              1        46.56637     0.021874123      0.12468195     0.010409174       -1.759551       1.7084387    2.100583e-09      0.27114285       107.75357      0.14720027      0.72878936      0.24563974      0.24697062       2.5397702       7.8716736       85.397677       3.8675318        3.8675318       85.397677                                85.397677
              5       47.064959     0.021947617      0.12428704      0.01040948      -1.7202061       1.6641008    2.100583e-09       0.2758986       106.72013      0.14687885      0.72403227      0.24567194      0.24700293       2.5258859        7.852494       86.394854       3.8675318        3.8675318       86.394854                                86.394854
              4       45.117359     0.021919836        0.124464     0.010406212       -1.753768       1.6762154    2.100583e-09      0.27032361       107.91231      0.14702803      0.72960873      0.24565977      0.24699071       2.5311207       7.8528233       82.499655       3.8675318        3.8675318       82.499655                                82.499655
              9       45.187863     0.021915772      0.12433662     0.010406158      -1.7681362       1.6861032    2.100583e-09      0.26670621       108.62981      0.14689658      0.73322697      0.24565799      0.24698893       2.5318879       7.8494268       82.640662       3.8675318        3.8675318       82.640662                                82.640662
              2       45.407412     0.021923909      0.12437042     0.010405288      -1.8035287       1.7149652    2.100583e-09      0.26010234        110.0163      0.14693852      0.73983251      0.24566155       0.2469925       2.5303521       7.8429238        83.07976       3.8675318        3.8675318        83.07976                                 83.07976
             11       44.821062     0.021995459      0.12364039     0.010406055      -1.8053766       1.7721318    2.100583e-09      0.25805573       110.16156      0.14628004      0.74187934      0.24569293        0.247024       2.5169095       7.8248716       81.907061       3.8675318        3.8675318       81.907061                                81.907061
             14       45.362967      0.02210201      0.12336203     0.010402527      -1.7460567       1.7408905    2.100583e-09        0.267627       107.89408      0.14610823      0.73230559       0.2457398      0.24707104        2.497091       7.8104576        82.99087       3.8675318        3.8675318        82.99087                                 82.99087
              2       45.280236       0.0220722       0.1232818     0.010402564      -1.7368733       1.7327579    2.100583e-09      0.26901524       107.59895      0.14599819      0.73091695      0.24572669      0.24705788       2.5026118       7.8178258       82.825409       3.8675318        3.8675318       82.825409                                82.825409
              1       45.214689     0.022079728      0.12311911     0.010403308      -1.7231527       1.7173921    2.100583e-09      0.27058722       107.25399      0.14584303       0.7293445         0.24573      0.24706121       2.5012159       7.8153951       82.694315       3.8675318        3.8675318       82.694315                                82.694315
              5       45.036217      0.02207538      0.12389508     0.010403228      -1.7424457       1.6957521    2.100583e-09      0.27115385       107.50245      0.14661465      0.72877809      0.24572809      0.24705929       2.5020222       7.8145255       82.337369       3.8675318        3.8675318       82.337369                                82.337369
              8       45.919961     0.021956303      0.12428975     0.010401759      -1.7254167       1.6799782    2.100583e-09      0.27767018       106.34782      0.14689025      0.72226025      0.24567575      0.24700675       2.5242526       7.8501104       84.104858       3.8675318        3.8675318       84.104858                                84.104858
              5       45.865861     0.021779698      0.12470476     0.010400936      -1.8201221       1.7389866    2.100583e-09      0.26146464       109.84952      0.14712865      0.73846996      0.24559832      0.24692905       2.5577778       7.8802954       83.996658       3.8675318        3.8675318       83.996658                                83.996658
             15       45.753086     0.021793148      0.12466377     0.010400979      -1.8166277       1.7358488    2.100583e-09      0.26183726       109.75674      0.14710111      0.73809724      0.24560423      0.24693498       2.5552013       7.8769018       83.771108       3.8675318        3.8675318       83.771108                                83.771108
              4       44.794234     0.021869533      0.12367619     0.010402492      -1.7743288       1.7465575    2.100583e-09      0.26585404       108.56458      0.14618991      0.73407904      0.24563773       0.2469686       2.5406411       7.8589664       81.853404       3.8675318        3.8675318       81.853404                                81.853404
              3       44.699371     0.021923549      0.12340752     0.010403757      -1.7732426       1.7399208    2.100583e-09       0.2639281       108.90763      0.14597526      0.73600536      0.24566139      0.24699234       2.5304202       7.8414664       81.663679       3.8675318        3.8675318       81.663679                                81.663679
              1       45.136136      0.02196469      0.12411568     0.010405891      -1.7954735       1.7221641    2.100583e-09      0.26084739       109.77118      0.14672456      0.73908718      0.24567942      0.24701044        2.522677        7.832905       82.537209       3.8675318        3.8675318       82.537209                                82.537209
              3       45.819432     0.021854204      0.12458509     0.010406578      -1.7501249       1.6639826    2.100583e-09      0.27134018       107.77332      0.14708349      0.72859193      0.24563102      0.24696186        2.543553       7.8691459         83.9038       3.8675318        3.8675318         83.9038                                  83.9038
              3       45.739335     0.021807359      0.12539734     0.010406885      -1.8079977       1.7259278    2.100583e-09       0.2652232       109.17892       0.1478489      0.73471078      0.24561048      0.24694124       2.5524829        7.886982       83.743607       3.8675318        3.8675318       83.743607                                83.743607
              1       45.194283     0.021760616      0.12541789     0.010406242       -1.804323        1.759726    2.100583e-09      0.26842817       108.47676       0.1478227        0.731505      0.24558993      0.24692062       2.5614401       7.9048812       82.653503       3.8675318        3.8675318       82.653503                                82.653503
              1        46.85055     0.021864843      0.12500804     0.010409268      -1.7708691       1.7175161    2.100583e-09      0.27062553        107.9281      0.14751708      0.72930696      0.24563568      0.24696654       2.5415316       7.8770329       85.966036       3.8675318        3.8675318       85.966036                                85.966036
              6       47.574804     0.021776889      0.12524543     0.010409202      -1.8235988        1.754466    2.100583e-09      0.26180734        109.8585      0.14766651      0.73812741      0.24559709      0.24692781       2.5583165        7.892717       87.414544       3.8675318        3.8675318       87.414544                                87.414544
              1       47.641533      0.02179098      0.12519478     0.010409659      -1.8188345       1.7589492    2.100583e-09      0.26270656       109.63675      0.14762996      0.73722795      0.24560328      0.24693402       2.5556162       7.8907148       87.548002       3.8675318        3.8675318       87.548002                                87.548002
              1       47.626557     0.021791034      0.12519136      0.01040965      -1.8187009       1.7589308    2.100583e-09      0.26272168       109.63269      0.14762659      0.73721283      0.24560331      0.24693405       2.5556059       7.8906814        87.51805       3.8675318        3.8675318        87.51805                                 87.51805
              1       46.727595     0.021928383       0.1257352     0.010407948      -1.7990706       1.7233137    2.100583e-09      0.26796377       108.61369      0.14830777      0.73196973      0.24566351      0.24699447       2.5295084       7.8658571       85.720126       3.8675318        3.8675318       85.720126                                85.720126
              1       46.004492     0.021853124      0.12629163     0.010406099      -1.8793294       1.7867483    2.100583e-09      0.25638259       111.20587      0.14878895      0.74355399      0.24563055      0.24696139       2.5437585       7.8812026       84.273921       3.8675318        3.8675318       84.273921                                84.273921
              1       44.744804     0.021824156      0.12637007     0.010404742      -1.9002684       1.8361923    2.100583e-09      0.25539546       111.41694      0.14883842      0.74454139      0.24561785      0.24694864       2.5492755       7.8907514       81.754545       3.8675318        3.8675318       81.754545                                81.754545
              1       44.665792     0.021819727      0.12627356     0.010404934      -1.8982348        1.836079    2.100583e-09      0.25531003       111.41677      0.14873748       0.7446268       0.2456159      0.24694669       2.5501207       7.8908192       81.596521       3.8675318        3.8675318       81.596521                                81.596521
             11       44.969961     0.021794775      0.12649614     0.010405076      -1.9082034       1.8461806    2.100583e-09      0.25485203       111.57049      0.14893511        0.745085      0.24560495       0.2469357       2.5548897       7.8992642       82.204858       3.8675318        3.8675318       82.204858                                82.204858
              3       44.674363     0.021771878      0.12657174     0.010404413      -1.9172489       1.8647374    2.100583e-09      0.25446906       111.66429      0.14898781      0.74546808      0.24559488      0.24692559       2.5592777       7.9062118       81.613662       3.8675318        3.8675318       81.613662                                81.613662
              1       45.151726     0.021712632      0.12538201     0.010404175       -1.810962       1.7514077    2.100583e-09      0.26731633       108.75532      0.14773883      0.73261708      0.24556875      0.24689936       2.5706842       7.9118285       82.568388       3.8675318        3.8675318       82.568388                                82.568388
              3       45.041311     0.021746201      0.12522885     0.010404207      -1.7969877       1.7322504    2.100583e-09      0.26861453       108.45672      0.14761924      0.73131851      0.24558357      0.24691424       2.5642119       7.9021827       82.347558       3.8675318        3.8675318       82.347558                                82.347558
             10       45.109227     0.021849515      0.12695935     0.010404264      -1.9524864       1.9352571    2.100583e-09      0.25091737       112.40299      0.14945306      0.74902084      0.24562896       0.2469598       2.5444448       7.8958966        82.48339       3.8675318        3.8675318        82.48339                                 82.48339
              2        45.69742     0.021791245      0.12723782     0.010404369      -1.9424997       1.8981474    2.100583e-09       0.2538397       111.90362      0.14967326      0.74609788       0.2456034      0.24693414       2.5555654       7.9106805       83.659776       3.8675318        3.8675318       83.659776                                83.659776
              4       45.935787     0.021850838      0.12499465     0.010404357      -1.7347019       1.7177811    2.100583e-09      0.27960902       106.03225      0.14748968      0.72032121      0.24562954      0.24696038       2.5441931       7.8917372        84.13651       3.8675318        3.8675318        84.13651                                 84.13651
              3       45.843825     0.021846838      0.12514912     0.010404366      -1.7438202       1.7229819    2.100583e-09      0.27877928       106.24518      0.14764015      0.72115123      0.24562779      0.24695862       2.5449542       7.8927166       83.952587       3.8675318        3.8675318       83.952587                                83.952587
              4       47.178242     0.021616903      0.12704005     0.010402277      -1.8735967        1.834226    2.100583e-09      0.26675449       109.17995      0.14930114      0.73317976      0.24552615      0.24685661       2.5892762       7.9565959       86.621421       3.8675318        3.8675318       86.621421                                86.621421
              6       47.193856     0.021598745      0.12703574     0.010402934      -1.8796802       1.8590586    2.100583e-09      0.26586435       109.31357      0.14927868       0.7340701        0.245518      0.24684843       2.5928255        7.963806       86.652648       3.8675318        3.8675318       86.652648                                86.652648
              2       46.702352      0.02159715      0.12664037     0.010402018       -1.871322       1.8647471    2.100583e-09      0.26534728        109.2843      0.14888171      0.73458713      0.24551729      0.24684771       2.5931378       7.9618048       85.669641       3.8675318        3.8675318       85.669641                                85.669641
              3       46.654589     0.021629262      0.12658679     0.010401581      -1.8589907       1.8467106    2.100583e-09      0.26731595       108.87821      0.14886024      0.73261796      0.24553168      0.24686216       2.5868645       7.9532906       85.574115       3.8675318        3.8675318       85.574115                                85.574115
              1       46.509818     0.021636721      0.12654343      0.01040164      -1.8574856       1.8471604    2.100583e-09      0.26724609       108.87105      0.14882435      0.73268782      0.24553501      0.24686551       2.5854107       7.9514614       85.284572       3.8675318        3.8675318       85.284572                                85.284572
              3       48.192652     0.021725629      0.12510672     0.010407797      -1.7380891       1.6944488    2.100583e-09      0.27905347       106.32902      0.14747654       0.7208769      0.24557449      0.24690513       2.5681752       7.9170479        88.65024       3.8675318        3.8675318        88.65024                                 88.65024
              7       46.461717     0.021806197      0.12440842     0.010406402      -1.7206332       1.6535171    2.100583e-09      0.27765072       106.49432      0.14685881       0.7222797      0.24560997      0.24694073        2.552705       7.8845047        85.18837       3.8675318        3.8675318        85.18837                                 85.18837
              1       46.783561     0.021834141      0.12469749     0.010408061      -1.7310185       1.6753777    2.100583e-09      0.27707198       106.61956      0.14717583      0.72285874      0.24562222      0.24695303       2.5473719       7.8836515       85.832059       3.8675318        3.8675318       85.832059                                85.832059
              2       46.455416     0.021853622      0.12437035     0.010408227      -1.7246782       1.6824297    2.100583e-09      0.27693738       106.53624      0.14686816      0.72299322      0.24563076       0.2469616       2.5436638       7.8777879       85.175768       3.8675318        3.8675318       85.175768                                85.175768
              2       45.283143       0.0216728      0.12608234     0.010405647      -1.9195863       1.8919804    2.100583e-09      0.25248866       111.99806      0.14839933      0.74744872      0.24555109      0.24688164       2.5783956       7.9262961       82.831223       3.8675318        3.8675318       82.831223                                82.831223
              1       45.624532     0.021650294      0.12647941      0.01040553      -1.9355287       1.9071787    2.100583e-09      0.25199347       112.19943       0.1487739      0.74794419      0.24554107      0.24687159       2.5827683       7.9360583       83.514001       3.8675318        3.8675318       83.514001                                83.514001
              1       45.419023     0.021702009      0.12645013     0.010405952      -1.9273645       1.8897544    2.100583e-09      0.25257276       112.06338      0.14879633      0.74736478      0.24556405      0.24689464       2.5727374       7.9226069       83.102982       3.8675318        3.8675318       83.102982                                83.102982
              8       44.982068     0.021784185      0.12663778     0.010399907      -1.9691383       1.9445806    2.100583e-09      0.24819453       113.02048      0.14906615       0.7517442       0.2456003      0.24693103       2.5569177       7.9025072       82.229072       3.8675318        3.8675318       82.229072                                82.229072
              7       44.816615     0.021782968      0.12706548     0.010402093      -1.9719811       1.9556953    2.100583e-09      0.24932559       112.81726      0.14949264      0.75061304      0.24559976      0.24693049        2.557151       7.9110363       81.898166       3.8675318        3.8675318       81.898166                                81.898166
              3       43.922635     0.021891372      0.12595744     0.010402043      -1.8867921       1.8638707    2.100583e-09      0.25736081       110.78093        0.148493      0.74257541       0.2456473       0.2469782       2.5365013       7.8760585       80.110207       3.8675318        3.8675318       80.110207                                80.110207
              1       43.808498     0.021944305      0.12489124     0.010405255      -1.7872183       1.7709381    2.100583e-09      0.26837588       108.19192      0.14747973      0.73155715      0.24567049      0.24700147       2.5265091       7.8616585       79.881932       3.8675318        3.8675318       79.881932                                79.881932
              7       43.746711     0.021895712       0.1245401      0.01040574      -1.8240398       1.8188686    2.100583e-09      0.25964913       109.90938         0.14708       0.7402859       0.2456492      0.24698011       2.5356797       7.8660293       79.758359       3.8675318        3.8675318       79.758359                                79.758359
             10       43.775968     0.021908801      0.12454813     0.010405864      -1.8279986       1.8223521    2.100583e-09      0.25889437       110.07026      0.14710112      0.74104086      0.24565493      0.24698586       2.5332046       7.8624754       79.816872       3.8675318        3.8675318       79.816872                                79.816872
              4       43.633932      0.02186689      0.12472226     0.010405779      -1.8116168       1.8011797    2.100583e-09      0.26322503       109.23138      0.14723334      0.73670917      0.24563658      0.24696744       2.5411428       7.8757039       79.532801       3.8675318        3.8675318       79.532801                                79.532801
              1       45.891093       0.0220142      0.12451041     0.010401953      -1.7637321       1.6737881    2.100583e-09      0.26860086       108.24305       0.1471688      0.73133197      0.24570117      0.24703227       2.5134064       7.8274099       84.047123       3.8675318        3.8675318       84.047123                                84.047123
              1       46.526999     0.021900556      0.12558379     0.010401215       -1.775694       1.6707998    2.100583e-09      0.27181493       107.85879      0.14812853      0.72811753      0.24565132      0.24698224       2.5347632       7.8666943       85.318935       3.8675318        3.8675318       85.318935                                85.318935
              1       45.616208      0.02194749      0.12473039     0.010405462      -1.7262668       1.6647395    2.100583e-09      0.27800489       106.40934      0.14732208      0.72192566      0.24567188      0.24700287       2.5259098       7.8563759       83.497352       3.8675318        3.8675318       83.497352                                83.497352
              4       47.751119     0.022282982      0.12269993     0.010403918      -1.7113811       1.7092022    2.100583e-09      0.26908134       107.34348       0.1456271      0.73085065      0.24581832      0.24714985       2.4639579       7.7661501       87.767175       3.8675318        3.8675318       87.767175                                87.767175
              3       47.631633     0.022248184      0.12441074     0.010402848      -1.7882815       1.7593985    2.100583e-09      0.26470682       108.77202      0.14730312      0.73522705       0.2458034      0.24713487       2.4702784       7.7806414       87.528203       3.8675318        3.8675318       87.528203                                87.528203
             11       44.101072     0.021950083      0.12558171     0.010402011      -1.8634641       1.8298659    2.100583e-09      0.25902743       110.35579      0.14817598      0.74090823      0.24567302      0.24700401        2.525422       7.8570933        80.46708       3.8675318        3.8675318        80.46708                                 80.46708
              5       44.235074     0.022051191      0.12491006     0.010404425      -1.8197637        1.788145    2.100583e-09      0.26209117       109.51765      0.14760544      0.73784348      0.24571745       0.2470486       2.5065139       7.8293647       80.735084       3.8675318        3.8675318       80.735084                                80.735084
              1       45.791443     0.022137231      0.12427748     0.010405387       -1.805268       1.7472072    2.100583e-09      0.25983032       109.90886      0.14705891      0.74010466      0.24575525      0.24708654       2.4905914       7.7968614       83.847822       3.8675318        3.8675318       83.847822                                83.847822
              1       46.645725     0.022113905      0.12341341     0.010407534      -1.6770435       1.6180164    2.100583e-09      0.27936811       105.82309      0.14617151      0.72056155      0.24574502      0.24707628       2.4948933       7.8054659       85.556386       3.8675318        3.8675318       85.556386                                85.556386
             10       44.904997     0.021964558      0.12379417     0.010406559      -1.7243222       1.6752207    2.100583e-09      0.27365575       107.04233      0.14640292      0.72627546      0.24567937      0.24701038       2.5227017       7.8413117        82.07493       3.8675318        3.8675318        82.07493                                 82.07493
              2       44.885138     0.021960884       0.1238064     0.010406587      -1.7262175       1.6772804    2.100583e-09      0.27337179       107.10185      0.14641148       0.7265595      0.24567775      0.24700877       2.5233918       7.8421476       82.035212       3.8675318        3.8675318       82.035212                                82.035212
              4       44.561651     0.021804213      0.12494958     0.010404133      -1.7743379       1.7596718    2.100583e-09       0.2722097       107.48672      0.14739798      0.72772233      0.24560909      0.24693986       2.5530844        7.897255       81.388238       3.8675318        3.8675318       81.388238                                81.388238
              6       43.722772     0.021817954      0.12463965     0.010403847      -1.8055747       1.7949489    2.100583e-09      0.26477408       108.91721      0.14710179      0.73515968      0.24561513      0.24694591       2.5504591       7.8862152        79.71048       3.8675318        3.8675318        79.71048                                 79.71048
              6       43.579749     0.021835693      0.12488141     0.010403859      -1.8063637       1.7889402    2.100583e-09      0.26591735       108.75543      0.14736129      0.73401624      0.24562291      0.24695372       2.5470761       7.8838911       79.424435       3.8675318        3.8675318       79.424435                                79.424435
              4       43.753788     0.021874394       0.1247197     0.010403925      -1.7941689       1.7497282    2.100583e-09       0.2667241        108.6416      0.14723829      0.73320923      0.24563986      0.24697074       2.5397189       7.8680187       79.772511       3.8675318        3.8675318       79.772511                                79.772511
              3       43.788962     0.021881123      0.12461813     0.010404747       -1.794199       1.7477021    2.100583e-09      0.26582683       108.80902      0.14714344      0.73410669      0.24564281       0.2469737       2.5384428       7.8646935       79.842861       3.8675318        3.8675318       79.842861                                79.842861
              1       44.414527      0.02194182      0.12530288     0.010402757      -1.8499527       1.7794711    2.100583e-09      0.25829963       110.54311      0.14788889      0.74163609       0.2456694      0.24700038       2.5269769       7.8502763       81.093991       3.8675318        3.8675318       81.093991                                81.093991
              2       44.393309     0.022022496      0.12521075     0.010402231      -1.8679533       1.8561381    2.100583e-09      0.25589185       110.84308      0.14787744      0.74404447      0.24570482      0.24703593       2.5118581       7.8385826       81.051555       3.8675318        3.8675318       81.051555                                81.051555
              4        44.94039      0.02191499      0.12654263     0.010401988       -1.909374       1.8931491    2.100583e-09      0.25637371       111.07354      0.14910181      0.74356301      0.24565764      0.24698858       2.5320355       7.8782694       82.145716       3.8675318        3.8675318       82.145716                                82.145716
              5       44.535403     0.021918496      0.12634143     0.010402467      -1.9126803       1.9095611    2.100583e-09      0.25435149       111.41668      0.14890412      0.74558565      0.24565918      0.24699012       2.5313735       7.8768743       81.335742       3.8675318        3.8675318       81.335742                                81.335742
              2       46.004866     0.021963919      0.12649713     0.010402704       -1.862602       1.8198523    2.100583e-09      0.26339993       109.61952      0.14910524      0.73653505      0.24567909       0.2470101       2.5228218        7.866466       84.274669       3.8675318        3.8675318       84.274669                                84.274669
              3       46.557825     0.021973071      0.12658254     0.010402895      -1.8559597       1.8031176    2.100583e-09      0.26453652       109.41621       0.1491998      0.73539823       0.2456831      0.24701413        2.521104       7.8647143       85.380586       3.8675318        3.8675318       85.380586                                85.380586
              4       46.721544     0.021972737      0.12667272     0.010402783       -1.862266        1.810091    2.100583e-09       0.2639469       109.55458      0.14928965      0.73598804      0.24568295      0.24701399       2.5211666       7.8655918       85.708025       3.8675318        3.8675318       85.708025                                85.708025
              5       46.122478     0.021998301      0.12610066     0.010402883      -1.8260826       1.7720018    2.100583e-09       0.2672422       108.75991      0.14874315      0.73269168      0.24569418      0.24702525       2.5163777       7.8544365       84.509892       3.8675318        3.8675318       84.509892                                84.509892
              1       47.656914     0.022226026      0.12479631     0.010403252      -1.8243148       1.7788949    2.100583e-09      0.25965689       109.97372      0.14766653       0.7402784      0.24579386      0.24712529       2.4743158       7.7839362       87.578764       3.8675318        3.8675318       87.578764                                87.578764
              2       46.763412     0.022138357      0.12507997     0.010401703      -1.8823906       1.8473803    2.100583e-09      0.25207913       111.69557      0.14786252      0.74785813      0.24575574      0.24708704       2.4903841       7.8033442       85.791761       3.8675318        3.8675318       85.791761                                85.791761
              6       48.115142     0.021986305      0.12639307      0.01040655      -1.9770292       1.9173902    2.100583e-09      0.24122715       114.57384      0.14902357      0.75871327      0.24568891      0.24701996       2.5186233       7.8466801        88.49522       3.8675318        3.8675318        88.49522                                 88.49522
              6       48.126543     0.021995083      0.12641147     0.010406338      -1.9551815       1.8781961    2.100583e-09      0.24406618       113.92385      0.14905074      0.75587356      0.24569276      0.24702383       2.5169799       7.8446735       88.518022       3.8675318        3.8675318       88.518022                                88.518022
              2       48.231856     0.021998453      0.12644558     0.010406282      -1.9536222       1.8737589    2.100583e-09      0.24433726       113.86823      0.14908823      0.75560243      0.24569425      0.24702532       2.5163493       7.8441948       88.728647       3.8675318        3.8675318       88.728647                                88.728647
              4       48.571113     0.021841857      0.12738058     0.010407161      -1.9551808       1.8735651    2.100583e-09       0.2494645       112.93799      0.14986663      0.75047424      0.24562561      0.24695643       2.5459021       7.8954704       89.407162       3.8675318        3.8675318       89.407162                                89.407162
              2       48.418837     0.021945191      0.12449739     0.010410388      -1.7330058       1.6526812    2.100583e-09      0.27283668       107.40916      0.14708677      0.72709505      0.24567087      0.24700186       2.5263424       7.8503985       89.102611       3.8675318        3.8675318       89.102611                                89.102611
              3       47.389678     0.021913193      0.12513839     0.010408343      -1.7316045       1.6729826    2.100583e-09      0.27855593       106.38511      0.14769578      0.72137466      0.24565686      0.24698779       2.5323749       7.8711832       87.044292       3.8675318        3.8675318       87.044292                                87.044292
              2       46.925802     0.021912502      0.12531199     0.010407916      -1.7479139       1.6861349    2.100583e-09      0.27629917       106.86088      0.14786868      0.72363206      0.24565655      0.24698749       2.5325054       7.8713038       86.116541       3.8675318        3.8675318       86.116541                                86.116541
              6        48.77329     0.022005319       0.1234287     0.010410004      -1.6501288       1.5906901    2.100583e-09      0.28471345       104.86819      0.14607821      0.71521482      0.24569726      0.24702835       2.5150656       7.8349178       89.811517       3.8675318        3.8675318       89.811517                                89.811517
              1       49.302744     0.022029542      0.12308873     0.010409335      -1.6211001       1.5518095    2.100583e-09      0.28840007       104.14425      0.14576246      0.71152712      0.24570792      0.24703904       2.5105442       7.8259193       90.870425       3.8675318        3.8675318       90.870425                                90.870425
              9       49.450707     0.022175314       0.1234952     0.010408739      -1.6345572       1.5718589    2.100583e-09      0.28745667       104.30928      0.14631471      0.71247103      0.24577188      0.24710324       2.4835918       7.7979177       91.166351       3.8675318        3.8675318       91.166351                                91.166351
              5       50.091746     0.021954591      0.12695624      0.01040322      -1.8253992       1.6108656    2.100583e-09      0.26085646       110.36041      0.14955503      0.73907935      0.24567499        0.247006       2.5245744       7.8585102       92.448429       3.8675318        3.8675318       92.448429                                92.448429
              3       49.798155     0.021983816      0.12677151     0.010403859      -1.8072833       1.6180473    2.100583e-09      0.26451172       109.54613      0.14939952      0.73542312      0.24568782      0.24701887       2.5190895        7.852989       91.861247       3.8675318        3.8675318       91.861247                                91.861247
              1       49.794452     0.021982307      0.12678346     0.010403834      -1.8076781       1.6184077    2.100583e-09      0.26452063       109.54708      0.14940996      0.73541422      0.24568715       0.2470182       2.5193722       7.8534846       91.853841       3.8675318        3.8675318       91.853841                                91.853841
              3       49.380545     0.021985702      0.12655559      0.01040389      -1.8476173       1.6622107    2.100583e-09      0.25660872       111.18087      0.14918548      0.74332798      0.24568864       0.2470197       2.5187362       7.8461318       91.026026       3.8675318        3.8675318       91.026026                                91.026026
              4       49.757711     0.022072066      0.12548132      0.01040743      -1.7778109       1.6226405    2.100583e-09       0.2639794       109.37951      0.14819757      0.73595505      0.24572663      0.24705782       2.5026367       7.8198194       91.780358       3.8675318        3.8675318       91.780358                                91.780358
              3        47.93766     0.022094263      0.12451086     0.010407785      -1.7214958        1.612153    2.100583e-09      0.27288929       107.36896      0.14724932       0.7270425       0.2457364      0.24706762        2.498524        7.812074       88.140256       3.8675318        3.8675318       88.140256                                88.140256
              1       47.486225     0.022119008      0.12467437     0.010406111      -1.8258064       1.7320136    2.100583e-09      0.25588507       110.89299      0.14743757      0.74405106      0.24574726      0.24707853       2.4939511        7.799434       87.237386       3.8675318        3.8675318       87.237386                                87.237386
              6       47.688202      0.02210822      0.12474278     0.010406312      -1.8306573       1.7328927    2.100583e-09      0.25509756       111.08594      0.14749519      0.74483879      0.24574253      0.24707378       2.4959433       7.8019596        87.64134       3.8675318        3.8675318        87.64134                                 87.64134
              1        47.72364     0.022139437      0.12446239     0.010406412      -1.8203976       1.7310338    2.100583e-09      0.25586858       110.84296      0.14724602      0.74406747      0.24575621      0.24708751       2.4901853       7.7927658       87.712217       3.8675318        3.8675318       87.712217                                87.712217
              2       47.736663     0.022141011      0.12445831     0.010406622      -1.8178032       1.7292511    2.100583e-09      0.25629614       110.74771      0.14724351       0.7436398       0.2457569       0.2470882       2.4898953       7.7927839       87.738262       3.8675318        3.8675318       87.738262                                87.738262
              1       47.466228     0.022137929      0.12446934      0.01040678      -1.8180777       1.7352349    2.100583e-09      0.25664283        110.6692      0.14725146      0.74329303      0.24575555      0.24708685        2.490463       7.7945129       87.197391       3.8675318        3.8675318       87.197391                                87.197391
              2       46.729749     0.021859916      0.12638891     0.010402069       -2.004382       1.9280407    2.100583e-09       0.2380622       115.41802      0.14889302      0.76187896      0.24563352      0.24696437       2.5424674        7.870943       85.724435       3.8675318        3.8675318       85.724435                                85.724435
              7       46.887096     0.021862626      0.12645637     0.010402204      -2.0099469       1.9332587    2.100583e-09      0.23743523       115.58252      0.14896319      0.76250611      0.24563471      0.24696556       2.5419525        7.870881       86.039128       3.8675318        3.8675318       86.039128                                86.039128
              2       47.275634     0.021824975       0.1267086     0.010401519       -1.983897       1.8689818    2.100583e-09       0.2411619       114.77561      0.14917776      0.75877861      0.24561821        0.246949       2.5491194       7.8817282       86.816204       3.8675318        3.8675318       86.816204                                86.816204
              3       46.181562     0.021907785      0.12575989      0.01040432      -1.8918587       1.7820113    2.100583e-09      0.25056317       112.38169      0.14831187      0.74937466      0.24565449      0.24698541       2.5333965        7.856374        84.62806       3.8675318        3.8675318        84.62806                                 84.62806
              3       45.341761     0.021986035      0.12533525     0.010404388      -1.8192289       1.7251545    2.100583e-09      0.26174853       109.82324      0.14796548      0.73818637      0.24568879      0.24701984       2.5186737       7.8406117       82.948458       3.8675318        3.8675318       82.948458                                82.948458
              1       45.965698     0.021814848      0.12644763     0.010406843      -1.8677283       1.8121611    2.100583e-09      0.26132137       110.14382      0.14890667      0.73861404      0.24561376      0.24694454       2.5510522        7.899174       84.196333       3.8675318        3.8675318       84.196333                                84.196333
              1       45.208352     0.021798856      0.12679462      0.01040523      -1.9105173         1.87131    2.100583e-09      0.25685254       111.14246      0.14923767      0.74308412      0.24560674       0.2469375       2.5541089       7.9061501       82.681641       3.8675318        3.8675318       82.681641                                82.681641
              7       45.227077     0.021934134      0.12383023     0.010407237      -1.7681768       1.7109131    2.100583e-09      0.26510682       108.80974      0.14640855      0.73482654      0.24566603        0.246997       2.5284245        7.841988        82.71909       3.8675318        3.8675318        82.71909                                 82.71909
              4       45.240496     0.021935289       0.1237661     0.010407275      -1.7612885       1.7053078    2.100583e-09      0.26611675       108.58597      0.14634558      0.73381633      0.24566654      0.24699751       2.5282068       7.8418355       82.745928       3.8675318        3.8675318       82.745928                                82.745928
              5       45.132088     0.021930125      0.12373677     0.010407133           -1.75       1.6964942    2.100583e-09      0.26828617       108.13364      0.14631109      0.73164635      0.24566427      0.24699524         2.52918        7.844436       82.529112       3.8675318        3.8675318       82.529112                                82.529112
              2        44.90213     0.021963521      0.12393886     0.010407883      -1.7500893       1.7139858    2.100583e-09      0.26945611       107.86385      0.14654657      0.73047623      0.24567891      0.24700993       2.5228965       7.8435953       82.069197       3.8675318        3.8675318       82.069197                                82.069197
              1       44.832043     0.021984891      0.12393076     0.010407762      -1.7522938       1.7140711    2.100583e-09      0.26886453        107.9801      0.14655985      0.73106796      0.24568829      0.24701934       2.5188882        7.837715       81.929022       3.8675318        3.8675318       81.929022                                81.929022
              1       45.742394     0.021954377      0.12401897     0.010407843      -1.8393977       1.8342854    2.100583e-09      0.25333433       111.15268      0.14661754      0.74660208       0.2456749       0.2470059       2.5246145       7.8430198       83.749725       3.8675318        3.8675318       83.749725                                83.749725
              1        48.44424     0.021941963      0.12622422     0.010406375      -2.0217559       1.9844748    2.100583e-09      0.23431794       116.20853      0.14881037      0.76562411      0.24566946      0.24700044       2.5269499       7.8533082       89.153416       3.8675318        3.8675318       89.153416                                89.153416
              5       47.476289     0.021896006      0.12754945     0.010400643      -2.0121705       1.9602242    2.100583e-09      0.24414063       114.13925      0.15008965      0.75579951      0.24564933      0.24698024       2.5356241       7.8825069       87.217515       3.8675318        3.8675318       87.217515                                87.217515
              8        48.09504     0.021995901       0.1272556     0.010401518      -2.0013954       1.9590317    2.100583e-09      0.24384339       114.08798       0.1498957      0.75609675      0.24569312      0.24702419       2.5168269       7.8567962       88.455016       3.8675318        3.8675318       88.455016                                88.455016
              2       52.850906     0.022147204      0.12734239     0.010405102      -1.9338375       1.8464357    2.100583e-09      0.25128802       112.37977      0.15013379      0.74865038      0.24575961      0.24709092       2.4887556       7.8240856       97.966749       3.8675318        3.8675318       97.966749                                97.966749
              6       49.333804      0.02200224      0.12758837      0.01040241      -1.9594868       1.8872266    2.100583e-09      0.25085591       112.57692       0.1502348      0.74908264      0.24569591      0.24702699       2.5156412       7.8606063       90.932545       3.8675318        3.8675318       90.932545                                90.932545
              1       50.917299     0.021651886      0.12866785     0.010404909      -1.9554938       1.8924814    2.100583e-09       0.2591373       111.10715      0.15096393      0.74079953      0.24554178       0.2468723       2.5824585       7.9628319       94.099535       3.8675318        3.8675318       94.099535                                94.099535
              1       49.893799      0.02160287      0.12865238     0.010404969      -2.0138552       1.9643695    2.100583e-09      0.25020825       113.08264      0.15089945      0.74973073      0.24551986      0.24685029       2.5920185       7.9710863       92.052535       3.8675318        3.8675318       92.052535                                92.052535
              3       49.874636     0.021618935      0.12818793     0.010406374        -1.97877       1.8980663    2.100583e-09      0.25146878       112.74025      0.15045106      0.74846971      0.24552706      0.24685752       2.5888793       7.9594798       92.014208       3.8675318        3.8675318       92.014208                                92.014208
              5       46.730474     0.021671101      0.12576381     0.010405842      -1.9355949       1.8746353    2.100583e-09      0.24694687       113.26878       0.1480791      0.75299176      0.24555033      0.24688088       2.5787254       7.9149781       85.725885       3.8675318        3.8675318       85.725885                                85.725885
              3       46.874926     0.021676733      0.12561413     0.010405942      -1.9308108       1.8697118    2.100583e-09      0.24691873       113.24421      0.14793505      0.75301985      0.24555284      0.24688339       2.5776327       7.9117473       86.014788       3.8675318        3.8675318       86.014788                                86.014788
              3       47.545319     0.021604215      0.12603301      0.01040564      -1.9392822       1.8697143    2.100583e-09      0.24773644       113.18277      0.14828141      0.75220207      0.24552046       0.2468509       2.5917556       7.9337189       87.355575       3.8675318        3.8675318       87.355575                                87.355575
              2       49.342689     0.021545864      0.12594339     0.010404744      -1.9745577       1.9018349    2.100583e-09      0.24186557       114.56833      0.14813345      0.75807434      0.24549415       0.2468245       2.6032042       7.9425665       90.950315       3.8675318        3.8675318       90.950315                                90.950315
              3       45.104082     0.021767418      0.12481636     0.010402446      -1.9004982       1.8614023    2.100583e-09      0.24943613       112.42853      0.14722797      0.75050151      0.24559292      0.24692362       2.5601338       7.8833989         82.4731       3.8675318        3.8675318         82.4731                                  82.4731
              6       46.444892     0.021639963      0.12646981     0.010399097       -1.952392       1.8866643    2.100583e-09      0.24983013       112.76814      0.14875396      0.75010806      0.24553646      0.24686696        2.584779       7.9298651       85.154721       3.8675318        3.8675318       85.154721                                85.154721
              2       47.553908     0.021773626      0.12530883          0.0104      -1.9765529       1.9175459    2.100583e-09      0.23909875       114.98164      0.14772665      0.76084169      0.24559565      0.24692637       2.5589423       7.8785359       87.372752       3.8675318        3.8675318       87.372752                                87.372752
              7       47.394937     0.021789764       0.1252901     0.010400056      -1.9706092       1.9093489    2.100583e-09      0.23976375       114.81317      0.14772406      0.76017652      0.24560275      0.24693349       2.5558492       7.8746841       87.054811       3.8675318        3.8675318       87.054811                                87.054811
              1       47.395363     0.021704281      0.12515314     0.010401009      -1.9483733        1.883468    2.100583e-09      0.24278066       114.11473      0.14750161      0.75715877      0.24556505      0.24689565        2.572298       7.8946441       87.055662       3.8675318        3.8675318       87.055662                                87.055662
              2       46.636537     0.021738939      0.12595178     0.010403211      -1.9298625       1.8187432    2.100583e-09      0.24637969       113.45084      0.14833491      0.75355918      0.24558037      0.24691103         2.56561       7.8955219        85.53801       3.8675318        3.8675318        85.53801                                 85.53801
              1       46.406694     0.021923346      0.12471847     0.010404093      -1.7493999       1.6171392    2.100583e-09       0.2690076       108.27374      0.14728601      0.73092518       0.2456613      0.24699226       2.5304585       7.8477076       85.078325       3.8675318        3.8675318       85.078325                                85.078325
              3       46.458041     0.021833772      0.12531215     0.010400833      -1.7717511       1.6683687    2.100583e-09      0.27175488       107.85141      0.14779012      0.72817745      0.24562206      0.24695287       2.5474422       7.8787693       85.181018       3.8675318        3.8675318       85.181018                                85.181018
              1       46.097741     0.022110034      0.12458079     0.010405628      -1.7514284       1.6763884    2.100583e-09      0.27058502       107.79084      0.14733501      0.72934739      0.24574332      0.24707457       2.4956081       7.8110394       84.460419       3.8675318        3.8675318       84.460419                                84.460419
              4       46.115866     0.022111894      0.12456809     0.010405608      -1.7504066       1.6755028    2.100583e-09      0.27071739       107.76097      0.14732417      0.72921499      0.24574414      0.24707539       2.4952645       7.8105568       84.496668       3.8675318        3.8675318       84.496668                                84.496668
              1       46.214787     0.022061191      0.12499008     0.010405786       -1.747666       1.6784734    2.100583e-09       0.2740211       107.19587      0.14769546      0.72591062      0.24572185      0.24705302       2.5046554       7.8299851        84.69451       3.8675318        3.8675318        84.69451                                 84.69451
              2       46.284691     0.022062689      0.12501142     0.010405821      -1.7480574       1.6778952    2.100583e-09      0.27398006        107.2089       0.1477183      0.72595168      0.24572251      0.24705368       2.5043772       7.8297535       84.834318       3.8675318        3.8675318       84.834318                                84.834318
              2       46.476067     0.022069642      0.12580581      0.01040343      -1.8165366       1.7602676    2.100583e-09      0.26673887       108.77982      0.14851964      0.73319503      0.24572557      0.24705675       2.5030864       7.8341726       85.217071       3.8675318        3.8675318       85.217071                                85.217071
              1       46.418891     0.021965654      0.12621524      0.01040282      -1.8177757       1.7441372    2.100583e-09      0.26855665       108.56214      0.14882508      0.73137694      0.24567985      0.24701087       2.5224959       7.8615953       85.102719       3.8675318        3.8675318       85.102719                                85.102719
              3       45.888646     0.021913168      0.12653828     0.010401996        -1.85964       1.8040231    2.100583e-09      0.26417638       109.51699      0.14909564      0.73575841      0.24565684      0.24698778       2.5323796       7.8770679       84.042228       3.8675318        3.8675318       84.042228                                84.042228
              1       46.378893     0.021947024      0.12569212     0.010402337      -1.7764865       1.7490466    2.100583e-09      0.27552194       106.96916      0.14828334      0.72440967      0.24567168      0.24700267       2.5259974       7.8710307       85.022722       3.8675318        3.8675318       85.022722                                85.022722
              5       46.252447     0.021944321      0.12569733      0.01040241      -1.7785488       1.7519544    2.100583e-09      0.27516027       107.03896      0.14828584      0.72477144      0.24567049      0.24700148       2.5265061        7.871694       84.769831       3.8675318        3.8675318       84.769831                                84.769831
              4       46.745848     0.021947118      0.12579523     0.010401897      -1.7802293       1.7517593    2.100583e-09      0.27549752       106.99806      0.14838653      0.72443415      0.24567172      0.24700271       2.5259799       7.8717567       85.756632       3.8675318        3.8675318       85.756632                                85.756632
              4       46.570966     0.021978906      0.12526236     0.010401304      -1.7621611       1.6893385    2.100583e-09      0.27437276       107.22193      0.14788546      0.72555896      0.24568566       0.2470167       2.5200097         7.84983       85.406868       3.8675318        3.8675318       85.406868                                85.406868
              1       45.907278     0.022053169      0.12408691     0.010402892      -1.8005158       1.7203098    2.100583e-09       0.2597234       109.97448      0.14678427      0.74021149      0.24571832      0.24704948       2.5061461       7.8095998       84.079492       3.8675318        3.8675318       84.079492                                84.079492
              1       45.653464     0.022020343      0.12330157      0.01040292       -1.759394       1.6994686    2.100583e-09      0.26473827       108.75483      0.14596611      0.73519498      0.24570387      0.24703498       2.5122598       7.8134548       83.571865       3.8675318        3.8675318       83.571865                                83.571865
              2       44.618946     0.021988664      0.12359387     0.010403558      -1.7690635       1.7203639    2.100583e-09      0.26490705       108.76116      0.14622673      0.73502628      0.24568995        0.247021       2.5181814       7.8263672       81.502829       3.8675318        3.8675318       81.502829                                81.502829
              2       44.476346     0.021987242      0.12385685     0.010403142      -1.7848302       1.7344863    2.100583e-09      0.26337849       109.13428      0.14648828      0.73655534      0.24568932      0.24702038       2.5184478       7.8283422       81.217628       3.8675318        3.8675318       81.217628                                81.217628
              2       44.476664      0.02198761      0.12385496     0.010403141      -1.7846417       1.7343686    2.100583e-09      0.26340471        109.1281      0.14648676      0.73652911      0.24568948      0.24702054       2.5183788       7.8282642       81.218265       3.8675318        3.8675318       81.218265                                81.218265
              1       44.516447      0.02199023      0.12377893     0.010403282      -1.7799963       1.7299134    2.100583e-09      0.26382991        109.0232      0.14641335      0.73610378      0.24569063      0.24702169       2.5178882       7.8271338        81.29783       3.8675318        3.8675318        81.29783                                 81.29783
              1       44.912683     0.022030049      0.12468329     0.010407763      -1.7911807       1.7608803    2.100583e-09      0.26532689       108.79935      0.14735753      0.73460685      0.24570814      0.24703926       2.5104497       7.8353984       82.090303       3.8675318        3.8675318       82.090303                                82.090303
              1       46.785932     0.021983249      0.12498691      0.01040757      -1.7313582       1.6584226    2.100583e-09      0.27682293       106.68978      0.14761435      0.72310806      0.24568757      0.24701862       2.5191958       7.8497386       85.836801       3.8675318        3.8675318       85.836801                                85.836801
              2       46.903266     0.021998582      0.12499016     0.010407698      -1.7351141       1.6550044    2.100583e-09      0.27551968       106.94835      0.14763293      0.72441164       0.2456943      0.24702537       2.5163252       7.8445717       86.071468       3.8675318        3.8675318       86.071468                                86.071468
              3       46.615322     0.021715592      0.12530153      0.01040293      -1.7667095       1.6689558    2.100583e-09      0.27311194       107.62862      0.14766132      0.72681999      0.24557006      0.24690068       2.5701123       7.9084502       85.495581       3.8675318        3.8675318       85.495581                                85.495581
              3       45.903723     0.021769034      0.12563237     0.010400268      -1.8155591       1.7402982    2.100583e-09      0.26780921       108.70231      0.14804559      0.73212421      0.24559363      0.24692434       2.5598235       7.8983671       84.072383       3.8675318        3.8675318       84.072383                                84.072383
              3       47.963122     0.021796163      0.12305944     0.010406338      -1.7986549       1.7719713    2.100583e-09      0.25747173       110.24078      0.14549979      0.74246314      0.24560556      0.24693631       2.5546241       7.8649439        88.19118       3.8675318        3.8675318        88.19118                                 88.19118
              2        45.28227     0.022032233      0.12330982     0.010406019      -1.8016963       1.7861707    2.100583e-09      0.25687696       110.25275      0.14598625      0.74305828       0.2457091      0.24704023       2.5100428       7.8160168       82.829476       3.8675318        3.8675318       82.829476                                82.829476
              2       45.212556      0.02190476      0.12477548     0.010401548      -1.8180929       1.7319929    2.100583e-09      0.26095445       109.91794      0.14732443      0.73898036      0.24565316      0.24698408       2.5339684       7.8515822       82.690049       3.8675318        3.8675318       82.690049                                82.690049
              2       46.195224     0.021868148      0.12520032     0.010400032      -1.8940013       1.8106792    2.100583e-09       0.2505737       112.27338      0.14771266      0.74936387      0.24563713      0.24696799       2.5409041       7.8591301       84.655385       3.8675318        3.8675318       84.655385                                84.655385
              1       46.427464      0.02186595      0.12516622     0.010399916      -1.8963392       1.8115976    2.100583e-09      0.24995918       112.40788      0.14767636      0.74997853      0.24563616      0.24696703       2.5413213       7.8586787       85.119865       3.8675318        3.8675318       85.119865                                85.119865
              2       46.652304     0.021832203      0.12506121     0.010399347      -1.8784084       1.7931424    2.100583e-09       0.2528643       111.75544      0.14753761      0.74707262      0.24562138      0.24695218       2.5477411       7.8665389       85.569544       3.8675318        3.8675318       85.569544                                85.569544
              3       45.899932     0.021824139      0.12440106     0.010401688      -1.8448084       1.7696575    2.100583e-09      0.25533787       111.07834      0.14686939      0.74459815      0.24561784      0.24694863       2.5492788       7.8635572       84.064801       3.8675318        3.8675318       84.064801                                84.064801
              6       45.611161     0.021925092       0.1245701     0.010402702      -1.8854804       1.8221861    2.100583e-09       0.2488087       112.49816      0.14713938      0.75112907      0.24566207      0.24699302        2.530129       7.8402589       83.487259       3.8675318        3.8675318       83.487259                                83.487259
              1       45.886075      0.02168906      0.12640827     0.010401976      -1.9789907       1.9042634    2.100583e-09      0.24342462       114.22099      0.14874152      0.75651515      0.24555831      0.24688889       2.5752434       7.9142449       84.037086       3.8675318        3.8675318       84.037086                                84.037086
              1       45.300502       0.0217056      0.12653386     0.010401819      -1.9730539        1.907178    2.100583e-09      0.24545435       113.75188      0.14888365      0.75448498      0.24556564      0.24689624        2.572043       7.9138316       82.865941       3.8675318        3.8675318       82.865941                                82.865941
              1       44.343212     0.021744924      0.12545459     0.010402883      -1.8825842       1.8270242    2.100583e-09      0.25520079       111.31224      0.14784371      0.74473568      0.24558301      0.24691368       2.5644577       7.8979535        80.95136       3.8675318        3.8675318        80.95136                                 80.95136
              2       45.459886     0.021739243      0.12543242     0.010401234      -1.8614374       1.7744781    2.100583e-09      0.25762667       110.82804      0.14781585      0.74230919       0.2455805      0.24691116       2.5655514       7.8962029       83.184708       3.8675318        3.8675318       83.184708                                83.184708
              1       45.257399     0.021765141      0.12541618     0.010400831      -1.8595673       1.7790616    2.100583e-09      0.25824346       110.67306      0.14782551      0.74169225      0.24559192      0.24692262        2.560571       7.8907801       82.779734       3.8675318        3.8675318       82.779734                                82.779734
             10       46.139234     0.021671405      0.12638559     0.010400841      -1.8621063       1.7784284    2.100583e-09      0.26326091        109.8341      0.14870119      0.73667394      0.24555047      0.24688102       2.5786664       7.9275592       84.543404       3.8675318        3.8675318       84.543404                                84.543404
              1       45.613017     0.021735301      0.12726628     0.010401429      -1.9690164       1.9036042    2.100583e-09        0.249903       112.85311      0.14964577      0.75003554      0.24557877      0.24690942       2.5663108       7.9185681        83.49097       3.8675318        3.8675318        83.49097                                 83.49097
             19       44.829681     0.021744843       0.1263145     0.010403638      -1.9414538       1.8771895    2.100583e-09      0.24887345       112.90198      0.14870354      0.75106496      0.24558297      0.24691364       2.5644733       7.9045113       81.924299       3.8675318        3.8675318       81.924299                                81.924299
              4       45.158769     0.021759231      0.12676896     0.010403148      -1.9786627       1.9180256    2.100583e-09      0.24525198       113.80995      0.14917239      0.75468751      0.24558932      0.24692001       2.5617062       7.9051573       82.582475       3.8675318        3.8675318       82.582475                                82.582475
              3       44.978295     0.021737597       0.1269059     0.010403022      -1.9599579       1.9023974    2.100583e-09      0.24938477       112.89092      0.14928769      0.75055375      0.24557978      0.24691043       2.5658685       7.9145322       82.221526       3.8675318        3.8675318       82.221526                                82.221526
             11       45.625468     0.021725054       0.1273024     0.010402611      -2.0315703        1.998034    2.100583e-09      0.24078873       114.93792      0.14967165      0.75915206      0.24557424      0.24690488       2.5682862       7.9204115       83.515873       3.8675318        3.8675318       83.515873                                83.515873
              6       45.609613     0.021725781      0.12729827     0.010402581       -2.031131       1.9977498    2.100583e-09      0.24084646       114.92258      0.14966824      0.75909432      0.24557456       0.2469052       2.5681459       7.9202263       83.484163       3.8675318        3.8675318       83.484163                                83.484163
              2       45.534431     0.021723314       0.1272633     0.010402708      -2.0268416       1.9936017    2.100583e-09      0.24133175       114.80035       0.1496308       0.7586089      0.24557347       0.2469041       2.5686219        7.920696       83.333798       3.8675318        3.8675318       83.333798                                83.333798
             10       48.220513     0.021685557      0.12739441     0.010399802       -2.050039       1.9430749    2.100583e-09      0.23605914       116.20519      0.14972416      0.76388284      0.24555675      0.24688733        2.575922       7.9211838       88.705962       3.8675318        3.8675318       88.705962                                88.705962
              1       47.057657     0.021788045      0.12657459     0.010400964      -2.0140886       1.9264243    2.100583e-09      0.23761338       115.60763      0.14900683      0.76232793      0.24560199      0.24693273       2.5561784       7.8886218        86.38025       3.8675318        3.8675318        86.38025                                 86.38025
             15       47.448708     0.021754308      0.12581296     0.010400044      -1.9706999        1.879455    2.100583e-09      0.24101816       114.66202      0.14821146        0.758922      0.24558715      0.24691783       2.5626525       7.8876798       87.162353       3.8675318        3.8675318       87.162353                                87.162353
              4        48.64301     0.021776565      0.12569077     0.010400751      -1.9886435       1.8897203    2.100583e-09      0.23668773        115.6794      0.14811153      0.76325346      0.24559694      0.24692766       2.5583787       7.8782338       89.550957       3.8675318        3.8675318       89.550957                                89.550957
              2       48.799057      0.02172772      0.12790595     0.010401495      -2.0753766       1.9657221    2.100583e-09      0.23384111       116.83197      0.15027786      0.76610162      0.24557542      0.24690606        2.567772       7.9174607        89.86305       3.8675318        3.8675318        89.86305                                 89.86305
              3        47.20334     0.021604525      0.12802779     0.010400467      -2.0225546       1.9732474    2.100583e-09      0.24694579       113.71448      0.15027651      0.75299374       0.2455206      0.24685104        2.591695       7.9591671       86.671616       3.8675318        3.8675318       86.671616                                86.671616
              5       47.028494     0.021890686      0.12310463     0.010403235      -1.7969717       1.7433997    2.100583e-09       0.2576753       110.25226       0.1456395      0.74225959        0.245647       0.2469779       2.5366312       7.8373264       86.321925       3.8675318        3.8675318       86.321925                                86.321925
              2       44.870065     0.021866639      0.12519031     0.010405998      -1.9159623       1.8890861    2.100583e-09      0.24730157       112.90309      0.14770114      0.75263681      0.24563647      0.24696733       2.5411906       7.8670852       82.005066       3.8675318        3.8675318       82.005066                                82.005066
              8       44.919351     0.021870666      0.12513212     0.010406077      -1.9148425       1.8908126    2.100583e-09      0.24718418       112.90685      0.14764698      0.75275421      0.24563823       0.2469691       2.5404261       7.8659099       82.103638       3.8675318        3.8675318       82.103638                                82.103638
              3       43.985483     0.021988852      0.12454673     0.010406693      -1.7964573       1.7723082    2.100583e-09      0.26426803       108.98792      0.14717978      0.73566589      0.24569003      0.24702109       2.5181462       7.8433661       80.235903       3.8675318        3.8675318       80.235903                                80.235903
              4       45.805528     0.022166253      0.12448624     0.010406032       -1.824751       1.8049646    2.100583e-09      0.25793442       110.21775      0.14729669      0.74200113      0.24576793      0.24709927       2.4852546       7.7988558       83.875992       3.8675318        3.8675318       83.875992                                83.875992
             10       44.551969     0.022085104      0.12463002     0.010404611      -1.8377489       1.8117231    2.100583e-09      0.25723672       110.46445      0.14735932      0.74269904      0.24573237      0.24706358       2.5002198       7.8163628       81.368874       3.8675318        3.8675318       81.368874                                81.368874
              2        44.60133     0.022101022      0.12440516     0.010404466      -1.8253523        1.813106    2.100583e-09      0.25815685       110.14835      0.14715038      0.74177859      0.24573937       0.2470706       2.4972737       7.8139787       81.467596       3.8675318        3.8675318       81.467596                                81.467596
              1       46.965456     0.022209669      0.12354894     0.010406109      -1.8117049       1.8080345    2.100583e-09      0.25484994       110.58608       0.1464028        0.745086      0.24578679       0.2471182       2.4773021        7.780839       86.195848       3.8675318        3.8675318       86.195848                                86.195848
              1       46.235756     0.022093103      0.12535742     0.010406991      -1.8724541       1.8400602    2.100583e-09      0.25393206       111.34698      0.14809472      0.74600483      0.24573589      0.24706711       2.4987388       7.8208279       84.736449       3.8675318        3.8675318       84.736449                                84.736449
              1       46.182276     0.022089822      0.12526345     0.010407477      -1.8616025       1.8345241    2.100583e-09       0.2553137       111.00729      0.14799746      0.74462282      0.24573444      0.24706566       2.4993462        7.822537       84.629489       3.8675318        3.8675318       84.629489                                84.629489
              6        44.60048     0.021929059      0.12537122     0.010406437      -1.8806776       1.8386495    2.100583e-09      0.25344777       111.56316      0.14794447      0.74648919      0.24566381      0.24699477       2.5293809       7.8564452       81.465897       3.8675318        3.8675318       81.465897                                81.465897
              1       44.422269     0.021925781      0.12513458     0.010406155      -1.8766949       1.8359205    2.100583e-09      0.25308313       111.59701      0.14770455      0.74685381      0.24566237      0.24699333        2.529999       7.8541631       81.109474       3.8675318        3.8675318       81.109474                                81.109474
              1       44.455629     0.021911087      0.12520417     0.010406126      -1.8800743       1.8367732    2.100583e-09       0.2528615       111.67318      0.14775944      0.74707552      0.24565593      0.24698687       2.5327727        7.857864       81.176195       3.8675318        3.8675318       81.176195                                81.176195
              2       45.208616     0.021898323      0.12550551     0.010403156      -1.8595133       1.7586968    2.100583e-09      0.25589231        111.1547      0.14804802      0.74404408      0.24565034      0.24698126       2.5351858       7.8585494       82.682168       3.8675318        3.8675318       82.682168                                82.682168
              6       44.985679     0.021810317      0.12540087     0.010402147      -1.8544449        1.762377    2.100583e-09      0.25766246       110.78592      0.14785538      0.74227341      0.24561177      0.24694255       2.5519178       7.8790744       82.236294       3.8675318        3.8675318       82.236294                                82.236294
              2       44.418876      0.02179845      0.12552484     0.010400698      -1.8576651       1.8149254    2.100583e-09      0.26083686       110.05694      0.14796749      0.73909827      0.24560656      0.24693732       2.5541865       7.8905877       81.102689       3.8675318        3.8675318       81.102689                                81.102689
              1       44.590859     0.021797231      0.12568788     0.010400727      -1.8602536       1.8056258    2.100583e-09      0.26076205       110.13071       0.1481293      0.73917316      0.24560603      0.24693678       2.5544197       7.8911387       81.446655       3.8675318        3.8675318       81.446655                                81.446655
              5       44.757679     0.021850927      0.12468901     0.010403284      -1.8716484       1.8132366    2.100583e-09      0.25231489       111.75906      0.14718413      0.74762202      0.24562958      0.24696042       2.5441763       7.8618128       81.780294       3.8675318        3.8675318       81.780294                                81.780294
              3       44.722654     0.021870502      0.12454653     0.010403047      -1.8611426       1.8038005    2.100583e-09      0.25344474       111.46998      0.14706122      0.74649184      0.24563816      0.24696903       2.5404573       7.8562479       81.710245       3.8675318        3.8675318       81.710245                                81.710245
              1       44.692377     0.021871749      0.12449602     0.010403185      -1.8565288       1.7997263    2.100583e-09      0.25397916       111.34063      0.14701196      0.74595726       0.2456387      0.24696957       2.5402206       7.8557929        81.64969       3.8675318        3.8675318        81.64969                                 81.64969
              9        43.74074      0.02187491      0.12432784     0.010404398      -1.8254338       1.7994177    2.100583e-09      0.25919336       110.08331      0.14684695      0.74074168      0.24564009      0.24697096       2.5396209       7.8621055       79.746416       3.8675318        3.8675318       79.746416                                79.746416
              2       43.867393     0.021867748      0.12427458     0.010404076      -1.8298165       1.8049455    2.100583e-09       0.2582807       110.26833      0.14678652      0.74165454      0.24563695      0.24696782       2.5409799       7.8626109       79.999723       3.8675318        3.8675318       79.999723                                79.999723
             20       43.933536      0.02185252      0.12431477     0.010404223      -1.8310859       1.8040467    2.100583e-09      0.25828835       110.29044      0.14681148      0.74164691      0.24563028      0.24696112       2.5438733       7.8662098       80.132009       3.8675318        3.8675318       80.132009                                80.132009
              5       43.789989     0.021901643      0.12449184      0.01040572      -1.7820013        1.750945    2.100583e-09      0.26741395       108.39771      0.14703768      0.73251912       0.2456518      0.24698271       2.5345578       7.8628854       79.844914       3.8675318        3.8675318       79.844914                                79.844914
              6       43.679362     0.021892161       0.1246412     0.010405768      -1.7978899       1.7685626    2.100583e-09      0.26530953       108.85793      0.14717755      0.73462413      0.24564764      0.24697855       2.5363519       7.8657802        79.62366       3.8675318        3.8675318        79.62366                                 79.62366
              3       44.431188     0.021753796      0.12568176     0.010401094      -1.8578424       1.8240957    2.100583e-09       0.2620131       109.83337      0.14807975      0.73792178      0.24558692       0.2469176       2.5627509       7.9052904       81.127313       3.8675318        3.8675318       81.127313                                81.127313
              4       45.283672     0.021669838      0.12653191     0.010401559       -1.945254       1.8773246    2.100583e-09      0.25028416       112.66452      0.14884594      0.74965395      0.24554977      0.24688032       2.5789705       7.9245721        82.83228       3.8675318        3.8675318        82.83228                                 82.83228
              1       45.276197     0.021670452      0.12653955     0.010401557      -1.9460105       1.8784006    2.100583e-09      0.25020955       112.68211      0.14885419      0.74972859      0.24555005      0.24688059       2.5788513       7.9245159        82.81733       3.8675318        3.8675318        82.81733                                 82.81733
              5        45.26847     0.021670936       0.1265353     0.010401568      -1.9455902         1.87798    2.100583e-09      0.25025184       112.67153      0.14885043      0.74968629      0.24555026      0.24688081       2.5787573       7.9243739       82.801876       3.8675318        3.8675318       82.801876                                82.801876
              2       45.041972     0.021739101      0.12560973     0.010403411      -1.9254446       1.8644824    2.100583e-09      0.24822318       112.91491      0.14799303       0.7517151      0.24558044       0.2469111       2.5655787       7.8967813        82.34888       3.8675318        3.8675318        82.34888                                 82.34888
              1       45.211885     0.021715063      0.12451943     0.010403117      -1.8558416       1.8440482    2.100583e-09      0.25599903       110.82857      0.14687869      0.74393682      0.24556982      0.24690044       2.5702146       7.9019661       82.688705       3.8675318        3.8675318       82.688705                                82.688705
              9       46.402473     0.021716786        0.124073     0.010401746      -1.8282761       1.7941612    2.100583e-09      0.25898823       110.18517      0.14643398      0.74094668      0.24557059      0.24690121       2.5698819       7.8928029       85.069882       3.8675318        3.8675318       85.069882                                85.069882
              1       46.678667     0.021714608      0.12395094     0.010402052      -1.8265346       1.7919035    2.100583e-09      0.25858564       110.25031      0.14630974      0.74134931      0.24556962      0.24690024       2.5703024       7.8916177        85.62227       3.8675318        3.8675318        85.62227                                 85.62227
              8       47.357873     0.021727378      0.12373699     0.010401312         -1.8295       1.8004387    2.100583e-09       0.2572029       110.48166      0.14610856      0.74273232      0.24557527      0.24690591       2.5678379       7.8859191       86.980682       3.8675318        3.8675318       86.980682                                86.980682
              2       46.531445     0.021717005       0.1245042     0.010402094      -1.8951437       1.8537795    2.100583e-09      0.24910054       112.47424      0.14686539      0.75083704      0.24557068       0.2469013       2.5698396       7.8906124       85.327826       3.8675318        3.8675318       85.327826                                85.327826
              2       45.250526     0.021897673      0.12388803     0.010403263      -1.8268801        1.772893    2.100583e-09      0.25614237       110.73244       0.1464299      0.74379326      0.24565006      0.24698097       2.5353087       7.8441487       82.765988       3.8675318        3.8675318       82.765988                                82.765988
              3       45.300324     0.021921685      0.12398898     0.010402149      -1.8343386       1.7817082    2.100583e-09       0.2555673        110.8634      0.14655486      0.74436853      0.24566058      0.24699153       2.5307718        7.839219       82.865585       3.8675318        3.8675318       82.865585                                82.865585
              5       45.189737     0.021986096      0.12353459     0.010402938      -1.8154265       1.7819484    2.100583e-09      0.25668015       110.44649      0.14616488      0.74325522      0.24568882      0.24701987       2.5186624       7.8233778       82.644411       3.8675318        3.8675318       82.644411                                82.644411
              8       45.799223     0.021955175      0.12452029     0.010402083      -1.8583798       1.7811201    2.100583e-09       0.2525356       111.65862      0.14711966      0.74740123      0.24567525      0.24700625       2.5244645       7.8330703       83.863382       3.8675318        3.8675318       83.863382                                83.863382
              4       44.780124     0.021757881      0.12574272     0.010401217      -1.9415883       1.8944121    2.100583e-09      0.24733282       113.11216      0.14814479      0.75260574      0.24558872      0.24691941       2.5619657       7.8943119       81.825184       3.8675318        3.8675318       81.825184                                81.825184
              2       45.226963       0.0217398      0.12584928     0.010402067       -1.954298       1.8947604    2.100583e-09      0.24506912       113.68619      0.14823327      0.75487004      0.24558075      0.24691141       2.5654442       7.8975083       82.718862       3.8675318        3.8675318       82.718862                                82.718862
              3       46.308731     0.021723069      0.12465814     0.010402453      -1.8557468       1.7794984    2.100583e-09      0.25500147       111.24913       0.1470254      0.74493471      0.24557336        0.246904       2.5686692       7.8903285       84.882399       3.8675318        3.8675318       84.882399                                84.882399
              6       46.142711      0.02173703      0.12457066      0.01040231      -1.8448984       1.7697444    2.100583e-09        0.256506       110.89675      0.14695188      0.74342976      0.24557953      0.24691018       2.5659777        7.886912       84.550358       3.8675318        3.8675318       84.550358                                84.550358
              1       45.310937     0.021805854       0.1246187      0.01040103      -1.8322417       1.7670938    2.100583e-09      0.25957509       110.19817      0.14706875      0.74035995      0.24560981      0.24694058       2.5527707       7.8739717        82.88681       3.8675318        3.8675318        82.88681                                 82.88681
              9       45.876787     0.022034786      0.12319145     0.010403593      -1.7871233       1.7376039    2.100583e-09      0.25917343       109.86957      0.14587043      0.74076118      0.24571023      0.24704136       2.5095671       7.8072658        84.01851       3.8675318        3.8675318        84.01851                                 84.01851
              2       45.434119     0.021994617      0.12322438     0.010405354      -1.7727902       1.7208677    2.100583e-09      0.26163538       109.37805      0.14586319      0.73829861      0.24569256      0.24702363       2.5170671       7.8187362       83.133175       3.8675318        3.8675318       83.133175                                83.133175
              2       45.533436     0.021944182        0.124151     0.010405027       -1.842159       1.7769891    2.100583e-09      0.25339282       111.38463      0.14673937      0.74654363      0.24567043      0.24700142       2.5265322       7.8341815       83.331809       3.8675318        3.8675318       83.331809                                83.331809
              2       45.560942      0.02195071      0.12407172     0.010404956      -1.8364772       1.7708701    2.100583e-09      0.25396683       111.24072      0.14666662      0.74596944      0.24567329      0.24700429       2.5253041       7.8319755        83.38682       3.8675318        3.8675318        83.38682                                 83.38682
              9       46.084461     0.021855962      0.12359263     0.010407715      -1.7278454       1.6844341    2.100583e-09      0.27241589       107.28046      0.14609278      0.72751549      0.24563179      0.24696263       2.5432189       7.8646894       84.433859       3.8675318        3.8675318       84.433859                                84.433859
              5       49.458076       0.0218735      0.12383463     0.010410666      -1.8037164       1.7453132    2.100583e-09      0.25778856       110.38294      0.14635232      0.74214662      0.24563947      0.24697034       2.5398884       7.8526506       91.181089       3.8675318        3.8675318       91.181089                                91.181089
              1       48.793776     0.021870005      0.12487211     0.010409562      -1.7108185       1.6449575    2.100583e-09      0.28070367       105.96132       0.1473863      0.71922623      0.24563794      0.24696881       2.5405516       7.8787667       89.852489       3.8675318        3.8675318       89.852489                                89.852489
              2       50.675975     0.021818661      0.12327782     0.010404748      -1.6160679       1.5262401    2.100583e-09      0.29159429       103.73792      0.14574067      0.70833208      0.24561544      0.24694622       2.5503243       7.8730594       93.616887       3.8675318        3.8675318       93.616887                                93.616887
              4       49.952215     0.022088186      0.12354387     0.010401542      -1.6514169       1.5207889    2.100583e-09      0.28170856       105.52058      0.14627625      0.71822056      0.24573372      0.24706494       2.4996491       7.8021546       92.169366       3.8675318        3.8675318       92.169366                                92.169366
              1        51.14351     0.022051628      0.12293884     0.010400698      -1.6234404         1.51969    2.100583e-09      0.28703552       104.41944      0.14563466      0.71289195      0.24571764       0.2470488       2.5064325       7.8091975       94.551957       3.8675318        3.8675318       94.551957                                94.551957
              1        47.88499     0.021765356      0.12541911     0.010399318      -1.7707789       1.6791614    2.100583e-09      0.27425644       107.39615      0.14782866      0.72567528      0.24559201      0.24692271       2.5605297       7.8980629       88.034916       3.8675318        3.8675318       88.034916                                88.034916
              2       48.125859     0.021787423      0.12626962     0.010398424      -1.8223079       1.7204951    2.100583e-09      0.26868234        108.6601      0.14870124      0.73125116      0.24560172      0.24693245       2.5562974        7.899032       88.516655       3.8675318        3.8675318       88.516655                                88.516655
              8        44.66482     0.022030734       0.1254981     0.010405189      -1.8501567       1.8457818    2.100583e-09      0.25928764       110.11302      0.14817302      0.74064796      0.24570844      0.24703957       2.5103221       7.8457046       81.594577       3.8675318        3.8675318       81.594577                                81.594577
              1        44.71206     0.021996578      0.12589437     0.010404372      -1.8587604       1.8369538    2.100583e-09      0.26059685       110.01445      0.14853514      0.73933858      0.24569342      0.24702449       2.5167001       7.8544017       81.689057       3.8675318        3.8675318       81.689057                                81.689057
              2       45.382845     0.021993133      0.12611548     0.010404778      -1.8506098       1.8363439    2.100583e-09      0.26303185        109.5095      0.14875281      0.73690308      0.24569191      0.24702297       2.5173448       7.8612342       83.030627       3.8675318        3.8675318       83.030627                                83.030627
              4       45.871973      0.02203935      0.12600759     0.010403035      -1.8512264        1.849555    2.100583e-09       0.2622276       109.56918      0.14869113       0.7377075      0.24571223      0.24704337       2.5087171       7.8513836       84.008882       3.8675318        3.8675318       84.008882                                84.008882
              2       45.903724     0.022007887      0.12582713     0.010401896       -1.820381       1.8043749    2.100583e-09      0.26785292        108.4553      0.14847921      0.73208069      0.24569839      0.24702948       2.5145856       7.8559382       84.072384       3.8675318        3.8675318       84.072384                                84.072384
              5       44.420008     0.021972473      0.12545779     0.010402857      -1.8412406       1.7828131    2.100583e-09      0.26107734        109.9448      0.14807445      0.73885778      0.24568284      0.24701387       2.5212163       7.8483077       81.104953       3.8675318        3.8675318       81.104953                                81.104953
              4       44.918297      0.02199069      0.12545452     0.010402689      -1.8183831       1.7537925    2.100583e-09      0.26486782       109.15349      0.14808941      0.73506635      0.24569083      0.24702189       2.5178022       7.8454285       82.101531       3.8675318        3.8675318       82.101531                                82.101531
              1       44.605648     0.022007331      0.12412509     0.010405513      -1.7700583       1.7054532    2.100583e-09      0.26598094       108.66814      0.14677661      0.73395237      0.24569815      0.24702923       2.5146895       7.8274661       81.476232       3.8675318        3.8675318       81.476232                                81.476232
              2       46.595391     0.022098556      0.12285457     0.010403951      -1.6793917       1.6170333    2.100583e-09      0.27703164       106.18553      0.14559732      0.72289833      0.24573828      0.24706951       2.4977299       7.7986921       85.455718       3.8675318        3.8675318       85.455718                                85.455718
              1       45.193851     0.022158338      0.12358673     0.010405205      -1.7587761       1.7253711    2.100583e-09      0.26576143       108.45156      0.14638926      0.73417176      0.24576448      0.24709581       2.4867085       7.7921883       82.652638       3.8675318        3.8675318       82.652638                                82.652638
              5       45.145943     0.022156383      0.12357889     0.010405487      -1.7531717       1.7212053    2.100583e-09      0.26672152       108.24729      0.14637946      0.73321142      0.24576362      0.24709495       2.4870677       7.7936609       82.556822       3.8675318        3.8675318       82.556822                                82.556822
              3        44.35044     0.021993914      0.12562664     0.010402393      -1.8884669       1.8744447    2.100583e-09      0.25461573       111.23144      0.14826474      0.74532107      0.24569225      0.24702332       2.5171985        7.848702       80.965816       3.8675318        3.8675318       80.965816                                80.965816
              4        45.56114        0.022093      0.12529937     0.010404345      -1.8883404       1.8879254    2.100583e-09      0.25140722       111.75851      0.14803656      0.74853028      0.24573584      0.24706706       2.4987579       7.8243821       83.387216       3.8675318        3.8675318       83.387216                                83.387216
              4       45.578884     0.022092901      0.12533349     0.010404316      -1.8902551       1.8887813    2.100583e-09      0.25131079       111.79396      0.14807058      0.74862674       0.2457358      0.24706702       2.4987762       7.8244172       83.422705       3.8675318        3.8675318       83.422705                                83.422705
              2       45.627815     0.022082301      0.12546918     0.010404288      -1.9018734       1.8995008    2.100583e-09      0.25013765       112.09853      0.14819567      0.74980023      0.24573114      0.24706234       2.5007392       7.8273056       83.520567       3.8675318        3.8675318       83.520567                                83.520567
              1       45.762538     0.022101884      0.12532199     0.010404111      -1.8930585       1.8915632    2.100583e-09      0.25078761         111.906      0.14806806      0.74915006      0.24573974      0.24707098       2.4971143       7.8217753       83.790012       3.8675318        3.8675318       83.790012                                83.790012
              4       45.461917     0.022039357      0.12496509     0.010403061      -1.9157216       1.9127795    2.100583e-09      0.24591379       112.99349      0.14764864      0.75402492      0.24571224      0.24704338       2.5087157       7.8275559       83.188771       3.8675318        3.8675318       83.188771                                83.188771
              3       45.334304     0.022011717      0.12521826     0.010401451      -1.9220273       1.9144044    2.100583e-09      0.24691293       112.85415      0.14787417      0.75302562      0.24570008      0.24703117       2.5138701       7.8356632       82.933544       3.8675318        3.8675318       82.933544                                82.933544
              3       45.047562     0.022065303      0.12456101     0.010401873      -1.8585942       1.8419238    2.100583e-09      0.25414165       111.10139       0.1472705      0.74579484      0.24572366      0.24705484       2.5038918       7.8187661       82.360061       3.8675318        3.8675318       82.360061                                82.360061
              1       43.885041     0.022032692       0.1246768     0.010403664      -1.8243201       1.8041051    2.100583e-09      0.26048044       109.77721      0.14735368       0.7394545       0.2457093      0.24704043       2.5099572       7.8318693       80.035017       3.8675318        3.8675318       80.035017                                80.035017
              8       44.177724     0.021932806      0.12440486     0.010402495      -1.8017016       1.7475467    2.100583e-09      0.26342154       109.26435      0.14698186       0.7365125      0.24566545      0.24699641       2.5286747       7.8464987       80.620384       3.8675318        3.8675318       80.620384                                80.620384
              4       44.412231      0.02185252      0.12502598     0.010401684       -1.846546       1.7819233    2.100583e-09      0.25866222        110.4467       0.1475227      0.74127325      0.24563028      0.24696112       2.5438732       7.8679606       81.089398       3.8675318        3.8675318       81.089398                                81.089398
              1       44.360472     0.021759758      0.12543622     0.010403399      -1.8226413       1.7709317    2.100583e-09       0.2657812       109.04278      0.14784017      0.73415264      0.24558955      0.24692024       2.5616049        7.901312        80.98588       3.8675318        3.8675318        80.98588                                 80.98588
             14       44.200448     0.021774543      0.12518044     0.010403291      -1.8328638       1.7766619    2.100583e-09      0.26230236        109.7226      0.14759917      0.73763224      0.24559606      0.24692677       2.5587664       7.8919692       80.665832       3.8675318        3.8675318       80.665832                                80.665832
              2       44.636858     0.021977028      0.12484348     0.010400838      -1.8654801       1.8590766    2.100583e-09      0.25499982       110.96041       0.1474647      0.74493654      0.24568484      0.24701588       2.5203619        7.844836       81.538652       3.8675318        3.8675318       81.538652                                81.538652
              9       45.922224     0.022058423      0.12556209     0.010400886      -1.8828779        1.881417    2.100583e-09      0.25499634       111.03914      0.14826471      0.74494037      0.24572063       0.2470518       2.5051697       7.8358945       84.109384       3.8675318        3.8675318       84.109384                                84.109384
              1       46.121639     0.022146766      0.12434577     0.010408176      -1.7804098       1.7493723    2.100583e-09      0.26478159       108.79477      0.14713673      0.73515218      0.24575942      0.24709073       2.4888362       7.8047063       84.508215       3.8675318        3.8675318       84.508215                                84.508215
              2       45.112014     0.021811419      0.12474921     0.010406681        -1.80612       1.7440159    2.100583e-09       0.2634194       109.40058      0.14720482      0.73651474      0.24561226      0.24694303       2.5517072        7.879376       82.488964       3.8675318        3.8675318       82.488964                                82.488964
              1       46.267165     0.021735289      0.12616354     0.010406868      -1.8943504       1.8208703    2.100583e-09      0.25472075       111.58094      0.14854302      0.74521614      0.24557876      0.24690941       2.5663131       7.9084028       84.799267       3.8675318        3.8675318       84.799267                                84.799267
              3       46.263245     0.021736166      0.12615972     0.010406843       -1.894689       1.8204883    2.100583e-09      0.25460441        111.6063      0.14854008      0.74533251      0.24557915       0.2469098        2.566144       7.9079974       84.791427       3.8675318        3.8675318       84.791427                                84.791427
              1       46.139628     0.021747803      0.12608901     0.010406915      -1.8906468       1.8183613    2.100583e-09      0.25495532       111.50808      0.14848101      0.74498149      0.24558428      0.24691495       2.5639036       7.9047968       84.544193       3.8675318        3.8675318       84.544193                                84.544193
             11       46.119398     0.021744767      0.12610244     0.010406905       -1.891136       1.8202637    2.100583e-09      0.25503872       111.49186       0.1484914      0.74489807      0.24558294      0.24691361       2.5644878       7.9058743       84.503733       3.8675318        3.8675318       84.503733                                84.503733
              3        45.09122     0.021720503       0.1257537     0.010406513      -1.8800616       1.8544558    2.100583e-09      0.25709066       110.88784      0.14811839      0.74284546      0.24557223      0.24690286       2.5691643       7.9146768       82.447377       3.8675318        3.8675318       82.447377                                82.447377
              1       45.123337     0.021719309      0.12577391     0.010406543      -1.8831203       1.8585855    2.100583e-09      0.25666847       110.98058      0.14813741      0.74326776       0.2455717      0.24690233       2.5693949       7.9151468       82.511611       3.8675318        3.8675318       82.511611                                82.511611
              2       45.371386     0.021773913      0.12538598     0.010407254      -1.8785256       1.8395861    2.100583e-09      0.25465699       111.36454      0.14780408       0.7452796      0.24559578      0.24692649       2.5588873       7.8941896       83.007708       3.8675318        3.8675318       83.007708                                83.007708
              8       45.311706     0.021750525       0.1265156     0.010405567      -1.9773058       1.9581034    2.100583e-09      0.24470245       113.80188      0.14891032      0.75523708      0.24558548      0.24691616         2.56338        7.909974       82.888348       3.8675318        3.8675318       82.888348                                82.888348
              6       45.172037     0.021878336      0.12682188     0.010401309      -1.9494112       1.9178208    2.100583e-09      0.25130434       112.32158      0.14934441      0.74863373      0.24564159      0.24697247       2.5389711       7.8841756       82.609011       3.8675318        3.8675318       82.609011                                82.609011
              2       44.971003     0.021859602      0.12681908     0.010401367      -1.9498358       1.9218221    2.100583e-09      0.25138508       112.30217      0.14932287      0.74855297      0.24563338      0.24696423       2.5425271       7.8891085       82.206942       3.8675318        3.8675318       82.206942                                82.206942
              5       44.620923     0.021871743      0.12615889     0.010403232      -1.9241397       1.8591342    2.100583e-09      0.25033327       112.48201      0.14867483      0.74960476       0.2456387      0.24696957       2.5402217       7.8734508       81.506783       3.8675318        3.8675318       81.506783                                81.506783
              1       45.303035     0.021802181      0.12668577     0.010402506      -1.8823259       1.8036869    2.100583e-09       0.2602303       110.46111      0.14913214      0.73970548       0.2456082      0.24693896       2.5534728        7.900118       82.871007       3.8675318        3.8675318       82.871007                                82.871007
              5       45.997955     0.021690238      0.12687487     0.010399254      -1.9346594       1.8877048    2.100583e-09        0.255439        111.5393       0.1492093        0.744498      0.24555883      0.24688941       2.5750152       7.9284001       84.260845       3.8675318        3.8675318       84.260845                                84.260845
              1       45.921182     0.021689555      0.12684271     0.010399307      -1.9339948       1.8886236    2.100583e-09      0.25542864       111.53273      0.14917646      0.74450834      0.24555853      0.24688911       2.5751476       7.9283694       84.107301       3.8675318        3.8675318       84.107301                                84.107301
              1       46.361419     0.021824249      0.12645804     0.010399786      -1.8574372       1.8419666    2.100583e-09      0.26631892       108.98211      0.14892648      0.73361526      0.24561789      0.24694868       2.5492578       7.9038199       84.987775       3.8675318        3.8675318       84.987775                                84.987775
              8       46.226152     0.022101024      0.12512511     0.010400793      -1.8496569       1.8418828    2.100583e-09      0.25852517       110.19439      0.14787032      0.74141049      0.24573937       0.2470706       2.4972733        7.821933        84.71724       3.8675318        3.8675318        84.71724                                 84.71724
              2       45.324385     0.022049353      0.12545887     0.010401318      -1.8787708       1.8632458    2.100583e-09      0.25545139       110.99492      0.14815241      0.74448515      0.24571664      0.24704779       2.5068557       7.8337975       82.913707       3.8675318        3.8675318       82.913707                                82.913707
             12       45.213656     0.022079258      0.12524949     0.010402555      -1.8665882       1.8641226    2.100583e-09      0.25559928       110.83518      0.14797294      0.74433715       0.2457298        0.247061       2.5013032       7.8285101       82.692249       3.8675318        3.8675318       82.692249                                82.692249
              1       46.406604     0.021994511      0.12565985     0.010399488      -1.8429382       1.8093374    2.100583e-09      0.26366492       109.36871      0.14829855      0.73626964      0.24569251      0.24702358       2.5170869       7.8495767       85.078144       3.8675318        3.8675318       85.078144                                85.078144
             10       46.551391     0.021897092      0.12640991     0.010398626      -1.9212493       1.8685634    2.100583e-09      0.25399471       111.68203      0.14895119      0.74594253       0.2456498      0.24698071       2.5354186       7.8723492       85.367718       3.8675318        3.8675318       85.367718                                85.367718
              2       45.930197     0.021897667       0.1257423     0.010399199      -1.8830997       1.8139264    2.100583e-09      0.25616018         111.108      0.14828416      0.74377624      0.24565006      0.24698097       2.5353099        7.863411       84.125331       3.8675318        3.8675318       84.125331                                84.125331
              6       44.242875     0.021837439      0.12534901     0.010401394      -1.9256119       1.9091999    2.100583e-09      0.24811277       112.72906      0.14783064      0.75182546      0.24562367      0.24695449       2.5467435       7.8762668       80.750686       3.8675318        3.8675318       80.750686                                80.750686
              4       44.969082     0.021815896      0.12462262     0.010401846      -1.8998214       1.8833989    2.100583e-09      0.24878082       112.43985       0.1470827      0.75115693      0.24561422        0.246945       2.5508522       7.8731482       82.203101       3.8675318        3.8675318       82.203101                                82.203101
              4       44.742572     0.021769327      0.12484773     0.010401882         -1.8977       1.8753009    2.100583e-09      0.25054427       112.13087      0.14726125      0.74939312      0.24559376      0.24692447       2.5597672       7.8866598       81.750081       3.8675318        3.8675318       81.750081                                81.750081
              9       44.025405     0.021722447      0.12552916     0.010403544       -1.880895       1.8551861    2.100583e-09      0.25669528       110.93247       0.1478958      0.74324085      0.24557309      0.24690372       2.5687892       7.9099343       80.315746       3.8675318        3.8675318       80.315746                                80.315746
              3       43.969545     0.021727166      0.12579499     0.010403363      -1.8969506       1.8662915    2.100583e-09      0.25523335       111.31842      0.14816634      0.74470326      0.24557517      0.24690581       2.5678789       7.9101917       80.204027       3.8675318        3.8675318       80.204027                                80.204027
              6        44.38344     0.021689584      0.12637309     0.010403326       -1.928919       1.9023785    2.100583e-09      0.25304771        111.9202      0.14870686      0.74688967      0.24555854      0.24688912       2.5751421       7.9254725       81.031816       3.8675318        3.8675318       81.031816                                81.031816
