{
    "Forecast name": "test1_fsky75_5bins",
    "Edges of redshift bins": [
        0.2,
        0.72,
        1.2399999999999998,
        1.7599999999999996,
        2.28,
        2.8
    ],
    "Centers of redshift bins": [
        0.45999999999999996,
        0.9799999999999999,
        1.4999999999999996,
        2.0199999999999996,
        2.54
    ],
    "Linear Eulerian bias in each bin": [
        2.0,
        2.0,
        2.0,
        2.0,
        2.0
    ],
    "Number density in each bin": [
        0.0008,
        0.0008,
        0.0008,
        0.0008,
        0.0008
    ],
    "fsky": 0.75,
    "CLASS default parameters": {
        "output": "tCl lCl mPk",
        "non linear": "halofit",
        "l_max_scalars": 2000,
        "lensing": "yes",
        "A_s": 2.083e-09,
        "n_s": 0.9649,
        "alpha_s": 0.0,
        "h": 0.6736,
        "N_ur": 2.0328,
        "N_ncdm": 1,
        "m_ncdm": 0.06,
        "tau_reio": 0.0544,
        "omega_b": 0.02237,
        "omega_cdm": 0.12,
        "Omega_k": 0.0,
        "P_k_max_h/Mpc": 2.0,
        "z_pk": "0.0,6"
    }
}