#        weight    minuslogpost          hrdrag           omch2               w              wa              As           rdrag          omegam        omegamh2        omega_de             YHe             Y_p           DHBBN            zrei       chi2__BAO   minuslogprior minuslogprior__0            chi2 chi2__bao.desi_dr2
              1       19.357204       100.37589      0.11938344     -0.95457212    -0.079497652    2.100583e-09       143.39412      0.28985368       0.1420283      0.71007259      0.24569493        0.247026         2.51606       7.7471782       21.548221       8.5830933        8.5830933       21.548221          21.548221
              3       14.945275       101.65193      0.12306706      -1.0379263     -0.14630476    2.100583e-09       145.21704      0.29737129      0.14571193      0.70255498      0.24569493        0.247026         2.51606       7.7799649       12.724363       8.5830933        8.5830933       12.724363          12.724363
             12       14.399416       91.917653      0.17551855     -0.31232245      -2.9950225    2.100583e-09       131.31093      0.40441513      0.19816341      0.59551114      0.24569493        0.247026         2.51606       8.6292324       11.632645       8.5830933        8.5830933       11.632645          11.632645
              4       15.198356       93.473979      0.16479829     -0.33153983       -2.972272    2.100583e-09       133.53426      0.38253705      0.18744315      0.61738922      0.24569493        0.247026         2.51606       8.4623001       13.230525       8.5830933        8.5830933       13.230525          13.230525
              4        15.66373       93.150145      0.16479829     -0.33153983       -2.972272    2.100583e-09       133.07164      0.38253705      0.18744315      0.61738922      0.24569493        0.247026         2.51606       8.4623001       14.161274       8.5830933        8.5830933       14.161274          14.161274
              6       15.721125       93.571232      0.16479829     -0.33153983       -2.972272    2.100583e-09       133.67319      0.38253705      0.18744315      0.61738922      0.24569493        0.247026         2.51606       8.4623001       14.276064       8.5830933        8.5830933       14.276064          14.276064
              3       15.015602        93.40718      0.16479829     -0.33153983       -2.972272    2.100583e-09       133.43883      0.38253705      0.18744315      0.61738922      0.24569493        0.247026         2.51606       8.4623001       12.865018       8.5830933        8.5830933       12.865018          12.865018
              3       15.869319       93.591642      0.16479829     -0.33153983       -2.972272    2.100583e-09       133.70235      0.38253705      0.18744315      0.61738922      0.24569493        0.247026         2.51606       8.4623001       14.572451       8.5830933        8.5830933       14.572451          14.572451
              1       15.032435       93.295612      0.16479829     -0.33153983       -2.972272    2.100583e-09       133.27945      0.38253705      0.18744315      0.61738922      0.24569493        0.247026         2.51606       8.4623001       12.898684       8.5830933        8.5830933       12.898684          12.898684
              2       14.790633       93.472738      0.16468081     -0.34095727      -2.9332715    2.100583e-09       133.53248      0.38229729      0.18732567      0.61762898      0.24569493        0.247026         2.51606       8.4604895        12.41508       8.5830933        8.5830933        12.41508           12.41508
              5       12.172866       101.39392      0.10282443       -1.096328      0.94979235    2.100583e-09       144.84845       0.2560598       0.1254693      0.74386648      0.24569493        0.247026         2.51606       7.7105643       7.1795461       8.5830933        8.5830933       7.1795461          7.1795461
              1       9.4052043       100.88901      0.10282443       -1.096328      0.94979235    2.100583e-09       144.12716       0.2560598       0.1254693      0.74386648      0.24569493        0.247026         2.51606       7.7105643        1.644222       8.5830933        8.5830933        1.644222           1.644222
              2       9.4697379       101.02869      0.10282443       -1.096328      0.94979235    2.100583e-09        144.3267       0.2560598       0.1254693      0.74386648      0.24569493        0.247026         2.51606       7.7105643       1.7732893       8.5830933        8.5830933       1.7732893          1.7732893
              3       9.8216456       100.76126      0.10282443       -1.096328      0.94979235    2.100583e-09       143.94466       0.2560598       0.1254693      0.74386648      0.24569493        0.247026         2.51606       7.7105643       2.4771045       8.5830933        8.5830933       2.4771045          2.4771045
              2       9.5748308       100.81961      0.10282443       -1.096328      0.94979235    2.100583e-09       144.02802       0.2560598       0.1254693      0.74386648      0.24569493        0.247026         2.51606       7.7105643       1.9834751       8.5830933        8.5830933       1.9834751          1.9834751
              3       9.4661876       101.02719      0.10282443       -1.096328      0.94979235    2.100583e-09       144.32456       0.2560598       0.1254693      0.74386648      0.24569493        0.247026         2.51606       7.7105643       1.7661886       8.5830933        8.5830933       1.7661886          1.7661886
              1       9.8005107        100.7655      0.10282443       -1.096328      0.94979235    2.100583e-09       143.95071       0.2560598       0.1254693      0.74386648      0.24569493        0.247026         2.51606       7.7105643       2.4348348       8.5830933        8.5830933       2.4348348          2.4348348
              1       9.3751815       100.91642      0.10282443       -1.096328      0.94979235    2.100583e-09       144.16631       0.2560598       0.1254693      0.74386648      0.24569493        0.247026         2.51606       7.7105643       1.5841764       8.5830933        8.5830933       1.5841764          1.5841764
              4       9.3685952       100.95585      0.10282443       -1.096328      0.94979235    2.100583e-09       144.22264       0.2560598       0.1254693      0.74386648      0.24569493        0.247026         2.51606       7.7105643       1.5710037       8.5830933        8.5830933       1.5710037          1.5710037
              1       9.3887418       100.98265      0.10282443       -1.096328      0.94979235    2.100583e-09       144.26093       0.2560598       0.1254693      0.74386648      0.24569493        0.247026         2.51606       7.7105643        1.611297       8.5830933        8.5830933        1.611297           1.611297
              4        9.092662       100.11418      0.11458819      -1.0910538      0.75945958    2.100583e-09       143.02026      0.28006746      0.13723305      0.71985882      0.24569493        0.247026         2.51606       7.8026115       1.0191375       8.5830933        8.5830933       1.0191375          1.0191375
              1       9.5695081       98.312882      0.12505084     -0.97411979      0.29771238    2.100583e-09       140.44697      0.30141981      0.14769571      0.69850646      0.24569493        0.247026         2.51606       7.9111582       1.9728296       8.5830933        8.5830933       1.9728296          1.9728296
              1       9.2898616       98.043445      0.12975783      -0.9458745     0.058965839    2.100583e-09       140.06206      0.31102591       0.1524027      0.68890036      0.24569493        0.247026         2.51606       7.9552048       1.4135367       8.5830933        8.5830933       1.4135367          1.4135367
              1       9.2674497       98.188868      0.12975783      -0.9458745     0.058965839    2.100583e-09       140.26981      0.31102591       0.1524027      0.68890036      0.24569493        0.247026         2.51606       7.9552048       1.3687128       8.5830933        8.5830933       1.3687128          1.3687128
              1       9.2635831       98.186886      0.12975783      -0.9458745     0.058965839    2.100583e-09       140.26698      0.31102591       0.1524027      0.68890036      0.24569493        0.247026         2.51606       7.9552048       1.3609796       8.5830933        8.5830933       1.3609796          1.3609796
              5       9.1502368       97.367806      0.13747299     -0.85710255     -0.44657845    2.100583e-09       139.09687      0.32677114      0.16011786      0.67315513      0.24569493        0.247026         2.51606       8.0513039       1.1342871       8.5830933        8.5830933       1.1342871          1.1342871
              1       9.3092887       98.703475      0.12683983     -0.97046351      0.13413725    2.100583e-09       141.00496      0.30507081       0.1494847      0.69485546      0.24569493        0.247026         2.51606        7.907638       1.4523909       8.5830933        8.5830933       1.4523909          1.4523909
              3       10.001656       98.286668      0.12670374     -0.93708242     0.084990049    2.100583e-09       140.40953      0.30479308      0.14934861       0.6951332      0.24569493        0.247026         2.51606       7.9114321       2.8371246       8.5830933        8.5830933       2.8371246          2.8371246
              1       9.1211434       97.737923      0.13343011     -0.92300168    -0.067326575    2.100583e-09        139.6256      0.31852035      0.15607497      0.68140592      0.24569493        0.247026         2.51606       8.0068511       1.0761002       8.5830933        8.5830933       1.0761002          1.0761002
              1       9.1860652       97.492325      0.13453978     -0.90477899     -0.13111029    2.100583e-09       139.27475      0.32078499      0.15718465      0.67914128      0.24569493        0.247026         2.51606       8.0232395       1.2059438       8.5830933        8.5830933       1.2059438          1.2059438
              2       9.8930295       97.663372      0.13453978     -0.90477899     -0.13111029    2.100583e-09        139.5191      0.32078499      0.15718465      0.67914128      0.24569493        0.247026         2.51606       8.0232395       2.6198725       8.5830933        8.5830933       2.6198725          2.6198725
              1       9.5259819       97.278262      0.13453978     -0.90477899     -0.13111029    2.100583e-09       138.96895      0.32078499      0.15718465      0.67914128      0.24569493        0.247026         2.51606       8.0232395       1.8857772       8.5830933        8.5830933       1.8857772          1.8857772
              3       9.8562665        97.32287      0.13412853     -0.90848566     -0.12635095    2.100583e-09       139.03267      0.31994571       0.1567734      0.67998056      0.24569493        0.247026         2.51606       8.0155984       2.5463465       8.5830933        8.5830933       2.5463465          2.5463465
              1       9.9491729       97.309271      0.13372275     -0.90618406     -0.12007201    2.100583e-09       139.01324      0.31911759      0.15636762      0.68080868      0.24569493        0.247026         2.51606       8.0104087       2.7321592       8.5830933        8.5830933       2.7321592          2.7321592
              1         9.49362       97.391061      0.13372275     -0.90618406     -0.12007201    2.100583e-09       139.13009      0.31911759      0.15636762      0.68080868      0.24569493        0.247026         2.51606       8.0104087       1.8210535       8.5830933        8.5830933       1.8210535          1.8210535
              1       12.033937       97.100093      0.13372275     -0.90618406     -0.12007201    2.100583e-09       138.71442      0.31911759      0.15636762      0.68080868      0.24569493        0.247026         2.51606       8.0104087        6.901688       8.5830933        8.5830933        6.901688           6.901688
              4       10.999374       96.997586      0.13646399     -0.88756379     -0.26143863    2.100583e-09       138.56798      0.32471196      0.15910886      0.67521431      0.24569493        0.247026         2.51606       8.0450012       4.8325616       8.5830933        8.5830933       4.8325616          4.8325616
              4       9.3013878       97.217085      0.13646399     -0.88756379     -0.26143863    2.100583e-09       138.88155      0.32471196      0.15910886      0.67521431      0.24569493        0.247026         2.51606       8.0450012       1.4365891       8.5830933        8.5830933       1.4365891          1.4365891
              1       9.3962297        97.19699      0.13646399     -0.88756379     -0.26143863    2.100583e-09       138.85284      0.32471196      0.15910886      0.67521431      0.24569493        0.247026         2.51606       8.0450012       1.6262729       8.5830933        8.5830933       1.6262729          1.6262729
              3       9.1254991       97.264583      0.13646399     -0.88756379     -0.26143863    2.100583e-09        138.9494      0.32471196      0.15910886      0.67521431      0.24569493        0.247026         2.51606       8.0450012       1.0848115       8.5830933        8.5830933       1.0848115          1.0848115
              8       9.1515354       97.286464      0.13981131     -0.90903616     -0.27311479    2.100583e-09       138.98066      0.33154322      0.16245618      0.66838305      0.24569493        0.247026         2.51606        8.093848       1.1368842       8.5830933        8.5830933       1.1368842          1.1368842
              3       9.4453897       98.991116      0.12240351      -1.0345291      0.51132295    2.100583e-09       141.41588       0.2960171      0.14504838      0.70390917      0.24569493        0.247026         2.51606        7.887966       1.7245929       8.5830933        8.5830933       1.7245929          1.7245929
              3       9.3593279       99.719303      0.12217306      -1.0924362      0.61172965    2.100583e-09       142.45615      0.29554679      0.14481793      0.70437948      0.24569493        0.247026         2.51606       7.8746023       1.5524692       8.5830933        8.5830933       1.5524692          1.5524692
              2       9.3873873       99.693556      0.12217306      -1.0924362      0.61172965    2.100583e-09       142.41937      0.29554679      0.14481793      0.70437948      0.24569493        0.247026         2.51606       7.8746023        1.608588       8.5830933        8.5830933        1.608588           1.608588
              1       9.3586147       99.769157      0.12217306      -1.0924362      0.61172965    2.100583e-09       142.52737      0.29554679      0.14481793      0.70437948      0.24569493        0.247026         2.51606       7.8746023       1.5510428       8.5830933        8.5830933       1.5510428          1.5510428
              1       9.6145709       99.881323      0.12217306      -1.0924362      0.61172965    2.100583e-09        142.6876      0.29554679      0.14481793      0.70437948      0.24569493        0.247026         2.51606       7.8746023       2.0629553       8.5830933        8.5830933       2.0629553          2.0629553
              3        8.892627       97.956671      0.13319209     -0.93218492    -0.089997081    2.100583e-09        139.9381       0.3180346      0.15583696      0.68189167      0.24569493        0.247026         2.51606        7.996269      0.61906751       8.5830933        8.5830933      0.61906751         0.61906751
              1       8.9562944       98.050746      0.13319209     -0.93218492    -0.089997081    2.100583e-09       140.07249       0.3180346      0.15583696      0.68189167      0.24569493        0.247026         2.51606        7.996269      0.74640215       8.5830933        8.5830933      0.74640215         0.74640215
              2       8.8881409        97.99721      0.13319209     -0.93218492    -0.089997081    2.100583e-09       139.99601       0.3180346      0.15583696      0.68189167      0.24569493        0.247026         2.51606        7.996269      0.61009516       8.5830933        8.5830933      0.61009516         0.61009516
              1       9.6900174       97.747326      0.13319209     -0.93218492    -0.089997081    2.100583e-09       139.63904       0.3180346      0.15583696      0.68189167      0.24569493        0.247026         2.51606        7.996269       2.2138482       8.5830933        8.5830933       2.2138482          2.2138482
              1       9.3090555       97.533813      0.13838675     -0.91976444     -0.27842803    2.100583e-09       139.33402      0.32863596      0.16103162      0.67129031      0.24569493        0.247026         2.51606       8.0663619       1.4519244       8.5830933        8.5830933       1.4519244          1.4519244
              2       9.0292685        97.59303      0.13838675     -0.91976444     -0.27842803    2.100583e-09       139.41861      0.32863596      0.16103162      0.67129031      0.24569493        0.247026         2.51606       8.0663619      0.89235042       8.5830933        8.5830933      0.89235042         0.89235042
              1        9.163209       97.561915      0.13838675     -0.91976444     -0.27842803    2.100583e-09       139.37416      0.32863596      0.16103162      0.67129031      0.24569493        0.247026         2.51606       8.0663619       1.1602314       8.5830933        8.5830933       1.1602314          1.1602314
              3       8.8497244       97.654411      0.13838675     -0.91976444     -0.27842803    2.100583e-09        139.5063      0.32863596      0.16103162      0.67129031      0.24569493        0.247026         2.51606       8.0663619      0.53326225       8.5830933        8.5830933      0.53326225         0.53326225
              1       10.167204        95.69258       0.1455824     -0.81534674     -0.50887551    2.100583e-09       136.70369      0.34332094      0.16822726      0.65660533      0.24569493        0.247026         2.51606       8.1917715       3.1682209       8.5830933        8.5830933       3.1682209          3.1682209
              2       10.816442       95.932964      0.14171753     -0.75822703      -0.7468098    2.100583e-09       137.04709      0.33543345      0.16436239      0.66449282      0.24569493        0.247026         2.51606        8.121033       4.4666971       8.5830933        8.5830933       4.4666971          4.4666971
              4       10.018576       96.140036      0.14171753     -0.75822703      -0.7468098    2.100583e-09       137.34291      0.33543345      0.16436239      0.66449282      0.24569493        0.247026         2.51606        8.121033       2.8709653       8.5830933        8.5830933       2.8709653          2.8709653
              4       10.098821       96.086284      0.14171753     -0.75822703      -0.7468098    2.100583e-09       137.26612      0.33543345      0.16436239      0.66449282      0.24569493        0.247026         2.51606        8.121033       3.0314554       8.5830933        8.5830933       3.0314554          3.0314554
              1       9.2887059       96.006463      0.14516365     -0.75212229     -0.87882107    2.100583e-09       137.15209      0.34246636      0.16780852      0.65745991      0.24569493        0.247026         2.51606       8.1699273       1.4112251       8.5830933        8.5830933       1.4112251          1.4112251
              5       9.3065573       95.995116      0.14516365     -0.75212229     -0.87882107    2.100583e-09       137.13588      0.34246636      0.16780852      0.65745991      0.24569493        0.247026         2.51606       8.1699273        1.446928       8.5830933        8.5830933        1.446928           1.446928
              4       9.3679912       95.415181      0.15168768     -0.70948336      -1.1669146    2.100583e-09        136.3074       0.3557807      0.17433254      0.64414557      0.24569493        0.247026         2.51606       8.2679615       1.5697958       8.5830933        8.5830933       1.5697958          1.5697958
              2       10.864824       99.969225      0.12468742      -1.0278532      0.12111974    2.100583e-09       142.81318      0.30067813      0.14733228      0.69924814      0.24569493        0.247026         2.51606       7.8438983       4.5634624       8.5830933        8.5830933       4.5634624          4.5634624
              1       10.571942       99.008448      0.12977216     -0.95257949     -0.17624998    2.100583e-09       141.44064      0.31105516      0.15241703      0.68887111      0.24569493        0.247026         2.51606        7.919903       3.9776984       8.5830933        8.5830933       3.9776984          3.9776984
              1       9.9465135       99.263825      0.12977216     -0.95257949     -0.17624998    2.100583e-09       141.80546      0.31105516      0.15241703      0.68887111      0.24569493        0.247026         2.51606        7.919903       2.7268405       8.5830933        8.5830933       2.7268405          2.7268405
              5       9.4544054       100.71868      0.11443396      -1.0858662      0.64625305    2.100583e-09       143.88383      0.27975272      0.13707883      0.72017356      0.24569493        0.247026         2.51606       7.7567891       1.7426241       8.5830933        8.5830933       1.7426241          1.7426241
              1       9.1752666       101.37348       0.1118279      -1.1315435      0.80679274    2.100583e-09       144.81925      0.27443422      0.13447277      0.72549205      0.24569493        0.247026         2.51606        7.735998       1.1843467       8.5830933        8.5830933       1.1843467          1.1843467
              1        9.190005        101.3782       0.1118279      -1.1315435      0.80679274    2.100583e-09         144.826      0.27443422      0.13447277      0.72549205      0.24569493        0.247026         2.51606        7.735998       1.2138235       8.5830933        8.5830933       1.2138235          1.2138235
              1       10.285717       101.56793       0.1118279      -1.1315435      0.80679274    2.100583e-09       145.09704      0.27443422      0.13447277      0.72549205      0.24569493        0.247026         2.51606        7.735998       3.4052465       8.5830933        8.5830933       3.4052465          3.4052465
              1       10.127375       101.54835       0.1118279      -1.1315435      0.80679274    2.100583e-09       145.06908      0.27443422      0.13447277      0.72549205      0.24569493        0.247026         2.51606        7.735998       3.0885634       8.5830933        8.5830933       3.0885634          3.0885634
              1       10.271506       100.96009       0.1118279      -1.1315435      0.80679274    2.100583e-09       144.22869      0.27443422      0.13447277      0.72549205      0.24569493        0.247026         2.51606        7.735998       3.3768253       8.5830933        8.5830933       3.3768253          3.3768253
              2       11.261103       102.37314      0.10096708      -1.2089944       1.1877276    2.100583e-09       146.24734      0.25226928      0.12361194        0.747657      0.24569493        0.247026         2.51606       7.6842661        5.356019       8.5830933        8.5830933        5.356019           5.356019
              2       9.1480937       102.77103      0.10096708      -1.2089944       1.1877276    2.100583e-09       146.81575      0.25226928      0.12361194        0.747657      0.24569493        0.247026         2.51606       7.6842661       1.1300009       8.5830933        8.5830933       1.1300009          1.1300009
             11       9.2624705       102.86144      0.10096708      -1.2089944       1.1877276    2.100583e-09       146.94492      0.25226928      0.12361194        0.747657      0.24569493        0.247026         2.51606       7.6842661       1.3587543       8.5830933        8.5830933       1.3587543          1.3587543
              1       9.1563467       102.79383      0.10096708      -1.2089944       1.1877276    2.100583e-09       146.84832      0.25226928      0.12361194        0.747657      0.24569493        0.247026         2.51606       7.6842661       1.1465068       8.5830933        8.5830933       1.1465068          1.1465068
              2       9.2140504       102.23909      0.10390838      -1.1694886       1.0369324    2.100583e-09       146.05584      0.25827194      0.12655325      0.74165433      0.24569493        0.247026         2.51606        7.681529       1.2619143       8.5830933        8.5830933       1.2619143          1.2619143
              1       9.2805796       102.17994      0.10581116      -1.1680067      0.97860006    2.100583e-09       145.97134      0.26215515      0.12845602      0.73777112      0.24569493        0.247026         2.51606       7.6791619       1.3949727       8.5830933        8.5830933       1.3949727          1.3949727
              2       9.7022715       101.99441      0.10581116      -1.1680067      0.97860006    2.100583e-09       145.70629      0.26215515      0.12845602      0.73777112      0.24569493        0.247026         2.51606       7.6791619       2.2383565       8.5830933        8.5830933       2.2383565          2.2383565
              2       10.059616       101.93135      0.10581116      -1.1680067      0.97860006    2.100583e-09       145.61621      0.26215515      0.12845602      0.73777112      0.24569493        0.247026         2.51606       7.6791619       2.9530444       8.5830933        8.5830933       2.9530444          2.9530444
              1       9.7867043       102.36468      0.10581116      -1.1680067      0.97860006    2.100583e-09       146.23526      0.26215515      0.12845602      0.73777112      0.24569493        0.247026         2.51606       7.6791619       2.4072219       8.5830933        8.5830933       2.4072219          2.4072219
              1       10.145666       102.42431      0.10581116      -1.1680067      0.97860006    2.100583e-09       146.32044      0.26215515      0.12845602      0.73777112      0.24569493        0.247026         2.51606       7.6791619       3.1251458       8.5830933        8.5830933       3.1251458          3.1251458
              2       9.4290254       102.69437      0.11189665      -1.2064643      0.88577376    2.100583e-09       146.70625      0.27457453      0.13454152      0.72535174      0.24569493        0.247026         2.51606       7.7021383       1.6918642       8.5830933        8.5830933       1.6918642          1.6918642
              3       9.8758063       103.51272       0.1018432      -1.2321125       1.1385205    2.100583e-09       147.87531      0.25405728      0.12448807      0.74586899      0.24569493        0.247026         2.51606       7.6253847       2.5854261       8.5830933        8.5830933       2.5854261          2.5854261
              1       9.5348696       103.29328      0.10092743      -1.2211589        1.168991    2.100583e-09       147.56183      0.25218836      0.12357229      0.74773791      0.24569493        0.247026         2.51606       7.6477879       1.9035526       8.5830933        8.5830933       1.9035526          1.9035526
              1       9.6542626       103.33995      0.10092743      -1.2211589        1.168991    2.100583e-09        147.6285      0.25218836      0.12357229      0.74773791      0.24569493        0.247026         2.51606       7.6477879       2.1423386       8.5830933        8.5830933       2.1423386          2.1423386
              1       10.342576       102.96323      0.10092743      -1.2211589        1.168991    2.100583e-09       147.09033      0.25218836      0.12357229      0.74773791      0.24569493        0.247026         2.51606       7.6477879       3.5189661       8.5830933        8.5830933       3.5189661          3.5189661
              2       9.5147466       103.15792      0.10092743      -1.2211589        1.168991    2.100583e-09       147.36845      0.25218836      0.12357229      0.74773791      0.24569493        0.247026         2.51606       7.6477879       1.8633066       8.5830933        8.5830933       1.8633066          1.8633066
              1       9.4813137       103.25648      0.10092743      -1.2211589        1.168991    2.100583e-09       147.50926      0.25218836      0.12357229      0.74773791      0.24569493        0.247026         2.51606       7.6477879       1.7964409       8.5830933        8.5830933       1.7964409          1.7964409
              7       9.6548415       102.87176      0.10279027      -1.2014826        1.078881    2.100583e-09       146.95966      0.25599007      0.12543514       0.7439362      0.24569493        0.247026         2.51606       7.6449619       2.1434964       8.5830933        8.5830933       2.1434964          2.1434964
              2       9.6315784       102.99169      0.10279027      -1.2014826        1.078881    2.100583e-09       147.13098      0.25599007      0.12543514       0.7439362      0.24569493        0.247026         2.51606       7.6449619       2.0969701       8.5830933        8.5830933       2.0969701          2.0969701
              3       10.103007       103.13454      0.10279027      -1.2014826        1.078881    2.100583e-09       147.33506      0.25599007      0.12543514       0.7439362      0.24569493        0.247026         2.51606       7.6449619        3.039827       8.5830933        8.5830933        3.039827           3.039827
              2       10.526547       103.20393      0.10279027      -1.2014826        1.078881    2.100583e-09       147.43419      0.25599007      0.12543514       0.7439362      0.24569493        0.247026         2.51606       7.6449619       3.8869076       8.5830933        8.5830933       3.8869076          3.8869076
              3       10.994257       102.61608      0.10279027      -1.2014826        1.078881    2.100583e-09        146.5944      0.25599007      0.12543514       0.7439362      0.24569493        0.247026         2.51606       7.6449619       4.8223277       8.5830933        8.5830933       4.8223277          4.8223277
              2       9.6150043       102.89978      0.10279027      -1.2014826        1.078881    2.100583e-09       146.99969      0.25599007      0.12543514       0.7439362      0.24569493        0.247026         2.51606       7.6449619       2.0638221       8.5830933        8.5830933       2.0638221          2.0638221
              1       9.9399652        102.7783      0.10279027      -1.2014826        1.078881    2.100583e-09       146.82615      0.25599007      0.12543514       0.7439362      0.24569493        0.247026         2.51606       7.6449619       2.7137438       8.5830933        8.5830933       2.7137438          2.7137438
              2       9.8618171       103.08069      0.10279027      -1.2014826        1.078881    2.100583e-09       147.25813      0.25599007      0.12543514       0.7439362      0.24569493        0.247026         2.51606       7.6449619       2.5574476       8.5830933        8.5830933       2.5574476          2.5574476
              3       9.9084432       103.09257      0.10279027      -1.2014826        1.078881    2.100583e-09       147.27511      0.25599007      0.12543514       0.7439362      0.24569493        0.247026         2.51606       7.6449619       2.6506999       8.5830933        8.5830933       2.6506999          2.6506999
              2       13.657051       103.49372      0.10279027      -1.2014826        1.078881    2.100583e-09       147.84817      0.25599007      0.12543514       0.7439362      0.24569493        0.247026         2.51606       7.6449619       10.147916       8.5830933        8.5830933       10.147916          10.147916
              1       17.572849       102.23244      0.12670115      -1.1034268     0.076365347    2.100583e-09       146.04634      0.30478779      0.14934601      0.69513849      0.24569493        0.247026         2.51606       7.8494553       17.979511       8.5830933        8.5830933       17.979511          17.979511
              1       16.757964       102.19113      0.12670115      -1.1034268     0.076365347    2.100583e-09       145.98733      0.30478779      0.14934601      0.69513849      0.24569493        0.247026         2.51606       7.8494553        16.34974       8.5830933        8.5830933        16.34974           16.34974
              3       11.505439       101.82433      0.12670115      -1.1034268     0.076365347    2.100583e-09       145.46333      0.30478779      0.14934601      0.69513849      0.24569493        0.247026         2.51606       7.8494553        5.844691       8.5830933        8.5830933        5.844691           5.844691
              3       11.575298       102.15558      0.12606441      -1.1275129      0.12902773    2.100583e-09       145.93655      0.30348831      0.14870927      0.69643796      0.24569493        0.247026         2.51606       7.8368947       5.9844087       8.5830933        8.5830933       5.9844087          5.9844087
              9       10.471619       101.60741      0.12898538      -1.1694737      0.22164043    2.100583e-09       145.15344      0.30944949      0.15163025      0.69047678      0.24569493        0.247026         2.51606       7.8867184        3.777051       8.5830933        8.5830933        3.777051           3.777051
              2       10.757761       102.22571      0.12771575      -1.1946752      0.28053452    2.100583e-09       146.03673      0.30685841      0.15036062      0.69306786      0.24569493        0.247026         2.51606       7.8634582       4.3493353       8.5830933        8.5830933       4.3493353          4.3493353
              1       10.689073       102.08129      0.12771575      -1.1946752      0.28053452    2.100583e-09       145.83041      0.30685841      0.15036062      0.69306786      0.24569493        0.247026         2.51606       7.8634582        4.211959       8.5830933        8.5830933        4.211959           4.211959
              1       11.855683       101.83833      0.12771575      -1.1946752      0.28053452    2.100583e-09       145.48333      0.30685841      0.15036062      0.69306786      0.24569493        0.247026         2.51606       7.8634582        6.545179       8.5830933        8.5830933        6.545179           6.545179
              2       10.237244        100.0153      0.12880939      -1.1170826      0.36999916    2.100583e-09       142.87899      0.30909032      0.15145426      0.69083595      0.24569493        0.247026         2.51606       7.9203023       3.3083016       8.5830933        8.5830933       3.3083016          3.3083016
              5       10.766603       100.54934      0.12880939      -1.1170826      0.36999916    2.100583e-09       143.64192      0.30909032      0.15145426      0.69083595      0.24569493        0.247026         2.51606       7.9203023       4.3670194       8.5830933        8.5830933       4.3670194          4.3670194
              2       11.408046       99.877775      0.12880939      -1.1170826      0.36999916    2.100583e-09       142.68254      0.30909032      0.15145426      0.69083595      0.24569493        0.247026         2.51606       7.9203023       5.6499046       8.5830933        8.5830933       5.6499046          5.6499046
              4       10.094283       100.45527      0.12880939      -1.1170826      0.36999916    2.100583e-09       143.50753      0.30909032      0.15145426      0.69083595      0.24569493        0.247026         2.51606       7.9203023       3.0223802       8.5830933        8.5830933       3.0223802          3.0223802
              1       9.7422664       99.263359      0.12394111      -1.0305164      0.42509858    2.100583e-09        141.8048      0.29915506      0.14658598      0.70077121      0.24569493        0.247026         2.51606       7.8913812       2.3183463       8.5830933        8.5830933       2.3183463          2.3183463
              2       9.5524954       98.873454      0.12394111      -1.0305164      0.42509858    2.100583e-09       141.24779      0.29915506      0.14658598      0.70077121      0.24569493        0.247026         2.51606       7.8913812       1.9388042       8.5830933        8.5830933       1.9388042          1.9388042
              6       9.5742459        98.44739      0.12670856      -1.0026887      0.30451503    2.100583e-09       140.63913       0.3048029      0.14935342      0.69512337      0.24569493        0.247026         2.51606        7.924869       1.9823052       8.5830933        8.5830933       1.9823052          1.9823052
              2       9.4869775       98.775813      0.12670856      -1.0026887      0.30451503    2.100583e-09        141.1083       0.3048029      0.14935342      0.69512337      0.24569493        0.247026         2.51606        7.924869       1.8077685       8.5830933        8.5830933       1.8077685          1.8077685
              2       9.1865393       101.23139      0.12196989      -1.1697342      0.63420794    2.100583e-09       144.61627      0.29513215      0.14461475      0.70479412      0.24569493        0.247026         2.51606       7.8286394       1.2068921       8.5830933        8.5830933       1.2068921          1.2068921
              2       9.0372993       100.87694      0.11475526      -1.1146499      0.70384053    2.100583e-09       144.10992      0.28040842      0.13740013      0.71951785      0.24569493        0.247026         2.51606       7.7602371      0.90841193       8.5830933        8.5830933      0.90841193         0.90841193
              1       9.1176616       100.29475      0.11594586      -1.0898864      0.70241587    2.100583e-09       143.27822      0.28283822      0.13859073      0.71708805      0.24569493        0.247026         2.51606       7.8019135       1.0691366       8.5830933        8.5830933       1.0691366          1.0691366
              4       9.4673583       100.00719      0.11594586      -1.0898864      0.70241587    2.100583e-09       142.86741      0.28283822      0.13859073      0.71708805      0.24569493        0.247026         2.51606       7.8019135       1.7685301       8.5830933        8.5830933       1.7685301          1.7685301
              2       9.4666336       100.07427      0.11533527       -1.093381      0.72292359    2.100583e-09       142.96324      0.28159211      0.13798013      0.71833416      0.24569493        0.247026         2.51606       7.7967579       1.7670807       8.5830933        8.5830933       1.7670807          1.7670807
              4        9.266486       100.11718      0.11533527       -1.093381      0.72292359    2.100583e-09       143.02454      0.28159211      0.13798013      0.71833416      0.24569493        0.247026         2.51606       7.7967579       1.3667853       8.5830933        8.5830933       1.3667853          1.3667853
              3       9.1084552       100.16371      0.11533527       -1.093381      0.72292359    2.100583e-09       143.09102      0.28159211      0.13798013      0.71833416      0.24569493        0.247026         2.51606       7.7967579       1.0507238       8.5830933        8.5830933       1.0507238          1.0507238
              9       9.1916331       100.38474      0.11533527       -1.093381      0.72292359    2.100583e-09       143.40677      0.28159211      0.13798013      0.71833416      0.24569493        0.247026         2.51606       7.7967579       1.2170796       8.5830933        8.5830933       1.2170796          1.2170796
              7       9.0829449       100.34806      0.11533527       -1.093381      0.72292359    2.100583e-09       143.35437      0.28159211      0.13798013      0.71833416      0.24569493        0.247026         2.51606       7.7967579      0.99970332       8.5830933        8.5830933      0.99970332         0.99970332
              2       9.1591979       100.37503      0.11533527       -1.093381      0.72292359    2.100583e-09        143.3929      0.28159211      0.13798013      0.71833416      0.24569493        0.247026         2.51606       7.7967579       1.1522093       8.5830933        8.5830933       1.1522093          1.1522093
              2       9.3879797       100.43219      0.11533527       -1.093381      0.72292359    2.100583e-09       143.47456      0.28159211      0.13798013      0.71833416      0.24569493        0.247026         2.51606       7.7967579       1.6097728       8.5830933        8.5830933       1.6097728          1.6097728
              2       9.3013576       100.10882      0.11533527       -1.093381      0.72292359    2.100583e-09        143.0126      0.28159211      0.13798013      0.71833416      0.24569493        0.247026         2.51606       7.7967579       1.4365286       8.5830933        8.5830933       1.4365286          1.4365286
              2       9.0590798       100.33771      0.11533527       -1.093381      0.72292359    2.100583e-09       143.33959      0.28159211      0.13798013      0.71833416      0.24569493        0.247026         2.51606       7.7967579      0.95197309       8.5830933        8.5830933      0.95197309         0.95197309
              1       11.420272       99.060999      0.11784749      -1.0030124      0.54312816    2.100583e-09       141.51571      0.28671909      0.14049235      0.71320718      0.24569493        0.247026         2.51606       7.8473398        5.674358       8.5830933        8.5830933        5.674358           5.674358
              3       11.845376       98.368913      0.11784749      -1.0030124      0.54312816    2.100583e-09       140.52702      0.28671909      0.14049235      0.71320718      0.24569493        0.247026         2.51606       7.8473398       6.5245651       8.5830933        8.5830933       6.5245651          6.5245651
              1       12.526972       98.626079      0.11611708        -1.06438      0.82403585    2.100583e-09        140.8944      0.28318765      0.13876195      0.71673862      0.24569493        0.247026         2.51606       7.8945081       7.8877567       8.5830933        8.5830933       7.8877567          7.8877567
              1       11.870312       97.777043      0.12082895     -0.98617462      0.51042042    2.100583e-09       139.68149       0.2928037      0.14347381      0.70712257      0.24569493        0.247026         2.51606       7.8998666       6.5744383       8.5830933        8.5830933       6.5744383          6.5744383
              9       10.960752       97.898259      0.12082895     -0.98617462      0.51042042    2.100583e-09       139.85466       0.2928037      0.14347381      0.70712257      0.24569493        0.247026         2.51606       7.8998666       4.7553175       8.5830933        8.5830933       4.7553175          4.7553175
              1       10.621845       97.971871      0.12082895     -0.98617462      0.51042042    2.100583e-09       139.95982       0.2928037      0.14347381      0.70712257      0.24569493        0.247026         2.51606       7.8998666       4.0775025       8.5830933        8.5830933       4.0775025          4.0775025
              1       10.415023       98.079014      0.12082895     -0.98617462      0.51042042    2.100583e-09       140.11288       0.2928037      0.14347381      0.70712257      0.24569493        0.247026         2.51606       7.8998666       3.6638602       8.5830933        8.5830933       3.6638602          3.6638602
              1       10.099228       98.589036      0.12137258     -0.99916933      0.41901609    2.100583e-09       140.84148      0.29391315      0.14401744      0.70601312      0.24569493        0.247026         2.51606        7.866187       3.0322694       8.5830933        8.5830933       3.0322694          3.0322694
              6       9.9952278       98.608486      0.12137258     -0.99916933      0.41901609    2.100583e-09       140.86927      0.29391315      0.14401744      0.70601312      0.24569493        0.247026         2.51606        7.866187       2.8242689       8.5830933        8.5830933       2.8242689          2.8242689
              1        10.23862       99.882492      0.11429765      -1.0678625      0.66385571    2.100583e-09       142.68927      0.27947452      0.13694251      0.72045175      0.24569493        0.247026         2.51606       7.7771708       3.3110529       8.5830933        8.5830933       3.3110529          3.3110529
              1       9.7021016        99.97026      0.11429765      -1.0678625      0.66385571    2.100583e-09       142.81466      0.27947452      0.13694251      0.72045175      0.24569493        0.247026         2.51606       7.7771708       2.2380167       8.5830933        8.5830933       2.2380167          2.2380167
              1        9.922404       99.929749      0.11429765      -1.0678625      0.66385571    2.100583e-09       142.75678      0.27947452      0.13694251      0.72045175      0.24569493        0.247026         2.51606       7.7771708       2.6786213       8.5830933        8.5830933       2.6786213          2.6786213
              3       9.7118109       99.174716      0.11926964      -1.0333307      0.51927098    2.100583e-09       141.67817      0.28962144      0.14191451      0.71030483      0.24569493        0.247026         2.51606       7.8375305       2.2574352       8.5830933        8.5830933       2.2574352          2.2574352
              6       9.8537223       99.181848      0.11407349      -1.0311841      0.69534665    2.100583e-09       141.68835      0.27901706      0.13671836      0.72090922      0.24569493        0.247026         2.51606       7.8260682       2.5412581       8.5830933        8.5830933       2.5412581          2.5412581
              2       10.002114       98.987793      0.11407349      -1.0311841      0.69534665    2.100583e-09       141.41113      0.27901706      0.13671836      0.72090922      0.24569493        0.247026         2.51606       7.8260682       2.8380411       8.5830933        8.5830933       2.8380411          2.8380411
              1       14.635494       93.966305      0.14303436     -0.70305871     -0.57494467    2.100583e-09       134.23758      0.33812087      0.16567922      0.66180541      0.24569493        0.247026         2.51606       8.1758283       12.104802       8.5830933        8.5830933       12.104802          12.104802
              1       12.592337       94.370174      0.14303436     -0.70305871     -0.57494467    2.100583e-09       134.81453      0.33812087      0.16567922      0.66180541      0.24569493        0.247026         2.51606       8.1758283       8.0184868       8.5830933        8.5830933       8.0184868          8.0184868
              3       12.593161       94.370761      0.14303436     -0.70305871     -0.57494467    2.100583e-09       134.81537      0.33812087      0.16567922      0.66180541      0.24569493        0.247026         2.51606       8.1758283       8.0201357       8.5830933        8.5830933       8.0201357          8.0201357
              1       11.413405        96.68529      0.15026032     -0.82774782     -0.85669054    2.100583e-09       138.12184      0.35286772      0.17290518      0.64705855      0.24569493        0.247026         2.51606       8.2412656       5.6606228       8.5830933        8.5830933       5.6606228          5.6606228
              1       11.579938       96.708188      0.15026032     -0.82774782     -0.85669054    2.100583e-09       138.15455      0.35286772      0.17290518      0.64705855      0.24569493        0.247026         2.51606       8.2412656       5.9936897       8.5830933        8.5830933       5.9936897          5.9936897
              1       9.2398673       96.532771      0.14414619     -0.83228316      -0.5691207    2.100583e-09       137.90396      0.34038992      0.16679106      0.65953635      0.24569493        0.247026         2.51606       8.1586221       1.3135481       8.5830933        8.5830933       1.3135481          1.3135481
              1       9.2971535        96.26765      0.14559989     -0.80855179     -0.66321323    2.100583e-09       137.52521      0.34335665      0.16824476      0.65656963      0.24569493        0.247026         2.51606       8.1806725       1.4281204       8.5830933        8.5830933       1.4281204          1.4281204
              1       8.9606987       98.006573      0.13274885     -0.94950187    0.0055822735    2.100583e-09       140.00939      0.31713003      0.15539372      0.68279624      0.24569493        0.247026         2.51606       7.9961359      0.75521087       8.5830933        8.5830933      0.75521087         0.75521087
              1       8.9423198       98.001701      0.13263237      -0.9422198    -0.022755665    2.100583e-09       140.00243      0.31689233      0.15527724      0.68303394      0.24569493        0.247026         2.51606         7.99265      0.71845293       8.5830933        8.5830933      0.71845293         0.71845293
              1       9.8690907       100.53467      0.13349847      -1.0764192    -0.086945144    2.100583e-09       143.62095      0.31865987      0.15614334       0.6812664      0.24569493        0.247026         2.51606       7.9606866       2.5719949       8.5830933        8.5830933       2.5719949          2.5719949
              1       11.316298       100.57317      0.13018226     -0.99334836     -0.36271128    2.100583e-09       143.67595       0.3118921      0.15282713      0.68803417      0.24569493        0.247026         2.51606       7.8995833       5.4664087       8.5830933        8.5830933       5.4664087          5.4664087
              3        10.68679       99.175514      0.13877713     -0.89541233     -0.81806683    2.100583e-09       141.67931      0.32943265        0.161422      0.67049362      0.24569493        0.247026         2.51606       8.0394639       4.2073938       8.5830933        8.5830933       4.2073938          4.2073938
              4       12.384096       100.71299      0.12567513      -1.0563469    0.0047625034    2.100583e-09        143.8757      0.30269387         0.14832       0.6972324      0.24569493        0.247026         2.51606       7.8369932       7.6020058       8.5830933        8.5830933       7.6020058          7.6020058
              1       11.935885       101.40546      0.12567513      -1.0563469    0.0047625034    2.100583e-09       144.86494      0.30269387         0.14832       0.6972324      0.24569493        0.247026         2.51606       7.8369932       6.7055838       8.5830933        8.5830933       6.7055838          6.7055838
              2       10.665785       101.19356      0.12567513      -1.0563469    0.0047625034    2.100583e-09       144.56222      0.30269387         0.14832       0.6972324      0.24569493        0.247026         2.51606       7.8369932        4.165383       8.5830933        8.5830933        4.165383           4.165383
              3       9.6434122       99.874156      0.12495949      -1.0194667       0.2010927    2.100583e-09       142.67737      0.30123338      0.14760436      0.69869289      0.24569493        0.247026         2.51606       7.8652217       2.1206378       8.5830933        8.5830933       2.1206378          2.1206378
              2       13.279369       102.58403      0.10831223      -1.1856331      0.83174226    2.100583e-09       146.54861      0.26725938       0.1309571      0.73266689      0.24569493        0.247026         2.51606       7.6343034       9.3925515       8.5830933        8.5830933       9.3925515          9.3925515
              3       12.718373       102.63802      0.10831223      -1.1856331      0.83174226    2.100583e-09       146.62574      0.26725938       0.1309571      0.73266689      0.24569493        0.247026         2.51606       7.6343034       8.2705585       8.5830933        8.5830933       8.2705585          8.2705585
              2       12.207574       102.37355      0.11301066      -1.1717282      0.66577867    2.100583e-09       146.24792      0.27684802      0.13565553      0.72307825      0.24569493        0.247026         2.51606       7.6755617        7.248962       8.5830933        8.5830933        7.248962           7.248962
              1       12.153455       102.22496      0.11390665      -1.1576041      0.60628148    2.100583e-09       146.03565      0.27867657      0.13655152       0.7212497      0.24569493        0.247026         2.51606       7.6846872       7.1407241       8.5830933        8.5830933       7.1407241          7.1407241
              1       12.102992       102.23121      0.11390665      -1.1576041      0.60628148    2.100583e-09       146.04459      0.27867657      0.13655152       0.7212497      0.24569493        0.247026         2.51606       7.6846872        7.039797       8.5830933        8.5830933        7.039797           7.039797
              4       9.7283752       99.822069      0.12851973     -0.99157564    -0.069099757    2.100583e-09       142.60296      0.30849918       0.1511646       0.6914271      0.24569493        0.247026         2.51606       7.8984191       2.2905638       8.5830933        8.5830933       2.2905638          2.2905638
              1       9.7305809       99.608787      0.12851973     -0.99157564    -0.069099757    2.100583e-09       142.29827      0.30849918       0.1511646       0.6914271      0.24569493        0.247026         2.51606       7.8984191       2.2949753       8.5830933        8.5830933       2.2949753          2.2949753
              2        10.02333       101.06459      0.12294578      -1.1334368      0.41411333    2.100583e-09       144.37798      0.29712376      0.14559064      0.70280251      0.24569493        0.247026         2.51606       7.8181906       2.8804737       8.5830933        8.5830933       2.8804737          2.8804737
              3       11.030906       100.95525      0.12294578      -1.1334368      0.41411333    2.100583e-09       144.22179      0.29712376      0.14559064      0.70280251      0.24569493        0.247026         2.51606       7.8181906       4.8956253       8.5830933        8.5830933       4.8956253          4.8956253
              2       9.5107287       101.54112      0.12294578      -1.1334368      0.41411333    2.100583e-09       145.05874      0.29712376      0.14559064      0.70280251      0.24569493        0.247026         2.51606       7.8181906       1.8552708       8.5830933        8.5830933       1.8552708          1.8552708
              4       9.1813528       101.46733      0.12294578      -1.1334368      0.41411333    2.100583e-09       144.95332      0.29712376      0.14559064      0.70280251      0.24569493        0.247026         2.51606       7.8181906        1.196519       8.5830933        8.5830933        1.196519           1.196519
              1       10.273804       103.18304      0.11236665      -1.2611138      0.94514111    2.100583e-09       147.40434       0.2755337      0.13501151      0.72439257      0.24569493        0.247026         2.51606       7.6883479       3.3814209       8.5830933        8.5830933       3.3814209          3.3814209
              1       10.119379       102.67622      0.11051842      -1.2360917      0.99331947    2.100583e-09       146.68031      0.27176181      0.13316328      0.72816447      0.24569493        0.247026         2.51606       7.6955319       3.0725708       8.5830933        8.5830933       3.0725708          3.0725708
              4       9.4446206       102.81878      0.11051842      -1.2360917      0.99331947    2.100583e-09       146.88396      0.27176181      0.13316328      0.72816447      0.24569493        0.247026         2.51606       7.6955319       1.7230547       8.5830933        8.5830933       1.7230547          1.7230547
              2       12.277226       103.39858      0.11051842      -1.2360917      0.99331947    2.100583e-09       147.71225      0.27176181      0.13316328      0.72816447      0.24569493        0.247026         2.51606       7.6955319       7.3882647       8.5830933        8.5830933       7.3882647          7.3882647
              1       11.900225       103.77409      0.11346544      -1.2353818      0.78621188    2.100583e-09        148.2487      0.27777614      0.13611031      0.72215013      0.24569493        0.247026         2.51606       7.6770634       6.6342638       8.5830933        8.5830933       6.6342638          6.6342638
              1       10.600056        103.5956      0.11346544      -1.2353818      0.78621188    2.100583e-09       147.99371      0.27777614      0.13611031      0.72215013      0.24569493        0.247026         2.51606       7.6770634        4.033925       8.5830933        8.5830933        4.033925           4.033925
              5       10.462804       103.89417      0.11155783      -1.2571761      0.87906124    2.100583e-09       148.42024      0.27388305      0.13420269      0.72604322      0.24569493        0.247026         2.51606        7.654936       3.7594212       8.5830933        8.5830933       3.7594212          3.7594212
              4         10.3424        103.8428      0.11155783      -1.2571761      0.87906124    2.100583e-09       148.34686      0.27388305      0.13420269      0.72604322      0.24569493        0.247026         2.51606        7.654936       3.5186127       8.5830933        8.5830933       3.5186127          3.5186127
              1       9.9251161       103.00004      0.10879476      -1.2683761       1.1647503    2.100583e-09       147.14292      0.26824414      0.13143963      0.73168213      0.24569493        0.247026         2.51606       7.7175787       2.6840456       8.5830933        8.5830933       2.6840456          2.6840456
              3       9.8528677       102.95315      0.10923428      -1.2651876       1.1461965    2.100583e-09       147.07593      0.26914112      0.13187915      0.73078516      0.24569493        0.247026         2.51606       7.7184754       2.5395488       8.5830933        8.5830933       2.5395488          2.5395488
              2        9.813873       102.99246      0.10923428      -1.2651876       1.1461965    2.100583e-09       147.13209      0.26914112      0.13187915      0.73078516      0.24569493        0.247026         2.51606       7.7184754       2.4615595       8.5830933        8.5830933       2.4615595          2.4615595
             10        9.967978       102.90114      0.10923428      -1.2651876       1.1461965    2.100583e-09       147.00163      0.26914112      0.13187915      0.73078516      0.24569493        0.247026         2.51606       7.7184754       2.7697694       8.5830933        8.5830933       2.7697694          2.7697694
              2       9.1612641       101.43528      0.12309093      -1.1296135      0.39528412    2.100583e-09       144.90754      0.29741999       0.1457358      0.70250628      0.24569493        0.247026         2.51606       7.8191073       1.1563417       8.5830933        8.5830933       1.1563417          1.1563417
              3       9.7126994       101.49941       0.1233005      -1.1278325      0.39260044    2.100583e-09       144.99916      0.29784769      0.14594537      0.70207858      0.24569493        0.247026         2.51606       7.8231089       2.2592122       8.5830933        8.5830933       2.2592122          2.2592122
              3        10.35625       101.37558       0.1205956      -1.1399306      0.46233053    2.100583e-09       144.82225      0.29232748      0.14324046      0.70759879      0.24569493        0.247026         2.51606       7.7823709       3.5463138       8.5830933        8.5830933       3.5463138          3.5463138
              6       10.003396       101.55989      0.11291736      -1.1726604      0.84420581    2.100583e-09       145.08556      0.27665761      0.13556223      0.72326866      0.24569493        0.247026         2.51606       7.7330573       2.8406047       8.5830933        8.5830933       2.8406047          2.8406047
              4       9.6941637       102.07753      0.11291736      -1.1726604      0.84420581    2.100583e-09       145.82505      0.27665761      0.13556223      0.72326866      0.24569493        0.247026         2.51606       7.7330573       2.2221408       8.5830933        8.5830933       2.2221408          2.2221408
              2       10.265991       101.52766      0.11291736      -1.1726604      0.84420581    2.100583e-09       145.03951      0.27665761      0.13556223      0.72326866      0.24569493        0.247026         2.51606       7.7330573       3.3657946       8.5830933        8.5830933       3.3657946          3.3657946
              1       10.132878       101.54356      0.11291736      -1.1726604      0.84420581    2.100583e-09       145.06222      0.27665761      0.13556223      0.72326866      0.24569493        0.247026         2.51606       7.7330573       3.0995702       8.5830933        8.5830933       3.0995702          3.0995702
              2       10.857556       101.39339      0.11655284      -1.1414899       0.6069109    2.100583e-09        144.8477      0.28407696      0.13919771      0.71584932      0.24569493        0.247026         2.51606       7.7421754        4.548926       8.5830933        8.5830933        4.548926           4.548926
              3       10.823312       101.45624      0.11717108      -1.1496894      0.60634957    2.100583e-09       144.93749      0.28533866      0.13981594      0.71458761      0.24569493        0.247026         2.51606       7.7481495       4.4804372       8.5830933        8.5830933       4.4804372          4.4804372
              1       9.9860352       100.36897      0.12015743      -1.0651127      0.38724262    2.100583e-09       143.38424      0.29143325      0.14280229      0.70849302      0.24569493        0.247026         2.51606       7.7960217       2.8058839       8.5830933        8.5830933       2.8058839          2.8058839
              1       10.064903       100.35381      0.12015743      -1.0651127      0.38724262    2.100583e-09       143.36258      0.29143325      0.14280229      0.70849302      0.24569493        0.247026         2.51606       7.7960217       2.9636188       8.5830933        8.5830933       2.9636188          2.9636188
              1       9.1288018       99.968202      0.11727249      -1.0904208      0.70893131    2.100583e-09       142.81172      0.28554562      0.13991736      0.71438065      0.24569493        0.247026         2.51606       7.8271107        1.091417       8.5830933        8.5830933        1.091417           1.091417
              2       9.3211477       100.08329      0.11727249      -1.0904208      0.70893131    2.100583e-09       142.97612      0.28554562      0.13991736      0.71438065      0.24569493        0.247026         2.51606       7.8271107       1.4761088       8.5830933        8.5830933       1.4761088          1.4761088
              2       9.1358489       99.944165      0.11727249      -1.0904208      0.70893131    2.100583e-09       142.77738      0.28554562      0.13991736      0.71438065      0.24569493        0.247026         2.51606       7.8271107       1.1055113       8.5830933        8.5830933       1.1055113          1.1055113
              1       9.3606131       98.358074      0.13670863     -0.99016188    -0.048623051    2.100583e-09       140.51153      0.32521121      0.15935349      0.67471506      0.24569493        0.247026         2.51606       8.0423907       1.5550395       8.5830933        8.5830933       1.5550395          1.5550395
              6       9.3597106        98.35398      0.13670863     -0.99016188    -0.048623051    2.100583e-09       140.50569      0.32521121      0.15935349      0.67471506      0.24569493        0.247026         2.51606       8.0423907       1.5532347       8.5830933        8.5830933       1.5532347          1.5532347
              4       9.7851716        95.12261      0.14734411      -0.7034426     -0.92762214    2.100583e-09       135.88944      0.34691627      0.16998897         0.65301      0.24569493        0.247026         2.51606       8.2127183       2.4041567       8.5830933        8.5830933       2.4041567          2.4041567
              2        10.70668        99.59874      0.13187332     -0.94347318     -0.41292453    2.100583e-09       142.28391      0.31534324      0.15451819      0.68458303      0.24569493        0.247026         2.51606        7.936521       4.2471733       8.5830933        8.5830933       4.2471733          4.2471733
              3       10.831785       100.02137      0.13497596     -0.95717925      -0.5709254    2.100583e-09       142.88767      0.32167515      0.15762082      0.67825112      0.24569493        0.247026         2.51606       7.9768395       4.4973834       8.5830933        8.5830933       4.4973834          4.4973834
              1       11.757478       100.17254      0.13497596     -0.95717925      -0.5709254    2.100583e-09       143.10362      0.32167515      0.15762082      0.67825112      0.24569493        0.247026         2.51606       7.9768395       6.3487693       8.5830933        8.5830933       6.3487693          6.3487693
              2       11.927536       100.13045      0.13540645     -0.95222141     -0.59861095    2.100583e-09       143.04349       0.3225537      0.15805131      0.67737257      0.24569493        0.247026         2.51606        7.983575       6.6888854       8.5830933        8.5830933       6.6888854          6.6888854
              7       11.422246       98.611449      0.14507969      -0.8798498      -1.0510322    2.100583e-09        140.8735      0.34229502      0.16772456      0.65763125      0.24569493        0.247026         2.51606       8.1384049       5.6783063       8.5830933        8.5830933       5.6783063          5.6783063
              3       11.478614       98.126276      0.14408691     -0.87653845     -0.95945803    2.100583e-09       140.18039      0.34026892      0.16673177      0.65965735      0.24569493        0.247026         2.51606       8.1259671       5.7910418       8.5830933        8.5830933       5.7910418          5.7910418
              2       10.758595       98.528817      0.14408691     -0.87653845     -0.95945803    2.100583e-09       140.75545      0.34026892      0.16673177      0.65965735      0.24569493        0.247026         2.51606       8.1259671       4.3510035       8.5830933        8.5830933       4.3510035          4.3510035
              1       9.9798646       98.918493      0.13697587     -0.92252832     -0.58970756    2.100583e-09       141.31213      0.32575662      0.15962074      0.67416966      0.24569493        0.247026         2.51606       8.0167879       2.7935427       8.5830933        8.5830933       2.7935427          2.7935427
              5       11.086635       99.041826       0.1358278     -0.90180065     -0.67637534    2.100583e-09       141.48832      0.32341361      0.15847267      0.67651266      0.24569493        0.247026         2.51606       7.9954903       5.0070843       8.5830933        8.5830933       5.0070843          5.0070843
              3       10.741851          99.187       0.1358278     -0.90180065     -0.67637534    2.100583e-09       141.69571      0.32341361      0.15847267      0.67651266      0.24569493        0.247026         2.51606       7.9954903       4.3175164       8.5830933        8.5830933       4.3175164          4.3175164
              4       10.990698       93.232389      0.16017747      -0.5677618      -1.5657294    2.100583e-09       133.18913      0.37310681      0.18282234      0.62681946      0.24569493        0.247026         2.51606         8.40733       4.8152085       8.5830933        8.5830933       4.8152085          4.8152085
              1       12.147852       93.281737      0.15679967     -0.62908241      -1.1716511    2.100583e-09       133.25962      0.36621333      0.17944453      0.63371294      0.24569493        0.247026         2.51606       8.3642397       7.1295175       8.5830933        8.5830933       7.1295175          7.1295175
              2       11.258053       93.428218      0.15679967     -0.62908241      -1.1716511    2.100583e-09       133.46888      0.36621333      0.17944453      0.63371294      0.24569493        0.247026         2.51606       8.3642397       5.3499196       8.5830933        8.5830933       5.3499196          5.3499196
              1        11.14014       93.616839      0.15679967     -0.62908241      -1.1716511    2.100583e-09       133.73834      0.36621333      0.17944453      0.63371294      0.24569493        0.247026         2.51606       8.3642397       5.1140931       8.5830933        8.5830933       5.1140931          5.1140931
              5       10.529247       100.06445      0.12244413      -1.1275116      0.71511695    2.100583e-09       142.94922      0.29609999        0.145089      0.70382628      0.24569493        0.247026         2.51606       7.8877082       3.8923067       8.5830933        8.5830933       3.8923067          3.8923067
              4        10.36635       99.980612      0.12244413      -1.1275116      0.71511695    2.100583e-09       142.82945      0.29609999        0.145089      0.70382628      0.24569493        0.247026         2.51606       7.8877082       3.5665132       8.5830933        8.5830933       3.5665132          3.5665132
              1       10.382994       99.910176      0.12244413      -1.1275116      0.71511695    2.100583e-09       142.72882      0.29609999        0.145089      0.70382628      0.24569493        0.247026         2.51606       7.8877082       3.5998014       8.5830933        8.5830933       3.5998014          3.5998014
              4       10.361196       99.750629      0.12454607      -1.1196121      0.62487564    2.100583e-09        142.5009      0.30038967      0.14719094       0.6995366      0.24569493        0.247026         2.51606       7.9009857       3.5562053       8.5830933        8.5830933       3.5562053          3.5562053
              4        11.33031        100.1784      0.12454607      -1.1196121      0.62487564    2.100583e-09         143.112      0.30038967      0.14719094       0.6995366      0.24569493        0.247026         2.51606       7.9009857       5.4944333       8.5830933        8.5830933       5.4944333          5.4944333
              2       10.909035       99.887666      0.12578111      -1.0881519      0.50943669    2.100583e-09       142.69667      0.30291016      0.14842598      0.69701611      0.24569493        0.247026         2.51606       7.9104619       4.6518834       8.5830933        8.5830933       4.6518834          4.6518834
              1       10.246068       99.350229      0.12578111      -1.0881519      0.50943669    2.100583e-09        141.9289      0.30291016      0.14842598      0.69701611      0.24569493        0.247026         2.51606       7.9104619       3.3259496       8.5830933        8.5830933       3.3259496          3.3259496
              2       9.5463884       99.534386      0.12578111      -1.0881519      0.50943669    2.100583e-09       142.19198      0.30291016      0.14842598      0.69701611      0.24569493        0.247026         2.51606       7.9104619       1.9265902       8.5830933        8.5830933       1.9265902          1.9265902
              2       10.888278       97.391409         0.13605     -0.96251859       0.1097675    2.100583e-09       139.13058      0.32386708      0.15869487      0.67605919      0.24569493        0.247026         2.51606       8.0634998        4.610369       8.5830933        8.5830933        4.610369           4.610369
              2       11.103814       96.737462      0.13554675      -0.9087599     0.047713073    2.100583e-09       138.19637      0.32284003      0.15819162      0.67708624      0.24569493        0.247026         2.51606       8.0675171       5.0414423       8.5830933        8.5830933       5.0414423          5.0414423
              1       10.958324       96.679252      0.13554675      -0.9087599     0.047713073    2.100583e-09       138.11322      0.32284003      0.15819162      0.67708624      0.24569493        0.247026         2.51606       8.0675171       4.7504605       8.5830933        8.5830933       4.7504605          4.7504605
              2       9.5573013       97.019089      0.13874523     -0.81930911     -0.57128174    2.100583e-09        138.5987      0.32936755       0.1613901      0.67055873      0.24569493        0.247026         2.51606       8.0711175        1.948416       8.5830933        8.5830933        1.948416           1.948416
              1       9.0387557         101.105      0.10678025      -1.1367416       1.0002791    2.100583e-09       144.43571      0.26413289      0.12942512      0.73579338      0.24569493        0.247026         2.51606       7.7536838      0.91132483       8.5830933        8.5830933      0.91132483         0.91132483
              2       9.0379542       101.05694      0.10678025      -1.1367416       1.0002791    2.100583e-09       144.36706      0.26413289      0.12942512      0.73579338      0.24569493        0.247026         2.51606       7.7536838      0.90972186       8.5830933        8.5830933      0.90972186         0.90972186
              1       10.526407       99.853296      0.11833046      -1.0382392      0.42942007    2.100583e-09       142.64757      0.28770474      0.14097532      0.71222153      0.24569493        0.247026         2.51606       7.7899625       3.8866266       8.5830933        8.5830933       3.8866266          3.8866266
              2        10.30147       100.21804      0.11833046      -1.0382392      0.42942007    2.100583e-09       143.16862      0.28770474      0.14097532      0.71222153      0.24569493        0.247026         2.51606       7.7899625       3.4367539       8.5830933        8.5830933       3.4367539          3.4367539
              1       9.3772165       100.12409      0.12875034      -1.0238421     0.010126255    2.100583e-09       143.03441       0.3089698       0.1513952      0.69095647      0.24569493        0.247026         2.51606       7.9017855       1.5882464       8.5830933        8.5830933       1.5882464          1.5882464
              1       9.1226712       100.05326      0.12875034      -1.0238421     0.010126255    2.100583e-09       142.93323       0.3089698       0.1513952      0.69095647      0.24569493        0.247026         2.51606       7.9017855       1.0791558       8.5830933        8.5830933       1.0791558          1.0791558
              2       9.8016229        99.72416      0.12875034      -1.0238421     0.010126255    2.100583e-09       142.46309       0.3089698       0.1513952      0.69095647      0.24569493        0.247026         2.51606       7.9017855       2.4370591       8.5830933        8.5830933       2.4370591          2.4370591
              2       9.0587895       99.898386      0.12875034      -1.0238421     0.010126255    2.100583e-09       142.71198       0.3089698       0.1513952      0.69095647      0.24569493        0.247026         2.51606       7.9017855      0.95139249       8.5830933        8.5830933      0.95139249         0.95139249
              2       9.8479184       100.20615      0.12875034      -1.0238421     0.010126255    2.100583e-09       143.15165       0.3089698       0.1513952      0.69095647      0.24569493        0.247026         2.51606       7.9017855       2.5296503       8.5830933        8.5830933       2.5296503          2.5296503
              2       9.0575078       100.02333      0.12875034      -1.0238421     0.010126255    2.100583e-09       142.89047       0.3089698       0.1513952      0.69095647      0.24569493        0.247026         2.51606       7.9017855      0.94882906       8.5830933        8.5830933      0.94882906         0.94882906
              1       9.0537283       99.901297      0.12875034      -1.0238421     0.010126255    2.100583e-09       142.71614       0.3089698       0.1513952      0.69095647      0.24569493        0.247026         2.51606       7.9017855      0.94127007       8.5830933        8.5830933      0.94127007         0.94127007
              1       8.9639739       99.484836      0.12741688      -1.0111772      0.10739177    2.100583e-09       142.12119      0.30624845      0.15006174      0.69367782      0.24569493        0.247026         2.51606       7.8960879      0.76176122       8.5830933        8.5830933      0.76176122         0.76176122
              1        9.512374       99.747454      0.12741688      -1.0111772      0.10739177    2.100583e-09       142.49636      0.30624845      0.15006174      0.69367782      0.24569493        0.247026         2.51606       7.8960879       1.8585614       8.5830933        8.5830933       1.8585614          1.8585614
              1       9.0205801       100.51107      0.12123102      -1.0852347      0.47716964    2.100583e-09       143.58724      0.29362426      0.14387589      0.70630201      0.24569493        0.247026         2.51606       7.8250378      0.87497369       8.5830933        8.5830933      0.87497369         0.87497369
              6       9.4439337       100.15769      0.12123102      -1.0852347      0.47716964    2.100583e-09       143.08242      0.29362426      0.14387589      0.70630201      0.24569493        0.247026         2.51606       7.8250378       1.7216809       8.5830933        8.5830933       1.7216809          1.7216809
              3       9.0404701       100.51626      0.12123102      -1.0852347      0.47716964    2.100583e-09       143.59466      0.29362426      0.14387589      0.70630201      0.24569493        0.247026         2.51606       7.8250378      0.91475371       8.5830933        8.5830933      0.91475371         0.91475371
              1       8.9152882       100.47929      0.12123102      -1.0852347      0.47716964    2.100583e-09       143.54184      0.29362426      0.14387589      0.70630201      0.24569493        0.247026         2.51606       7.8250378      0.66438991       8.5830933        8.5830933      0.66438991         0.66438991
              3       8.9780555       100.25448      0.12123102      -1.0852347      0.47716964    2.100583e-09       143.22068      0.29362426      0.14387589      0.70630201      0.24569493        0.247026         2.51606       7.8250378      0.78992439       8.5830933        8.5830933      0.78992439         0.78992439
              1        10.08926       100.07078      0.12123102      -1.0852347      0.47716964    2.100583e-09       142.95826      0.29362426      0.14387589      0.70630201      0.24569493        0.247026         2.51606       7.8250378       3.0123342       8.5830933        8.5830933       3.0123342          3.0123342
              2       10.054815       99.231842      0.11577601      -1.0503727      0.72981515    2.100583e-09       141.75977      0.28249158      0.13842087      0.71743469      0.24569493        0.247026         2.51606       7.8516797       2.9434433       8.5830933        8.5830933       2.9434433          2.9434433
              1       10.132668       99.256653      0.11577601      -1.0503727      0.72981515    2.100583e-09       141.79522      0.28249158      0.13842087      0.71743469      0.24569493        0.247026         2.51606       7.8516797        3.099149       8.5830933        8.5830933        3.099149           3.099149
              1       10.291235       100.37101      0.12373219      -1.0888445      0.33216174    2.100583e-09       143.38716      0.29872869      0.14637706      0.70119759      0.24569493        0.247026         2.51606       7.8367982       3.4162828       8.5830933        8.5830933       3.4162828          3.4162828
              1       9.2374356       100.52589      0.12373219      -1.0888445      0.33216174    2.100583e-09       143.60842      0.29872869      0.14637706      0.70119759      0.24569493        0.247026         2.51606       7.8367982       1.3086847       8.5830933        8.5830933       1.3086847          1.3086847
              1       9.0252044       99.944479      0.12614741       -1.042132      0.17850853    2.100583e-09       142.77783      0.30365771      0.14879228      0.69626857      0.24569493        0.247026         2.51606       7.8728844       0.8842222       8.5830933        8.5830933       0.8842222          0.8842222
              1       8.7435779       99.667327       0.1276914      -1.0332667       0.1532917    2.100583e-09        142.3819      0.30680871      0.15033627      0.69311756      0.24569493        0.247026         2.51606       7.8994188      0.32096916       8.5830933        8.5830933      0.32096916         0.32096916
              6       8.6959053       99.703611       0.1276914      -1.0332667       0.1532917    2.100583e-09       142.43373      0.30680871      0.15033627      0.69311756      0.24569493        0.247026         2.51606       7.8994188      0.22562401       8.5830933        8.5830933      0.22562401         0.22562401
              3       9.8644593       97.468495      0.14374609     -0.88150935     -0.55302341    2.100583e-09       139.24071      0.33957337      0.16639095       0.6603529      0.24569493        0.247026         2.51606       8.1422895       2.5627319       8.5830933        8.5830933       2.5627319          2.5627319
              1       10.231877       97.000147      0.14374609     -0.88150935     -0.55302341    2.100583e-09       138.57164      0.33957337      0.16639095       0.6603529      0.24569493        0.247026         2.51606       8.1422895       3.2975676       8.5830933        8.5830933       3.2975676          3.2975676
              1        11.76296       99.211158      0.13134414        -1.05908      0.14730812    2.100583e-09       141.73023      0.31426328      0.15398901      0.68566299      0.24569493        0.247026         2.51606        7.952715       6.3597327       8.5830933        8.5830933       6.3597327          6.3597327
              3       10.103318        99.36867      0.13134414        -1.05908      0.14730812    2.100583e-09       141.95524      0.31426328      0.15398901      0.68566299      0.24569493        0.247026         2.51606        7.952715       3.0404487       8.5830933        8.5830933       3.0404487          3.0404487
              1       9.3681616       99.833099      0.13134414        -1.05908      0.14730812    2.100583e-09       142.61871      0.31426328      0.15398901      0.68566299      0.24569493        0.247026         2.51606        7.952715       1.5701367       8.5830933        8.5830933       1.5701367          1.5701367
              2       10.151494       99.950534      0.13134414        -1.05908      0.14730812    2.100583e-09       142.78648      0.31426328      0.15398901      0.68566299      0.24569493        0.247026         2.51606        7.952715       3.1368014       8.5830933        8.5830933       3.1368014          3.1368014
              1       9.9102606       99.231968      0.12817968      -1.0183028      0.25028762    2.100583e-09       141.75995      0.30780521      0.15082455      0.69212106      0.24569493        0.247026         2.51606       7.9308076       2.6543346       8.5830933        8.5830933       2.6543346          2.6543346
              4       9.1333881       99.103833      0.12817968      -1.0183028      0.25028762    2.100583e-09        141.5769      0.30780521      0.15082455      0.69212106      0.24569493        0.247026         2.51606       7.9308076       1.1005897       8.5830933        8.5830933       1.1005897          1.1005897
              3       9.1330966       99.102463      0.12819084      -1.0182104      0.24978442    2.100583e-09       141.57495      0.30782798      0.15083571      0.69209829      0.24569493        0.247026         2.51606       7.9309456       1.1000066       8.5830933        8.5830933       1.1000066          1.1000066
              3       9.2544611       99.802537      0.12269006      -1.0316884      0.33044431    2.100583e-09       142.57505      0.29660189      0.14533492      0.70332439      0.24569493        0.247026         2.51606        7.845577       1.3427355       8.5830933        8.5830933       1.3427355          1.3427355
              1       9.3966397       99.846615      0.12269006      -1.0316884      0.33044431    2.100583e-09       142.63802      0.29660189      0.14533492      0.70332439      0.24569493        0.247026         2.51606        7.845577       1.6270929       8.5830933        8.5830933       1.6270929          1.6270929
              1        9.901063       98.584981      0.13300165     -0.90506652     -0.34265048    2.100583e-09       140.83569      0.31764596      0.15564652      0.68228031      0.24569493        0.247026         2.51606       7.9719865       2.6359395       8.5830933        8.5830933       2.6359395          2.6359395
              3       9.8797611       98.965084      0.13176499     -0.92943535     -0.27707884    2.100583e-09       141.37869      0.31512215      0.15440985      0.68480412      0.24569493        0.247026         2.51606       7.9504561       2.5933356       8.5830933        8.5830933       2.5933356          2.5933356
              1       9.5949536       97.889859      0.14203265      -0.8889831     -0.56627939    2.100583e-09       139.84266      0.33607656      0.16467751      0.66384971      0.24569493        0.247026         2.51606       8.1110783       2.0237207       8.5830933        8.5830933       2.0237207          2.0237207
              4       10.138711       101.53212      0.11586058      -1.1891232      0.91785384    2.100583e-09       145.04588      0.28266418      0.13850545      0.71726209      0.24569493        0.247026         2.51606       7.8008334       3.1112353       8.5830933        8.5830933       3.1112353          3.1112353
              1       11.023374       101.66089      0.11586058      -1.1891232      0.91785384    2.100583e-09       145.22985      0.28266418      0.13850545      0.71726209      0.24569493        0.247026         2.51606       7.8008334       4.8805606       8.5830933        8.5830933       4.8805606          4.8805606
              1       14.574678       102.04095      0.11292782       -1.236751       1.1618622    2.100583e-09       145.77279      0.27667896      0.13557269      0.72324731      0.24569493        0.247026         2.51606       7.8280942        11.98317       8.5830933        8.5830933        11.98317           11.98317
              2       13.935693       101.28563      0.11292782       -1.236751       1.1618622    2.100583e-09       144.69375      0.27667896      0.13557269      0.72324731      0.24569493        0.247026         2.51606       7.8280942       10.705199       8.5830933        8.5830933       10.705199          10.705199
              2       14.057688       101.27309      0.11292782       -1.236751       1.1618622    2.100583e-09       144.67584      0.27667896      0.13557269      0.72324731      0.24569493        0.247026         2.51606       7.8280942       10.949189       8.5830933        8.5830933       10.949189          10.949189
              1       13.412214       101.34571      0.11292782       -1.236751       1.1618622    2.100583e-09       144.77959      0.27667896      0.13557269      0.72324731      0.24569493        0.247026         2.51606       7.8280942       9.6582415       8.5830933        8.5830933       9.6582415          9.6582415
              2       9.5073527       100.33303      0.11624661       -1.119931      0.76064227    2.100583e-09       143.33291        0.283452      0.13889148      0.71647427      0.24569493        0.247026         2.51606       7.8041893       1.8485187       8.5830933        8.5830933       1.8485187          1.8485187
              3       9.0111976       100.59087      0.11624661       -1.119931      0.76064227    2.100583e-09       143.70125        0.283452      0.13889148      0.71647427      0.24569493        0.247026         2.51606       7.8041893       0.8562086       8.5830933        8.5830933       0.8562086          0.8562086
              2        8.967242       100.55296      0.11624661       -1.119931      0.76064227    2.100583e-09       143.64709        0.283452      0.13889148      0.71647427      0.24569493        0.247026         2.51606       7.8041893      0.76829753       8.5830933        8.5830933      0.76829753         0.76829753
              2       10.888288       98.109686      0.12776865      -1.0043128      0.41476267    2.100583e-09       140.15669      0.30696635      0.15041351      0.69295992      0.24569493        0.247026         2.51606       7.9704833       4.6103897       8.5830933        8.5830933       4.6103897          4.6103897
              1        10.91034       97.859869      0.12776865      -1.0043128      0.41476267    2.100583e-09       139.79981      0.30696635      0.15041351      0.69295992      0.24569493        0.247026         2.51606       7.9704833       4.6544925       8.5830933        8.5830933       4.6544925          4.6544925
              2       9.9310642       99.261707      0.12966485      -1.0593879      0.24689289    2.100583e-09       141.80244      0.31083615      0.15230971      0.68909012      0.24569493        0.247026         2.51606       7.9381381       2.6959419       8.5830933        8.5830933       2.6959419          2.6959419
              2       10.748035       100.91408      0.12558765      -1.1440502       0.5317975    2.100583e-09       144.16297      0.30251533      0.14823251      0.69741094      0.24569493        0.247026         2.51606       7.8823555       4.3298832       8.5830933        8.5830933       4.3298832          4.3298832
              1       10.680962       101.25322      0.12398918      -1.1663294      0.61102611    2.100583e-09       144.64745      0.29925315      0.14663404      0.70067312      0.24569493        0.247026         2.51606       7.8604324       4.1957366       8.5830933        8.5830933       4.1957366          4.1957366
              1         9.54669       100.99392      0.12617002      -1.0990983      0.26378285    2.100583e-09       144.27702      0.30370386      0.14881489      0.69622241      0.24569493        0.247026         2.51606       7.8646015       1.9271934       8.5830933        8.5830933       1.9271934          1.9271934
              1       8.9357674       100.85134      0.12617002      -1.0990983      0.26378285    2.100583e-09       144.07335      0.30370386      0.14881489      0.69622241      0.24569493        0.247026         2.51606       7.8646015      0.70534814       8.5830933        8.5830933      0.70534814         0.70534814
              1       9.6989821       102.52105      0.11867006      -1.2405828      0.79984363    2.100583e-09       146.45865       0.2883978      0.14131492      0.71152847      0.24569493        0.247026         2.51606       7.7711501       2.2317776       8.5830933        8.5830933       2.2317776          2.2317776
              1        9.886366       102.40599      0.11867006      -1.2405828      0.79984363    2.100583e-09       146.29428       0.2883978      0.14131492      0.71152847      0.24569493        0.247026         2.51606       7.7711501       2.6065454       8.5830933        8.5830933       2.6065454          2.6065454
              1       10.649114       102.25882      0.11867006      -1.2405828      0.79984363    2.100583e-09       146.08403       0.2883978      0.14131492      0.71152847      0.24569493        0.247026         2.51606       7.7711501       4.1320421       8.5830933        8.5830933       4.1320421          4.1320421
              7       9.7890034       102.55751      0.11816395      -1.2445363      0.83893246    2.100583e-09       146.51072      0.28736494      0.14080882      0.71256133      0.24569493        0.247026         2.51606       7.7703348       2.4118203       8.5830933        8.5830933       2.4118203          2.4118203
              1       9.9654577        102.6391      0.11816395      -1.2445363      0.83893246    2.100583e-09       146.62729      0.28736494      0.14080882      0.71256133      0.24569493        0.247026         2.51606       7.7703348       2.7647289       8.5830933        8.5830933       2.7647289          2.7647289
              1       11.005063       103.54212      0.11455404       -1.274608      0.83697738    2.100583e-09       147.91732      0.27999776       0.1371989      0.71992851      0.24569493        0.247026         2.51606       7.6867206       4.8439399       8.5830933        8.5830933       4.8439399          4.8439399
              7       9.8243721       101.76599      0.12667312       -1.134007      0.16558157    2.100583e-09       145.37998       0.3047306      0.14931799      0.69519568      0.24569493        0.247026         2.51606       7.8497755       2.4825576       8.5830933        8.5830933       2.4825576          2.4825576
              1       12.285618       100.73223      0.13317684      -1.1384463      0.22752215    2.100583e-09       143.90318      0.31800348      0.15582171      0.68192279      0.24569493        0.247026         2.51606       7.9692493       7.4050485       8.5830933        8.5830933       7.4050485          7.4050485
              1       12.238959       100.72633      0.13317684      -1.1384463      0.22752215    2.100583e-09       143.89476      0.31800348      0.15582171      0.68192279      0.24569493        0.247026         2.51606       7.9692493       7.3117308       8.5830933        8.5830933       7.3117308          7.3117308
              1        11.98898       100.69241      0.13317684      -1.1384463      0.22752215    2.100583e-09       143.84629      0.31800348      0.15582171      0.68192279      0.24569493        0.247026         2.51606       7.9692493       6.8117727       8.5830933        8.5830933       6.8117727          6.8117727
              1       11.611439       100.62985      0.13317684      -1.1384463      0.22752215    2.100583e-09       143.75693      0.31800348      0.15582171      0.68192279      0.24569493        0.247026         2.51606       7.9692493       6.0566919       8.5830933        8.5830933       6.0566919          6.0566919
              1       12.074669       103.87496      0.11160283      -1.3447058       1.1956382    2.100583e-09        148.3928      0.27397488      0.13424769      0.72595139      0.24569493        0.247026         2.51606       7.7017166       6.9831521       8.5830933        8.5830933       6.9831521          6.9831521
              3       10.356936        102.9699      0.11892785        -1.26544      0.76805471    2.100583e-09       147.09986       0.2889239      0.14157271      0.71100237      0.24569493        0.247026         2.51606       7.7544615       3.5476848       8.5830933        8.5830933       3.5476848          3.5476848
              1       9.9998839       102.73773      0.11486821      -1.2479458      0.89028901    2.100583e-09       146.76818      0.28063894      0.13751308      0.71928733      0.24569493        0.247026         2.51606       7.7246786       2.8335812       8.5830933        8.5830933       2.8335812          2.8335812
              3       9.5061494       102.95683      0.11486821      -1.2479458      0.89028901    2.100583e-09       147.08118      0.28063894      0.13751308      0.71928733      0.24569493        0.247026         2.51606       7.7246786       1.8461122       8.5830933        8.5830933       1.8461122          1.8461122
              1       9.2025558       101.81173      0.11982717      -1.1531062      0.54036794    2.100583e-09       145.44533      0.29075926      0.14247204      0.70916701      0.24569493        0.247026         2.51606       7.7781782        1.238925       8.5830933        8.5830933        1.238925           1.238925
              3       9.3226059       101.70579      0.12034951      -1.1412859      0.49827942    2.100583e-09       145.29398      0.29182525      0.14299437      0.70810102      0.24569493        0.247026         2.51606       7.7845051       1.4790252       8.5830933        8.5830933       1.4790252          1.4790252
              5       10.223534        103.0599      0.11939971       -1.211566      0.52308967    2.100583e-09       147.22843      0.28988689      0.14204457      0.71003939      0.24569493        0.247026         2.51606       7.7407744       3.2808822       8.5830933        8.5830933       3.2808822          3.2808822
              1       11.260827       102.72302      0.11939971       -1.211566      0.52308967    2.100583e-09       146.74717      0.28988689      0.14204457      0.71003939      0.24569493        0.247026         2.51606       7.7407744       5.3554672       8.5830933        8.5830933       5.3554672          5.3554672
              1       10.555104       102.40019      0.12250089      -1.1878058       0.3773389    2.100583e-09       146.28599      0.29621583      0.14514576      0.70371044      0.24569493        0.247026         2.51606        7.783879       3.9440222       8.5830933        8.5830933       3.9440222          3.9440222
              2        10.60056       102.78207      0.12250089      -1.1878058       0.3773389    2.100583e-09       146.83153      0.29621583      0.14514576      0.70371044      0.24569493        0.247026         2.51606        7.783879       4.0349326       8.5830933        8.5830933       4.0349326          4.0349326
              1       11.043877        102.3119      0.12675162      -1.2254671      0.44890036    2.100583e-09       146.15985      0.30489079      0.14939649      0.69503548      0.24569493        0.247026         2.51606       7.8566223       4.9215681       8.5830933        8.5830933       4.9215681          4.9215681
              1       11.605269       102.44977      0.12675162      -1.2254671      0.44890036    2.100583e-09       146.35681      0.30489079      0.14939649      0.69503548      0.24569493        0.247026         2.51606       7.8566223       6.0443513       8.5830933        8.5830933       6.0443513          6.0443513
              1        11.07117        100.4365      0.12535818       -1.144977      0.63456699    2.100583e-09       143.48072      0.30204703      0.14800305      0.69787924      0.24569493        0.247026         2.51606       7.9019124       4.9761526       8.5830933        8.5830933       4.9761526          4.9761526
              1       11.325205       100.32341      0.12576154      -1.1410141      0.63025591    2.100583e-09       143.31916      0.30287021       0.1484064      0.69705606      0.24569493        0.247026         2.51606       7.9100887       5.4842236       8.5830933        8.5830933       5.4842236          5.4842236
              2       12.056178       100.41999      0.12576154      -1.1410141      0.63025591    2.100583e-09       143.45713      0.30287021       0.1484064      0.69705606      0.24569493        0.247026         2.51606       7.9100887       6.9461703       8.5830933        8.5830933       6.9461703          6.9461703
              1        11.09046       98.969971      0.12894021      -1.0314395      0.35284978    2.100583e-09       141.38567      0.30935729      0.15158507      0.69056898      0.24569493        0.247026         2.51606       7.9586669       5.0147338       8.5830933        8.5830933       5.0147338          5.0147338
              1       9.7331682       98.727716      0.12894021      -1.0314395      0.35284978    2.100583e-09       141.03959      0.30935729      0.15158507      0.69056898      0.24569493        0.247026         2.51606       7.9586669       2.3001498       8.5830933        8.5830933       2.3001498          2.3001498
              1       10.750797       102.23351      0.11996928      -1.2224541      0.79191808    2.100583e-09       146.04787      0.29104929      0.14261415      0.70887698      0.24569493        0.247026         2.51606       7.8030565       4.3354083       8.5830933        8.5830933       4.3354083          4.3354083
              3       10.106012       102.11831      0.11996928      -1.2224541      0.79191808    2.100583e-09       145.88329      0.29104929      0.14261415      0.70887698      0.24569493        0.247026         2.51606       7.8030565        3.045837       8.5830933        8.5830933        3.045837           3.045837
              1       9.8417788       102.02224      0.11996928      -1.2224541      0.79191808    2.100583e-09       145.74606      0.29104929      0.14261415      0.70887698      0.24569493        0.247026         2.51606       7.8030565       2.5173711       8.5830933        8.5830933       2.5173711          2.5173711
              2       9.8124538       101.94245      0.11996928      -1.2224541      0.79191808    2.100583e-09       145.63207      0.29104929      0.14261415      0.70887698      0.24569493        0.247026         2.51606       7.8030565       2.4587211       8.5830933        8.5830933       2.4587211          2.4587211
              2       8.8089139         101.145      0.11883266      -1.1479947      0.67321772    2.100583e-09       144.49286      0.28872965      0.14147753      0.71119662      0.24569493        0.247026         2.51606        7.797057      0.45164117       8.5830933        8.5830933      0.45164117         0.45164117
              1       9.1287098       97.263452      0.13915746     -0.90425011     -0.25109264    2.100583e-09       138.94779      0.33020884      0.16180233      0.66971743      0.24569493        0.247026         2.51606       8.0865709        1.091233       8.5830933        8.5830933        1.091233           1.091233
              1       10.906571       96.894503      0.13915746     -0.90425011     -0.25109264    2.100583e-09       138.42072      0.33020884      0.16180233      0.66971743      0.24569493        0.247026         2.51606       8.0865709       4.6469545       8.5830933        8.5830933       4.6469545          4.6469545
              1       9.1653217       97.294201      0.13915746     -0.90425011     -0.25109264    2.100583e-09       138.99172      0.33020884      0.16180233      0.66971743      0.24569493        0.247026         2.51606       8.0865709       1.1644568       8.5830933        8.5830933       1.1644568          1.1644568
              1       11.160243       96.870952      0.13915746     -0.90425011     -0.25109264    2.100583e-09       138.38707      0.33020884      0.16180233      0.66971743      0.24569493        0.247026         2.51606       8.0865709       5.1542994       8.5830933        8.5830933       5.1542994          5.1542994
              3       9.8440567       99.149533      0.11989409      -1.0558265      0.60114143    2.100583e-09       141.64219      0.29089583      0.14253896      0.70903044      0.24569493        0.247026         2.51606       7.8596848       2.5219269       8.5830933        8.5830933       2.5219269          2.5219269
              9       9.3145025       99.358068      0.11989409      -1.0558265      0.60114143    2.100583e-09        141.9401      0.29089583      0.14253896      0.70903044      0.24569493        0.247026         2.51606       7.8596848       1.4628185       8.5830933        8.5830933       1.4628185          1.4628185
              1       9.4343543       99.435018      0.11989409      -1.0558265      0.60114143    2.100583e-09       142.05003      0.29089583      0.14253896      0.70903044      0.24569493        0.247026         2.51606       7.8596848        1.702522       8.5830933        8.5830933        1.702522           1.702522
              3       9.6420153       99.190273      0.11989409      -1.0558265      0.60114143    2.100583e-09       141.70039      0.29089583      0.14253896      0.70903044      0.24569493        0.247026         2.51606       7.8596848        2.117844       8.5830933        8.5830933        2.117844           2.117844
              6       9.3379998       99.385638      0.11989409      -1.0558265      0.60114143    2.100583e-09       141.97948      0.29089583      0.14253896      0.70903044      0.24569493        0.247026         2.51606       7.8596848        1.509813       8.5830933        8.5830933        1.509813           1.509813
              1       9.8461839       99.128937      0.12009588      -1.0541875      0.59152597    2.100583e-09       141.61277      0.29130765      0.14274075      0.70861862      0.24569493        0.247026         2.51606       7.8609469       2.5261811       8.5830933        8.5830933       2.5261811          2.5261811
              2       12.227292       98.874107      0.12009588      -1.0541875      0.59152597    2.100583e-09       141.24872      0.29130765      0.14274075      0.70861862      0.24569493        0.247026         2.51606       7.8609469       7.2883976       8.5830933        8.5830933       7.2883976          7.2883976
              2        11.89328       98.621268      0.11915898      -1.0586555      0.71569753    2.100583e-09       140.88753      0.28939561      0.14180385      0.71053066      0.24569493        0.247026         2.51606       7.8929956        6.620374       8.5830933        8.5830933        6.620374           6.620374
              1       13.364564       96.398576      0.12700395     -0.91830549      0.32069621    2.100583e-09       137.71225      0.30540576      0.14964882      0.69452051      0.24569493        0.247026         2.51606       7.9890057       9.5629405       8.5830933        8.5830933       9.5629405          9.5629405
              2       15.749113       95.898861      0.13184694     -0.92292966      0.30118111    2.100583e-09       136.99837      0.31528941      0.15449181      0.68463686      0.24569493        0.247026         2.51606       8.0595784        14.33204       8.5830933        8.5830933        14.33204           14.33204
              1       13.530005        98.53762      0.12765528      -1.0420638      0.34541184    2.100583e-09       140.76803        0.306735      0.15030015      0.69319127      0.24569493        0.247026         2.51606       7.9295771        9.893824       8.5830933        8.5830933        9.893824           9.893824
              1       12.797429       98.584796      0.12765528      -1.0420638      0.34541184    2.100583e-09       140.83542        0.306735      0.15030015      0.69319127      0.24569493        0.247026         2.51606       7.9295771       8.4286719       8.5830933        8.5830933       8.4286719          8.4286719
              1       11.327114       98.696405      0.12765528      -1.0420638      0.34541184    2.100583e-09       140.99486        0.306735      0.15030015      0.69319127      0.24569493        0.247026         2.51606       7.9295771       5.4880417       8.5830933        8.5830933       5.4880417          5.4880417
              1       9.4583109       98.925326      0.12765528      -1.0420638      0.34541184    2.100583e-09       141.32189        0.306735      0.15030015      0.69319127      0.24569493        0.247026         2.51606       7.9295771       1.7504353       8.5830933        8.5830933       1.7504353          1.7504353
              2        9.059236       99.101438      0.12765528      -1.0420638      0.34541184    2.100583e-09       141.57348        0.306735      0.15030015      0.69319127      0.24569493        0.247026         2.51606       7.9295771      0.95228538       8.5830933        8.5830933      0.95228538         0.95228538
              1       9.0985933       99.030674      0.12431472      -1.0248755      0.39980897    2.100583e-09       141.47239      0.29991753      0.14695959      0.70000874      0.24569493        0.247026         2.51606       7.8945186           1.031       8.5830933        8.5830933           1.031              1.031
              1       9.2371565       98.891799      0.12431472      -1.0248755      0.39980897    2.100583e-09         141.274      0.29991753      0.14695959      0.70000874      0.24569493        0.247026         2.51606       7.8945186       1.3081264       8.5830933        8.5830933       1.3081264          1.3081264
              2       9.2696704        98.16243      0.12994237     -0.95379135     0.050863329    2.100583e-09       140.23204      0.31140252      0.15258723      0.68852375      0.24569493        0.247026         2.51606       7.9536423       1.3731541       8.5830933        8.5830933       1.3731541          1.3731541
              2       9.1754474       98.192209      0.12994237     -0.95379135     0.050863329    2.100583e-09       140.27458      0.31140252      0.15258723      0.68852375      0.24569493        0.247026         2.51606       7.9536423       1.1847082       8.5830933        8.5830933       1.1847082          1.1847082
              2        10.68786       97.951571      0.12994237     -0.95379135     0.050863329    2.100583e-09       139.93082      0.31140252      0.15258723      0.68852375      0.24569493        0.247026         2.51606       7.9536423       4.2095332       8.5830933        8.5830933       4.2095332          4.2095332
              2       9.8774132       98.426043      0.13974705     -0.96731257     -0.36536232    2.100583e-09       140.60863      0.33141208      0.16239192      0.66851419      0.24569493        0.247026         2.51606       8.0704843       2.5886399       8.5830933        8.5830933       2.5886399          2.5886399
              1       10.391157       100.00111       0.1267704      -1.1113999      0.40854382    2.100583e-09       142.85872      0.30492912      0.14941527      0.69499715      0.24569493        0.247026         2.51606       7.8939804       3.6161278       8.5830933        8.5830933       3.6161278          3.6161278
              2       11.196321       100.70583       0.1267704      -1.1113999      0.40854382    2.100583e-09       143.86547      0.30492912      0.14941527      0.69499715      0.24569493        0.247026         2.51606       7.8939804       5.2264563       8.5830933        8.5830933       5.2264563          5.2264563
              1       10.978947       99.735951       0.1276194       -1.099974      0.37288294    2.100583e-09       142.47993      0.30666177      0.15026426      0.69326451      0.24569493        0.247026         2.51606       7.9072708       4.7917067       8.5830933        8.5830933       4.7917067          4.7917067
              1       9.3045069        98.87276      0.13734175     -0.97621593     -0.24175347    2.100583e-09        141.2468       0.3265033      0.15998662      0.67342297      0.24569493        0.247026         2.51606       8.0374939       1.4428273       8.5830933        8.5830933       1.4428273          1.4428273
              1       9.4383512       98.519475      0.13628381     -0.97396575      -0.2150829    2.100583e-09       140.74211      0.32434425      0.15892868      0.67558202      0.24569493        0.247026         2.51606       8.0224076       1.7105158       8.5830933        8.5830933       1.7105158          1.7105158
              2       10.627315       98.463929      0.13681414      -1.0271824     0.047356225    2.100583e-09       140.66276      0.32542655      0.15945901      0.67449973      0.24569493        0.247026         2.51606       8.0440941       4.0884432       8.5830933        8.5830933       4.0884432          4.0884432
              2       10.259604       100.03049      0.12825994      -1.1231043      0.42090131    2.100583e-09        142.9007      0.30796899       0.1509048      0.69195728      0.24569493        0.247026         2.51606       7.9169802       3.3530215       8.5830933        8.5830933       3.3530215          3.3530215
              1       10.220173       99.558146      0.12387407      -1.1039341      0.61086157    2.100583e-09       142.22592      0.29901824      0.14651894      0.70090803      0.24569493        0.247026         2.51606       7.8956586       3.2741594       8.5830933        8.5830933       3.2741594          3.2741594
              1       9.8097838       99.708611      0.12387407      -1.1039341      0.61086157    2.100583e-09       142.44087      0.29901824      0.14651894      0.70090803      0.24569493        0.247026         2.51606       7.8956586        2.453381       8.5830933        8.5830933        2.453381           2.453381
              3       9.8402027       99.678459      0.12387407      -1.1039341      0.61086157    2.100583e-09        142.3978      0.29901824      0.14651894      0.70090803      0.24569493        0.247026         2.51606       7.8956586       2.5142189       8.5830933        8.5830933       2.5142189          2.5142189
              1       10.147056        100.6341      0.11906095      -1.1646009      0.83476979    2.100583e-09         143.763      0.28919554      0.14170581      0.71073073      0.24569493        0.247026         2.51606        7.843702       3.1279254       8.5830933        8.5830933       3.1279254          3.1279254
              4       10.191556       100.61391      0.11906095      -1.1646009      0.83476979    2.100583e-09       143.73415      0.28919554      0.14170581      0.71073073      0.24569493        0.247026         2.51606        7.843702       3.2169248       8.5830933        8.5830933       3.2169248          3.2169248
              1       10.109268       100.74785      0.11906095      -1.1646009      0.83476979    2.100583e-09        143.9255      0.28919554      0.14170581      0.71073073      0.24569493        0.247026         2.51606        7.843702       3.0523486       8.5830933        8.5830933       3.0523486          3.0523486
              2       11.371417         101.008      0.11906095      -1.1646009      0.83476979    2.100583e-09       144.29714      0.28919554      0.14170581      0.71073073      0.24569493        0.247026         2.51606        7.843702        5.576648       8.5830933        8.5830933        5.576648           5.576648
              1       10.678555       101.44334      0.11847333      -1.1873427      0.85376595    2.100583e-09       144.91905      0.28799633       0.1411182      0.71192995      0.24569493        0.247026         2.51606       7.8218022       4.1909241       8.5830933        8.5830933       4.1909241          4.1909241
              4       9.9123091       101.13051      0.11847333      -1.1873427      0.85376595    2.100583e-09       144.47216      0.28799633       0.1411182      0.71192995      0.24569493        0.247026         2.51606       7.8218022       2.6584316       8.5830933        8.5830933       2.6584316          2.6584316
              2       10.945484       101.48023      0.11847333      -1.1873427      0.85376595    2.100583e-09       144.97176      0.28799633       0.1411182      0.71192995      0.24569493        0.247026         2.51606       7.8218022        4.724781       8.5830933        8.5830933        4.724781           4.724781
              1        10.09294       101.06521      0.11847333      -1.1873427      0.85376595    2.100583e-09       144.37887      0.28799633       0.1411182      0.71192995      0.24569493        0.247026         2.51606       7.8218022       3.0196925       8.5830933        8.5830933       3.0196925          3.0196925
              9       10.287421       98.044342      0.12350312     -0.94601902      0.26842081    2.100583e-09       140.06335       0.2982612      0.14614799      0.70166507      0.24569493        0.247026         2.51606       7.8942199       3.4086562       8.5830933        8.5830933       3.4086562          3.4086562
              2       9.4922183       99.530826      0.12623044      -1.0869837      0.47839331    2.100583e-09       142.18689      0.30382715       0.1488753      0.69609912      0.24569493        0.247026         2.51606       7.9112797         1.81825       8.5830933        8.5830933         1.81825            1.81825
              1       10.289381       99.873947      0.12623044      -1.0869837      0.47839331    2.100583e-09       142.67707      0.30382715       0.1488753      0.69609912      0.24569493        0.247026         2.51606       7.9112797       3.4125755       8.5830933        8.5830933       3.4125755          3.4125755
              1       9.4172279       99.672971      0.12623044      -1.0869837      0.47839331    2.100583e-09       142.38996      0.30382715       0.1488753      0.69609912      0.24569493        0.247026         2.51606       7.9112797       1.6682692       8.5830933        8.5830933       1.6682692          1.6682692
              2       9.6130217       99.749006      0.12623044      -1.0869837      0.47839331    2.100583e-09       142.49858      0.30382715       0.1488753      0.69609912      0.24569493        0.247026         2.51606       7.9112797       2.0598567       8.5830933        8.5830933       2.0598567          2.0598567
              8       9.3778265       99.620668      0.12623044      -1.0869837      0.47839331    2.100583e-09       142.31524      0.30382715       0.1488753      0.69609912      0.24569493        0.247026         2.51606       7.9112797       1.5894664       8.5830933        8.5830933       1.5894664          1.5894664
              1       9.2590718       99.930939       0.1256851      -1.1029899      0.49552603    2.100583e-09       142.75848      0.30271422      0.14832997      0.69721205      0.24569493        0.247026         2.51606       7.8971831       1.3519569       8.5830933        8.5830933       1.3519569          1.3519569
              2       9.4310775       99.837634       0.1256851      -1.1029899      0.49552603    2.100583e-09       142.62519      0.30271422      0.14832997      0.69721205      0.24569493        0.247026         2.51606       7.8971831       1.6959684       8.5830933        8.5830933       1.6959684          1.6959684
              1       10.326701       99.674756       0.1256851      -1.1029899      0.49552603    2.100583e-09       142.39251      0.30271422      0.14832997      0.69721205      0.24569493        0.247026         2.51606       7.8971831       3.4872152       8.5830933        8.5830933       3.4872152          3.4872152
              1       11.213401       97.032152      0.13751581      -0.9464095   -0.0057616957    2.100583e-09       138.61736      0.32685853      0.16016068      0.67306774      0.24569493        0.247026         2.51606       8.0761337       5.2606153       8.5830933        8.5830933       5.2606153          5.2606153
              2       11.117111       97.045136      0.13751581      -0.9464095   -0.0057616957    2.100583e-09       138.63591      0.32685853      0.16016068      0.67306774      0.24569493        0.247026         2.51606       8.0761337       5.0680356       8.5830933        8.5830933       5.0680356          5.0680356
              7       10.851971       97.485541      0.13751581      -0.9464095   -0.0057616957    2.100583e-09       139.26506      0.32685853      0.16016068      0.67306774      0.24569493        0.247026         2.51606       8.0761337       4.5377553       8.5830933        8.5830933       4.5377553          4.5377553
              1       11.169821       97.533273      0.13751581      -0.9464095   -0.0057616957    2.100583e-09       139.33325      0.32685853      0.16016068      0.67306774      0.24569493        0.247026         2.51606       8.0761337       5.1734545       8.5830933        8.5830933       5.1734545          5.1734545
              3       10.557179       97.923995      0.13051607     -0.94010455      0.11303522    2.100583e-09       139.89142      0.31257333      0.15316093      0.68735294      0.24569493        0.247026         2.51606       7.9807983       3.9481706       8.5830933        8.5830933       3.9481706          3.9481706
              1       11.155205       101.49859      0.12857876       -1.163196      0.34617346    2.100583e-09       144.99798      0.30861965      0.15122363      0.69130662      0.24569493        0.247026         2.51606       7.8959149       5.1442235       8.5830933        8.5830933       5.1442235          5.1442235
              3       11.039154       102.00115      0.12511943      -1.2113414      0.57918447    2.100583e-09       145.71593      0.30155979       0.1477643      0.69836648      0.24569493        0.247026         2.51606       7.8525416       4.9121211       8.5830933        8.5830933       4.9121211          4.9121211
              2       10.321009       101.81035      0.12511943      -1.2113414      0.57918447    2.100583e-09       145.44336      0.30155979       0.1477643      0.69836648      0.24569493        0.247026         2.51606       7.8525416       3.4758308       8.5830933        8.5830933       3.4758308          3.4758308
              1       10.298606       101.75256      0.12511943      -1.2113414      0.57918447    2.100583e-09       145.36079      0.30155979       0.1477643      0.69836648      0.24569493        0.247026         2.51606       7.8525416        3.431026       8.5830933        8.5830933        3.431026           3.431026
              1       9.6753102       100.51587      0.12507163      -1.1449619      0.57885569    2.100583e-09        143.5941      0.30146224       0.1477165      0.69846403      0.24569493        0.247026         2.51606       7.8832799       2.1844339       8.5830933        8.5830933       2.1844339          2.1844339
              2       9.5905505       98.525142      0.13587305     -0.89997312     -0.51067065    2.100583e-09        140.7502      0.32350596      0.15851792      0.67642031      0.24569493        0.247026         2.51606       8.0080432       2.0149145       8.5830933        8.5830933       2.0149145          2.0149145
              9       9.5527518          98.548      0.13587305     -0.89997312     -0.51067065    2.100583e-09       140.78286      0.32350596      0.15851792      0.67642031      0.24569493        0.247026         2.51606       8.0080432        1.939317       8.5830933        8.5830933        1.939317           1.939317
              2       9.9662632       98.768229      0.13587305     -0.89997312     -0.51067065    2.100583e-09       141.09747      0.32350596      0.15851792      0.67642031      0.24569493        0.247026         2.51606       8.0080432       2.7663398       8.5830933        8.5830933       2.7663398          2.7663398
              4       9.6212977       98.675657      0.13587305     -0.89997312     -0.51067065    2.100583e-09       140.96522      0.32350596      0.15851792      0.67642031      0.24569493        0.247026         2.51606       8.0080432       2.0764088       8.5830933        8.5830933       2.0764088          2.0764088
              1       9.5618234       98.541583      0.13587305     -0.89997312     -0.51067065    2.100583e-09       140.77369      0.32350596      0.15851792      0.67642031      0.24569493        0.247026         2.51606       8.0080432       1.9574602       8.5830933        8.5830933       1.9574602          1.9574602
              2       9.7986036       98.644794      0.13165741     -0.92781674     -0.24509717    2.100583e-09       140.92113      0.31490261      0.15430228      0.68502366      0.24569493        0.247026         2.51606       7.9524188       2.4310207       8.5830933        8.5830933       2.4310207          2.4310207
              2       10.344755       98.964226      0.13165741     -0.92781674     -0.24509717    2.100583e-09       141.37747      0.31490261      0.15430228      0.68502366      0.24569493        0.247026         2.51606       7.9524188       3.5233235       8.5830933        8.5830933       3.5233235          3.5233235
              2       11.101038       99.668992      0.12117325      -1.0202402      0.41174327    2.100583e-09       142.38427      0.29350636      0.14381812      0.70641991      0.24569493        0.247026         2.51606       7.8463259       5.0358894       8.5830933        8.5830933       5.0358894          5.0358894
              1       13.092988       99.829961      0.12117325      -1.0202402      0.41174327    2.100583e-09       142.61423      0.29350636      0.14381812      0.70641991      0.24569493        0.247026         2.51606       7.8463259       9.0197887       8.5830933        8.5830933       9.0197887          9.0197887
              2       11.255056       96.460549       0.1409546      -0.7801032     -0.61168872    2.100583e-09       137.80078      0.33387645      0.16359946      0.66604982      0.24569493        0.247026         2.51606       8.1146413       5.3439255       8.5830933        8.5830933       5.3439255          5.3439255
              1        9.888579       96.065519       0.1409546      -0.7801032     -0.61168872    2.100583e-09       137.23646      0.33387645      0.16359946      0.66604982      0.24569493        0.247026         2.51606       8.1146413       2.6109713       8.5830933        8.5830933       2.6109713          2.6109713
              3       9.2649304       99.359219      0.12277231      -1.0227397       0.3868876    2.100583e-09       141.94174      0.29676975      0.14541718      0.70315652      0.24569493        0.247026         2.51606       7.8657679       1.3636742       8.5830933        8.5830933       1.3636742          1.3636742
              1       10.078684       99.509255      0.12277231      -1.0227397       0.3868876    2.100583e-09       142.15608      0.29676975      0.14541718      0.70315652      0.24569493        0.247026         2.51606       7.8657679       2.9911822       8.5830933        8.5830933       2.9911822          2.9911822
              5        9.344194       96.078785      0.14483575     -0.79778121     -0.63339562    2.100583e-09       137.25541      0.34179717      0.16748061       0.6581291      0.24569493        0.247026         2.51606       8.1728718       1.5222014       8.5830933        8.5830933       1.5222014          1.5222014
              1       9.7610586       96.186294      0.14483575     -0.79778121     -0.63339562    2.100583e-09       137.40899      0.34179717      0.16748061       0.6581291      0.24569493        0.247026         2.51606       8.1728718       2.3559307       8.5830933        8.5830933       2.3559307          2.3559307
              2       10.017044       98.103512      0.13573109     -0.92369461     -0.18051453    2.100583e-09       140.14787      0.32321623      0.15837595      0.67671004      0.24569493        0.247026         2.51606       8.0308353        2.867902       8.5830933        8.5830933        2.867902           2.867902
              3       10.125212       98.115897      0.13573109     -0.92369461     -0.18051453    2.100583e-09       140.16557      0.32321623      0.15837595      0.67671004      0.24569493        0.247026         2.51606       8.0308353       3.0842368       8.5830933        8.5830933       3.0842368          3.0842368
              1       9.1681269       97.977066      0.13573109     -0.92369461     -0.18051453    2.100583e-09       139.96724      0.32321623      0.15837595      0.67671004      0.24569493        0.247026         2.51606       8.0308353       1.1700672       8.5830933        8.5830933       1.1700672          1.1700672
              3       9.1203488       98.046267       0.1365042     -0.92140126     -0.23753936    2.100583e-09        140.0661      0.32479402      0.15914907      0.67513225      0.24569493        0.247026         2.51606       8.0382367        1.074511       8.5830933        8.5830933        1.074511           1.074511
              2       8.7148943       97.910611      0.13657789     -0.92226447     -0.23513041    2.100583e-09        139.8723      0.32494439      0.15922275      0.67498188      0.24569493        0.247026         2.51606       8.0394975      0.26360207       8.5830933        8.5830933      0.26360207         0.26360207
              1       9.9402667       97.291024      0.13888256     -0.92163456     -0.23917929    2.100583e-09       138.98718      0.32964782      0.16152743      0.67027845      0.24569493        0.247026         2.51606       8.0782237       2.7143469       8.5830933        8.5830933       2.7143469          2.7143469
              1         10.8701       100.95968      0.12252098      -1.1908703      0.72506867    2.100583e-09       144.22812      0.29625684      0.14516585      0.70366943      0.24569493        0.247026         2.51606       7.8490689       4.5740125       8.5830933        8.5830933       4.5740125          4.5740125
              1       10.814703       96.533685      0.14170345      -0.8862026     -0.32062743    2.100583e-09       137.90526      0.33540472      0.16434831      0.66452155      0.24569493        0.247026         2.51606       8.1269632       4.4632194       8.5830933        8.5830933       4.4632194          4.4632194
              1       9.9779125       96.989304      0.14170345      -0.8862026     -0.32062743    2.100583e-09       138.55615      0.33540472      0.16434831      0.66452155      0.24569493        0.247026         2.51606       8.1269632       2.7896385       8.5830933        8.5830933       2.7896385          2.7896385
              5       10.151879       97.020932      0.14170345      -0.8862026     -0.32062743    2.100583e-09       138.60133      0.33540472      0.16434831      0.66452155      0.24569493        0.247026         2.51606       8.1269632       3.1375723       8.5830933        8.5830933       3.1375723          3.1375723
              1       14.155623       97.132641      0.13560148     -0.95414961      0.20836659    2.100583e-09       138.76092      0.32295172      0.15824634      0.67697455      0.24569493        0.247026         2.51606       8.0789195       11.145059       8.5830933        8.5830933       11.145059          11.145059
              2        13.32354       97.029277      0.13560148     -0.95414961      0.20836659    2.100583e-09       138.61325      0.32295172      0.15824634      0.67697455      0.24569493        0.247026         2.51606       8.0789195       9.4808936       8.5830933        8.5830933       9.4808936          9.4808936
              5        12.67676       96.876539      0.13560148     -0.95414961      0.20836659    2.100583e-09       138.39506      0.32295172      0.15824634      0.67697455      0.24569493        0.247026         2.51606       8.0789195       8.1873327       8.5830933        8.5830933       8.1873327          8.1873327
              1       10.833544       96.573296      0.13240991     -0.86338008     -0.03533591    2.100583e-09       137.96185      0.31643831      0.15505477      0.68348796      0.24569493        0.247026         2.51606       8.0202255       4.5009014       8.5830933        8.5830933       4.5009014          4.5009014
              1       10.990549       96.630168      0.13240991     -0.86338008     -0.03533591    2.100583e-09        138.0431      0.31643831      0.15505477      0.68348796      0.24569493        0.247026         2.51606       8.0202255        4.814911       8.5830933        8.5830933        4.814911           4.814911
              1       10.774703       96.502923      0.13240991     -0.86338008     -0.03533591    2.100583e-09       137.86132      0.31643831      0.15505477      0.68348796      0.24569493        0.247026         2.51606       8.0202255       4.3832198       8.5830933        8.5830933       4.3832198          4.3832198
              3        10.83123       96.561347      0.13180396     -0.86631914    -0.013827067    2.100583e-09       137.94478      0.31520168      0.15444882      0.68472459      0.24569493        0.247026         2.51606       8.0129027       4.4962734       8.5830933        8.5830933       4.4962734          4.4962734
              1       9.0698361       99.756922      0.12577887      -1.0868314      0.45698944    2.100583e-09       142.50989      0.30290558      0.14842373      0.69702069      0.24569493        0.247026         2.51606       7.8986129      0.97348564       8.5830933        8.5830933      0.97348564         0.97348564
              1        9.221768       99.888649      0.12577887      -1.0868314      0.45698944    2.100583e-09       142.69807      0.30290558      0.14842373      0.69702069      0.24569493        0.247026         2.51606       7.8986129       1.2773495       8.5830933        8.5830933       1.2773495          1.2773495
              1       9.2889528         99.6555      0.12577887      -1.0868314      0.45698944    2.100583e-09         142.365      0.30290558      0.14842373      0.69702069      0.24569493        0.247026         2.51606       7.8986129        1.411719       8.5830933        8.5830933        1.411719           1.411719
              4       9.6349349       97.863852      0.13820688     -0.96579591     -0.12614696    2.100583e-09        139.8055      0.32826886      0.16085174      0.67165741      0.24569493        0.247026         2.51606       8.0662744       2.1036831       8.5830933        8.5830933       2.1036831          2.1036831
              2       9.3431224       97.722278      0.13827535     -0.94501098     -0.19287553    2.100583e-09       139.60325       0.3284086      0.16092021      0.67151767      0.24569493        0.247026         2.51606       8.0662393       1.5200582       8.5830933        8.5830933       1.5200582          1.5200582
              1       9.7539428        97.22692      0.13717284     -0.92670855     -0.11460487    2.100583e-09        138.8956      0.32615858       0.1598177      0.67376769      0.24569493        0.247026         2.51606       8.0623747        2.341699       8.5830933        8.5830933        2.341699           2.341699
              1       9.5839386       97.263054      0.13717284     -0.92670855     -0.11460487    2.100583e-09       138.94722      0.32615858       0.1598177      0.67376769      0.24569493        0.247026         2.51606       8.0623747       2.0016905       8.5830933        8.5830933       2.0016905          2.0016905
              1       10.027329       96.736578       0.1425529     -0.88255813       -0.321968    2.100583e-09       138.19511       0.3371383      0.16519777      0.66278797      0.24569493        0.247026         2.51606       8.1419632       2.8884724       8.5830933        8.5830933       2.8884724          2.8884724
              4       10.763463       94.007421       0.1566813     -0.65007434      -1.2663336    2.100583e-09       134.29632      0.36597176      0.17932616      0.63395451      0.24569493        0.247026         2.51606       8.3532572       4.3607392       8.5830933        8.5830933       4.3607392          4.3607392
              2       10.398524        94.25535       0.1566813     -0.65007434      -1.2663336    2.100583e-09        134.6505      0.36597176      0.17932616      0.63395451      0.24569493        0.247026         2.51606       8.3532572       3.6308607       8.5830933        8.5830933       3.6308607          3.6308607
              5       9.9780586       95.058682      0.15555613     -0.66941061      -1.4265924    2.100583e-09       135.79812      0.36367551        0.178201      0.63625077      0.24569493        0.247026         2.51606       8.3246877       2.7899306       8.5830933        8.5830933       2.7899306          2.7899306
              4       10.193898       96.337868      0.15145922     -0.73263773      -1.2971855    2.100583e-09       137.62553      0.35531447      0.17410409       0.6446118      0.24569493        0.247026         2.51606        8.254574       3.2216096       8.5830933        8.5830933       3.2216096          3.2216096
              1       12.541176       98.280615      0.14376531     -0.85442539     -0.86253259    2.100583e-09       140.40088      0.33961261      0.16641018      0.66031366      0.24569493        0.247026         2.51606       8.1286609       7.9161664       8.5830933        8.5830933       7.9161664          7.9161664
              1       11.923631        98.24088      0.14182099     -0.95001363     -0.31998942    2.100583e-09       140.34411       0.3356446      0.16446586      0.66428167      0.24569493        0.247026         2.51606       8.1128594       6.6810757       8.5830933        8.5830933       6.6810757          6.6810757
              2       9.9286227       97.912254      0.14182099     -0.95001363     -0.31998942    2.100583e-09       139.87465       0.3356446      0.16446586      0.66428167      0.24569493        0.247026         2.51606       8.1128594       2.6910588       8.5830933        8.5830933       2.6910588          2.6910588
              1       10.573095       97.656504      0.14182099     -0.95001363     -0.31998942    2.100583e-09       139.50929       0.3356446      0.16446586      0.66428167      0.24569493        0.247026         2.51606       8.1128594        3.980003       8.5830933        8.5830933        3.980003           3.980003
              3        10.12506       97.992577      0.14182099     -0.95001363     -0.31998942    2.100583e-09        139.9894       0.3356446      0.16446586      0.66428167      0.24569493        0.247026         2.51606       8.1128594       3.0839332       8.5830933        8.5830933       3.0839332          3.0839332
              3       10.346578       97.696005      0.14182099     -0.95001363     -0.31998942    2.100583e-09       139.56572       0.3356446      0.16446586      0.66428167      0.24569493        0.247026         2.51606       8.1128594       3.5269697       8.5830933        8.5830933       3.5269697          3.5269697
              2       10.532477       97.663026      0.14182099     -0.95001363     -0.31998942    2.100583e-09       139.51861       0.3356446      0.16446586      0.66428167      0.24569493        0.247026         2.51606       8.1128594       3.8987683       8.5830933        8.5830933       3.8987683          3.8987683
              1       10.436357       98.371502      0.14015517     -0.99288737      -0.2325298    2.100583e-09       140.53072      0.33224496      0.16280003      0.66768131      0.24569493        0.247026         2.51606       8.0820829        3.706527       8.5830933        8.5830933        3.706527           3.706527
              2       10.159476       98.463718      0.14015517     -0.99288737      -0.2325298    2.100583e-09       140.66245      0.33224496      0.16280003      0.66768131      0.24569493        0.247026         2.51606       8.0820829       3.1527659       8.5830933        8.5830933       3.1527659          3.1527659
              5       10.163637       98.461254      0.14015517     -0.99288737      -0.2325298    2.100583e-09       140.65893      0.33224496      0.16280003      0.66768131      0.24569493        0.247026         2.51606       8.0820829       3.1610874       8.5830933        8.5830933       3.1610874          3.1610874
              1       11.068328       97.619168      0.13853947     -0.97867523     -0.04482757    2.100583e-09       139.45595      0.32894763      0.16118434      0.67097864      0.24569493        0.247026         2.51606       8.0772789       4.9704695       8.5830933        8.5830933       4.9704695          4.9704695
              2       10.284474       97.944816      0.13853947     -0.97867523     -0.04482757    2.100583e-09       139.92117      0.32894763      0.16118434      0.67097864      0.24569493        0.247026         2.51606       8.0772789       3.4027611       8.5830933        8.5830933       3.4027611          3.4027611
              1       12.845117       95.970587      0.13818181     -0.88924163     0.039620736    2.100583e-09       137.10084       0.3282177      0.16082667      0.67170857      0.24569493        0.247026         2.51606        8.118693       8.5240466       8.5830933        8.5830933       8.5240466          8.5240466
              1       15.334955       96.335095      0.13818181     -0.88924163     0.039620736    2.100583e-09       137.62156       0.3282177      0.16082667      0.67170857      0.24569493        0.247026         2.51606        8.118693       13.503723       8.5830933        8.5830933       13.503723          13.503723
              2       12.948819       96.020965      0.13818181     -0.88924163     0.039620736    2.100583e-09       137.17281       0.3282177      0.16082667      0.67170857      0.24569493        0.247026         2.51606        8.118693       8.7314515       8.5830933        8.5830933       8.7314515          8.7314515
              1       10.227567        100.5324      0.12527458       -1.145684      0.60089671    2.100583e-09       143.61771      0.30187642      0.14791944      0.69804986      0.24569493        0.247026         2.51606        7.891616       3.2889478       8.5830933        8.5830933       3.2889478          3.2889478
              3       9.8465993       98.925282      0.12823357     -0.95049738    -0.039914803    2.100583e-09       141.32183      0.30791517      0.15087843       0.6920111      0.24569493        0.247026         2.51606       7.9112735        2.527012       8.5830933        8.5830933        2.527012           2.527012
              1       9.8015304       98.891309      0.12823357     -0.95049738    -0.039914803    2.100583e-09        141.2733      0.30791517      0.15087843       0.6920111      0.24569493        0.247026         2.51606       7.9112735       2.4368743       8.5830933        8.5830933       2.4368743          2.4368743
              1       9.9745989       99.096193      0.12718105     -0.96023614   -0.0065345858    2.100583e-09       141.56599      0.30576718      0.14982592      0.69415909      0.24569493        0.247026         2.51606       7.8942077       2.7830112       8.5830933        8.5830933       2.7830112          2.7830112
              6       10.042065       99.144176      0.12718105     -0.96023614   -0.0065345858    2.100583e-09       141.63454      0.30576718      0.14982592      0.69415909      0.24569493        0.247026         2.51606       7.8942077       2.9179443       8.5830933        8.5830933       2.9179443          2.9179443
              1       10.185883       99.195096      0.12718105     -0.96023614   -0.0065345858    2.100583e-09       141.70728      0.30576718      0.14982592      0.69415909      0.24569493        0.247026         2.51606       7.8942077       3.2055792       8.5830933        8.5830933       3.2055792          3.2055792
              1       9.6392039       99.622807      0.12508215      -1.0033994      0.16970193    2.100583e-09        142.3183      0.30148371      0.14772702      0.69844256      0.24569493        0.247026         2.51606       7.8688001       2.1122212       8.5830933        8.5830933       2.1122212          2.1122212
              1       10.066846       99.707217      0.12508215      -1.0033994      0.16970193    2.100583e-09       142.43888      0.30148371      0.14772702      0.69844256      0.24569493        0.247026         2.51606       7.8688001        2.967505       8.5830933        8.5830933        2.967505           2.967505
              7       9.4696455       102.57008      0.10879056      -1.2068414       1.0191904    2.100583e-09       146.52869      0.26823555      0.13143542      0.73169072      0.24569493        0.247026         2.51606       7.7081922       1.7731045       8.5830933        8.5830933       1.7731045          1.7731045
              2       10.078778       102.12037      0.10879056      -1.2068414       1.0191904    2.100583e-09       145.88624      0.26823555      0.13143542      0.73169072      0.24569493        0.247026         2.51606       7.7081922       2.9913697       8.5830933        8.5830933       2.9913697          2.9913697
              1       9.0589953       102.38314      0.10879056      -1.2068414       1.0191904    2.100583e-09       146.26164      0.26823555      0.13143542      0.73169072      0.24569493        0.247026         2.51606       7.7081922      0.95180409       8.5830933        8.5830933      0.95180409         0.95180409
              1       9.2452385       102.51312      0.10879056      -1.2068414       1.0191904    2.100583e-09       146.44732      0.26823555      0.13143542      0.73169072      0.24569493        0.247026         2.51606       7.7081922       1.3242904       8.5830933        8.5830933       1.3242904          1.3242904
              5       9.1774386       102.48942      0.10879056      -1.2068414       1.0191904    2.100583e-09       146.41346      0.26823555      0.13143542      0.73169072      0.24569493        0.247026         2.51606       7.7081922       1.1886906       8.5830933        8.5830933       1.1886906          1.1886906
              1       9.4615473       102.56835      0.10879056      -1.2068414       1.0191904    2.100583e-09       146.52621      0.26823555      0.13143542      0.73169072      0.24569493        0.247026         2.51606       7.7081922       1.7569081       8.5830933        8.5830933       1.7569081          1.7569081
              9       9.0838543       102.43941      0.10879056      -1.2068414       1.0191904    2.100583e-09       146.34201      0.26823555      0.13143542      0.73169072      0.24569493        0.247026         2.51606       7.7081922        1.001522       8.5830933        8.5830933        1.001522           1.001522
              3       9.1122532       102.45885      0.10879056      -1.2068414       1.0191904    2.100583e-09       146.36979      0.26823555      0.13143542      0.73169072      0.24569493        0.247026         2.51606       7.7081922       1.0583198       8.5830933        8.5830933       1.0583198          1.0583198
              3       9.1821846       102.70036      0.10814596      -1.2253365       1.0619875    2.100583e-09        146.7148      0.26692004      0.13079082      0.73300623      0.24569493        0.247026         2.51606       7.6989194       1.1981826       8.5830933        8.5830933       1.1981826          1.1981826
              2        9.286349        102.6233      0.10814596      -1.2253365       1.0619875    2.100583e-09       146.60471      0.26692004      0.13079082      0.73300623      0.24569493        0.247026         2.51606       7.6989194       1.4065115       8.5830933        8.5830933       1.4065115          1.4065115
              1       9.4742912       101.96051      0.10455403      -1.1530158        1.013533    2.100583e-09       145.65788      0.25958959       0.1271989      0.74033668      0.24569493        0.247026         2.51606       7.7004098       1.7823959       8.5830933        8.5830933       1.7823959          1.7823959
              2       9.7957304       102.01747      0.10455403      -1.1530158        1.013533    2.100583e-09       145.73925      0.25958959       0.1271989      0.74033668      0.24569493        0.247026         2.51606       7.7004098       2.4252743       8.5830933        8.5830933       2.4252743          2.4252743
              1       10.455455       102.10451      0.10455403      -1.1530158        1.013533    2.100583e-09       145.86358      0.25958959       0.1271989      0.74033668      0.24569493        0.247026         2.51606       7.7004098       3.7447229       8.5830933        8.5830933       3.7447229          3.7447229
              3       9.1375405       102.35243      0.10315038      -1.1878049       1.1215177    2.100583e-09       146.21775      0.25672499      0.12579524      0.74320128      0.24569493        0.247026         2.51606        7.703256       1.1088944       8.5830933        8.5830933       1.1088944          1.1088944
              7       9.3363818       102.41119      0.10315038      -1.1878049       1.1215177    2.100583e-09       146.30171      0.25672499      0.12579524      0.74320128      0.24569493        0.247026         2.51606        7.703256        1.506577       8.5830933        8.5830933        1.506577           1.506577
              1        9.028951        102.2215      0.10315038      -1.1878049       1.1215177    2.100583e-09       146.03072      0.25672499      0.12579524      0.74320128      0.24569493        0.247026         2.51606        7.703256      0.89171535       8.5830933        8.5830933      0.89171535         0.89171535
              1        10.20448       102.62432      0.10669411      -1.2429971       1.1553113    2.100583e-09       146.60618      0.26395709      0.12933897      0.73596918      0.24569493        0.247026         2.51606       7.7074443       3.2427726       8.5830933        8.5830933       3.2427726          3.2427726
              1       10.101131       100.52495      0.11899441      -1.0802836      0.45415442    2.100583e-09       143.60708      0.28905974      0.14163927      0.71086653      0.24569493        0.247026         2.51606       7.7827609       3.0360756       8.5830933        8.5830933       3.0360756          3.0360756
              1       9.4561101       100.72034      0.11899441      -1.0802836      0.45415442    2.100583e-09       143.88619      0.28905974      0.14163927      0.71086653      0.24569493        0.247026         2.51606       7.7827609       1.7460336       8.5830933        8.5830933       1.7460336          1.7460336
              1        8.916582       101.15267      0.11723505      -1.1532175      0.76039484    2.100583e-09       144.50381      0.28546922      0.13987992      0.71445705      0.24569493        0.247026         2.51606        7.793422      0.66697734       8.5830933        8.5830933      0.66697734         0.66697734
              2       9.2920373       101.28585      0.11723505      -1.1532175      0.76039484    2.100583e-09       144.69407      0.28546922      0.13987992      0.71445705      0.24569493        0.247026         2.51606        7.793422       1.4178881       8.5830933        8.5830933       1.4178881          1.4178881
              1       9.1715248       101.11211      0.11928916       -1.141424      0.67246052    2.100583e-09       144.44587      0.28966128      0.14193403      0.71026499      0.24569493        0.247026         2.51606       7.8092604        1.176863       8.5830933        8.5830933        1.176863           1.176863
              1       8.8383368       100.98104      0.11928916       -1.141424      0.67246052    2.100583e-09       144.25863      0.28966128      0.14193403      0.71026499      0.24569493        0.247026         2.51606       7.8092604      0.51048704       8.5830933        8.5830933      0.51048704         0.51048704
              2        9.093866       100.81659      0.11928916       -1.141424      0.67246052    2.100583e-09        144.0237      0.28966128      0.14193403      0.71026499      0.24569493        0.247026         2.51606       7.8092604       1.0215455       8.5830933        8.5830933       1.0215455          1.0215455
              1       9.2240975       101.49137      0.11222052      -1.1817565      0.95426634    2.100583e-09       144.98767      0.27523549      0.13486539      0.72469079      0.24569493        0.247026         2.51606       7.7621338       1.2820084       8.5830933        8.5830933       1.2820084          1.2820084
              1       9.8994487       100.31998      0.11429201      -1.1343767      0.89696323    2.100583e-09       143.31426      0.27946302      0.13693688      0.72046326      0.24569493        0.247026         2.51606       7.8205791       2.6327109       8.5830933        8.5830933       2.6327109          2.6327109
              2       9.5258181       99.652565      0.11790118       -1.076739      0.65659028    2.100583e-09       142.36081      0.28682866      0.14054604      0.71309761      0.24569493        0.247026         2.51606       7.8289281       1.8854497       8.5830933        8.5830933       1.8854497          1.8854497
              2       9.1389215       99.899734      0.11790118       -1.076739      0.65659028    2.100583e-09       142.71391      0.28682866      0.14054604      0.71309761      0.24569493        0.247026         2.51606       7.8289281       1.1116564       8.5830933        8.5830933       1.1116564          1.1116564
              1       12.412489       99.178442      0.12175298      -1.0181489      0.31935236    2.100583e-09       141.68349      0.29468948      0.14439784      0.70523679      0.24569493        0.247026         2.51606       7.8339478       7.6587919       8.5830933        8.5830933       7.6587919          7.6587919
              2        10.00366       99.448168      0.12175298      -1.0181489      0.31935236    2.100583e-09       142.06881      0.29468948      0.14439784      0.70523679      0.24569493        0.247026         2.51606       7.8339478       2.8411334       8.5830933        8.5830933       2.8411334          2.8411334
              2        9.563474        99.62174      0.12175298      -1.0181489      0.31935236    2.100583e-09       142.31677      0.29468948      0.14439784      0.70523679      0.24569493        0.247026         2.51606       7.8339478       1.9607614       8.5830933        8.5830933       1.9607614          1.9607614
              1       9.7071334       99.361958      0.11958211      -1.0166101       0.4576582    2.100583e-09       141.94565      0.29025913      0.14222697      0.70966714      0.24569493        0.247026         2.51606        7.834978       2.2480802       8.5830933        8.5830933       2.2480802          2.2480802
             12       9.4831601       98.068818      0.12815361      -0.9510038      0.15632344    2.100583e-09       140.09831      0.30775199      0.15079847      0.69217428      0.24569493        0.247026         2.51606       7.9439795       1.8001337       8.5830933        8.5830933       1.8001337          1.8001337
              1       9.3587565       100.95928      0.11728417      -1.1598081      0.82591875    2.100583e-09       144.22754      0.28556946      0.13992903      0.71435681      0.24569493        0.247026         2.51606       7.8135392       1.5513264       8.5830933        8.5830933       1.5513264          1.5513264
              1        10.42511       100.40812      0.12042776      -1.1499142      0.79827323    2.100583e-09       143.44018      0.29198494      0.14307262      0.70794133      0.24569493        0.247026         2.51606       7.8654687       3.6840331       8.5830933        8.5830933       3.6840331          3.6840331
              2       10.543648       100.45729      0.12042776      -1.1499142      0.79827323    2.100583e-09       143.51041      0.29198494      0.14307262      0.70794133      0.24569493        0.247026         2.51606       7.8654687       3.9211091       8.5830933        8.5830933       3.9211091          3.9211091
              2       10.038615       99.297239      0.12575794      -1.0716931      0.52098425    2.100583e-09        141.8532      0.30286287       0.1484028      0.69706341      0.24569493        0.247026         2.51606       7.9230673       2.9110437       8.5830933        8.5830933       2.9110437          2.9110437
              1       10.259661        99.35403      0.12575794      -1.0716931      0.52098425    2.100583e-09       141.93433      0.30286287       0.1484028      0.69706341      0.24569493        0.247026         2.51606       7.9230673       3.3531352       8.5830933        8.5830933       3.3531352          3.3531352
              1       10.266595       99.355499      0.12575794      -1.0716931      0.52098425    2.100583e-09       141.93643      0.30286287       0.1484028      0.69706341      0.24569493        0.247026         2.51606       7.9230673       3.3670033       8.5830933        8.5830933       3.3670033          3.3670033
              1       8.7941127       98.325201      0.13337297     -0.96052608    -0.035117077    2.100583e-09       140.46457      0.31840374      0.15601783      0.68152253      0.24569493        0.247026         2.51606       7.9969172      0.42203888       8.5830933        8.5830933      0.42203888         0.42203888
              2       8.8165557       98.305619      0.13509846     -0.96064814    -0.092784398    2.100583e-09        140.4366      0.32192516      0.15774333      0.67800111      0.24569493        0.247026         2.51606       8.0189445      0.46692473       8.5830933        8.5830933      0.46692473         0.46692473
              1       9.3174279       98.639427      0.12536941      -1.0033144      0.32095334    2.100583e-09       140.91347      0.30206996      0.14801428      0.69785631      0.24569493        0.247026         2.51606       7.9054041       1.4686693       8.5830933        8.5830933       1.4686693          1.4686693
              3       10.148017       101.25996      0.11343889       -1.193413       1.0079432    2.100583e-09       144.65708      0.27772195      0.13608375      0.72220432      0.24569493        0.247026         2.51606       7.7986326       3.1298471       8.5830933        8.5830933       3.1298471          3.1298471
              2       10.013968       98.136888      0.12934591     -0.93735589    -0.015017984    2.100583e-09       140.19555      0.31018527      0.15199078        0.689741      0.24569493        0.247026         2.51606       7.9393518         2.86175       8.5830933        8.5830933         2.86175            2.86175
              1       10.167473       98.111922      0.12934591     -0.93735589    -0.015017984    2.100583e-09       140.15989      0.31018527      0.15199078        0.689741      0.24569493        0.247026         2.51606       7.9393518       3.1687602       8.5830933        8.5830933       3.1687602          3.1687602
              3       9.4695864        98.29451      0.12934591     -0.93735589    -0.015017984    2.100583e-09       140.42073      0.31018527      0.15199078        0.689741      0.24569493        0.247026         2.51606       7.9393518       1.7729862       8.5830933        8.5830933       1.7729862          1.7729862
              2        9.483837       98.283524      0.12934591     -0.93735589    -0.015017984    2.100583e-09       140.40503      0.31018527      0.15199078        0.689741      0.24569493        0.247026         2.51606       7.9393518       1.8014874       8.5830933        8.5830933       1.8014874          1.8014874
              1       9.1419626       97.608667      0.14346244     -0.87741187     -0.67663099    2.100583e-09       139.44095       0.3389945      0.16610731      0.66093177      0.24569493        0.247026         2.51606        8.130113       1.1177386       8.5830933        8.5830933       1.1177386          1.1177386
              3       9.1296571       97.631356      0.14346244     -0.87741187     -0.67663099    2.100583e-09       139.47337       0.3389945      0.16610731      0.66093177      0.24569493        0.247026         2.51606        8.130113       1.0931277       8.5830933        8.5830933       1.0931277          1.0931277
              1       10.096059       97.894315      0.14346244     -0.87741187     -0.67663099    2.100583e-09       139.84902       0.3389945      0.16610731      0.66093177      0.24569493        0.247026         2.51606        8.130113        3.025932       8.5830933        8.5830933        3.025932           3.025932
              2        9.399102       102.09001      0.12246759      -1.1831772      0.49944203    2.100583e-09       145.84287      0.29614787      0.14511246       0.7037784      0.24569493        0.247026         2.51606       7.8035226       1.6320174       8.5830933        8.5830933       1.6320174          1.6320174
              3        10.51395       101.23946      0.12664881      -1.0639078    0.0041401014    2.100583e-09       144.62779      0.30468098      0.14929368      0.69524529      0.24569493        0.247026         2.51606       7.8520591       3.8617132       8.5830933        8.5830933       3.8617132          3.8617132
              1       10.174644       100.32778      0.12571865      -1.0193225     0.055322711    2.100583e-09        143.3254      0.30278268      0.14836351      0.69714359      0.24569493        0.247026         2.51606       7.8558067       3.1831022       8.5830933        8.5830933       3.1831022          3.1831022
              2       10.283736       95.527982      0.15418564     -0.69546569      -1.3280456    2.100583e-09       136.46855      0.36087858       0.1768305      0.63904769      0.24569493        0.247026         2.51606       8.3030294       3.4012857       8.5830933        8.5830933       3.4012857          3.4012857
              2       9.9715196       95.450255      0.15418564     -0.69546569      -1.3280456    2.100583e-09       136.35751      0.36087858       0.1768305      0.63904769      0.24569493        0.247026         2.51606       8.3030294       2.7768526       8.5830933        8.5830933       2.7768526          2.7768526
              1       13.964394       95.877021      0.15418564     -0.69546569      -1.3280456    2.100583e-09       136.96717      0.36087858       0.1768305      0.63904769      0.24569493        0.247026         2.51606       8.3030294       10.762602       8.5830933        8.5830933       10.762602          10.762602
              2       11.110658       95.645747      0.15418564     -0.69546569      -1.3280456    2.100583e-09       136.63678      0.36087858       0.1768305      0.63904769      0.24569493        0.247026         2.51606       8.3030294         5.05513       8.5830933        8.5830933         5.05513            5.05513
              3        10.89201       95.413654      0.15490789     -0.68561516      -1.3429308    2.100583e-09       136.30522      0.36235257      0.17755276       0.6375737      0.24569493        0.247026         2.51606       8.3155029       4.6178341       8.5830933        8.5830933       4.6178341          4.6178341
              2       10.151584       95.910666      0.15047731     -0.72281979      -1.1276302    2.100583e-09       137.01524      0.35331056      0.17312218      0.64661571      0.24569493        0.247026         2.51606       8.2480242       3.1369811       8.5830933        8.5830933       3.1369811          3.1369811
              1       9.4810334       95.789981      0.15047731     -0.72281979      -1.1276302    2.100583e-09       136.84283      0.35331056      0.17312218      0.64661571      0.24569493        0.247026         2.51606       8.2480242       1.7958802       8.5830933        8.5830933       1.7958802          1.7958802
              3       9.4960246       95.937881      0.14986595     -0.72982888      -1.1090753    2.100583e-09       137.05412      0.35206289      0.17251082      0.64786338      0.24569493        0.247026         2.51606       8.2378099       1.8258625       8.5830933        8.5830933       1.8258625          1.8258625
              3        9.954007       95.584058      0.14986595     -0.72982888      -1.1090753    2.100583e-09       136.54865      0.35206289      0.17251082      0.64786338      0.24569493        0.247026         2.51606       8.2378099       2.7418274       8.5830933        8.5830933       2.7418274          2.7418274
              1       9.5030908       99.784708      0.13562922      -1.0361972     -0.17905464    2.100583e-09       142.54958      0.32300835      0.15827409      0.67691792      0.24569493        0.247026         2.51606       7.9992702       1.8399951       8.5830933        8.5830933       1.8399951          1.8399951
              1       9.4407196       100.31307      0.13313715      -1.0525132     -0.14356547    2.100583e-09       143.30439      0.31792247      0.15578201       0.6820038      0.24569493        0.247026         2.51606       7.9552591       1.7152525       8.5830933        8.5830933       1.7152525          1.7152525
              1        9.192353       97.533144      0.14091637     -0.85057293     -0.69493363    2.100583e-09       139.33306      0.33379843      0.16356123      0.66612784      0.24569493        0.247026         2.51606         8.09126       1.2185195       8.5830933        8.5830933       1.2185195          1.2185195
              1       9.6277901       97.441427      0.14091637     -0.85057293     -0.69493363    2.100583e-09       139.20204      0.33379843      0.16356123      0.66612784      0.24569493        0.247026         2.51606         8.09126       2.0893937       8.5830933        8.5830933       2.0893937          2.0893937
              1       9.7409336        97.87044      0.14091637     -0.85057293     -0.69493363    2.100583e-09       139.81491      0.33379843      0.16356123      0.66612784      0.24569493        0.247026         2.51606         8.09126       2.3156805       8.5830933        8.5830933       2.3156805          2.3156805
              3       9.6073419       100.27761      0.13289237      -1.0433548     -0.19101135    2.100583e-09       143.25372      0.31742294      0.15553724      0.68250333      0.24569493        0.247026         2.51606       7.9492566       2.0484971       8.5830933        8.5830933       2.0484971          2.0484971
              1       10.535744       96.485568      0.15177764     -0.77432777      -1.2153276    2.100583e-09       137.83653      0.35596431      0.17442251      0.64396197      0.24569493        0.247026         2.51606        8.257362       3.9053005       8.5830933        8.5830933       3.9053005          3.9053005
              1       10.601507       96.435769      0.15177764     -0.77432777      -1.2153276    2.100583e-09       137.76538      0.35596431      0.17442251      0.64396197      0.24569493        0.247026         2.51606        8.257362       4.0368266       8.5830933        8.5830933       4.0368266          4.0368266
              2       10.727416       96.290084      0.14520734     -0.76374836      -0.9884476    2.100583e-09       137.55726      0.34255553      0.16785221      0.65737074      0.24569493        0.247026         2.51606       8.1615503       4.2886445       8.5830933        8.5830933       4.2886445          4.2886445
              1       10.777662       96.912497      0.14520734     -0.76374836      -0.9884476    2.100583e-09       138.44642      0.34255553      0.16785221      0.65737074      0.24569493        0.247026         2.51606       8.1615503       4.3891372       8.5830933        8.5830933       4.3891372          4.3891372
              1       10.666798       103.76382      0.10756359      -1.3042678       1.2540542    2.100583e-09       148.23402      0.26573155      0.13020846      0.73419472      0.24569493        0.247026         2.51606       7.7047621       4.1674102       8.5830933        8.5830933       4.1674102          4.1674102
              4       10.479574       103.61154      0.10756359      -1.3042678       1.2540542    2.100583e-09       148.01649      0.26573155      0.13020846      0.73419472      0.24569493        0.247026         2.51606       7.7047621       3.7929612       8.5830933        8.5830933       3.7929612          3.7929612
              1       9.6314942        101.2014      0.11744717      -1.1546767       0.7839319    2.100583e-09       144.57343      0.28590211      0.14009203      0.71402416      0.24569493        0.247026         2.51606       7.8045054       2.0968018       8.5830933        8.5830933       2.0968018          2.0968018
              2        9.458176       101.16778      0.11744717      -1.1546767       0.7839319    2.100583e-09        144.5254      0.28590211      0.14009203      0.71402416      0.24569493        0.247026         2.51606       7.8045054       1.7501655       8.5830933        8.5830933       1.7501655          1.7501655
              2       9.4171463       100.83687      0.11744717      -1.1546767       0.7839319    2.100583e-09       144.05267      0.28590211      0.14009203      0.71402416      0.24569493        0.247026         2.51606       7.8045054        1.668106       8.5830933        8.5830933        1.668106           1.668106
              1       9.0853795       100.95316      0.11744717      -1.1546767       0.7839319    2.100583e-09        144.2188      0.28590211      0.14009203      0.71402416      0.24569493        0.247026         2.51606       7.8045054       1.0045724       8.5830933        8.5830933       1.0045724          1.0045724
              2        9.001405         101.014      0.11865952      -1.1312568      0.61101409    2.100583e-09       144.30571       0.2883763      0.14130439      0.71154997      0.24569493        0.247026         2.51606       7.7870814      0.83662334       8.5830933        8.5830933      0.83662334         0.83662334
              8       10.489442       99.787923      0.12755464      -1.1193984       0.5400409    2.100583e-09       142.55418       0.3065296       0.1501995      0.69339667      0.24569493        0.247026         2.51606       7.9308838       3.8126971       8.5830933        8.5830933       3.8126971          3.8126971
              2       10.503698       99.754319      0.12755464      -1.1193984       0.5400409    2.100583e-09       142.50617       0.3065296       0.1501995      0.69339667      0.24569493        0.247026         2.51606       7.9308838         3.84121       8.5830933        8.5830933         3.84121            3.84121
              2       10.441337         100.203       0.1258905      -1.1450397      0.61152584    2.100583e-09       143.14715       0.3031334      0.14853537      0.69679287      0.24569493        0.247026         2.51606       7.9052156       3.7164869       8.5830933        8.5830933       3.7164869          3.7164869
              5       10.422471       100.25731       0.1258905      -1.1450397      0.61152584    2.100583e-09       143.22473       0.3031334      0.14853537      0.69679287      0.24569493        0.247026         2.51606       7.9052156       3.6787562       8.5830933        8.5830933       3.6787562          3.6787562
              2        9.773927       99.562911      0.13239933       -1.077919      0.22599683    2.100583e-09       142.23273      0.31641672      0.15504419      0.68350955      0.24569493        0.247026         2.51606       7.9751186       2.3816675       8.5830933        8.5830933       2.3816675          2.3816675
              1       10.085445       99.373707      0.13239933       -1.077919      0.22599683    2.100583e-09       141.96244      0.31641672      0.15504419      0.68350955      0.24569493        0.247026         2.51606       7.9751186       3.0047033       8.5830933        8.5830933       3.0047033          3.0047033
              1       9.8130938       98.852286      0.13587045      -1.0296046  -0.00085616425    2.100583e-09       141.21755      0.32350065      0.15851532      0.67642562      0.24569493        0.247026         2.51606        8.021823        2.460001       8.5830933        8.5830933        2.460001           2.460001
              1       9.7379166       98.873849      0.13587045      -1.0296046  -0.00085616425    2.100583e-09       141.24836      0.32350065      0.15851532      0.67642562      0.24569493        0.247026         2.51606        8.021823       2.3096467       8.5830933        8.5830933       2.3096467          2.3096467
              1       9.5783949       98.952143      0.13587045      -1.0296046  -0.00085616425    2.100583e-09        141.3602      0.32350065      0.15851532      0.67642562      0.24569493        0.247026         2.51606        8.021823       1.9906032       8.5830933        8.5830933       1.9906032          1.9906032
              1       9.5491203       97.950559      0.14278144     -0.92341643     -0.50941967    2.100583e-09       139.92937      0.33760472      0.16542631      0.66232156      0.24569493        0.247026         2.51606        8.120594        1.932054       8.5830933        8.5830933        1.932054           1.932054
              2       8.8453976        97.48395      0.14029223     -0.89092864     -0.45211427    2.100583e-09       139.26279      0.33252468      0.16293709      0.66740159      0.24569493        0.247026         2.51606       8.0900335       0.5246086       8.5830933        8.5830933       0.5246086          0.5246086
              2       12.006182       98.045882      0.14029223     -0.89092864     -0.45211427    2.100583e-09       140.06555      0.33252468      0.16293709      0.66740159      0.24569493        0.247026         2.51606       8.0900335       6.8461765       8.5830933        8.5830933       6.8461765          6.8461765
              1       11.498732       98.007651      0.14029223     -0.89092864     -0.45211427    2.100583e-09       140.01093      0.33252468      0.16293709      0.66740159      0.24569493        0.247026         2.51606       8.0900335       5.8312777       8.5830933        8.5830933       5.8312777          5.8312777
              2        11.08076       100.56116      0.12804822      -1.0708231      0.21111895    2.100583e-09        143.6588      0.30753691      0.15069309      0.69238936      0.24569493        0.247026         2.51606       7.9002101       4.9953344       8.5830933        8.5830933       4.9953344          4.9953344
              5       10.632509       104.52759      0.10496001      -1.2969613       1.1397064    2.100583e-09       149.32513      0.26041812      0.12760488      0.73950815      0.24569493        0.247026         2.51606       7.6029963       4.0988318       8.5830933        8.5830933       4.0988318          4.0988318
              2       10.295433       103.23002      0.10937205      -1.2115533      0.89821041    2.100583e-09       147.47145      0.26942228      0.13201692      0.73050399      0.24569493        0.247026         2.51606       7.6573147       3.4246787       8.5830933        8.5830933       3.4246787          3.4246787
              3       9.8454353       102.34967       0.1146909      -1.1783508      0.68722081    2.100583e-09       146.21382      0.28027707      0.13733577       0.7196492      0.24569493        0.247026         2.51606       7.7076832        2.524684       8.5830933        8.5830933        2.524684           2.524684
              2       9.6713877       97.026016      0.13549297      -0.8673178     -0.21414293    2.100583e-09       138.60859      0.32273027      0.15813783        0.677196      0.24569493        0.247026         2.51606       8.0412336       2.1765889       8.5830933        8.5830933       2.1765889          2.1765889
              5       9.6007664       96.993813      0.13549297      -0.8673178     -0.21414293    2.100583e-09       138.56259      0.32273027      0.15813783        0.677196      0.24569493        0.247026         2.51606       8.0412336       2.0353462       8.5830933        8.5830933       2.0353462          2.0353462
              1       9.5583177       96.957307      0.13549297      -0.8673178     -0.21414293    2.100583e-09       138.51044      0.32273027      0.15813783        0.677196      0.24569493        0.247026         2.51606       8.0412336       1.9504488       8.5830933        8.5830933       1.9504488          1.9504488
              1       10.176207       97.134359      0.13217009     -0.87739837    -0.087079123    2.100583e-09       138.76337      0.31594889      0.15481496      0.68397738      0.24569493        0.247026         2.51606       8.0004263        3.186227       8.5830933        8.5830933        3.186227           3.186227
              1       11.603691       94.834225      0.14666576     -0.65137683       -1.118656    2.100583e-09       135.47746      0.34553189      0.16931062      0.65439438      0.24569493        0.247026         2.51606       8.1991783       6.0411946       8.5830933        8.5830933       6.0411946          6.0411946
              1       11.150892       95.008673      0.14666576     -0.65137683       -1.118656    2.100583e-09       135.72668      0.34553189      0.16931062      0.65439438      0.24569493        0.247026         2.51606       8.1991783       5.1355978       8.5830933        8.5830933       5.1355978          5.1355978
              1        10.28137       96.730222      0.14467932     -0.74618569      -1.0318416    2.100583e-09       138.18603      0.34147792      0.16732418      0.65844835      0.24569493        0.247026         2.51606       8.1534064       3.3965543       8.5830933        8.5830933       3.3965543          3.3965543
              1       9.7442052       96.479144      0.14467932     -0.74618569      -1.0318416    2.100583e-09       137.82735      0.34147792      0.16732418      0.65844835      0.24569493        0.247026         2.51606       8.1534064       2.3222238       8.5830933        8.5830933       2.3222238          2.3222238
              3       9.8224199       96.624234      0.14467932     -0.74618569      -1.0318416    2.100583e-09       138.03462      0.34147792      0.16732418      0.65844835      0.24569493        0.247026         2.51606       8.1534064       2.4786533       8.5830933        8.5830933       2.4786533          2.4786533
              1       10.065404       96.689569      0.14467932     -0.74618569      -1.0318416    2.100583e-09       138.12796      0.34147792      0.16732418      0.65844835      0.24569493        0.247026         2.51606       8.1534064       2.9646218       8.5830933        8.5830933       2.9646218          2.9646218
              1       9.7056536       96.555222      0.14467932     -0.74618569      -1.0318416    2.100583e-09       137.93603      0.34147792      0.16732418      0.65844835      0.24569493        0.247026         2.51606       8.1534064       2.2451206       8.5830933        8.5830933       2.2451206          2.2451206
              2       9.7520335       96.474624      0.14467932     -0.74618569      -1.0318416    2.100583e-09       137.82089      0.34147792      0.16732418      0.65844835      0.24569493        0.247026         2.51606       8.1534064       2.3378805       8.5830933        8.5830933       2.3378805          2.3378805
              1        8.904402       100.92161      0.11506762      -1.1365107      0.79974439    2.100583e-09       144.17373      0.28104588      0.13771248      0.71888039      0.24569493        0.247026         2.51606       7.7849814      0.64261733       8.5830933        8.5830933      0.64261733         0.64261733
              1       9.2694815       96.015462      0.14644304     -0.75439715     -0.94163884    2.100583e-09       137.16495      0.34507736       0.1690879      0.65484891      0.24569493        0.247026         2.51606       8.1866021       1.3727763       8.5830933        8.5830933       1.3727763          1.3727763
              1       9.2652141       96.016761      0.14644304     -0.75439715     -0.94163884    2.100583e-09        137.1668      0.34507736       0.1690879      0.65484891      0.24569493        0.247026         2.51606       8.1866021       1.3642415       8.5830933        8.5830933       1.3642415          1.3642415
              2       9.3680704       95.988926      0.14644304     -0.75439715     -0.94163884    2.100583e-09       137.12704      0.34507736       0.1690879      0.65484891      0.24569493        0.247026         2.51606       8.1866021       1.5699542       8.5830933        8.5830933       1.5699542          1.5699542
              4       9.5152011       96.465997      0.14244632     -0.78634671     -0.76174566    2.100583e-09       137.80857      0.33692078      0.16509118      0.66300549      0.24569493        0.247026         2.51606       8.1257003       1.8642156       8.5830933        8.5830933       1.8642156          1.8642156
              1       10.181405       95.387957      0.14791625     -0.77044718     -0.76711569    2.100583e-09       136.26851      0.34808392      0.17056112      0.65184235      0.24569493        0.247026         2.51606       8.2193679       3.1966225       8.5830933        8.5830933       3.1966225          3.1966225
              1        9.218006       99.439418      0.12556998      -1.0102578      0.17715654    2.100583e-09       142.05631      0.30247928      0.14821485      0.69744699      0.24569493        0.247026         2.51606       7.8756579       1.2698254       8.5830933        8.5830933       1.2698254          1.2698254
              1       9.5537637       98.171911      0.14198962     -0.86386605     -0.81043524    2.100583e-09       140.24559      0.33598875      0.16463449      0.66393752      0.24569493        0.247026         2.51606       8.0999183       1.9413407       8.5830933        8.5830933       1.9413407          1.9413407
              3       9.8264226       97.902381      0.14198962     -0.86386605     -0.81043524    2.100583e-09       139.86054      0.33598875      0.16463449      0.66393752      0.24569493        0.247026         2.51606       8.0999183       2.4866586       8.5830933        8.5830933       2.4866586          2.4866586
              4       9.4617272       98.009449      0.14198962     -0.86386605     -0.81043524    2.100583e-09        140.0135      0.33598875      0.16463449      0.66393752      0.24569493        0.247026         2.51606       8.0999183       1.7572678       8.5830933        8.5830933       1.7572678          1.7572678
              2       9.6851934       97.933555      0.14198962     -0.86386605     -0.81043524    2.100583e-09       139.90508      0.33598875      0.16463449      0.66393752      0.24569493        0.247026         2.51606       8.0999183       2.2042002       8.5830933        8.5830933       2.2042002          2.2042002
              1       9.4178405       98.042205      0.14198962     -0.86386605     -0.81043524    2.100583e-09       140.06029      0.33598875      0.16463449      0.66393752      0.24569493        0.247026         2.51606       8.0999183       1.6694945       8.5830933        8.5830933       1.6694945          1.6694945
              2       9.6750867       98.980899      0.12793974     -0.98736258     0.063392011    2.100583e-09       141.40128      0.30731552      0.15058461      0.69261075      0.24569493        0.247026         2.51606       7.9076269       2.1839869       8.5830933        8.5830933       2.1839869          2.1839869
              2       9.1489613       99.109967      0.12793974     -0.98736258     0.063392011    2.100583e-09       141.58567      0.30731552      0.15058461      0.69261075      0.24569493        0.247026         2.51606       7.9076269        1.131736       8.5830933        8.5830933        1.131736           1.131736
              1       9.1644951       99.084456      0.12846146     -0.98294747     0.029374581    2.100583e-09       141.54922      0.30838026      0.15110633      0.69154601      0.24569493        0.247026         2.51606       7.9132926       1.1628036       8.5830933        8.5830933       1.1628036          1.1628036
              2       9.2613621       99.277408      0.12846146     -0.98294747     0.029374581    2.100583e-09       141.82487      0.30838026      0.15110633      0.69154601      0.24569493        0.247026         2.51606       7.9132926       1.3565377       8.5830933        8.5830933       1.3565377          1.3565377
              1       9.0788638       99.180162      0.12846146     -0.98294747     0.029374581    2.100583e-09       141.68595      0.30838026      0.15110633      0.69154601      0.24569493        0.247026         2.51606       7.9132926      0.99154099       8.5830933        8.5830933      0.99154099         0.99154099
              1       9.3513972       98.956263      0.12463632     -0.99788964        0.300553    2.100583e-09       141.36609      0.30057384      0.14728118      0.69935243      0.24569493        0.247026         2.51606       7.8909115       1.5366079       8.5830933        8.5830933       1.5366079          1.5366079
              8       9.1996204       98.809206      0.12463632     -0.99788964        0.300553    2.100583e-09       141.15601      0.30057384      0.14728118      0.69935243      0.24569493        0.247026         2.51606       7.8909115       1.2330542       8.5830933        8.5830933       1.2330542          1.2330542
              2       9.1185918       99.212596       0.1248999       -1.020371      0.33839367    2.100583e-09       141.73228      0.30111176      0.14754476      0.69881451      0.24569493        0.247026         2.51606       7.8919483        1.070997       8.5830933        8.5830933        1.070997           1.070997
              3        9.282208        98.94563       0.1248999       -1.020371      0.33839367    2.100583e-09        141.3509      0.30111176      0.14754476      0.69881451      0.24569493        0.247026         2.51606       7.8919483       1.3982294       8.5830933        8.5830933       1.3982294          1.3982294
              1       9.3654015       98.928031       0.1248999       -1.020371      0.33839367    2.100583e-09       141.32576      0.30111176      0.14754476      0.69881451      0.24569493        0.247026         2.51606       7.8919483       1.5646165       8.5830933        8.5830933       1.5646165          1.5646165
              1       9.4675107        99.67446      0.12528249      -1.0606867      0.32577404    2.100583e-09       142.39209      0.30189256      0.14792735      0.69803371      0.24569493        0.247026         2.51606       7.8754652       1.7688349       8.5830933        8.5830933       1.7688349          1.7688349
              1       10.619588       95.776566      0.15359875      -0.6564376      -1.6636358    2.100583e-09       136.82367      0.35968086      0.17624362      0.64024541      0.24569493        0.247026         2.51606       8.2854989       4.0729889       8.5830933        8.5830933       4.0729889          4.0729889
              1       11.005008       95.277467      0.15697374      -0.6271245      -1.8021242    2.100583e-09       136.11067      0.36656859      0.17961861      0.63335768      0.24569493        0.247026         2.51606       8.3390544       4.8438298       8.5830933        8.5830933       4.8438298          4.8438298
              1       11.013569       95.388206      0.15697374      -0.6271245      -1.8021242    2.100583e-09       136.26887      0.36656859      0.17961861      0.63335768      0.24569493        0.247026         2.51606       8.3390544       4.8609515       8.5830933        8.5830933       4.8609515          4.8609515
              1       11.552004       95.135894      0.15697374      -0.6271245      -1.8021242    2.100583e-09       135.90842      0.36656859      0.17961861      0.63335768      0.24569493        0.247026         2.51606       8.3390544       5.9378204       8.5830933        8.5830933       5.9378204          5.9378204
              1       11.917039       95.083132      0.15697374      -0.6271245      -1.8021242    2.100583e-09       135.83305      0.36656859      0.17961861      0.63335768      0.24569493        0.247026         2.51606       8.3390544       6.6678908       8.5830933        8.5830933       6.6678908          6.6678908
              1       11.437164       95.155784      0.15697374      -0.6271245      -1.8021242    2.100583e-09       135.93683      0.36656859      0.17961861      0.63335768      0.24569493        0.247026         2.51606       8.3390544       5.7081422       8.5830933        8.5830933       5.7081422          5.7081422
              2       11.903337       95.864946      0.15516301      -0.6194225      -1.9518655    2.100583e-09       136.94992      0.36287322      0.17780788      0.63705305      0.24569493        0.247026         2.51606       8.3059314       6.6404869       8.5830933        8.5830933       6.6404869          6.6404869
              1       10.939003       98.659953      0.13914284     -0.92776941     -0.63828842    2.100583e-09       140.94279      0.33017899       0.1617877      0.66974729      0.24569493        0.247026         2.51606       8.0500281       4.7118201       8.5830933        8.5830933       4.7118201          4.7118201
              2       12.450645        98.52089      0.13914284     -0.92776941     -0.63828842    2.100583e-09       140.74413      0.33017899       0.1617877      0.66974729      0.24569493        0.247026         2.51606       8.0500281       7.7351044       8.5830933        8.5830933       7.7351044          7.7351044
              1       12.019136       98.555657      0.13914284     -0.92776941     -0.63828842    2.100583e-09        140.7938      0.33017899       0.1617877      0.66974729      0.24569493        0.247026         2.51606       8.0500281       6.8720862       8.5830933        8.5830933       6.8720862          6.8720862
              1       11.747748        98.28459      0.14272822     -0.85814246      -1.0346871    2.100583e-09       140.40656      0.33749609      0.16537308      0.66243019      0.24569493        0.247026         2.51606       8.1023607       6.3293095       8.5830933        8.5830933       6.3293095          6.3293095
              2       11.580094       98.790954      0.14272822     -0.85814246      -1.0346871    2.100583e-09       141.12993      0.33749609      0.16537308      0.66243019      0.24569493        0.247026         2.51606       8.1023607       5.9940012       8.5830933        8.5830933       5.9940012          5.9940012
              1        10.73098       98.535261      0.14272822     -0.85814246      -1.0346871    2.100583e-09       140.76466      0.33749609      0.16537308      0.66243019      0.24569493        0.247026         2.51606       8.1023607       4.2957732       8.5830933        8.5830933       4.2957732          4.2957732
              2       10.212148       99.753549      0.13288752      -1.0277857     -0.16975894    2.100583e-09       142.50507      0.31741303      0.15553239      0.68251324      0.24569493        0.247026         2.51606       7.9545381       3.2581104       8.5830933        8.5830933       3.2581104          3.2581104
              1       9.9454346       99.790385      0.13288752      -1.0277857     -0.16975894    2.100583e-09       142.55769      0.31741303      0.15553239      0.68251324      0.24569493        0.247026         2.51606       7.9545381       2.7246826       8.5830933        8.5830933       2.7246826          2.7246826
              1       9.4535428       100.17154      0.13288752      -1.0277857     -0.16975894    2.100583e-09        143.1022      0.31741303      0.15553239      0.68251324      0.24569493        0.247026         2.51606       7.9545381       1.7408991       8.5830933        8.5830933       1.7408991          1.7408991
              3       9.2328744       100.10006      0.13288752      -1.0277857     -0.16975894    2.100583e-09       143.00009      0.31741303      0.15553239      0.68251324      0.24569493        0.247026         2.51606       7.9545381       1.2995623       8.5830933        8.5830933       1.2995623          1.2995623
              1       9.7443986       100.23069      0.13288752      -1.0277857     -0.16975894    2.100583e-09        143.1867      0.31741303      0.15553239      0.68251324      0.24569493        0.247026         2.51606       7.9545381       2.3226105       8.5830933        8.5830933       2.3226105          2.3226105
              1       9.1652396       100.05192      0.13288752      -1.0277857     -0.16975894    2.100583e-09       142.93132      0.31741303      0.15553239      0.68251324      0.24569493        0.247026         2.51606       7.9545381       1.1642927       8.5830933        8.5830933       1.1642927          1.1642927
              2       9.1606923       100.04463      0.13288752      -1.0277857     -0.16975894    2.100583e-09        142.9209      0.31741303      0.15553239      0.68251324      0.24569493        0.247026         2.51606       7.9545381        1.155198       8.5830933        8.5830933        1.155198           1.155198
              2       9.1562441       100.02123      0.13288752      -1.0277857     -0.16975894    2.100583e-09       142.88747      0.31741303      0.15553239      0.68251324      0.24569493        0.247026         2.51606       7.9545381       1.1463016       8.5830933        8.5830933       1.1463016          1.1463016
              1       9.6994255       97.469104      0.13069876     -0.93171196      0.10516496    2.100583e-09       139.24158      0.31294618      0.15334363      0.68698009      0.24569493        0.247026         2.51606       7.9863606       2.2326644       8.5830933        8.5830933       2.2326644          2.2326644
              2       10.101944       97.667599      0.13069876     -0.93171196      0.10516496    2.100583e-09       139.52514      0.31294618      0.15334363      0.68698009      0.24569493        0.247026         2.51606       7.9863606       3.0377018       8.5830933        8.5830933       3.0377018          3.0377018
              1       10.318829       97.706764      0.13069876     -0.93171196      0.10516496    2.100583e-09       139.58109      0.31294618      0.15334363      0.68698009      0.24569493        0.247026         2.51606       7.9863606       3.4714706       8.5830933        8.5830933       3.4714706          3.4714706
              7       9.9399471       97.369256      0.13069876     -0.93171196      0.10516496    2.100583e-09       139.09894      0.31294618      0.15334363      0.68698009      0.24569493        0.247026         2.51606       7.9863606       2.7137077       8.5830933        8.5830933       2.7137077          2.7137077
              4       10.235011       99.157996      0.12747645      -1.0667449      0.47319968    2.100583e-09       141.65428      0.30637004      0.15012132      0.69355623      0.24569493        0.247026         2.51606       7.9427912        3.303836       8.5830933        8.5830933        3.303836           3.303836
              2       10.101019       98.991103      0.12747645      -1.0667449      0.47319968    2.100583e-09       141.41586      0.30637004      0.15012132      0.69355623      0.24569493        0.247026         2.51606       7.9427912       3.0358508       8.5830933        8.5830933       3.0358508          3.0358508
              3       9.2074392       99.657198      0.12448841      -1.0859746      0.50665569    2.100583e-09       142.36743        0.300272      0.14713328      0.69965427      0.24569493        0.247026         2.51606       7.8887404       1.2486919       8.5830933        8.5830933       1.2486919          1.2486919
              1       9.3639029       99.276408      0.12557774      -1.0669294      0.47232707    2.100583e-09       141.82344      0.30249511      0.14822261      0.69743116      0.24569493        0.247026         2.51606       7.9099397       1.5616193       8.5830933        8.5830933       1.5616193          1.5616193
              3       9.6075133       98.213437      0.13595331     -0.99472972     0.011724416    2.100583e-09       140.30491      0.32366975      0.15859818      0.67625652      0.24569493        0.247026         2.51606        8.035439         2.04884       8.5830933        8.5830933         2.04884            2.04884
              2       13.166968       97.814283      0.13595331     -0.99472972     0.011724416    2.100583e-09       139.73469      0.32366975      0.15859818      0.67625652      0.24569493        0.247026         2.51606        8.035439       9.1677488       8.5830933        8.5830933       9.1677488          9.1677488
              2       11.699414       97.925309      0.13595331     -0.99472972     0.011724416    2.100583e-09        139.8933      0.32366975      0.15859818      0.67625652      0.24569493        0.247026         2.51606        8.035439       6.2326407       8.5830933        8.5830933       6.2326407          6.2326407
              5       9.5115798       98.253264      0.13595331     -0.99472972     0.011724416    2.100583e-09       140.36181      0.32366975      0.15859818      0.67625652      0.24569493        0.247026         2.51606        8.035439        1.856973       8.5830933        8.5830933        1.856973           1.856973
              3       9.5445302       98.393824      0.13595331     -0.99472972     0.011724416    2.100583e-09       140.56261      0.32366975      0.15859818      0.67625652      0.24569493        0.247026         2.51606        8.035439       1.9228739       8.5830933        8.5830933       1.9228739          1.9228739
              1       9.8718725       96.602771      0.14223339     -0.88167859     -0.33165945    2.100583e-09       138.00396      0.33648624      0.16487826      0.66344003      0.24569493        0.247026         2.51606       8.1359124       2.5775585       8.5830933        8.5830933       2.5775585          2.5775585
              3       9.7657803       96.777086      0.14223339     -0.88167859     -0.33165945    2.100583e-09       138.25298      0.33648624      0.16487826      0.66344003      0.24569493        0.247026         2.51606       8.1359124        2.365374       8.5830933        8.5830933        2.365374           2.365374
              5       9.6984762       96.703156      0.14223339     -0.88167859     -0.33165945    2.100583e-09       138.14737      0.33648624      0.16487826      0.66344003      0.24569493        0.247026         2.51606       8.1359124       2.2307659       8.5830933        8.5830933       2.2307659          2.2307659
              1       9.7347927       96.660508      0.14223339     -0.88167859     -0.33165945    2.100583e-09       138.08644      0.33648624      0.16487826      0.66344003      0.24569493        0.247026         2.51606       8.1359124       2.3033989       8.5830933        8.5830933       2.3033989          2.3033989
              1       10.087722       96.549625      0.14223339     -0.88167859     -0.33165945    2.100583e-09       137.92804      0.33648624      0.16487826      0.66344003      0.24569493        0.247026         2.51606       8.1359124       3.0092567       8.5830933        8.5830933       3.0092567          3.0092567
              2       10.374357       96.498872      0.14223339     -0.88167859     -0.33165945    2.100583e-09       137.85553      0.33648624      0.16487826      0.66344003      0.24569493        0.247026         2.51606       8.1359124       3.5825265       8.5830933        8.5830933       3.5825265          3.5825265
              2       9.7390429       96.762245      0.14223339     -0.88167859     -0.33165945    2.100583e-09       138.23178      0.33648624      0.16487826      0.66344003      0.24569493        0.247026         2.51606       8.1359124       2.3118993       8.5830933        8.5830933       2.3118993          2.3118993
              1       9.3093253       100.03788      0.13216608      -1.0226875     -0.11896934    2.100583e-09       142.91126      0.31594071      0.15481095      0.68398556      0.24569493        0.247026         2.51606       7.9478604       1.4524641       8.5830933        8.5830933       1.4524641          1.4524641
              3       9.8544853       99.622197      0.13216608      -1.0226875     -0.11896934    2.100583e-09       142.31742      0.31594071      0.15481095      0.68398556      0.24569493        0.247026         2.51606       7.9478604        2.542784       8.5830933        8.5830933        2.542784           2.542784
              2       9.6385672       99.654012      0.13216608      -1.0226875     -0.11896934    2.100583e-09       142.36287      0.31594071      0.15481095      0.68398556      0.24569493        0.247026         2.51606       7.9478604       2.1109478       8.5830933        8.5830933       2.1109478          2.1109478
              2        8.955322       99.841063      0.13216608      -1.0226875     -0.11896934    2.100583e-09       142.63009      0.31594071      0.15481095      0.68398556      0.24569493        0.247026         2.51606       7.9478604      0.74445742       8.5830933        8.5830933      0.74445742         0.74445742
              3       9.5990052       98.643117      0.13518027       -1.020866     0.065034552    2.100583e-09       140.91874      0.32209212      0.15782514      0.67783416      0.24569493        0.247026         2.51606       8.0205267       2.0318238       8.5830933        8.5830933       2.0318238          2.0318238
              2       9.3751601       100.54094      0.12611623      -1.1283004      0.47778042    2.100583e-09       143.62991      0.30359407       0.1487611       0.6963322      0.24569493        0.247026         2.51606        7.888123       1.5841337       8.5830933        8.5830933       1.5841337          1.5841337
              2       8.9718597        101.1706      0.11807076      -1.1210446      0.58346429    2.100583e-09       144.52943      0.28717474      0.14071562      0.71275153      0.24569493        0.247026         2.51606       7.7755002      0.77753287       8.5830933        8.5830933      0.77753287         0.77753287
              4       8.9674421       101.16349      0.11807076      -1.1210446      0.58346429    2.100583e-09       144.51927      0.28717474      0.14071562      0.71275153      0.24569493        0.247026         2.51606       7.7755002      0.76869755       8.5830933        8.5830933      0.76869755         0.76869755
              2        9.256981       101.29074      0.11807076      -1.1210446      0.58346429    2.100583e-09       144.70106      0.28717474      0.14071562      0.71275153      0.24569493        0.247026         2.51606       7.7755002       1.3477754       8.5830933        8.5830933       1.3477754          1.3477754
              1       9.0457362       101.22223      0.11807076      -1.1210446      0.58346429    2.100583e-09       144.60318      0.28717474      0.14071562      0.71275153      0.24569493        0.247026         2.51606       7.7755002      0.92528579       8.5830933        8.5830933      0.92528579         0.92528579
              1       9.1307151       101.25501      0.11807076      -1.1210446      0.58346429    2.100583e-09       144.65001      0.28717474      0.14071562      0.71275153      0.24569493        0.247026         2.51606       7.7755002       1.0952436       8.5830933        8.5830933       1.0952436          1.0952436
              1       9.5695917       101.35458      0.11807076      -1.1210446      0.58346429    2.100583e-09       144.79226      0.28717474      0.14071562      0.71275153      0.24569493        0.247026         2.51606       7.7755002       1.9729968       8.5830933        8.5830933       1.9729968          1.9729968
              2       9.1499551       101.26116      0.11807076      -1.1210446      0.58346429    2.100583e-09        144.6588      0.28717474      0.14071562      0.71275153      0.24569493        0.247026         2.51606       7.7755002       1.1337237       8.5830933        8.5830933       1.1337237          1.1337237
              1       10.018615       101.42175      0.11807076      -1.1210446      0.58346429    2.100583e-09       144.88822      0.28717474      0.14071562      0.71275153      0.24569493        0.247026         2.51606       7.7755002       2.8710442       8.5830933        8.5830933       2.8710442          2.8710442
              2        9.835198       101.39647      0.11807076      -1.1210446      0.58346429    2.100583e-09        144.8521      0.28717474      0.14071562      0.71275153      0.24569493        0.247026         2.51606       7.7755002       2.5042095       8.5830933        8.5830933       2.5042095          2.5042095
              1       12.862996       98.342487      0.13288756      -0.8855311     -0.48027524    2.100583e-09       140.48927      0.31741311      0.15553243      0.68251316      0.24569493        0.247026         2.51606       7.9623412       8.5598058       8.5830933        8.5830933       8.5598058          8.5598058
              2       11.597046       98.880282      0.13288756      -0.8855311     -0.48027524    2.100583e-09       141.25755      0.31741311      0.15553243      0.68251316      0.24569493        0.247026         2.51606       7.9623412       6.0279046       8.5830933        8.5830933       6.0279046          6.0279046
              1       11.421613       101.10047      0.12664839      -1.1825363      0.60100902    2.100583e-09       144.42924      0.30468011      0.14929325      0.69524616      0.24569493        0.247026         2.51606       7.8964122       5.6770401       8.5830933        8.5830933       5.6770401          5.6770401
              1       10.923453       100.78614      0.12664839      -1.1825363      0.60100902    2.100583e-09        143.9802      0.30468011      0.14929325      0.69524616      0.24569493        0.247026         2.51606       7.8964122       4.6807192       8.5830933        8.5830933       4.6807192          4.6807192
              3       11.392567        100.6772      0.12664839      -1.1825363      0.60100902    2.100583e-09       143.82457      0.30468011      0.14929325      0.69524616      0.24569493        0.247026         2.51606       7.8964122       5.6189477       8.5830933        8.5830933       5.6189477          5.6189477
              1       10.621064         95.6098      0.14985635     -0.68113156      -1.3619128    2.100583e-09       136.58543      0.35204329      0.17250121      0.64788298      0.24569493        0.247026         2.51606       8.2329865       4.0759414       8.5830933        8.5830933       4.0759414          4.0759414
              1       12.379324       95.431877      0.14985635     -0.68113156      -1.3619128    2.100583e-09       136.33125      0.35204329      0.17250121      0.64788298      0.24569493        0.247026         2.51606       8.2329865       7.5924612       8.5830933        8.5830933       7.5924612          7.5924612
              3       12.315637       95.447369      0.15001715     -0.67844661      -1.3846543    2.100583e-09       136.35338      0.35237147      0.17266202      0.64755481      0.24569493        0.247026         2.51606       8.2350018       7.4650867       8.5830933        8.5830933       7.4650867          7.4650867
              2       11.383165       96.498269      0.14702092     -0.72794112      -1.3048896    2.100583e-09       137.85467      0.34625671      0.16966579      0.65366956      0.24569493        0.247026         2.51606       8.1816277       5.6001438       8.5830933        8.5830933       5.6001438          5.6001438
              1       10.259881       96.767836      0.14702092     -0.72794112      -1.3048896    2.100583e-09       138.23977      0.34625671      0.16966579      0.65366956      0.24569493        0.247026         2.51606       8.1816277       3.3535761       8.5830933        8.5830933       3.3535761          3.3535761
              6       10.262632       96.756561      0.14702092     -0.72794112      -1.3048896    2.100583e-09       138.22366      0.34625671      0.16966579      0.65366956      0.24569493        0.247026         2.51606       8.1816277       3.3590778       8.5830933        8.5830933       3.3590778          3.3590778
              3       10.467817        95.61444      0.15504541     -0.66608988      -1.6081741    2.100583e-09       136.59206      0.36263321      0.17769027      0.63729306      0.24569493        0.247026         2.51606       8.3097853       3.7694471       8.5830933        8.5830933       3.7694471          3.7694471
              1       10.642964       95.717599      0.15504541     -0.66608988      -1.6081741    2.100583e-09       136.73943      0.36263321      0.17769027      0.63729306      0.24569493        0.247026         2.51606       8.3097853        4.119741       8.5830933        8.5830933        4.119741           4.119741
              4       10.490361       95.572692      0.15504541     -0.66608988      -1.6081741    2.100583e-09       136.53242      0.36263321      0.17769027      0.63729306      0.24569493        0.247026         2.51606       8.3097853       3.8145345       8.5830933        8.5830933       3.8145345          3.8145345
              2       10.647363       95.503332      0.15504541     -0.66608988      -1.6081741    2.100583e-09       136.43333      0.36263321      0.17769027      0.63729306      0.24569493        0.247026         2.51606       8.3097853       4.1285397       8.5830933        8.5830933       4.1285397          4.1285397
              1       12.442535       95.969687      0.15504541     -0.66608988      -1.6081741    2.100583e-09       137.09955      0.36263321      0.17769027      0.63729306      0.24569493        0.247026         2.51606       8.3097853        7.718883       8.5830933        8.5830933        7.718883           7.718883
              1       12.125247       92.383157      0.16856693     -0.38066504      -2.5582628    2.100583e-09       131.97594      0.39022817       0.1912118      0.60969811      0.24569493        0.247026         2.51606       8.5269465       7.0843065       8.5830933        8.5830933       7.0843065          7.0843065
              4       12.571836       92.301354      0.16856693     -0.38066504      -2.5582628    2.100583e-09       131.85908      0.39022817       0.1912118      0.60969811      0.24569493        0.247026         2.51606       8.5269465       7.9774858       8.5830933        8.5830933       7.9774858          7.9774858
              1       11.965469       92.478271       0.1689252     -0.37420245      -2.5883605    2.100583e-09       132.11182      0.39095931      0.19157006      0.60896696      0.24569493        0.247026         2.51606       8.5323371       6.7647507       8.5830933        8.5830933       6.7647507          6.7647507
              1       10.696329        98.19498      0.13475859     -0.90289219     -0.25143544    2.100583e-09       140.27854      0.32123155      0.15740346      0.67869472      0.24569493        0.247026         2.51606       8.0124629       4.2264715       8.5830933        8.5830933       4.2264715          4.2264715
              1       9.7258824       97.624907      0.13475859     -0.90289219     -0.25143544    2.100583e-09       139.46415      0.32123155      0.15740346      0.67869472      0.24569493        0.247026         2.51606       8.0124629       2.2855782       8.5830933        8.5830933       2.2855782          2.2855782
              1       8.9650837       97.850237      0.13475859     -0.90289219     -0.25143544    2.100583e-09       139.78605      0.32123155      0.15740346      0.67869472      0.24569493        0.247026         2.51606       8.0124629      0.76398079       8.5830933        8.5830933      0.76398079         0.76398079
              2       8.7909445       99.690028      0.12939157      -1.0164847     0.021022749    2.100583e-09       142.41433      0.31027843      0.15203643      0.68964784      0.24569493        0.247026         2.51606       7.9166946      0.41570242       8.5830933        8.5830933      0.41570242         0.41570242
              1       8.9997703       99.559932      0.12939157      -1.0164847     0.021022749    2.100583e-09       142.22847      0.31027843      0.15203643      0.68964784      0.24569493        0.247026         2.51606       7.9166946      0.83335409       8.5830933        8.5830933      0.83335409         0.83335409
              1         9.50828       99.457052      0.12939157      -1.0164847     0.021022749    2.100583e-09        142.0815      0.31027843      0.15203643      0.68964784      0.24569493        0.247026         2.51606       7.9166946       1.8503734       8.5830933        8.5830933       1.8503734          1.8503734
              2       9.2673615       98.751911      0.13236852      -0.9794134    -0.087006369    2.100583e-09       141.07416      0.31635385      0.15501339      0.68357242      0.24569493        0.247026         2.51606       7.9669904       1.3685365       8.5830933        8.5830933       1.3685365          1.3685365
              1       8.6416511       98.988597      0.13236852      -0.9794134    -0.087006369    2.100583e-09       141.41228      0.31635385      0.15501339      0.68357242      0.24569493        0.247026         2.51606       7.9669904       0.1171157       8.5830933        8.5830933       0.1171157          0.1171157
              1       8.8268287       98.845085      0.13236852      -0.9794134    -0.087006369    2.100583e-09       141.20726      0.31635385      0.15501339      0.68357242      0.24569493        0.247026         2.51606       7.9669904      0.48747077       8.5830933        8.5830933      0.48747077         0.48747077
              2       9.1454027       98.155508       0.1319083     -0.94146374    -0.074711177    2.100583e-09       140.22215      0.31541462      0.15455316      0.68451165      0.24569493        0.247026         2.51606        7.973118       1.1246189       8.5830933        8.5830933       1.1246189          1.1246189
              1       9.0852712        98.39162       0.1319083     -0.94146374    -0.074711177    2.100583e-09       140.55946      0.31541462      0.15455316      0.68451165      0.24569493        0.247026         2.51606        7.973118       1.0043558       8.5830933        8.5830933       1.0043558          1.0043558
              3       10.021832       98.007303       0.1319083     -0.94146374    -0.074711177    2.100583e-09       140.01043      0.31541462      0.15455316      0.68451165      0.24569493        0.247026         2.51606        7.973118        2.877478       8.5830933        8.5830933        2.877478           2.877478
              1       10.139464       97.588321      0.13349824      -0.9183519     -0.13737698    2.100583e-09       139.41189      0.31865939       0.1561431      0.68126688      0.24569493        0.247026         2.51606       7.9999344       3.1127422       8.5830933        8.5830933       3.1127422          3.1127422
              1       10.137209       97.929526      0.12954572     -0.94331391      0.04222799    2.100583e-09       139.89932      0.31059304      0.15219059      0.68933324      0.24569493        0.247026         2.51606       7.9497636       3.1082313       8.5830933        8.5830933       3.1082313          3.1082313
              1       9.2544647       98.183343      0.12954572     -0.94331391      0.04222799    2.100583e-09       140.26192      0.31059304      0.15219059      0.68933324      0.24569493        0.247026         2.51606       7.9497636       1.3427429       8.5830933        8.5830933       1.3427429          1.3427429
              1       9.3151848       98.109471      0.12954572     -0.94331391      0.04222799    2.100583e-09       140.15639      0.31059304      0.15219059      0.68933324      0.24569493        0.247026         2.51606       7.9497636        1.464183       8.5830933        8.5830933        1.464183           1.464183
              2       9.6333128       96.682367      0.13795813     -0.82793814     -0.40794986    2.100583e-09       138.11767      0.32776121      0.16060299      0.67216506      0.24569493        0.247026         2.51606       8.0717239       2.1004391       8.5830933        8.5830933       2.1004391          2.1004391
              1       8.9574546       96.457858       0.1441419     -0.79586862     -0.73930031    2.100583e-09       137.79694      0.34038115      0.16678676      0.65954512      0.24569493        0.247026         2.51606        8.153595      0.74872256       8.5830933        8.5830933      0.74872256         0.74872256
              1       9.0168116       96.371774       0.1441419     -0.79586862     -0.73930031    2.100583e-09       137.67396      0.34038115      0.16678676      0.65954512      0.24569493        0.247026         2.51606        8.153595      0.86743666       8.5830933        8.5830933      0.86743666         0.86743666
              1       8.9661403       96.406048       0.1441419     -0.79586862     -0.73930031    2.100583e-09       137.72293      0.34038115      0.16678676      0.65954512      0.24569493        0.247026         2.51606        8.153595      0.76609409       8.5830933        8.5830933      0.76609409         0.76609409
              2       9.0910435        96.17846      0.14550152     -0.78147251      -0.8134907    2.100583e-09        137.3978      0.34315588      0.16814638      0.65677039      0.24569493        0.247026         2.51606        8.173986       1.0159005       8.5830933        8.5830933       1.0159005          1.0159005
              1       9.2304095       96.221632      0.14514498     -0.76445965     -0.89324553    2.100583e-09       137.45947      0.34242826      0.16778985      0.65749801      0.24569493        0.247026         2.51606       8.1661865       1.2946324       8.5830933        8.5830933       1.2946324          1.2946324
              1        9.217742       97.346064      0.13953968     -0.83606659     -0.63024802    2.100583e-09       139.06581      0.33098886      0.16218454      0.66893741      0.24569493        0.247026         2.51606       8.0756932       1.2692974       8.5830933        8.5830933       1.2692974          1.2692974
              2       9.2237992       97.429038      0.13953968     -0.83606659     -0.63024802    2.100583e-09       139.18434      0.33098886      0.16218454      0.66893741      0.24569493        0.247026         2.51606       8.0756932       1.2814118       8.5830933        8.5830933       1.2814118          1.2814118
              1       9.5452362       99.226283      0.13246517      -1.0482766      0.18935598    2.100583e-09       141.75183      0.31655109      0.15511004      0.68337518      0.24569493        0.247026         2.51606        7.981682       1.9242859       8.5830933        8.5830933       1.9242859          1.9242859
              2       9.9674187       101.68533      0.12801532      -1.1580442      0.24095706    2.100583e-09       145.26475      0.30746978      0.15066019      0.69245649      0.24569493        0.247026         2.51606        7.874877       2.7686508       8.5830933        8.5830933       2.7686508          2.7686508
              9       10.184728       102.00894      0.12670726      -1.1843628      0.34650978    2.100583e-09       145.72706      0.30480025      0.14935212      0.69512602      0.24569493        0.247026         2.51606       7.8561244       3.2032692       8.5830933        8.5830933       3.2032692          3.2032692
              2       10.004044       101.82507      0.12710601      -1.1693615      0.30739148    2.100583e-09       145.46439      0.30561403      0.14975088      0.69431224      0.24569493        0.247026         2.51606       7.8631088       2.8419017       8.5830933        8.5830933       2.8419017          2.8419017
              4         9.91413       101.63084      0.12710601      -1.1693615      0.30739148    2.100583e-09       145.18691      0.30561403      0.14975088      0.69431224      0.24569493        0.247026         2.51606       7.8631088       2.6620735       8.5830933        8.5830933       2.6620735          2.6620735
              1       10.096352       101.73126      0.12736047      -1.1769995      0.30806664    2.100583e-09       145.33037      0.30613335      0.15000534      0.69379292      0.24569493        0.247026         2.51606       7.8653393       3.0265176       8.5830933        8.5830933       3.0265176          3.0265176
              4       10.805636       101.56047      0.12736047      -1.1769995      0.30806664    2.100583e-09       145.08639      0.30613335      0.15000534      0.69379292      0.24569493        0.247026         2.51606       7.8653393       4.4450854       8.5830933        8.5830933       4.4450854          4.4450854
              1       10.118567        100.4503      0.13114433      -1.0521953     -0.14558614    2.100583e-09       143.50043       0.3138555      0.15378919      0.68607077      0.24569493        0.247026         2.51606       7.9203466       3.0709477       8.5830933        8.5830933       3.0709477          3.0709477
              2       9.3084408       98.309729      0.13757629     -0.93985736     -0.36899628    2.100583e-09       140.44247      0.32698194      0.16022115      0.67294433      0.24569493        0.247026         2.51606       8.0393716        1.450695       8.5830933        8.5830933        1.450695           1.450695
              1       9.1534576       98.277823      0.13809347     -0.93461014     -0.39803443    2.100583e-09       140.39689      0.32803742      0.16073834      0.67188885      0.24569493        0.247026         2.51606       8.0470558       1.1407286       8.5830933        8.5830933       1.1407286          1.1407286
              1       9.1032517       98.288583      0.13809347     -0.93461014     -0.39803443    2.100583e-09       140.41226      0.32803742      0.16073834      0.67188885      0.24569493        0.247026         2.51606       8.0470558       1.0403169       8.5830933        8.5830933       1.0403169          1.0403169
              1        8.834671       98.369555      0.13809347     -0.93461014     -0.39803443    2.100583e-09       140.52794      0.32803742      0.16073834      0.67188885      0.24569493        0.247026         2.51606       8.0470558      0.50315536       8.5830933        8.5830933      0.50315536         0.50315536
              1       8.7603554       98.427808      0.13809347     -0.93461014     -0.39803443    2.100583e-09       140.61115      0.32803742      0.16073834      0.67188885      0.24569493        0.247026         2.51606       8.0470558      0.35452427       8.5830933        8.5830933      0.35452427         0.35452427
              1       8.9818549       98.566561      0.13809347     -0.93461014     -0.39803443    2.100583e-09       140.80937      0.32803742      0.16073834      0.67188885      0.24569493        0.247026         2.51606       8.0470558      0.79752314       8.5830933        8.5830933      0.79752314         0.79752314
              1       8.7651861       98.248491      0.13762329     -0.92649247     -0.33551453    2.100583e-09       140.35499      0.32707788      0.16026816      0.67284839      0.24569493        0.247026         2.51606       8.0462629      0.36418558       8.5830933        8.5830933      0.36418558         0.36418558
              2       8.7872605        98.14369      0.13727877     -0.90825788     -0.38267294    2.100583e-09       140.20527      0.32637478      0.15992364      0.67355149      0.24569493        0.247026         2.51606       8.0407384      0.40833438       8.5830933        8.5830933      0.40833438         0.40833438
              3       8.9506332       98.197054      0.13727877     -0.90825788     -0.38267294    2.100583e-09       140.28151      0.32637478      0.15992364      0.67355149      0.24569493        0.247026         2.51606       8.0407384      0.73507974       8.5830933        8.5830933      0.73507974         0.73507974
              3       9.2305062       98.596182      0.13401101     -0.96268272     -0.18881099    2.100583e-09       140.85169      0.31970586      0.15665587      0.68022041      0.24569493        0.247026         2.51606       7.9890283       1.2948258       8.5830933        8.5830933       1.2948258          1.2948258
              2       9.2391019       97.452508      0.13483331     -0.89783145     -0.20542605    2.100583e-09       139.21787      0.32138403      0.15747817      0.67854224      0.24569493        0.247026         2.51606        8.020816       1.3120173       8.5830933        8.5830933       1.3120173          1.3120173
              2       9.3323515       97.171032       0.1366324      -0.8729267     -0.32000202    2.100583e-09       138.81576      0.32505564      0.15927727      0.67487063      0.24569493        0.247026         2.51606       8.0456432       1.4985164       8.5830933        8.5830933       1.4985164          1.4985164
              3       9.5458694       96.011398      0.14574424     -0.76903415     -0.86309041    2.100583e-09       137.15914      0.34365125      0.16838911      0.65627503      0.24569493        0.247026         2.51606       8.1771968       1.9255522       8.5830933        8.5830933       1.9255522          1.9255522
              1       10.078271       95.933662      0.14574424     -0.76903415     -0.86309041    2.100583e-09       137.04809      0.34365125      0.16838911      0.65627503      0.24569493        0.247026         2.51606       8.1771968       2.9903557       8.5830933        8.5830933       2.9903557          2.9903557
              2       9.7714023       97.788727      0.14503695     -0.87855579     -0.79648182    2.100583e-09       139.69818       0.3422078      0.16768182      0.65771848      0.24569493        0.247026         2.51606       8.1494695       2.3766179       8.5830933        8.5830933       2.3766179          2.3766179
              1       9.7716349       97.798573      0.14503695     -0.87855579     -0.79648182    2.100583e-09       139.71225       0.3422078      0.16768182      0.65771848      0.24569493        0.247026         2.51606       8.1494695       2.3770833       8.5830933        8.5830933       2.3770833          2.3770833
              1       9.6577821       97.880609      0.14420665     -0.89360365     -0.71387757    2.100583e-09       139.82944      0.34051331      0.16685152      0.65941297      0.24569493        0.247026         2.51606       8.1374882       2.1493777       8.5830933        8.5830933       2.1493777          2.1493777
              2       9.7033641       97.950432      0.14420665     -0.89360365     -0.71387757    2.100583e-09       139.92919      0.34051331      0.16685152      0.65941297      0.24569493        0.247026         2.51606       8.1374882       2.2405416       8.5830933        8.5830933       2.2405416          2.2405416
              2       10.253232       98.292726      0.14223593     -0.84198192     -0.97757758    2.100583e-09       140.41818      0.33649141      0.16488079      0.66343486      0.24569493        0.247026         2.51606       8.0990555       3.3402775       8.5830933        8.5830933       3.3402775          3.3402775
              1       10.532453       96.315066      0.15201066     -0.69556548        -1.53561    2.100583e-09       137.59295      0.35643984      0.17465552      0.64348643      0.24569493        0.247026         2.51606       8.2592014       3.8987192       8.5830933        8.5830933       3.8987192          3.8987192
              1       10.651488       96.138403      0.15201066     -0.69556548        -1.53561    2.100583e-09       137.34058      0.35643984      0.17465552      0.64348643      0.24569493        0.247026         2.51606       8.2592014       4.1367899       8.5830933        8.5830933       4.1367899          4.1367899
              3       9.4899045       100.27199      0.11766786      -1.1216088       0.7398295    2.100583e-09        143.2457       0.2863525      0.14031273      0.71357377      0.24569493        0.247026         2.51606       7.8190674       1.8136225       8.5830933        8.5830933       1.8136225          1.8136225
              1       9.3566978       100.90343      0.11237233      -1.1520874      0.92253866    2.100583e-09       144.14775      0.27554531       0.1350172      0.72438097      0.24569493        0.247026         2.51606       7.7810903       1.5472091       8.5830933        8.5830933       1.5472091          1.5472091
              1       9.4782038       101.18264      0.11237233      -1.1520874      0.92253866    2.100583e-09       144.54662      0.27554531       0.1350172      0.72438097      0.24569493        0.247026         2.51606       7.7810903        1.790221       8.5830933        8.5830933        1.790221           1.790221
              1       9.4998477       100.86715      0.11237233      -1.1520874      0.92253866    2.100583e-09       144.09593      0.27554531       0.1350172      0.72438097      0.24569493        0.247026         2.51606       7.7810903       1.8335089       8.5830933        8.5830933       1.8335089          1.8335089
              2       9.3156037       101.13847      0.11237233      -1.1520874      0.92253866    2.100583e-09       144.48354      0.27554531       0.1350172      0.72438097      0.24569493        0.247026         2.51606       7.7810903       1.4650208       8.5830933        8.5830933       1.4650208          1.4650208
              1       10.969356       101.99341      0.12903034      -1.1249294    -0.068761128    2.100583e-09       145.70488      0.30954124      0.15167521      0.69038503      0.24569493        0.247026         2.51606       7.8727967       4.7725246       8.5830933        8.5830933       4.7725246          4.7725246
              2       9.9370459       100.10196      0.13570278      -1.0221067     -0.32104635    2.100583e-09        143.0028      0.32315847      0.15834765       0.6767678      0.24569493        0.247026         2.51606       7.9930088       2.7079053       8.5830933        8.5830933       2.7079053          2.7079053
              2       9.6635233       99.868969      0.13404042      -0.9837911     -0.38097988    2.100583e-09       142.66996       0.3197659      0.15668529      0.68016037      0.24569493        0.247026         2.51606       7.9678513       2.1608601       8.5830933        8.5830933       2.1608601          2.1608601
              1        9.783818       99.932475      0.13404042      -0.9837911     -0.38097988    2.100583e-09       142.76068       0.3197659      0.15668529      0.68016037      0.24569493        0.247026         2.51606       7.9678513       2.4014494       8.5830933        8.5830933       2.4014494          2.4014494
              1       9.6576184       100.45794      0.13263006       -1.038681      -0.2009314    2.100583e-09       143.51134       0.3168876      0.15527493      0.68303867      0.24569493        0.247026         2.51606       7.9449462       2.1490503       8.5830933        8.5830933       2.1490503          2.1490503
              1       9.5283639       100.38551      0.13263006       -1.038681      -0.2009314    2.100583e-09       143.40787       0.3168876      0.15527493      0.68303867      0.24569493        0.247026         2.51606       7.9449462       1.8905412       8.5830933        8.5830933       1.8905412          1.8905412
              4       9.7244602       98.691595      0.14120324     -0.93575679     -0.57819572    2.100583e-09       140.98799      0.33438388       0.1638481      0.66554239      0.24569493        0.247026         2.51606       8.0872209       2.2827337       8.5830933        8.5830933       2.2827337          2.2827337
              2       9.8893263       98.419395      0.14120324     -0.93575679     -0.57819572    2.100583e-09       140.59914      0.33438388       0.1638481      0.66554239      0.24569493        0.247026         2.51606       8.0872209       2.6124661       8.5830933        8.5830933       2.6124661          2.6124661
              2       10.052171       98.198597      0.14281278     -0.92279243     -0.64396394    2.100583e-09       140.28371      0.33766866      0.16545764      0.66225761      0.24569493        0.247026         2.51606       8.1129079       2.9381559       8.5830933        8.5830933       2.9381559          2.9381559
              1        10.07897       98.237338      0.14284436     -0.92413543     -0.64889172    2.100583e-09       140.33905      0.33773312      0.16548923      0.66219316      0.24569493        0.247026         2.51606       8.1129288       2.9917534       8.5830933        8.5830933       2.9917534          2.9917534
              2       10.667421       98.602726      0.14284436     -0.92413543     -0.64889172    2.100583e-09       140.86104      0.33773312      0.16548923      0.66219316      0.24569493        0.247026         2.51606       8.1129288        4.168655       8.5830933        8.5830933        4.168655           4.168655
              1       9.9170569       98.436172      0.14284436     -0.92413543     -0.64889172    2.100583e-09        140.6231      0.33773312      0.16548923      0.66219316      0.24569493        0.247026         2.51606       8.1129288       2.6679273       8.5830933        8.5830933       2.6679273          2.6679273
              1       10.000661       98.260433      0.14284436     -0.92413543     -0.64889172    2.100583e-09       140.37205      0.33773312      0.16548923      0.66219316      0.24569493        0.247026         2.51606       8.1129288       2.8351355       8.5830933        8.5830933       2.8351355          2.8351355
              2       11.572396       101.42723      0.13325727       -1.097594     -0.28063934    2.100583e-09       144.89604      0.31816763      0.15590214      0.68175864      0.24569493        0.247026         2.51606       7.9387282       5.9786054       8.5830933        8.5830933       5.9786054          5.9786054
              3       11.817611       101.03885      0.13560298      -1.0595258     -0.45137302    2.100583e-09       144.34122      0.32295478      0.15824784      0.67697149      0.24569493        0.247026         2.51606       7.9768004       6.4690358       8.5830933        8.5830933       6.4690358          6.4690358
              2       12.222439       101.16171      0.13560298      -1.0595258     -0.45137302    2.100583e-09       144.51673      0.32295478      0.15824784      0.67697149      0.24569493        0.247026         2.51606       7.9768004       7.2786913       8.5830933        8.5830933       7.2786913          7.2786913
              5       11.805845       100.93106      0.13560298      -1.0595258     -0.45137302    2.100583e-09       144.18723      0.32295478      0.15824784      0.67697149      0.24569493        0.247026         2.51606       7.9768004       6.4455035       8.5830933        8.5830933       6.4455035          6.4455035
              1       11.995318       101.10828      0.13560298      -1.0595258     -0.45137302    2.100583e-09        144.4404      0.32295478      0.15824784      0.67697149      0.24569493        0.247026         2.51606       7.9768004         6.82445       8.5830933        8.5830933         6.82445            6.82445
              1       10.438051       99.059393      0.14076461     -0.96317834     -0.51115874    2.100583e-09       141.51342      0.33348872      0.16340947      0.66643755      0.24569493        0.247026         2.51606        8.078812       3.7099152       8.5830933        8.5830933       3.7099152          3.7099152
              1       11.282647       98.543986      0.14076461     -0.96317834     -0.51115874    2.100583e-09       140.77712      0.33348872      0.16340947      0.66643755      0.24569493        0.247026         2.51606        8.078812       5.3991073       8.5830933        8.5830933       5.3991073          5.3991073
              1       11.114736       98.562893      0.14076461     -0.96317834     -0.51115874    2.100583e-09       140.80413      0.33348872      0.16340947      0.66643755      0.24569493        0.247026         2.51606        8.078812       5.0632859       8.5830933        8.5830933       5.0632859          5.0632859
              3       10.699487       98.306165      0.13890175     -0.95152081      -0.4126018    2.100583e-09       140.43738      0.32968697      0.16154662       0.6702393      0.24569493        0.247026         2.51606       8.0560021        4.232788       8.5830933        8.5830933        4.232788           4.232788
              2       10.701139       98.305999      0.13890175     -0.95152081      -0.4126018    2.100583e-09       140.43714      0.32968697      0.16154662       0.6702393      0.24569493        0.247026         2.51606       8.0560021       4.2360906       8.5830933        8.5830933       4.2360906          4.2360906
              1       9.1462284       98.738455      0.13890175     -0.95152081      -0.4126018    2.100583e-09       141.05494      0.32968697      0.16154662       0.6702393      0.24569493        0.247026         2.51606       8.0560021       1.1262702       8.5830933        8.5830933       1.1262702          1.1262702
              1        9.276298       98.778111      0.13890175     -0.95152081      -0.4126018    2.100583e-09       141.11159      0.32968697      0.16154662       0.6702393      0.24569493        0.247026         2.51606       8.0560021       1.3864094       8.5830933        8.5830933       1.3864094          1.3864094
              2       9.3282439       98.499493      0.13890175     -0.95152081      -0.4126018    2.100583e-09       140.71356      0.32968697      0.16154662       0.6702393      0.24569493        0.247026         2.51606       8.0560021       1.4903012       8.5830933        8.5830933       1.4903012          1.4903012
              1       10.589622       98.974835      0.13890175     -0.95152081      -0.4126018    2.100583e-09       141.39262      0.32968697      0.16154662       0.6702393      0.24569493        0.247026         2.51606       8.0560021       4.0130582       8.5830933        8.5830933       4.0130582          4.0130582
              1         10.5138       98.885673      0.13911473     -0.93863386     -0.45936881    2.100583e-09       141.26525      0.33012163       0.1617596      0.66980464      0.24569493        0.247026         2.51606       8.0589628       3.8614139       8.5830933        8.5830933       3.8614139          3.8614139
              1       12.069556       100.63944      0.13486193      -1.0383586     -0.27807487    2.100583e-09       143.77063      0.32144244       0.1575068      0.67848383      0.24569493        0.247026         2.51606       7.9781266       6.9729251       8.5830933        8.5830933       6.9729251          6.9729251
              1       12.594637       104.48733      0.10927587      -1.3797221       1.3616099    2.100583e-09       149.26761      0.26922599      0.13192074      0.73070028      0.24569493        0.247026         2.51606       7.7060565       8.0230883       8.5830933        8.5830933       8.0230883          8.0230883
              1       12.619791       104.45488      0.10927587      -1.3797221       1.3616099    2.100583e-09       149.22126      0.26922599      0.13192074      0.73070028      0.24569493        0.247026         2.51606       7.7060565       8.0733951       8.5830933        8.5830933       8.0733951          8.0733951
              1       12.608828        104.4652      0.10927587      -1.3797221       1.3616099    2.100583e-09       149.23601      0.26922599      0.13192074      0.73070028      0.24569493        0.247026         2.51606       7.7060565       8.0514687       8.5830933        8.5830933       8.0514687          8.0514687
              1       10.830376       103.96507      0.11171468      -1.2675059      0.85938135    2.100583e-09       148.52153      0.27420316      0.13435955      0.72572311      0.24569493        0.247026         2.51606       7.6452025       4.4945654       8.5830933        8.5830933       4.4945654          4.4945654
              2       10.883909       104.18226      0.11171468      -1.2675059      0.85938135    2.100583e-09        148.8318      0.27420316      0.13435955      0.72572311      0.24569493        0.247026         2.51606       7.6452025       4.6016322       8.5830933        8.5830933       4.6016322          4.6016322
              6       10.844028       104.23362      0.11129483      -1.2721476      0.88424986    2.100583e-09       148.90517      0.27334632       0.1339397      0.72657995      0.24569493        0.247026         2.51606       7.6416331       4.5218693       8.5830933        8.5830933       4.5218693          4.5218693
              1       10.754545       104.19593      0.11129483      -1.2721476      0.88424986    2.100583e-09       148.85133      0.27334632       0.1339397      0.72657995      0.24569493        0.247026         2.51606       7.6416331       4.3429032       8.5830933        8.5830933       4.3429032          4.3429032
              2       11.632978       104.47446      0.11420784      -1.2759896       0.7183497    2.100583e-09       149.24923      0.27929124      0.13685271      0.72063504      0.24569493        0.247026         2.51606       7.6531715       6.0997687       8.5830933        8.5830933       6.0997687          6.0997687
              3       12.211897       104.17767      0.11420784      -1.2759896       0.7183497    2.100583e-09       148.82524      0.27929124      0.13685271      0.72063504      0.24569493        0.247026         2.51606       7.6531715       7.2576071       8.5830933        8.5830933       7.2576071          7.2576071
              1       12.272748       103.51233       0.1063068       -1.212811      0.89034644    2.100583e-09       147.87475      0.26316666      0.12895166      0.73675961      0.24569493        0.247026         2.51606       7.5973604       7.3793093       8.5830933        8.5830933       7.3793093          7.3793093
              4       9.6782469       96.383654      0.14116433     -0.80643066     -0.52173118    2.100583e-09       137.69093      0.33430449       0.1638092      0.66562178      0.24569493        0.247026         2.51606       8.1197276       2.1903073       8.5830933        8.5830933       2.1903073          2.1903073
              3       9.4225427       96.286853      0.14116433     -0.80643066     -0.52173118    2.100583e-09       137.55265      0.33430449       0.1638092      0.66562178      0.24569493        0.247026         2.51606       8.1197276       1.6788988       8.5830933        8.5830933       1.6788988          1.6788988
              3       9.4000866        96.24977      0.14116433     -0.80643066     -0.52173118    2.100583e-09       137.49967      0.33430449       0.1638092      0.66562178      0.24569493        0.247026         2.51606       8.1197276       1.6339867       8.5830933        8.5830933       1.6339867          1.6339867
              1       9.4057776       96.229106      0.14116433     -0.80643066     -0.52173118    2.100583e-09       137.47015      0.33430449       0.1638092      0.66562178      0.24569493        0.247026         2.51606       8.1197276       1.6453686       8.5830933        8.5830933       1.6453686          1.6453686
              1       9.9510083       96.058835      0.14116433     -0.80643066     -0.52173118    2.100583e-09       137.22691      0.33430449       0.1638092      0.66562178      0.24569493        0.247026         2.51606       8.1197276         2.73583       8.5830933        8.5830933         2.73583            2.73583
              2       12.111869       95.983212      0.13484634     -0.78399784     -0.36894577    2.100583e-09       137.11887      0.32141063      0.15749121      0.67851564      0.24569493        0.247026         2.51606       8.0388189       7.0575521       8.5830933        8.5830933       7.0575521          7.0575521
              3       12.118731       95.980621      0.13484634     -0.78399784     -0.36894577    2.100583e-09       137.11517      0.32141063      0.15749121      0.67851564      0.24569493        0.247026         2.51606       8.0388189       7.0712761       8.5830933        8.5830933       7.0712761          7.0712761
              2       10.664987       95.522691      0.14219284     -0.77216976     -0.58702995    2.100583e-09       136.46099      0.33640348      0.16483771      0.66352279      0.24569493        0.247026         2.51606       8.1397567       4.1637883       8.5830933        8.5830933       4.1637883          4.1637883
              1       10.292357       95.601659      0.14194176     -0.77518374      -0.5670504    2.100583e-09        136.5738      0.33589107      0.16458662       0.6640352      0.24569493        0.247026         2.51606       8.1367425        3.418527       8.5830933        8.5830933        3.418527           3.418527
              2       9.7190317       96.001381      0.14113901     -0.80514673      -0.4869521    2.100583e-09       137.14483      0.33425282      0.16378388      0.66567345      0.24569493        0.247026         2.51606       8.1231586       2.2718769       8.5830933        8.5830933       2.2718769          2.2718769
              2       9.6859765       96.182041      0.14113901     -0.80514673      -0.4869521    2.100583e-09       137.40292      0.33425282      0.16378388      0.66567345      0.24569493        0.247026         2.51606       8.1231586       2.2057664       8.5830933        8.5830933       2.2057664          2.2057664
              2       9.5798366       96.083997      0.14113901     -0.80514673      -0.4869521    2.100583e-09       137.26285      0.33425282      0.16378388      0.66567345      0.24569493        0.247026         2.51606       8.1231586       1.9934866       8.5830933        8.5830933       1.9934866          1.9934866
              1       9.9829823       96.260716      0.14113901     -0.80514673      -0.4869521    2.100583e-09       137.51531      0.33425282      0.16378388      0.66567345      0.24569493        0.247026         2.51606       8.1231586        2.799778       8.5830933        8.5830933        2.799778           2.799778
              1       9.8065399         96.2202      0.14113901     -0.80514673      -0.4869521    2.100583e-09       137.45743      0.33425282      0.16378388      0.66567345      0.24569493        0.247026         2.51606       8.1231586       2.4468932       8.5830933        8.5830933       2.4468932          2.4468932
              3       9.6350913       97.106844      0.13796145     -0.87001588     -0.28645279    2.100583e-09       138.72406        0.327768      0.16060632      0.67215827      0.24569493        0.247026         2.51606       8.0727953        2.103996       8.5830933        8.5830933        2.103996           2.103996
              2        9.515238        96.78012      0.13796145     -0.87001588     -0.28645279    2.100583e-09       138.25731        0.327768      0.16060632      0.67215827      0.24569493        0.247026         2.51606       8.0727953       1.8642894       8.5830933        8.5830933       1.8642894          1.8642894
              1       9.2669575       97.010708      0.13796145     -0.87001588     -0.28645279    2.100583e-09       138.58673        0.327768      0.16060632      0.67215827      0.24569493        0.247026         2.51606       8.0727953       1.3677285       8.5830933        8.5830933       1.3677285          1.3677285
              1       10.218067       98.948149      0.12660996     -0.96148876     0.021962547    2.100583e-09        141.3545      0.30460168      0.14925482      0.69532459      0.24569493        0.247026         2.51606       7.8881412        3.269948       8.5830933        8.5830933        3.269948           3.269948
              1       9.8716503       99.843894       0.1256877      -1.0015954     0.076079833    2.100583e-09       142.63413      0.30271953      0.14833257      0.69720674      0.24569493        0.247026         2.51606       7.8647273        2.577114       8.5830933        8.5830933        2.577114           2.577114
              1       9.3823533       97.499037      0.14077462     -0.83084481     -0.76092791    2.100583e-09       139.28434      0.33350915      0.16341948      0.66641712      0.24569493        0.247026         2.51606       8.0884259       1.5985199       8.5830933        8.5830933       1.5985199          1.5985199
              1        8.855738       97.401957      0.14207109     -0.86245878     -0.63246981    2.100583e-09       139.14565      0.33615502      0.16471596      0.66377126      0.24569493        0.247026         2.51606       8.1125712      0.54528935       8.5830933        8.5830933      0.54528935         0.54528935
              2       8.9113981       97.327587       0.1429963     -0.86454625     -0.63577086    2.100583e-09       139.03941       0.3380432      0.16564117      0.66188307      0.24569493        0.247026         2.51606       8.1274528      0.65660962       8.5830933        8.5830933      0.65660962         0.65660962
              1       9.0581195       97.326177      0.14417829     -0.85830529     -0.71056446    2.100583e-09        139.0374      0.34045541      0.16682315      0.65947086      0.24569493        0.247026         2.51606       8.1435917      0.95005253       8.5830933        8.5830933      0.95005253         0.95005253
              1       9.1040857       97.284401      0.14417829     -0.85830529     -0.71056446    2.100583e-09       138.97772      0.34045541      0.16682315      0.65947086      0.24569493        0.247026         2.51606       8.1435917       1.0419848       8.5830933        8.5830933       1.0419848          1.0419848
              2       8.9756491       100.20271      0.12154359      -1.0820738      0.46324717    2.100583e-09       143.14673      0.29426216      0.14418846      0.70566411      0.24569493        0.247026         2.51606       7.8289125      0.78511153       8.5830933        8.5830933      0.78511153         0.78511153
              3       9.9443085       96.533219      0.13952814     -0.87025153     -0.29098055    2.100583e-09        137.9046      0.33096531        0.162173      0.66896096      0.24569493        0.247026         2.51606       8.0984785       2.7224304       8.5830933        8.5830933       2.7224304          2.7224304
              2       10.313236       96.113676      0.14101496     -0.84410829     -0.36327795    2.100583e-09       137.30525      0.33399964      0.16365982      0.66592663      0.24569493        0.247026         2.51606       8.1230212       3.4602864       8.5830933        8.5830933       3.4602864          3.4602864
              1        9.541378       96.328349      0.14101496     -0.84410829     -0.36327795    2.100583e-09       137.61193      0.33399964      0.16365982      0.66592663      0.24569493        0.247026         2.51606       8.1230212       1.9165695       8.5830933        8.5830933       1.9165695          1.9165695
              1       10.092926       96.148301      0.14101496     -0.84410829     -0.36327795    2.100583e-09       137.35472      0.33399964      0.16365982      0.66592663      0.24569493        0.247026         2.51606       8.1230212       3.0196651       8.5830933        8.5830933       3.0196651          3.0196651
              1        10.88729       96.636804      0.14101496     -0.84410829     -0.36327795    2.100583e-09       138.05258      0.33399964      0.16365982      0.66592663      0.24569493        0.247026         2.51606       8.1230212       4.6083944       8.5830933        8.5830933       4.6083944          4.6083944
              3         11.6923       96.756781      0.13842605     -0.86273321     -0.20633805    2.100583e-09       138.22397      0.32871616      0.16107092      0.67121011      0.24569493        0.247026         2.51606       8.0931626       6.2184143       8.5830933        8.5830933       6.2184143          6.2184143
              1       10.907276       99.438902      0.13331014      -1.0181765     0.032093245    2.100583e-09       142.05557      0.31827553      0.15595501      0.68165074      0.24569493        0.247026         2.51606       7.9853057       4.6483657       8.5830933        8.5830933       4.6483657          4.6483657
              1       10.297581       101.21108      0.11878731      -1.1183237      0.60232598    2.100583e-09       144.58725       0.2886371      0.14143218      0.71128917      0.24569493        0.247026         2.51606       7.7951693       3.4289753       8.5830933        8.5830933       3.4289753          3.4289753
              1       9.5424182       101.11448      0.11878731      -1.1183237      0.60232598    2.100583e-09       144.44926       0.2886371      0.14143218      0.71128917      0.24569493        0.247026         2.51606       7.7951693       1.9186497       8.5830933        8.5830933       1.9186497          1.9186497
              3       9.4628516       101.20845      0.11871835      -1.1236166      0.60573573    2.100583e-09        144.5835      0.28849635      0.14136321      0.71142992      0.24569493        0.247026         2.51606       7.7915039       1.7595167       8.5830933        8.5830933       1.7595167          1.7595167
              4       8.7888952        101.0026      0.11871835      -1.1236166      0.60573573    2.100583e-09       144.28943      0.28849635      0.14136321      0.71142992      0.24569493        0.247026         2.51606       7.7915039      0.41160381       8.5830933        8.5830933      0.41160381         0.41160381
              3       8.7882473       101.00103      0.11871835      -1.1236166      0.60573573    2.100583e-09       144.28718      0.28849635      0.14136321      0.71142992      0.24569493        0.247026         2.51606       7.7915039      0.41030797       8.5830933        8.5830933      0.41030797         0.41030797
              2       8.7195678       98.321036      0.13389225     -0.94854581     -0.11150842    2.100583e-09       140.45862      0.31946349      0.15653711      0.68046278      0.24569493        0.247026         2.51606       7.9999399      0.27294893       8.5830933        8.5830933      0.27294893         0.27294893
              1       8.6837146       98.290592      0.13389225     -0.94854581     -0.11150842    2.100583e-09       140.41513      0.31946349      0.15653711      0.68046278      0.24569493        0.247026         2.51606       7.9999399      0.20124259       8.5830933        8.5830933      0.20124259         0.20124259
              4       8.6954575       98.479175      0.13252668     -0.96407584    -0.034203099    2.100583e-09       140.68454      0.31667662      0.15517154      0.68324965      0.24569493        0.247026         2.51606        7.981329      0.22472836       8.5830933        8.5830933      0.22472836         0.22472836
              4       8.9633854       100.08717      0.12766713      -1.0375662     0.082162412    2.100583e-09       142.98168      0.30675918        0.150312      0.69316709      0.24569493        0.247026         2.51606       7.8873947      0.76058421       8.5830933        8.5830933      0.76058421         0.76058421
              3       9.1414443       99.990833      0.12766713      -1.0375662     0.082162412    2.100583e-09       142.84405      0.30675918        0.150312      0.69316709      0.24569493        0.247026         2.51606       7.8873947       1.1167021       8.5830933        8.5830933       1.1167021          1.1167021
              1       8.7814061       98.722839      0.13349508     -0.99808111   0.00048368623    2.100583e-09       141.03263      0.31865296      0.15613995      0.68127331      0.24569493        0.247026         2.51606       7.9910266      0.39662568       8.5830933        8.5830933      0.39662568         0.39662568
              1       9.6768073       96.340921      0.13955485     -0.82026655     -0.45552949    2.100583e-09       137.62989      0.33101983      0.16219972      0.66890644      0.24569493        0.247026         2.51606        8.095656        2.187428       8.5830933        8.5830933        2.187428           2.187428
              2       9.4863457        96.41191      0.13955485     -0.82026655     -0.45552949    2.100583e-09        137.7313      0.33101983      0.16219972      0.66890644      0.24569493        0.247026         2.51606        8.095656       1.8065049       8.5830933        8.5830933       1.8065049          1.8065049
              4       9.5377354       96.209298      0.14050212     -0.81360894     -0.47087287    2.100583e-09       137.44185      0.33295303      0.16314698      0.66697325      0.24569493        0.247026         2.51606       8.1118025       1.9092842       8.5830933        8.5830933       1.9092842          1.9092842
              1       9.0984544        97.58389      0.13426457     -0.92051564    -0.079532058    2.100583e-09       139.40556      0.32022335      0.15690944      0.67970292      0.24569493        0.247026         2.51606       8.0201696       1.0307222       8.5830933        8.5830933       1.0307222          1.0307222
              2       9.2663647       97.671937      0.13426457     -0.92051564    -0.079532058    2.100583e-09       139.53134      0.32022335      0.15690944      0.67970292      0.24569493        0.247026         2.51606       8.0201696       1.3665427       8.5830933        8.5830933       1.3665427          1.3665427
              2       10.404289       97.267277      0.13426457     -0.92051564    -0.079532058    2.100583e-09       138.95325      0.32022335      0.15690944      0.67970292      0.24569493        0.247026         2.51606       8.0201696       3.6423913       8.5830933        8.5830933       3.6423913          3.6423913
              1       10.769198       97.258373      0.12929767     -0.89634482    0.0026555486    2.100583e-09       138.94053      0.31008681      0.15194253      0.68983947      0.24569493        0.247026         2.51606       7.9592581       4.3722096       8.5830933        8.5830933       4.3722096          4.3722096
              1       11.408517       96.690189       0.1323568     -0.85349263     -0.17161837    2.100583e-09       138.12884      0.31632994      0.15500167      0.68359633      0.24569493        0.247026         2.51606       7.9995732       5.6508475       8.5830933        8.5830933       5.6508475          5.6508475
              1       11.261454       96.711889       0.1323568     -0.85349263     -0.17161837    2.100583e-09       138.15984      0.31632994      0.15500167      0.68359633      0.24569493        0.247026         2.51606       7.9995732       5.3567219       8.5830933        8.5830933       5.3567219          5.3567219
              2       10.581063       96.908759       0.1323568     -0.85349263     -0.17161837    2.100583e-09       138.44108      0.31632994      0.15500167      0.68359633      0.24569493        0.247026         2.51606       7.9995732       3.9959393       8.5830933        8.5830933       3.9959393          3.9959393
              7       11.041094         96.7494       0.1323568     -0.85349263     -0.17161837    2.100583e-09       138.21343      0.31632994      0.15500167      0.68359633      0.24569493        0.247026         2.51606       7.9995732       4.9160007       8.5830933        8.5830933       4.9160007          4.9160007
              1       9.3375158       98.799058      0.12426569      -1.0234267      0.41460699    2.100583e-09       141.14151      0.29981747      0.14691056       0.7001088      0.24569493        0.247026         2.51606       7.8985379       1.5088449       8.5830933        8.5830933       1.5088449          1.5088449
              1       9.3617781       102.30534      0.10457279       -1.210223       1.1514819    2.100583e-09       146.15049      0.25962788      0.12721766      0.74029839      0.24569493        0.247026         2.51606        7.715494       1.5573695       8.5830933        8.5830933       1.5573695          1.5573695
              1       9.4920258       102.57201      0.10457279       -1.210223       1.1514819    2.100583e-09       146.53144      0.25962788      0.12721766      0.74029839      0.24569493        0.247026         2.51606        7.715494       1.8178649       8.5830933        8.5830933       1.8178649          1.8178649
             10       9.3544025       102.30774      0.10457279       -1.210223       1.1514819    2.100583e-09       146.15391      0.25962788      0.12721766      0.74029839      0.24569493        0.247026         2.51606        7.715494       1.5426184       8.5830933        8.5830933       1.5426184          1.5426184
              1       10.462813       102.11316      0.10457279       -1.210223       1.1514819    2.100583e-09       145.87594      0.25962788      0.12721766      0.74029839      0.24569493        0.247026         2.51606        7.715494       3.7594388       8.5830933        8.5830933       3.7594388          3.7594388
              3       9.4553628       102.27843      0.10457279       -1.210223       1.1514819    2.100583e-09       146.11204      0.25962788      0.12721766      0.74029839      0.24569493        0.247026         2.51606        7.715494       1.7445389       8.5830933        8.5830933       1.7445389          1.7445389
              1       12.002779       102.87982      0.10457279       -1.210223       1.1514819    2.100583e-09       146.97117      0.25962788      0.12721766      0.74029839      0.24569493        0.247026         2.51606        7.715494       6.8393706       8.5830933        8.5830933       6.8393706          6.8393706
              1       13.723237       103.00407      0.10457279       -1.210223       1.1514819    2.100583e-09       147.14867      0.25962788      0.12721766      0.74029839      0.24569493        0.247026         2.51606        7.715494       10.280288       8.5830933        8.5830933       10.280288          10.280288
              1       12.399901       100.53967      0.12429654      -1.0141679     0.093273496    2.100583e-09        143.6281      0.29988043      0.14694141      0.70004584      0.24569493        0.247026         2.51606       7.8380026       7.6336157       8.5830933        8.5830933       7.6336157          7.6336157
              1       11.200814       100.86178      0.12286029      -1.0703065      0.33235254    2.100583e-09       144.08826       0.2969493      0.14550516      0.70297697      0.24569493        0.247026         2.51606       7.8297731       5.2354417       8.5830933        8.5830933       5.2354417          5.2354417
              1       9.0938372        100.5436      0.12286029      -1.0703065      0.33235254    2.100583e-09       143.63372       0.2969493      0.14550516      0.70297697      0.24569493        0.247026         2.51606       7.8297731       1.0214877       8.5830933        8.5830933       1.0214877          1.0214877
              2        9.157527       100.63147      0.12332058      -1.0707699      0.29320517    2.100583e-09       143.75924      0.29788866      0.14596544      0.70203761      0.24569493        0.247026         2.51606        7.830444       1.1488674       8.5830933        8.5830933       1.1488674          1.1488674
              1       10.561577       100.89354      0.12332058      -1.0707699      0.29320517    2.100583e-09       144.13363      0.29788866      0.14596544      0.70203761      0.24569493        0.247026         2.51606        7.830444       3.9569681       8.5830933        8.5830933       3.9569681          3.9569681
              3       10.406395       101.22359      0.12591893      -1.0912462      0.20141527    2.100583e-09       144.60513      0.30319141      0.14856379      0.69673486      0.24569493        0.247026         2.51606       7.8541775        3.646604       8.5830933        8.5830933        3.646604           3.646604
              2       9.4560868       100.74591      0.12591893      -1.0912462      0.20141527    2.100583e-09       143.92273      0.30319141      0.14856379      0.69673486      0.24569493        0.247026         2.51606       7.8541775        1.745987       8.5830933        8.5830933        1.745987           1.745987
              1       9.0701079       100.91495      0.12591893      -1.0912462      0.20141527    2.100583e-09       144.16422      0.30319141      0.14856379      0.69673486      0.24569493        0.247026         2.51606       7.8541775      0.97402916       8.5830933        8.5830933      0.97402916         0.97402916
              5       9.1627436       99.997845      0.13297854      -1.0455105    -0.051427959    2.100583e-09       142.85406      0.31759878       0.1556234      0.68232749      0.24569493        0.247026         2.51606       7.9624796       1.1593007       8.5830933        8.5830933       1.1593007          1.1593007
              2       9.5389662       100.08728      0.13297854      -1.0455105    -0.051427959    2.100583e-09       142.98183      0.31759878       0.1556234      0.68232749      0.24569493        0.247026         2.51606       7.9624796       1.9117459       8.5830933        8.5830933       1.9117459          1.9117459
              1       9.0086795       99.891204      0.13297854      -1.0455105    -0.051427959    2.100583e-09       142.70172      0.31759878       0.1556234      0.68232749      0.24569493        0.247026         2.51606       7.9624796      0.85117247       8.5830933        8.5830933      0.85117247         0.85117247
              1       8.7984946       100.22038      0.12545152       -1.099316      0.41400618    2.100583e-09       143.17197      0.30223752      0.14809638      0.69768875      0.24569493        0.247026         2.51606       7.8775739      0.43080261       8.5830933        8.5830933      0.43080261         0.43080261
              1       10.214224       99.947423      0.12545152       -1.099316      0.41400618    2.100583e-09       142.78203      0.30223752      0.14809638      0.69768875      0.24569493        0.247026         2.51606       7.8775739       3.2622623       8.5830933        8.5830933       3.2622623          3.2622623
              2       12.859671       99.730586      0.12545152       -1.099316      0.41400618    2.100583e-09       142.47227      0.30223752      0.14809638      0.69768875      0.24569493        0.247026         2.51606       7.8775739       8.5531549       8.5830933        8.5830933       8.5531549          8.5531549
              4       9.0317118        100.1303      0.12545152       -1.099316      0.41400618    2.100583e-09       143.04328      0.30223752      0.14809638      0.69768875      0.24569493        0.247026         2.51606       7.8775739      0.89723693       8.5830933        8.5830933      0.89723693         0.89723693
              1       9.5385964       99.188369       0.1217744      -1.0033708      0.35003385    2.100583e-09       141.69767      0.29473319      0.14441926      0.70519308      0.24569493        0.247026         2.51606       7.8505317       1.9110063       8.5830933        8.5830933       1.9110063          1.9110063
              4       10.697074       99.443073       0.1217744      -1.0033708      0.35003385    2.100583e-09       142.06153      0.29473319      0.14441926      0.70519308      0.24569493        0.247026         2.51606       7.8505317       4.2279624       8.5830933        8.5830933       4.2279624          4.2279624
              2       10.622609       97.522051      0.13213211     -0.86624834     -0.21349846    2.100583e-09       139.31722      0.31587137      0.15477697       0.6840549      0.24569493        0.247026         2.51606       7.9845999       4.0790314       8.5830933        8.5830933       4.0790314          4.0790314
              1       11.702921       102.21897      0.11883734      -1.1317361      0.33362168    2.100583e-09       146.02709      0.28873919       0.1414822      0.71118708      0.24569493        0.247026         2.51606       7.7318093       6.2396554       8.5830933        8.5830933       6.2396554          6.2396554
              2       11.484305       102.40702      0.11883734      -1.1317361      0.33362168    2.100583e-09       146.29575      0.28873919       0.1414822      0.71118708      0.24569493        0.247026         2.51606       7.7318093        5.802424       8.5830933        8.5830933        5.802424           5.802424
              2       10.514243       97.311844      0.14692144     -0.85538964     -0.77065275    2.100583e-09       139.01692      0.34605368       0.1695663      0.65387259      0.24569493        0.247026         2.51606       8.1862277          3.8623       8.5830933        8.5830933          3.8623             3.8623
              3       9.7764859       97.121744      0.14692144     -0.85538964     -0.77065275    2.100583e-09       138.74535      0.34605368       0.1695663      0.65387259      0.24569493        0.247026         2.51606       8.1862277       2.3867853       8.5830933        8.5830933       2.3867853          2.3867853
              2       9.4950246       99.039356      0.13877636     -0.98280306     -0.35028296    2.100583e-09       141.48479      0.32943107      0.16142122       0.6704952      0.24569493        0.247026         2.51606       8.0517983       1.8238627       8.5830933        8.5830933       1.8238627          1.8238627
              3        11.53791       97.446424      0.15004763     -0.81294111      -1.2536362    2.100583e-09       139.20918      0.35243367       0.1726925       0.6474926      0.24569493        0.247026         2.51606       8.2222772       5.9096325       8.5830933        8.5830933       5.9096325          5.9096325
              1       11.793335       97.539184      0.15004763     -0.81294111      -1.2536362    2.100583e-09       139.34169      0.35243367       0.1726925       0.6474926      0.24569493        0.247026         2.51606       8.2222772       6.4204841       8.5830933        8.5830933       6.4204841          6.4204841
              1       15.067941       101.65099      0.13357951      -1.2335922      0.26915712    2.100583e-09        145.2157      0.31882525      0.15622437      0.68110102      0.24569493        0.247026         2.51606       7.9556255       12.969696       8.5830933        8.5830933       12.969696          12.969696
              1       13.331525       98.596893      0.14064015      -1.0518835    -0.066757713    2.100583e-09        140.8527      0.33323473      0.16328502      0.66669154      0.24569493        0.247026         2.51606       8.0904435       9.4968626       8.5830933        8.5830933       9.4968626          9.4968626
              4       12.914544       98.664969      0.14064015      -1.0518835    -0.066757713    2.100583e-09       140.94996      0.33323473      0.16328502      0.66669154      0.24569493        0.247026         2.51606       8.0904435       8.6629017       8.5830933        8.5830933       8.6629017          8.6629017
              3       11.185023       100.09741      0.13783397      -1.0644282     -0.26232798    2.100583e-09        142.9963      0.32750782      0.16047883      0.67241845      0.24569493        0.247026         2.51606       8.0254054        5.203859       8.5830933        8.5830933        5.203859           5.203859
              3       11.212234       100.06233      0.13783397      -1.0644282     -0.26232798    2.100583e-09       142.94618      0.32750782      0.16047883      0.67241845      0.24569493        0.247026         2.51606       8.0254054       5.2582812       8.5830933        8.5830933       5.2582812          5.2582812
              1       11.363445       100.22035      0.13783397      -1.0644282     -0.26232798    2.100583e-09       143.17193      0.32750782      0.16047883      0.67241845      0.24569493        0.247026         2.51606       8.0254054       5.5607041       8.5830933        8.5830933       5.5607041          5.5607041
              1       13.020746       102.20659      0.13266132      -1.1461997     -0.22661567    2.100583e-09       146.00942       0.3169514      0.15530618      0.68297487      0.24569493        0.247026         2.51606       7.9229501       8.8753049       8.5830933        8.5830933       8.8753049          8.8753049
              1       12.551033        98.94023      0.13915477     -0.83746322      -1.0903164    2.100583e-09       141.34319      0.33020334      0.16179964      0.66972293      0.24569493        0.247026         2.51606       8.0419429       7.9358802       8.5830933        8.5830933       7.9358802          7.9358802
              3       12.778807       98.839398      0.13915477     -0.83746322      -1.0903164    2.100583e-09       141.19914      0.33020334      0.16179964      0.66972293      0.24569493        0.247026         2.51606       8.0419429       8.3914272       8.5830933        8.5830933       8.3914272          8.3914272
              4       12.980689       99.142884      0.13915477     -0.83746322      -1.0903164    2.100583e-09       141.63269      0.33020334      0.16179964      0.66972293      0.24569493        0.247026         2.51606       8.0419429       8.7951913       8.5830933        8.5830933       8.7951913          8.7951913
              1       13.867526       95.900455      0.15518206     -0.82377267     -0.92679862    2.100583e-09       137.00065      0.36291209      0.17782693      0.63701418      0.24569493        0.247026         2.51606       8.3183726       10.568866       8.5830933        8.5830933       10.568866          10.568866
              1       14.173826       96.057524      0.15518206     -0.82377267     -0.92679862    2.100583e-09       137.22503      0.36291209      0.17782693      0.63701418      0.24569493        0.247026         2.51606       8.3183726       11.181465       8.5830933        8.5830933       11.181465          11.181465
              1       14.107435       95.724966      0.15648158     -0.79923084      -1.0069305    2.100583e-09       136.74995      0.36556419      0.17912645      0.63436208      0.24569493        0.247026         2.51606       8.3392306       11.048684       8.5830933        8.5830933       11.048684          11.048684
              1       12.140865       96.015947      0.15588424     -0.70368504      -1.5165496    2.100583e-09       137.16564      0.36434512      0.17852911      0.63558115      0.24569493        0.247026         2.51606       8.3219329       7.1155439       8.5830933        8.5830933       7.1155439          7.1155439
              2        11.28105       100.56695      0.11415724      -1.0877081       0.7489177    2.100583e-09       143.66707      0.27918798      0.13680211       0.7207383      0.24569493        0.247026         2.51606       7.7935652       5.3959128       8.5830933        8.5830933       5.3959128          5.3959128
              2       9.8429759       99.933865      0.11415724      -1.0877081       0.7489177    2.100583e-09       142.76266      0.27918798      0.13680211       0.7207383      0.24569493        0.247026         2.51606       7.7935652       2.5197652       8.5830933        8.5830933       2.5197652          2.5197652
              4       9.2666457       100.04849      0.11415724      -1.0877081       0.7489177    2.100583e-09       142.92641      0.27918798      0.13680211       0.7207383      0.24569493        0.247026         2.51606       7.7935652       1.3671048       8.5830933        8.5830933       1.3671048          1.3671048
              2       9.8497744       100.40549      0.11415724      -1.0877081       0.7489177    2.100583e-09       143.43641      0.27918798      0.13680211       0.7207383      0.24569493        0.247026         2.51606       7.7935652       2.5333623       8.5830933        8.5830933       2.5333623          2.5333623
              1       9.1944273       100.26534      0.11415724      -1.0877081       0.7489177    2.100583e-09        143.2362      0.27918798      0.13680211       0.7207383      0.24569493        0.247026         2.51606       7.7935652       1.2226681       8.5830933        8.5830933       1.2226681          1.2226681
              1       12.052966       100.63139      0.11415724      -1.0877081       0.7489177    2.100583e-09       143.75913      0.27918798      0.13680211       0.7207383      0.24569493        0.247026         2.51606       7.7935652       6.9397458       8.5830933        8.5830933       6.9397458          6.9397458
              1       12.588804       103.46677      0.12466956      -1.2974404      0.58591247    2.100583e-09       147.80967      0.30064168      0.14731442      0.69928459      0.24569493        0.247026         2.51606       7.8138753        8.011422       8.5830933        8.5830933        8.011422           8.011422
              2       12.590901       103.40465      0.12505649      -1.2918571      0.55859578    2.100583e-09       147.72092      0.30143134      0.14770135      0.69849494      0.24569493        0.247026         2.51606        7.819148       8.0156149       8.5830933        8.5830933       8.0156149          8.0156149
              2       13.128925       103.03982      0.12505649      -1.2918571      0.55859578    2.100583e-09       147.19974      0.30143134      0.14770135      0.69849494      0.24569493        0.247026         2.51606        7.819148       9.0916628       8.5830933        8.5830933       9.0916628          9.0916628
              1       12.589625       103.15094      0.12505649      -1.2918571      0.55859578    2.100583e-09       147.35849      0.30143134      0.14770135      0.69849494      0.24569493        0.247026         2.51606        7.819148       8.0130636       8.5830933        8.5830933       8.0130636          8.0130636
              2       12.383588       103.25511      0.12505649      -1.2918571      0.55859578    2.100583e-09        147.5073      0.30143134      0.14770135      0.69849494      0.24569493        0.247026         2.51606        7.819148       7.6009889       8.5830933        8.5830933       7.6009889          7.6009889
              1       12.377201       103.28162      0.12505649      -1.2918571      0.55859578    2.100583e-09       147.54517      0.30143134      0.14770135      0.69849494      0.24569493        0.247026         2.51606        7.819148       7.5882146       8.5830933        8.5830933       7.5882146          7.5882146
              3       9.9203292        101.2389      0.12995345      -1.1362193      0.16429459    2.100583e-09         144.627      0.31142513      0.15259831      0.68850114      0.24569493        0.247026         2.51606       7.9069395       2.6744718       8.5830933        8.5830933       2.6744718          2.6744718
              1       10.285337       100.84998      0.13268201       -1.107466     0.022828913    2.100583e-09        144.0714      0.31699363      0.15532688      0.68293264      0.24569493        0.247026         2.51606        7.948511       3.4044867       8.5830933        8.5830933       3.4044867          3.4044867
              1       10.075623       100.67959      0.13268201       -1.107466     0.022828913    2.100583e-09       143.82798      0.31699363      0.15532688      0.68293264      0.24569493        0.247026         2.51606        7.948511       2.9850591       8.5830933        8.5830933       2.9850591          2.9850591
              2       10.753309       98.460765      0.12537167     -0.93294188     0.064758905    2.100583e-09       140.65824      0.30207457      0.14801654       0.6978517      0.24569493        0.247026         2.51606       7.8863948       4.3404319       8.5830933        8.5830933       4.3404319          4.3404319
              3        9.709652       99.054689      0.12184946      -0.9936737      0.33575223    2.100583e-09        141.5067      0.29488638      0.14449433      0.70503989      0.24569493        0.247026         2.51606       7.8540047       2.2531175       8.5830933        8.5830933       2.2531175          2.2531175
              4       10.479046       101.09248      0.12977228      -1.0710369    -0.042418644    2.100583e-09       144.41782      0.31105539      0.15241714      0.68887088      0.24569493        0.247026         2.51606       7.9007266       3.7919057       8.5830933        8.5830933       3.7919057          3.7919057
              1       9.9869173       100.63643      0.12977228      -1.0710369    -0.042418644    2.100583e-09       143.76634      0.31105539      0.15241714      0.68887088      0.24569493        0.247026         2.51606       7.9007266        2.807648       8.5830933        8.5830933        2.807648           2.807648
              1       9.9518197       101.00765      0.12977228      -1.0710369    -0.042418644    2.100583e-09       144.29665      0.31105539      0.15241714      0.68887088      0.24569493        0.247026         2.51606       7.9007266       2.7374529       8.5830933        8.5830933       2.7374529          2.7374529
              2       9.7945502       100.97329      0.12977228      -1.0710369    -0.042418644    2.100583e-09       144.24756      0.31105539      0.15241714      0.68887088      0.24569493        0.247026         2.51606       7.9007266       2.4229139       8.5830933        8.5830933       2.4229139          2.4229139
              1       9.5009582       100.85318      0.12977228      -1.0710369    -0.042418644    2.100583e-09       144.07597      0.31105539      0.15241714      0.68887088      0.24569493        0.247026         2.51606       7.9007266       1.8357298       8.5830933        8.5830933       1.8357298          1.8357298
              1       9.5698597       100.90093      0.12977228      -1.0710369    -0.042418644    2.100583e-09       144.14419      0.31105539      0.15241714      0.68887088      0.24569493        0.247026         2.51606       7.9007266       1.9735328       8.5830933        8.5830933       1.9735328          1.9735328
              1       10.677094       100.39209      0.13171174     -0.98985084      -0.3713713    2.100583e-09       143.41728      0.31501348       0.1543566      0.68491279      0.24569493        0.247026         2.51606        7.926606        4.188001       8.5830933        8.5830933        4.188001           4.188001
              1       10.773865       100.14622      0.13171174     -0.98985084      -0.3713713    2.100583e-09       143.06603      0.31501348       0.1543566      0.68491279      0.24569493        0.247026         2.51606        7.926606       4.3815437       8.5830933        8.5830933       4.3815437          4.3815437
              2       11.005438       100.09565      0.13171174     -0.98985084      -0.3713713    2.100583e-09       142.99379      0.31501348       0.1543566      0.68491279      0.24569493        0.247026         2.51606        7.926606       4.8446899       8.5830933        8.5830933       4.8446899          4.8446899
              1       9.4588292       99.683135      0.12716991       -1.052715        0.216413    2.100583e-09       142.40448      0.30574443      0.14981477      0.69418184      0.24569493        0.247026         2.51606       7.8925911       1.7514718       8.5830933        8.5830933       1.7514718          1.7514718
              1        9.036937       100.07657      0.11846522      -1.0818329      0.59328017    2.100583e-09       142.96652      0.28797976      0.14111008      0.71194651      0.24569493        0.247026         2.51606       7.8119994      0.90768734       8.5830933        8.5830933      0.90768734         0.90768734
              1       9.0538613       100.07099      0.11846522      -1.0818329      0.59328017    2.100583e-09       142.95855      0.28797976      0.14111008      0.71194651      0.24569493        0.247026         2.51606       7.8119994      0.94153613       8.5830933        8.5830933      0.94153613         0.94153613
              3        10.78816       102.53305      0.10845202      -1.2346066       1.0639148    2.100583e-09       146.47579      0.26754468      0.13109689       0.7323816      0.24569493        0.247026         2.51606       7.6947173       4.4101335       8.5830933        8.5830933       4.4101335          4.4101335
              3       9.9850598        103.1053      0.10845202      -1.2346066       1.0639148    2.100583e-09       147.29328      0.26754468      0.13109689       0.7323816      0.24569493        0.247026         2.51606       7.6947173       2.8039331       8.5830933        8.5830933       2.8039331          2.8039331
              3       10.876262       102.52352      0.10845202      -1.2346066       1.0639148    2.100583e-09       146.46218      0.26754468      0.13109689       0.7323816      0.24569493        0.247026         2.51606       7.6947173       4.5863375       8.5830933        8.5830933       4.5863375          4.5863375
              1       9.4611329       102.99553      0.10845202      -1.2346066       1.0639148    2.100583e-09       147.13648      0.26754468      0.13109689       0.7323816      0.24569493        0.247026         2.51606       7.6947173       1.7560793       8.5830933        8.5830933       1.7560793          1.7560793
              1       9.3030662       102.81016      0.10845202      -1.2346066       1.0639148    2.100583e-09       146.87165      0.26754468      0.13109689       0.7323816      0.24569493        0.247026         2.51606       7.6947173       1.4399457       8.5830933        8.5830933       1.4399457          1.4399457
              3        9.446675       102.75082      0.10845202      -1.2346066       1.0639148    2.100583e-09       146.78689      0.26754468      0.13109689       0.7323816      0.24569493        0.247026         2.51606       7.6947173       1.7271635       8.5830933        8.5830933       1.7271635          1.7271635
              1       9.5945321       100.45735       0.1225312      -1.0903143      0.38550307    2.100583e-09        143.5105      0.29627768      0.14517606      0.70364859      0.24569493        0.247026         2.51606        7.824958       2.0228777       8.5830933        8.5830933       2.0228777          2.0228777
              1       9.6434635       100.55006      0.12234445      -1.0966807      0.39867597    2.100583e-09       143.64294      0.29589656      0.14498931      0.70402971      0.24569493        0.247026         2.51606       7.8212491       2.1207403       8.5830933        8.5830933       2.1207403          2.1207403
              1       9.6134417       100.55466      0.12234445      -1.0966807      0.39867597    2.100583e-09       143.64952      0.29589656      0.14498931      0.70402971      0.24569493        0.247026         2.51606       7.8212491       2.0606968       8.5830933        8.5830933       2.0606968          2.0606968
              2       10.450265       101.40479      0.12374095      -1.1895694      0.56199843    2.100583e-09       144.86399      0.29874656      0.14638582      0.70117971      0.24569493        0.247026         2.51606       7.8345774       3.7343444       8.5830933        8.5830933       3.7343444          3.7343444
              2       9.4318786       101.25231      0.11788302      -1.1772147      0.82670796    2.100583e-09       144.64615      0.28679161      0.14052789      0.71313466      0.24569493        0.247026         2.51606       7.8096807       1.6975707       8.5830933        8.5830933       1.6975707          1.6975707
              2       10.783972       94.403824       0.1543671     -0.68659955      -1.1350026    2.100583e-09       134.86261      0.36124891      0.17701197      0.63867736      0.24569493        0.247026         2.51606       8.3169714       4.4017567       8.5830933        8.5830933       4.4017567          4.4017567
              2       11.132323       94.478524      0.14652271     -0.69983674     -0.78332954    2.100583e-09       134.96932      0.34523995      0.16916758      0.65468632      0.24569493        0.247026         2.51606       8.2117586       5.0984599       8.5830933        8.5830933       5.0984599          5.0984599
              1       8.7007559       98.837143      0.13165259     -0.99828244     0.071177599    2.100583e-09       141.19592      0.31489278      0.15429746      0.68503349      0.24569493        0.247026         2.51606       7.9688575      0.23532526       8.5830933        8.5830933      0.23532526         0.23532526
              1       9.8575313        97.65926        0.142334     -0.80812583     -0.95556409    2.100583e-09       139.51323      0.33669157      0.16497887       0.6632347      0.24569493        0.247026         2.51606       8.1073888       2.5488761       8.5830933        8.5830933       2.5488761          2.5488761
              3       9.8589838       97.557535        0.142334     -0.80812583     -0.95556409    2.100583e-09       139.36791      0.33669157      0.16497887       0.6632347      0.24569493        0.247026         2.51606       8.1073888        2.551781       8.5830933        8.5830933        2.551781           2.551781
              2       9.8242185       97.625986        0.142334     -0.80812583     -0.95556409    2.100583e-09       139.46569      0.33669157      0.16497887       0.6632347      0.24569493        0.247026         2.51606       8.1073888       2.4822505       8.5830933        8.5830933       2.4822505          2.4822505
              1       9.8821493       97.673681        0.142334     -0.80812583     -0.95556409    2.100583e-09       139.53383      0.33669157      0.16497887       0.6632347      0.24569493        0.247026         2.51606       8.1073888        2.598112       8.5830933        8.5830933        2.598112           2.598112
              1       9.9093296       97.706421      0.14207552     -0.80996077     -0.94531864    2.100583e-09        139.5806      0.33616406      0.16472039      0.66376222      0.24569493        0.247026         2.51606       8.1032643       2.6524725       8.5830933        8.5830933       2.6524725          2.6524725
              1       9.7065383       101.30794      0.11404772       -1.111471      0.64140857    2.100583e-09       144.72562      0.27896446      0.13669259      0.72096181      0.24569493        0.247026         2.51606       7.7280896       2.2468901       8.5830933        8.5830933       2.2468901          2.2468901
              2        10.47976       102.15811      0.11511187       -1.166657      0.63782706    2.100583e-09       145.94016      0.28113619      0.13775673      0.71879008      0.24569493        0.247026         2.51606       7.7092267       3.7933343       8.5830933        8.5830933       3.7933343          3.7933343
              2       11.589422       102.00959      0.11511187       -1.166657      0.63782706    2.100583e-09       145.72799      0.28113619      0.13775673      0.71879008      0.24569493        0.247026         2.51606       7.7092267       6.0126574       8.5830933        8.5830933       6.0126574          6.0126574
              1       9.7722288       101.28887      0.11407118      -1.1274358      0.68239968    2.100583e-09       144.69839      0.27901233      0.13671604      0.72091394      0.24569493        0.247026         2.51606       7.7303074        2.378271       8.5830933        8.5830933        2.378271           2.378271
              1       9.7236154       101.61393      0.11407118      -1.1274358      0.68239968    2.100583e-09       145.16275      0.27901233      0.13671604      0.72091394      0.24569493        0.247026         2.51606       7.7303074       2.2810442       8.5830933        8.5830933       2.2810442          2.2810442
              2       9.3954914       102.32883      0.11095106       -1.204027      0.98124551    2.100583e-09       146.18405      0.27264475      0.13359593      0.72728152      0.24569493        0.247026         2.51606       7.7296569       1.6247961       8.5830933        8.5830933       1.6247961          1.6247961
              2       9.7533846       101.56657      0.12087024      -1.1926635      0.73907001    2.100583e-09        145.0951      0.29288798      0.14351511      0.70703829      0.24569493        0.247026         2.51606       7.8228821       2.3405825       8.5830933        8.5830933       2.3405825          2.3405825
              1       9.7134406       101.55331      0.12087024      -1.1926635      0.73907001    2.100583e-09       145.07615      0.29288798      0.14351511      0.70703829      0.24569493        0.247026         2.51606       7.8228821       2.2606947       8.5830933        8.5830933       2.2606947          2.2606947
              1       10.730474       103.20245      0.12237593      -1.2324332      0.43295986    2.100583e-09       147.43207      0.29596082       0.1450208      0.70396546      0.24569493        0.247026         2.51606       7.7741393       4.2947616       8.5830933        8.5830933       4.2947616          4.2947616
              1       9.2913646       97.168148      0.14318742     -0.81320307     -0.78774584    2.100583e-09       138.81164      0.33843324      0.16583229      0.66149303      0.24569493        0.247026         2.51606       8.1307792       1.4165426       8.5830933        8.5830933       1.4165426          1.4165426
              3        9.158162        96.90427      0.14318742     -0.81320307     -0.78774584    2.100583e-09       138.43467      0.33843324      0.16583229      0.66149303      0.24569493        0.247026         2.51606       8.1307792       1.1501375       8.5830933        8.5830933       1.1501375          1.1501375
              1       9.5771511       97.222468      0.14318742     -0.81320307     -0.78774584    2.100583e-09       138.88924      0.33843324      0.16583229      0.66149303      0.24569493        0.247026         2.51606       8.1307792       1.9881157       8.5830933        8.5830933       1.9881157          1.9881157
              2        9.483533       96.832746      0.14318742     -0.81320307     -0.78774584    2.100583e-09       138.33249      0.33843324      0.16583229      0.66149303      0.24569493        0.247026         2.51606       8.1307792       1.8008794       8.5830933        8.5830933       1.8008794          1.8008794
              2       9.6310763       96.808187      0.14318742     -0.81320307     -0.78774584    2.100583e-09       138.29741      0.33843324      0.16583229      0.66149303      0.24569493        0.247026         2.51606       8.1307792       2.0959659       8.5830933        8.5830933       2.0959659          2.0959659
              1       9.4842935       101.60107      0.10464246      -1.1343694      0.99059186    2.100583e-09       145.14439      0.25977006      0.12728733      0.74015621      0.24569493        0.247026         2.51606       7.7132329       1.8024004       8.5830933        8.5830933       1.8024004          1.8024004
              5       10.310249       101.72488      0.10464246      -1.1343694      0.99059186    2.100583e-09       145.32126      0.25977006      0.12728733      0.74015621      0.24569493        0.247026         2.51606       7.7132329       3.4543118       8.5830933        8.5830933       3.4543118          3.4543118
              3       10.869151       101.05384      0.10464246      -1.1343694      0.99059186    2.100583e-09       144.36263      0.25977006      0.12728733      0.74015621      0.24569493        0.247026         2.51606       7.7132329       4.5721153       8.5830933        8.5830933       4.5721153          4.5721153
              3       9.0605711       101.36975      0.10464246      -1.1343694      0.99059186    2.100583e-09       144.81392      0.25977006      0.12728733      0.74015621      0.24569493        0.247026         2.51606       7.7132329      0.95495556       8.5830933        8.5830933      0.95495556         0.95495556
              1       9.0917249       101.35039      0.10464246      -1.1343694      0.99059186    2.100583e-09       144.78627      0.25977006      0.12728733      0.74015621      0.24569493        0.247026         2.51606       7.7132329       1.0172633       8.5830933        8.5830933       1.0172633          1.0172633
              1        9.102905       101.34467      0.10464246      -1.1343694      0.99059186    2.100583e-09       144.77811      0.25977006      0.12728733      0.74015621      0.24569493        0.247026         2.51606       7.7132329       1.0396233       8.5830933        8.5830933       1.0396233          1.0396233
             10       9.0279178       101.41614      0.10464246      -1.1343694      0.99059186    2.100583e-09       144.88021      0.25977006      0.12728733      0.74015621      0.24569493        0.247026         2.51606       7.7132329      0.88964897       8.5830933        8.5830933      0.88964897         0.88964897
              1       10.296424       101.11564      0.10464246      -1.1343694      0.99059186    2.100583e-09       144.45091      0.25977006      0.12728733      0.74015621      0.24569493        0.247026         2.51606       7.7132329        3.426661       8.5830933        8.5830933        3.426661           3.426661
              7       10.123956       101.13692      0.10464246      -1.1343694      0.99059186    2.100583e-09       144.48131      0.25977006      0.12728733      0.74015621      0.24569493        0.247026         2.51606       7.7132329       3.0817246       8.5830933        8.5830933       3.0817246          3.0817246
              1       10.731397        101.0677      0.10464246      -1.1343694      0.99059186    2.100583e-09       144.38242      0.25977006      0.12728733      0.74015621      0.24569493        0.247026         2.51606       7.7132329        4.296607       8.5830933        8.5830933        4.296607           4.296607
              3       11.473606       101.52933      0.10321012      -1.1651027       1.0718891    2.100583e-09        145.0419      0.25684691      0.12585498      0.74307936      0.24569493        0.247026         2.51606       7.7018977       5.7810262       8.5830933        8.5830933       5.7810262          5.7810262
              1       9.2094827       101.82644      0.10321012      -1.1651027       1.0718891    2.100583e-09       145.46634      0.25684691      0.12585498      0.74307936      0.24569493        0.247026         2.51606       7.7018977       1.2527788       8.5830933        8.5830933       1.2527788          1.2527788
              3       9.4868885       101.76327      0.10321012      -1.1651027       1.0718891    2.100583e-09        145.3761      0.25684691      0.12585498      0.74307936      0.24569493        0.247026         2.51606       7.7018977       1.8075905       8.5830933        8.5830933       1.8075905          1.8075905
              1       9.5550855       102.16115      0.10321012      -1.1651027       1.0718891    2.100583e-09        145.9445      0.25684691      0.12585498      0.74307936      0.24569493        0.247026         2.51606       7.7018977       1.9439844       8.5830933        8.5830933       1.9439844          1.9439844
              1       9.2552289        97.64972      0.13777211     -0.86076723     -0.53138899    2.100583e-09        139.4996      0.32738159      0.16041698      0.67254468      0.24569493        0.247026         2.51606       8.0479044       1.3442712       8.5830933        8.5830933       1.3442712          1.3442712
              3       9.9905844        97.48148      0.13777211     -0.86076723     -0.53138899    2.100583e-09       139.25926      0.32738159      0.16041698      0.67254468      0.24569493        0.247026         2.51606       8.0479044       2.8149822       8.5830933        8.5830933       2.8149822          2.8149822
              2       9.3211293       97.620935      0.13777211     -0.86076723     -0.53138899    2.100583e-09       139.45848      0.32738159      0.16041698      0.67254468      0.24569493        0.247026         2.51606       8.0479044        1.476072       8.5830933        8.5830933        1.476072           1.476072
              2       9.4660756       97.577805      0.13777211     -0.86076723     -0.53138899    2.100583e-09       139.39686      0.32738159      0.16041698      0.67254468      0.24569493        0.247026         2.51606       8.0479044       1.7659646       8.5830933        8.5830933       1.7659646          1.7659646
              4       13.792075       99.371838      0.11628805     -0.95854996         0.29261    2.100583e-09       141.95977      0.28353656      0.13893291      0.71638971      0.24569493        0.247026         2.51606        7.767266       10.417964       8.5830933        8.5830933       10.417964          10.417964
              2       13.915661       99.407917      0.11628805     -0.95854996         0.29261    2.100583e-09       142.01131      0.28353656      0.13893291      0.71638971      0.24569493        0.247026         2.51606        7.767266       10.665135       8.5830933        8.5830933       10.665135          10.665135
              2       14.861299       98.979604      0.11628805     -0.95854996         0.29261    2.100583e-09       141.39943      0.28353656      0.13893291      0.71638971      0.24569493        0.247026         2.51606        7.767266       12.556411       8.5830933        8.5830933       12.556411          12.556411
              2       13.785219       99.369455      0.11628805     -0.95854996         0.29261    2.100583e-09       141.95636      0.28353656      0.13893291      0.71638971      0.24569493        0.247026         2.51606        7.767266       10.404252       8.5830933        8.5830933       10.404252          10.404252
              1       13.747359       99.185168      0.11628805     -0.95854996         0.29261    2.100583e-09        141.6931      0.28353656      0.13893291      0.71638971      0.24569493        0.247026         2.51606        7.767266       10.328532       8.5830933        8.5830933       10.328532          10.328532
              1       13.722948       99.195835      0.11628805     -0.95854996         0.29261    2.100583e-09       141.70834      0.28353656      0.13893291      0.71638971      0.24569493        0.247026         2.51606        7.767266       10.279709       8.5830933        8.5830933       10.279709          10.279709
              2        13.25549       99.029291      0.11783488     -0.95414007      0.25556259    2.100583e-09       141.47042      0.28669337      0.14047975       0.7132329      0.24569493        0.247026         2.51606       7.7869035       9.3447938       8.5830933        8.5830933       9.3447938          9.3447938
              1       12.951618       97.465078      0.13036833     -0.85890528     -0.27240889    2.100583e-09       139.23583      0.31227183       0.1530132      0.68765444      0.24569493        0.247026         2.51606       7.9488517       8.7370504       8.5830933        8.5830933       8.7370504          8.7370504
              6       14.998674       97.737749      0.12539509     -0.93352073      0.10669781    2.100583e-09       139.62536      0.30212236      0.14803996      0.69780391      0.24569493        0.247026         2.51606       7.8949191       12.831161       8.5830933        8.5830933       12.831161          12.831161
              2       13.548941       98.752888      0.12539509     -0.93352073      0.10669781    2.100583e-09       141.07555      0.30212236      0.14803996      0.69780391      0.24569493        0.247026         2.51606       7.8949191       9.9316955       8.5830933        8.5830933       9.9316955          9.9316955
              2       10.461923       98.296416      0.12539509     -0.93352073      0.10669781    2.100583e-09       140.42345      0.30212236      0.14803996      0.69780391      0.24569493        0.247026         2.51606       7.8949191       3.7576588       8.5830933        8.5830933       3.7576588          3.7576588
              1       10.624384       98.803095       0.1366505     -0.90581101     -0.63776725    2.100583e-09       141.14728      0.32509258      0.15929536      0.67483369      0.24569493        0.247026         2.51606       8.0113422       4.0825819       8.5830933        8.5830933       4.0825819          4.0825819
              1       10.523774        99.18709       0.1366505     -0.90581101     -0.63776725    2.100583e-09       141.69584      0.32509258      0.15929536      0.67483369      0.24569493        0.247026         2.51606       8.0113422       3.8813621       8.5830933        8.5830933       3.8813621          3.8813621
              3       10.484419       98.828773       0.1366505     -0.90581101     -0.63776725    2.100583e-09       141.18396      0.32509258      0.15929536      0.67483369      0.24569493        0.247026         2.51606       8.0113422        3.802651       8.5830933        8.5830933        3.802651           3.802651
              2       10.257224       99.126395       0.1366505     -0.90581101     -0.63776725    2.100583e-09       141.60914      0.32509258      0.15929536      0.67483369      0.24569493        0.247026         2.51606       8.0113422       3.3482615       8.5830933        8.5830933       3.3482615          3.3482615
              3        10.35883       102.51916      0.12041654      -1.2533573       0.7591058    2.100583e-09       146.45594      0.29196205       0.1430614      0.70796422      0.24569493        0.247026         2.51606       7.7853012       3.5514726       8.5830933        8.5830933       3.5514726          3.5514726
              1       10.150377       102.62947      0.12041654      -1.2533573       0.7591058    2.100583e-09       146.61353      0.29196205       0.1430614      0.70796422      0.24569493        0.247026         2.51606       7.7853012       3.1345667       8.5830933        8.5830933       3.1345667          3.1345667
              2       9.3197804       102.34842      0.11761047      -1.1977433      0.67489525    2.100583e-09       146.21203      0.28623539      0.14025534      0.71369088      0.24569493        0.247026         2.51606       7.7454865       1.4733742       8.5830933        8.5830933       1.4733742          1.4733742
              1       10.197105       102.66061      0.11761047      -1.1977433      0.67489525    2.100583e-09       146.65801      0.28623539      0.14025534      0.71369088      0.24569493        0.247026         2.51606       7.7454865       3.2280226       8.5830933        8.5830933       3.2280226          3.2280226
              2       9.3184839       102.34937      0.11761047      -1.1977433      0.67489525    2.100583e-09       146.21338      0.28623539      0.14025534      0.71369088      0.24569493        0.247026         2.51606       7.7454865       1.4707812       8.5830933        8.5830933       1.4707812          1.4707812
              1        12.36992       102.10339      0.11556835      -1.2347686      0.88104178    2.100583e-09       145.86198      0.28206778      0.13821321      0.71785849      0.24569493        0.247026         2.51606       7.7436554       7.5736536       8.5830933        8.5830933       7.5736536          7.5736536
              1       8.9472457       99.514611      0.13134632      -1.0258325     0.066915233    2.100583e-09       142.16373      0.31426772      0.15399118      0.68565855      0.24569493        0.247026         2.51606       7.9533865       0.7283049       8.5830933        8.5830933       0.7283049          0.7283049
              1       8.6890213       99.500633      0.12920561      -1.0369892      0.14886103    2.100583e-09       142.14376      0.30989894      0.15185048      0.69002734      0.24569493        0.247026         2.51606       7.9237012        0.211856       8.5830933        8.5830933        0.211856           0.211856
              5       8.5980126       99.594541      0.12920561      -1.0369892      0.14886103    2.100583e-09       142.27792      0.30989894      0.15185048      0.69002734      0.24569493        0.247026         2.51606       7.9237012     0.029838662       8.5830933        8.5830933     0.029838662        0.029838662
              2        9.419954       99.822552      0.12920561      -1.0369892      0.14886103    2.100583e-09       142.60365      0.30989894      0.15185048      0.69002734      0.24569493        0.247026         2.51606       7.9237012       1.6737213       8.5830933        8.5830933       1.6737213          1.6737213
              1       8.5957924       99.577791      0.12920561      -1.0369892      0.14886103    2.100583e-09       142.25399      0.30989894      0.15185048      0.69002734      0.24569493        0.247026         2.51606       7.9237012     0.025398197       8.5830933        8.5830933     0.025398197        0.025398197
              1       10.619118       95.636049      0.13963816     -0.78192354     -0.44119173    2.100583e-09       136.62293      0.33118985      0.16228302      0.66873643      0.24569493        0.247026         2.51606       8.1103404       4.0720493       8.5830933        8.5830933       4.0720493          4.0720493
              6       10.202293       95.549262      0.14219024     -0.76697609     -0.58787254    2.100583e-09       136.49895      0.33639817      0.16483511       0.6635281      0.24569493        0.247026         2.51606       8.1410552       3.2383994       8.5830933        8.5830933       3.2383994          3.2383994
              5       10.308476       95.521658      0.14219024     -0.76697609     -0.58787254    2.100583e-09       136.45951      0.33639817      0.16483511       0.6635281      0.24569493        0.247026         2.51606       8.1410552       3.4507645       8.5830933        8.5830933       3.4507645          3.4507645
              1       10.099894       95.733968      0.14219024     -0.76697609     -0.58787254    2.100583e-09       136.76281      0.33639817      0.16483511       0.6635281      0.24569493        0.247026         2.51606       8.1410552        3.033601       8.5830933        8.5830933        3.033601           3.033601
              1       9.9830669       93.963777      0.15730593     -0.59966984      -1.4904652    2.100583e-09       134.23397      0.36724653       0.1799508      0.63267975      0.24569493        0.247026         2.51606       8.3602707       2.7999473       8.5830933        8.5830933       2.7999473          2.7999473
              1       9.6632326       94.712448       0.1547686     -0.64899762      -1.3528405    2.100583e-09        135.3035      0.36206829      0.17741346      0.63785798      0.24569493        0.247026         2.51606       8.3183824       2.1602786       8.5830933        8.5830933       2.1602786          2.1602786
              1       9.6586344       94.630605       0.1547686     -0.64899762      -1.3528405    2.100583e-09       135.18658      0.36206829      0.17741346      0.63785798      0.24569493        0.247026         2.51606       8.3183824       2.1510822       8.5830933        8.5830933       2.1510822          2.1510822
              1       9.0442334        99.81986       0.1277588      -1.0562905      0.27476344    2.100583e-09        142.5998      0.30694625      0.15040366      0.69298002      0.24569493        0.247026         2.51606       7.9111077      0.92228016       8.5830933        8.5830933      0.92228016         0.92228016
              1       9.6288845       100.70901      0.12552709      -1.0847835      0.19266319    2.100583e-09       143.87001      0.30239176      0.14817196      0.69753452      0.24569493        0.247026         2.51606       7.8483002       2.0915824       8.5830933        8.5830933       2.0915824          2.0915824
              3        10.74095       100.37266       0.1361662      -1.0669844     -0.20510066    2.100583e-09       143.38952      0.32410421      0.15881106      0.67582206      0.24569493        0.247026         2.51606       7.9999893        4.315714       8.5830933        8.5830933        4.315714           4.315714
              1       11.875244       99.344726       0.1419357     -0.99409857     -0.50644076    2.100583e-09       141.92104      0.33587871      0.16458057      0.66404756      0.24569493        0.247026         2.51606        8.093506       6.5843019       8.5830933        8.5830933       6.5843019          6.5843019
              2       9.8112942       98.347979      0.14253518     -0.87602407     -0.83283401    2.100583e-09       140.49711      0.33710214      0.16518005      0.66282413      0.24569493        0.247026         2.51606       8.1059023       2.4564018       8.5830933        8.5830933       2.4564018          2.4564018
              5       10.924001       99.152032      0.13451757     -0.90281501     -0.60663425    2.100583e-09       141.64576      0.32073966      0.15716243      0.67918661      0.24569493        0.247026         2.51606       7.9770957       4.6818163       8.5830933        8.5830933       4.6818163          4.6818163
              1       11.107161       99.303936      0.13451757     -0.90281501     -0.60663425    2.100583e-09       141.86277      0.32073966      0.15716243      0.67918661      0.24569493        0.247026         2.51606       7.9770957       5.0481358       8.5830933        8.5830933       5.0481358          5.0481358
              2       10.831569       98.651436      0.14216578     -0.88090816     -0.83483975    2.100583e-09       140.93062      0.33634826      0.16481065      0.66357801      0.24569493        0.247026         2.51606       8.0987509       4.4969508       8.5830933        8.5830933       4.4969508          4.4969508
              3       9.7918846       95.525055      0.14395424     -0.76145476     -0.65866104    2.100583e-09       136.46436      0.33999818      0.16659911      0.65992809      0.24569493        0.247026         2.51606       8.1650284       2.4175826       8.5830933        8.5830933       2.4175826          2.4175826
              3       10.043277       95.738037      0.14395424     -0.76145476     -0.65866104    2.100583e-09       136.76862      0.33999818      0.16659911      0.65992809      0.24569493        0.247026         2.51606       8.1650284        2.920368       8.5830933        8.5830933        2.920368           2.920368
              2       9.7949279        95.52363      0.14395424     -0.76145476     -0.65866104    2.100583e-09       136.46233      0.33999818      0.16659911      0.65992809      0.24569493        0.247026         2.51606       8.1650284       2.4236693       8.5830933        8.5830933       2.4236693          2.4236693
              2       9.9594149        95.61273      0.14247783     -0.77184419     -0.57562895    2.100583e-09       136.58961      0.33698509      0.16512269      0.66294119      0.24569493        0.247026         2.51606       8.1457049       2.7526433       8.5830933        8.5830933       2.7526433          2.7526433
              1       9.9241048       96.322873       0.1383311     -0.84018286     -0.27550403    2.100583e-09        137.6041      0.32852238      0.16097597      0.67140389      0.24569493        0.247026         2.51606       8.0901225        2.682023       8.5830933        8.5830933        2.682023           2.682023
              4       10.082534       96.395383       0.1383311     -0.84018286     -0.27550403    2.100583e-09       137.70769      0.32852238      0.16097597      0.67140389      0.24569493        0.247026         2.51606       8.0901225       2.9988812       8.5830933        8.5830933       2.9988812          2.9988812
              2       9.5272408       94.842325       0.1518719     -0.67136126      -1.1959704    2.100583e-09       135.48904      0.35615667      0.17451677       0.6437696      0.24569493        0.247026         2.51606       8.2758936       1.8882949       8.5830933        8.5830933       1.8882949          1.8882949
              4       9.2094033       100.57864      0.11985708      -1.0824863      0.49960553    2.100583e-09       143.68378       0.2908203      0.14250195      0.70910597      0.24569493        0.247026         2.51606       7.8082639         1.25262       8.5830933        8.5830933         1.25262            1.25262
              2       9.4821061       100.23145      0.11985708      -1.0824863      0.49960553    2.100583e-09       143.18778       0.2908203      0.14250195      0.70910597      0.24569493        0.247026         2.51606       7.8082639       1.7980257       8.5830933        8.5830933       1.7980257          1.7980257
              1        10.25903       101.25137      0.11885571      -1.1549207      0.61775975    2.100583e-09       144.64481      0.28877668      0.14150057      0.71114959      0.24569493        0.247026         2.51606        7.777995       3.3518737       8.5830933        8.5830933       3.3518737          3.3518737
              6        9.169181       101.42503      0.11885571      -1.1549207      0.61775975    2.100583e-09        144.8929      0.28877668      0.14150057      0.71114959      0.24569493        0.247026         2.51606        7.777995       1.1721754       8.5830933        8.5830933       1.1721754          1.1721754
              2       9.1279314       101.98157      0.11238142      -1.1942242      0.90883557    2.100583e-09       145.68796      0.27556385      0.13502629      0.72436242      0.24569493        0.247026         2.51606        7.731096       1.0896761       8.5830933        8.5830933       1.0896761          1.0896761
              3       8.9799601       102.08168      0.11238142      -1.1942242      0.90883557    2.100583e-09       145.83097      0.27556385      0.13502629      0.72436242      0.24569493        0.247026         2.51606        7.731096      0.79373358       8.5830933        8.5830933      0.79373358         0.79373358
              2       9.0275377        102.1454      0.11238142      -1.1942242      0.90883557    2.100583e-09         145.922      0.27556385      0.13502629      0.72436242      0.24569493        0.247026         2.51606        7.731096      0.88888891       8.5830933        8.5830933      0.88888891         0.88888891
              1       8.9849067       102.06642      0.11238142      -1.1942242      0.90883557    2.100583e-09       145.80917      0.27556385      0.13502629      0.72436242      0.24569493        0.247026         2.51606        7.731096      0.80362685       8.5830933        8.5830933      0.80362685         0.80362685
              5       9.1928013       101.96082      0.11238142      -1.1942242      0.90883557    2.100583e-09       145.65831      0.27556385      0.13502629      0.72436242      0.24569493        0.247026         2.51606        7.731096        1.219416       8.5830933        8.5830933        1.219416           1.219416
              5       9.0139236       102.13623      0.11238142      -1.1942242      0.90883557    2.100583e-09       145.90891      0.27556385      0.13502629      0.72436242      0.24569493        0.247026         2.51606        7.731096      0.86166062       8.5830933        8.5830933      0.86166062         0.86166062
              1       10.128327       97.384234      0.13422298     -0.92477914     0.023137284    2.100583e-09       139.12033      0.32013846      0.15686785      0.67978781      0.24569493        0.247026         2.51606       8.0338845       3.0904667       8.5830933        8.5830933       3.0904667          3.0904667
              4       9.8811035       97.319257      0.13422298     -0.92477914     0.023137284    2.100583e-09       139.02751      0.32013846      0.15686785      0.67978781      0.24569493        0.247026         2.51606       8.0338845       2.5960205       8.5830933        8.5830933       2.5960205          2.5960205
              1       9.0386937       98.563494      0.13044876      -1.0035858      0.19718025    2.100583e-09       140.80499      0.31243598      0.15309363      0.68749029      0.24569493        0.247026         2.51606       7.9664745       0.9112009       8.5830933        8.5830933       0.9112009          0.9112009
              5       9.0382585       98.551094      0.13044876      -1.0035858      0.19718025    2.100583e-09       140.78728      0.31243598      0.15309363      0.68749029      0.24569493        0.247026         2.51606       7.9664745      0.91033051       8.5830933        8.5830933      0.91033051         0.91033051
              2       9.2839719       96.385491      0.14273905     -0.83398107     -0.51941439    2.100583e-09       137.69356      0.33751819      0.16538391      0.66240808      0.24569493        0.247026         2.51606       8.1390467       1.4017573       8.5830933        8.5830933       1.4017573          1.4017573
              2        9.142386       96.565273      0.14273905     -0.83398107     -0.51941439    2.100583e-09       137.95039      0.33751819      0.16538391      0.66240808      0.24569493        0.247026         2.51606       8.1390467       1.1185854       8.5830933        8.5830933       1.1185854          1.1185854
              2       9.1284983       97.376404      0.14023767     -0.89349706     -0.35085988    2.100583e-09       139.10915      0.33241333      0.16288253      0.66751294      0.24569493        0.247026         2.51606       8.0974959       1.0908101       8.5830933        8.5830933       1.0908101          1.0908101
              2       9.2650914       97.411883      0.14023767     -0.89349706     -0.35085988    2.100583e-09       139.15983      0.33241333      0.16288253      0.66751294      0.24569493        0.247026         2.51606       8.0974959       1.3639962       8.5830933        8.5830933       1.3639962          1.3639962
              2       9.6838423       96.841173       0.1437469       -0.841457     -0.56199149    2.100583e-09       138.34453      0.33957504      0.16639177      0.66035124      0.24569493        0.247026         2.51606       8.1504369        2.201498       8.5830933        8.5830933        2.201498           2.201498
              1       9.0709772       96.601089       0.1437469       -0.841457     -0.56199149    2.100583e-09       138.00156      0.33957504      0.16639177      0.66035124      0.24569493        0.247026         2.51606       8.1504369       0.9757678       8.5830933        8.5830933       0.9757678          0.9757678
              3       8.9622007        96.57603      0.14397439     -0.82834858     -0.62670785    2.100583e-09       137.96576       0.3400393      0.16661926      0.65988697      0.24569493        0.247026         2.51606       8.1521107       0.7582148       8.5830933        8.5830933       0.7582148          0.7582148
              2       9.0138942        96.67879      0.14397439     -0.82834858     -0.62670785    2.100583e-09       138.11256       0.3400393      0.16661926      0.65988697      0.24569493        0.247026         2.51606       8.1521107      0.86160184       8.5830933        8.5830933      0.86160184         0.86160184
              5       8.9439118       96.610148      0.14397439     -0.82834858     -0.62670785    2.100583e-09        138.0145       0.3400393      0.16661926      0.65988697      0.24569493        0.247026         2.51606       8.1521107      0.72163712       8.5830933        8.5830933      0.72163712         0.72163712
              1       8.9509105       96.589271      0.14397439     -0.82834858     -0.62670785    2.100583e-09       137.98467       0.3400393      0.16661926      0.65988697      0.24569493        0.247026         2.51606       8.1521107      0.73563438       8.5830933        8.5830933      0.73563438         0.73563438
              6       9.3572286       96.445869      0.14397439     -0.82834858     -0.62670785    2.100583e-09       137.77981       0.3400393      0.16661926      0.65988697      0.24569493        0.247026         2.51606       8.1521107       1.5482705       8.5830933        8.5830933       1.5482705          1.5482705
              1       9.4883524       96.421559      0.14397439     -0.82834858     -0.62670785    2.100583e-09       137.74508       0.3400393      0.16661926      0.65988697      0.24569493        0.247026         2.51606       8.1521107       1.8105182       8.5830933        8.5830933       1.8105182          1.8105182
              1       9.0033774       96.548153      0.14397439     -0.82834858     -0.62670785    2.100583e-09       137.92593       0.3400393      0.16661926      0.65988697      0.24569493        0.247026         2.51606       8.1521107       0.8405683       8.5830933        8.5830933       0.8405683          0.8405683
              1        9.342031       95.619983      0.14985394     -0.72945478      -1.0822851    2.100583e-09       136.59998      0.35203839      0.17249881      0.64788788      0.24569493        0.247026         2.51606       8.2391187       1.5178755       8.5830933        8.5830933       1.5178755          1.5178755
              3        9.980348       97.720914      0.13450736      -0.8652094     -0.39957429    2.100583e-09       139.60131      0.32071884      0.15715223      0.67920744      0.24569493        0.247026         2.51606       8.0031873       2.7945094       8.5830933        8.5830933       2.7945094          2.7945094
              3       10.682547       98.003371      0.13450736      -0.8652094     -0.39957429    2.100583e-09       140.00482      0.32071884      0.15715223      0.67920744      0.24569493        0.247026         2.51606       8.0031873       4.1989069       8.5830933        8.5830933       4.1989069          4.1989069
              1       10.548893       97.982226      0.13450736      -0.8652094     -0.39957429    2.100583e-09       139.97461      0.32071884      0.15715223      0.67920744      0.24569493        0.247026         2.51606       8.0031873        3.931599       8.5830933        8.5830933        3.931599           3.931599
              2       9.5932017       98.656902      0.13301395     -0.97823101     0.020961668    2.100583e-09       140.93843      0.31767105      0.15565881      0.68225522      0.24569493        0.247026         2.51606       7.9922739       2.0202169       8.5830933        8.5830933       2.0202169          2.0202169
              2       9.1953639       98.247887      0.13301395     -0.97823101     0.020961668    2.100583e-09       140.35412      0.31767105      0.15565881      0.68225522      0.24569493        0.247026         2.51606       7.9922739       1.2245413       8.5830933        8.5830933       1.2245413          1.2245413
              1       9.6733831       100.55219      0.11864543      -1.1499533      0.79133346    2.100583e-09       143.64599      0.28834755       0.1412903      0.71157872      0.24569493        0.247026         2.51606       7.8320203       2.1805796       8.5830933        8.5830933       2.1805796          2.1805796
              1       9.6565225       100.77116      0.11864543      -1.1499533      0.79133346    2.100583e-09        143.9588      0.28834755       0.1412903      0.71157872      0.24569493        0.247026         2.51606       7.8320203       2.1468584       8.5830933        8.5830933       2.1468584          2.1468584
              2       8.8317049       101.28623      0.11854005      -1.1556408      0.68831602    2.100583e-09       144.69461      0.28813248      0.14118492      0.71179379      0.24569493        0.247026         2.51606       7.7912721      0.49722314       8.5830933        8.5830933      0.49722314         0.49722314
              1       9.1218625       101.77138       0.1159749      -1.1953481      0.84978705    2.100583e-09       145.38768      0.28289748      0.13861976      0.71702879      0.24569493        0.247026         2.51606       7.7701226       1.0775384       8.5830933        8.5830933       1.0775384          1.0775384
              1       8.9120248       99.045726      0.12821292     -0.98913918      0.10655399    2.100583e-09       141.49389      0.30787304      0.15085779      0.69205323      0.24569493        0.247026         2.51606       7.9184996        0.657863       8.5830933        8.5830933        0.657863           0.657863
              1       9.1051403        98.87135      0.12821292     -0.98913918      0.10655399    2.100583e-09       141.24479      0.30787304      0.15085779      0.69205323      0.24569493        0.247026         2.51606       7.9184996       1.0440941       8.5830933        8.5830933       1.0440941          1.0440941
              2       8.8823113       98.978587      0.12821292     -0.98913918      0.10655399    2.100583e-09       141.39798      0.30787304      0.15085779      0.69205323      0.24569493        0.247026         2.51606       7.9184996      0.59843595       8.5830933        8.5830933      0.59843595         0.59843595
              4       9.9104256       101.57742      0.11185736      -1.1553581      0.90094307    2.100583e-09        145.1106      0.27449434      0.13450223      0.72543193      0.24569493        0.247026         2.51606       7.7571891       2.6546646       8.5830933        8.5830933       2.6546646          2.6546646
              1       10.347216       96.429363      0.15071481     -0.74885651       -1.188631    2.100583e-09       137.75623      0.35379527      0.17335968        0.646131      0.24569493        0.247026         2.51606       8.2447833        3.528245       8.5830933        8.5830933        3.528245           3.528245
              5       11.377676       95.872566      0.15071481     -0.74885651       -1.188631    2.100583e-09       136.96081      0.35379527      0.17335968        0.646131      0.24569493        0.247026         2.51606       8.2447833       5.5891647       8.5830933        8.5830933       5.5891647          5.5891647
              2        11.40173       95.844448      0.15089444     -0.74635168      -1.2001486    2.100583e-09       136.92064      0.35416184       0.1735393      0.64576443      0.24569493        0.247026         2.51606       8.2475795       5.6372726       8.5830933        8.5830933       5.6372726          5.6372726
              1       10.778171       98.848855      0.13522042     -0.96132105     -0.35840875    2.100583e-09       141.21265      0.32217406      0.15786529      0.67775221      0.24569493        0.247026         2.51606       7.9948878       4.3901553       8.5830933        8.5830933       4.3901553          4.3901553
              1       10.947741       98.832389      0.13522042     -0.96132105     -0.35840875    2.100583e-09       141.18913      0.32217406      0.15786529      0.67775221      0.24569493        0.247026         2.51606       7.9948878       4.7292958       8.5830933        8.5830933       4.7292958          4.7292958
              3        9.430877       99.359446      0.13518756      -0.9614049     -0.35618688    2.100583e-09       141.94207      0.32210698      0.15783242      0.67781929      0.24569493        0.247026         2.51606       7.9944779       1.6955675       8.5830933        8.5830933       1.6955675          1.6955675
              1       8.9291017       99.617794      0.13020046      -1.0443648       0.1669131    2.100583e-09       142.31113      0.31192924      0.15284533      0.68799703      0.24569493        0.247026         2.51606       7.9408589      0.69201692       8.5830933        8.5830933      0.69201692         0.69201692
              2       9.0021675       99.864776      0.12857066      -1.0674881      0.27549026    2.100583e-09       142.66397      0.30860311      0.15121552      0.69132316      0.24569493        0.247026         2.51606       7.9206296      0.83814841       8.5830933        8.5830933      0.83814841         0.83814841
              1       9.3154684       98.465764      0.13355224     -0.98505009     0.057006695    2.100583e-09       140.66538       0.3187696      0.15619711      0.68115667      0.24569493        0.247026         2.51606       8.0041371       1.4647503       8.5830933        8.5830933       1.4647503          1.4647503
              1       10.870281       98.678812      0.13355224     -0.98505009     0.057006695    2.100583e-09       140.96973       0.3187696      0.15619711      0.68115667      0.24569493        0.247026         2.51606       8.0041371       4.5743758       8.5830933        8.5830933       4.5743758          4.5743758
              2       9.5842688       98.122817      0.13355224     -0.98505009     0.057006695    2.100583e-09       140.17545       0.3187696      0.15619711      0.68115667      0.24569493        0.247026         2.51606       8.0041371       2.0023511       8.5830933        8.5830933       2.0023511          2.0023511
              1       9.5517043       98.557729      0.13148967      -1.0164693      0.17249777    2.100583e-09       140.79676      0.31456027      0.15413453        0.685366      0.24569493        0.247026         2.51606       7.9746219       1.9372221       8.5830933        8.5830933       1.9372221          1.9372221
              1       9.0392391        98.78616      0.13148967      -1.0164693      0.17249777    2.100583e-09       141.12309      0.31456027      0.15413453        0.685366      0.24569493        0.247026         2.51606       7.9746219      0.91229163       8.5830933        8.5830933      0.91229163         0.91229163
              1       9.3738744       98.736413      0.13165256      -1.0237738      0.21494055    2.100583e-09       141.05202      0.31489272      0.15429743      0.68503356      0.24569493        0.247026         2.51606       7.9814938       1.5815622       8.5830933        8.5830933       1.5815622          1.5815622
              1       9.7770849       97.554017      0.13442144     -0.95006877     0.065315642    2.100583e-09       139.36288      0.32054349      0.15706631      0.67938278      0.24569493        0.247026         2.51606       8.0338004       2.3879832       8.5830933        8.5830933       2.3879832          2.3879832
              1        9.913901       96.878506      0.13750165     -0.89751443     -0.18117395    2.100583e-09       138.39787      0.32682963      0.16014652      0.67309664      0.24569493        0.247026         2.51606       8.0690927       2.6616153       8.5830933        8.5830933       2.6616153          2.6616153
              1       9.4035781       99.241986      0.12041816      -1.0526069      0.59300375    2.100583e-09       141.77427      0.29196536      0.14306303      0.70796091      0.24569493        0.247026         2.51606       7.8683023       1.6409696       8.5830933        8.5830933       1.6409696          1.6409696
              1        9.415633       99.263302      0.12041816      -1.0526069      0.59300375    2.100583e-09       141.80472      0.29196536      0.14306303      0.70796091      0.24569493        0.247026         2.51606       7.8683023       1.6650793       8.5830933        8.5830933       1.6650793          1.6650793
              1       9.4139331       99.261283      0.12041816      -1.0526069      0.59300375    2.100583e-09       141.80183      0.29196536      0.14306303      0.70796091      0.24569493        0.247026         2.51606       7.8683023       1.6616796       8.5830933        8.5830933       1.6616796          1.6616796
              1       9.4343091       99.280099      0.12041816      -1.0526069      0.59300375    2.100583e-09       141.82871      0.29196536      0.14306303      0.70796091      0.24569493        0.247026         2.51606       7.8683023       1.7024316       8.5830933        8.5830933       1.7024316          1.7024316
              1        10.51626       99.978148      0.11592841      -1.1089485      0.85172915    2.100583e-09       142.82593       0.2828026      0.13857327      0.71712367      0.24569493        0.247026         2.51606       7.8530993       3.8663343       8.5830933        8.5830933       3.8663343          3.8663343
              1       11.010108       99.603364      0.11592841      -1.1089485      0.85172915    2.100583e-09       142.29052       0.2828026      0.13857327      0.71712367      0.24569493        0.247026         2.51606       7.8530993       4.8540297       8.5830933        8.5830933       4.8540297          4.8540297
              4       10.371935       99.738132      0.11592841      -1.1089485      0.85172915    2.100583e-09       142.48305       0.2828026      0.13857327      0.71712367      0.24569493        0.247026         2.51606       7.8530993       3.5776841       8.5830933        8.5830933       3.5776841          3.5776841
              2       10.474261       100.08838        0.115255      -1.1322744      0.89773675    2.100583e-09        142.9834       0.2814283      0.13789987      0.71849797      0.24569493        0.247026         2.51606       7.8398915       3.7823345       8.5830933        8.5830933       3.7823345          3.7823345
              2       10.643538       100.05295        0.115255      -1.1322744      0.89773675    2.100583e-09       142.93278       0.2814283      0.13789987      0.71849797      0.24569493        0.247026         2.51606       7.8398915       4.1208893       8.5830933        8.5830933       4.1208893          4.1208893
              3       14.384734       97.959211      0.11994443      -1.0231236      0.62284752    2.100583e-09       139.94173      0.29099856       0.1425893      0.70892771      0.24569493        0.247026         2.51606        7.898615       11.603282       8.5830933        8.5830933       11.603282          11.603282
              2       10.537264       98.524119      0.11994443      -1.0231236      0.62284752    2.100583e-09       140.74874      0.29099856       0.1425893      0.70892771      0.24569493        0.247026         2.51606        7.898615        3.908342       8.5830933        8.5830933        3.908342           3.908342
              1       11.976191       98.792111      0.11994443      -1.0231236      0.62284752    2.100583e-09       141.13159      0.29099856       0.1425893      0.70892771      0.24569493        0.247026         2.51606        7.898615       6.7861951       8.5830933        8.5830933       6.7861951          6.7861951
              1       14.180791       98.977863      0.11994443      -1.0231236      0.62284752    2.100583e-09       141.39695      0.29099856       0.1425893      0.70892771      0.24569493        0.247026         2.51606        7.898615       11.195396       8.5830933        8.5830933       11.195396          11.195396
              5       10.630772       98.567977      0.11994443      -1.0231236      0.62284752    2.100583e-09        140.8114      0.29099856       0.1425893      0.70892771      0.24569493        0.247026         2.51606        7.898615       4.0953579       8.5830933        8.5830933       4.0953579          4.0953579
              1       10.318428       97.308854      0.12932379     -0.93839404      0.18965425    2.100583e-09       139.01265      0.31014012      0.15196866      0.68978615      0.24569493        0.247026         2.51606       7.9778893        3.470669       8.5830933        8.5830933        3.470669           3.470669
              2        10.91042       99.466943      0.11982393      -1.1064723      0.76300907    2.100583e-09       142.09563      0.29075264      0.14246879      0.70917364      0.24569493        0.247026         2.51606       7.8790645       4.6546529       8.5830933        8.5830933       4.6546529          4.6546529
              2       12.444697       99.280237      0.11982393      -1.1064723      0.76300907    2.100583e-09       141.82891      0.29075264      0.14246879      0.70917364      0.24569493        0.247026         2.51606       7.8790645       7.7232067       8.5830933        8.5830933       7.7232067          7.7232067
              1       10.406993       99.615877      0.11982393      -1.1064723      0.76300907    2.100583e-09        142.3084      0.29075264      0.14246879      0.70917364      0.24569493        0.247026         2.51606       7.8790645       3.6477985       8.5830933        8.5830933       3.6477985          3.6477985
              2       10.543946       99.767196      0.11982393      -1.1064723      0.76300907    2.100583e-09       142.52457      0.29075264      0.14246879      0.70917364      0.24569493        0.247026         2.51606       7.8790645       3.9217057       8.5830933        8.5830933       3.9217057          3.9217057
              1       10.381671       99.671482      0.11982393      -1.1064723      0.76300907    2.100583e-09       142.38783      0.29075264      0.14246879      0.70917364      0.24569493        0.247026         2.51606       7.8790645       3.5971551       8.5830933        8.5830933       3.5971551          3.5971551
              1       10.507391       99.565032      0.11982393      -1.1064723      0.76300907    2.100583e-09       142.23576      0.29075264      0.14246879      0.70917364      0.24569493        0.247026         2.51606       7.8790645       3.8485948       8.5830933        8.5830933       3.8485948          3.8485948
              2        10.09058       98.770123      0.12632089      -1.0476518      0.44186399    2.100583e-09       141.10018      0.30401175      0.14896576      0.69591452      0.24569493        0.247026         2.51606       7.9262527        3.014973       8.5830933        8.5830933        3.014973           3.014973
              1       10.265137       99.650836       0.1254361      -1.0557267      0.28148227    2.100583e-09       142.35834      0.30220605      0.14808096      0.69772022      0.24569493        0.247026         2.51606       7.8720989        3.364087       8.5830933        8.5830933        3.364087           3.364087
              4       11.208423       99.563285       0.1254361      -1.0557267      0.28148227    2.100583e-09       142.23326      0.30220605      0.14808096      0.69772022      0.24569493        0.247026         2.51606       7.8720989       5.2506598       8.5830933        8.5830933       5.2506598          5.2506598
              1       10.529261       98.970781      0.13463696     -0.99698486     -0.19525818    2.100583e-09       141.38683      0.32098332      0.15728182      0.67894296      0.24569493        0.247026         2.51606       7.9901267       3.8923346       8.5830933        8.5830933       3.8923346          3.8923346
              2       11.007527       99.787622      0.13089573      -1.0870717      0.16743496    2.100583e-09       142.55375      0.31334815      0.15354059      0.68657812      0.24569493        0.247026         2.51606       7.9383331       4.8488674       8.5830933        8.5830933       4.8488674          4.8488674
              1       10.243825       99.871251      0.13089573      -1.0870717      0.16743496    2.100583e-09       142.67322      0.31334815      0.15354059      0.68657812      0.24569493        0.247026         2.51606       7.9383331       3.3214625       8.5830933        8.5830933       3.3214625          3.3214625
              1       9.1252076        97.68433       0.1418012     -0.90508464     -0.45859833    2.100583e-09       139.54904      0.33560423      0.16444607      0.66432205      0.24569493        0.247026         2.51606       8.1116673       1.0842286       8.5830933        8.5830933       1.0842286          1.0842286
              1       9.1881214       97.708628       0.1418012     -0.90508464     -0.45859833    2.100583e-09       139.58375      0.33560423      0.16444607      0.66432205      0.24569493        0.247026         2.51606       8.1116673       1.2100563       8.5830933        8.5830933       1.2100563          1.2100563
              2       10.265813       97.897124       0.1418012     -0.90508464     -0.45859833    2.100583e-09       139.85303      0.33560423      0.16444607      0.66432205      0.24569493        0.247026         2.51606       8.1116673       3.3654392       8.5830933        8.5830933       3.3654392          3.3654392
              3       9.2823176       97.736654       0.1418012     -0.90508464     -0.45859833    2.100583e-09       139.62379      0.33560423      0.16444607      0.66432205      0.24569493        0.247026         2.51606       8.1116673       1.3984487       8.5830933        8.5830933       1.3984487          1.3984487
              1       8.7709112       100.76906      0.12268761      -1.1017757      0.41730675    2.100583e-09       143.95581      0.29659688      0.14533247      0.70332939      0.24569493        0.247026         2.51606       7.8285976      0.37563587       8.5830933        8.5830933      0.37563587         0.37563587
              1       8.9199802       99.421705      0.12631632      -1.0290473      0.28351168    2.100583e-09       142.03101      0.30400242      0.14896119      0.69592385      0.24569493        0.247026         2.51606       7.9000821      0.67377384       8.5830933        8.5830933      0.67377384         0.67377384
              2       8.8103177       99.237224      0.12631632      -1.0290473      0.28351168    2.100583e-09       141.76746      0.30400242      0.14896119      0.69592385      0.24569493        0.247026         2.51606       7.9000821      0.45444886       8.5830933        8.5830933      0.45444886         0.45444886
              4       9.1517667       98.625342      0.12885111     -0.96822442     0.054281134    2.100583e-09       140.89335      0.30917547      0.15149598       0.6907508      0.24569493        0.247026         2.51606       7.9295209       1.1373469       8.5830933        8.5830933       1.1373469          1.1373469
              2       8.9360114       100.43688      0.11944042      -1.1196462      0.66610428    2.100583e-09       143.48126      0.28996996      0.14208528      0.70995631      0.24569493        0.247026         2.51606       7.8252013      0.70583619       8.5830933        8.5830933      0.70583619         0.70583619
              2       8.9144012       100.45244      0.11944042      -1.1196462      0.66610428    2.100583e-09       143.50349      0.28996996      0.14208528      0.70995631      0.24569493        0.247026         2.51606       7.8252013      0.66261578       8.5830933        8.5830933      0.66261578         0.66261578
              4       9.3067024        100.6509      0.13011679      -1.0805829     0.019647296    2.100583e-09         143.787      0.31175849      0.15276166      0.68816778      0.24569493        0.247026         2.51606        7.910245       1.4472183       8.5830933        8.5830933       1.4472183          1.4472183
              1         9.35562       100.62592      0.13011679      -1.0805829     0.019647296    2.100583e-09       143.75132      0.31175849      0.15276166      0.68816778      0.24569493        0.247026         2.51606        7.910245       1.5450534       8.5830933        8.5830933       1.5450534          1.5450534
              1       9.3486511       100.57579      0.13070001      -1.0790691    0.0034789761    2.100583e-09        143.6797      0.31294873      0.15334488      0.68697754      0.24569493        0.247026         2.51606       7.9192832       1.5311155       8.5830933        8.5830933       1.5311155          1.5311155
              2       10.076834       100.88207      0.13070001      -1.0790691    0.0034789761    2.100583e-09       144.11725      0.31294873      0.15334488      0.68697754      0.24569493        0.247026         2.51606       7.9192832       2.9874809       8.5830933        8.5830933       2.9874809          2.9874809
              2       9.5810064       95.223237      0.15262077     -0.66222059      -1.3520358    2.100583e-09        136.0332      0.35768497      0.17526564       0.6422413      0.24569493        0.247026         2.51606       8.2815676       1.9958262       8.5830933        8.5830933       1.9958262          1.9958262
              3       10.173916        94.94082      0.15262077     -0.66222059      -1.3520358    2.100583e-09       135.62974      0.35768497      0.17526564       0.6422413      0.24569493        0.247026         2.51606       8.2815676       3.1816451       8.5830933        8.5830933       3.1816451          3.1816451
              2       9.9070746       94.986696      0.15262077     -0.66222059      -1.3520358    2.100583e-09       135.69528      0.35768497      0.17526564       0.6422413      0.24569493        0.247026         2.51606       8.2815676       2.6479625       8.5830933        8.5830933       2.6479625          2.6479625
              1       9.8030967       95.008602      0.15262077     -0.66222059      -1.3520358    2.100583e-09       135.72657      0.35768497      0.17526564       0.6422413      0.24569493        0.247026         2.51606       8.2815676       2.4400068       8.5830933        8.5830933       2.4400068          2.4400068
              2       9.4951269       95.153302      0.15262077     -0.66222059      -1.3520358    2.100583e-09       135.93329      0.35768497      0.17526564       0.6422413      0.24569493        0.247026         2.51606       8.2815676       1.8240672       8.5830933        8.5830933       1.8240672          1.8240672
              2       9.6727898       94.777161      0.15473829     -0.63295994      -1.4746872    2.100583e-09       135.39594      0.36200645      0.17738316      0.63791982      0.24569493        0.247026         2.51606       8.3147003       2.1793931       8.5830933        8.5830933       2.1793931          2.1793931
              1       9.8569012       94.909812      0.15473829     -0.63295994      -1.4746872    2.100583e-09       135.58545      0.36200645      0.17738316      0.63791982      0.24569493        0.247026         2.51606       8.3147003       2.5476158       8.5830933        8.5830933       2.5476158          2.5476158
              1        9.712194       94.744585      0.15473829     -0.63295994      -1.4746872    2.100583e-09       135.34941      0.36200645      0.17738316      0.63791982      0.24569493        0.247026         2.51606       8.3147003       2.2582015       8.5830933        8.5830933       2.2582015          2.2582015
              1       9.1095457       97.025987      0.14407872     -0.84970144     -0.62292996    2.100583e-09       138.60855      0.34025222      0.16672359      0.65967405      0.24569493        0.247026         2.51606       8.1495098       1.0529048       8.5830933        8.5830933       1.0529048          1.0529048
              2       9.6920712       96.714812      0.14407872     -0.84970144     -0.62292996    2.100583e-09       138.16402      0.34025222      0.16672359      0.65967405      0.24569493        0.247026         2.51606       8.1495098       2.2179559       8.5830933        8.5830933       2.2179559          2.2179559
              1       10.475663       96.617728      0.14407872     -0.84970144     -0.62292996    2.100583e-09       138.02533      0.34025222      0.16672359      0.65967405      0.24569493        0.247026         2.51606       8.1495098       3.7851392       8.5830933        8.5830933       3.7851392          3.7851392
              1       9.2478077       97.066437      0.14407872     -0.84970144     -0.62292996    2.100583e-09       138.66634      0.34025222      0.16672359      0.65967405      0.24569493        0.247026         2.51606       8.1495098       1.3294289       8.5830933        8.5830933       1.3294289          1.3294289
              5       9.5326923       94.847658      0.15217087     -0.66104234      -1.2577414    2.100583e-09       135.49665      0.35676682      0.17481574      0.64315945      0.24569493        0.247026         2.51606       8.2791826       1.8991981       8.5830933        8.5830933       1.8991981          1.8991981
              2       10.048957       94.711275      0.15217087     -0.66104234      -1.2577414    2.100583e-09       135.30182      0.35676682      0.17481574      0.64315945      0.24569493        0.247026         2.51606       8.2791826        2.931727       8.5830933        8.5830933        2.931727           2.931727
              1       9.6445086       94.675693       0.1527983     -0.65094859       -1.287088    2.100583e-09       135.25099      0.35804727      0.17544316        0.641879      0.24569493        0.247026         2.51606       8.2895222       2.1228307       8.5830933        8.5830933       2.1228307          2.1228307
              4       9.3564242        95.23253      0.14950063     -0.70921219      -1.0268151    2.100583e-09       136.04647      0.35131733      0.17214549      0.64860894      0.24569493        0.247026         2.51606       8.2402325       1.5466619       8.5830933        8.5830933       1.5466619          1.5466619
              7       9.3798599        95.18407      0.14971229     -0.70782597      -1.0287339    2.100583e-09       135.97724      0.35174929      0.17235715      0.64817698      0.24569493        0.247026         2.51606       8.2438378       1.5935332       8.5830933        8.5830933       1.5935332          1.5935332
              1        9.374796       95.188522      0.14971229     -0.70782597      -1.0287339    2.100583e-09        135.9836      0.35174929      0.17235715      0.64817698      0.24569493        0.247026         2.51606       8.2438378       1.5834054       8.5830933        8.5830933       1.5834054          1.5834054
              2       8.7891929        98.32049      0.13686091     -0.95563628     -0.19516704    2.100583e-09       140.45784      0.32552199      0.15950578      0.67440428      0.24569493        0.247026         2.51606        8.039067      0.41219929       8.5830933        8.5830933      0.41219929         0.41219929
              3       9.6243712       98.510643      0.13686091     -0.95563628     -0.19516704    2.100583e-09       140.72949      0.32552199      0.15950578      0.67440428      0.24569493        0.247026         2.51606        8.039067       2.0825559       8.5830933        8.5830933       2.0825559          2.0825559
              5       9.0120892       98.400342      0.13686091     -0.95563628     -0.19516704    2.100583e-09       140.57192      0.32552199      0.15950578      0.67440428      0.24569493        0.247026         2.51606        8.039067      0.85799188       8.5830933        8.5830933      0.85799188         0.85799188
              1       8.8597794       98.175901      0.13686091     -0.95563628     -0.19516704    2.100583e-09       140.25129      0.32552199      0.15950578      0.67440428      0.24569493        0.247026         2.51606        8.039067      0.55337219       8.5830933        8.5830933      0.55337219         0.55337219
              4       9.3962852       101.05024      0.12260914      -1.1462179       0.5087798    2.100583e-09       144.35748      0.29643676      0.14525401      0.70348951      0.24569493        0.247026         2.51606       7.8243333       1.6263838       8.5830933        8.5830933       1.6263838          1.6263838
              3       9.5697788       102.41079      0.10420052       -1.220695        1.207366    2.100583e-09       146.30113      0.25886814      0.12684539      0.74105813      0.24569493        0.247026         2.51606       7.7367548       1.9733711       8.5830933        8.5830933       1.9733711          1.9733711
              2       9.7658563       102.29181      0.10420052       -1.220695        1.207366    2.100583e-09       146.13116      0.25886814      0.12684539      0.74105813      0.24569493        0.247026         2.51606       7.7367548       2.3655261       8.5830933        8.5830933       2.3655261          2.3655261
              2       11.365606       96.322733      0.13103284     -0.85999923     0.017661103    2.100583e-09        137.6039      0.31362798      0.15367771      0.68629829      0.24569493        0.247026         2.51606       8.0098805       5.5650263       8.5830933        8.5830933       5.5650263          5.5650263
              2       11.347563       96.426056      0.13103284     -0.85999923     0.017661103    2.100583e-09       137.75151      0.31362798      0.15367771      0.68629829      0.24569493        0.247026         2.51606       8.0098805       5.5289385       8.5830933        8.5830933       5.5289385          5.5289385
              2        9.785699       97.146352      0.13426703     -0.92245186    0.0076057029    2.100583e-09        138.7805      0.32022837       0.1569119       0.6796979      0.24569493        0.247026         2.51606       8.0329745       2.4052114       8.5830933        8.5830933       2.4052114          2.4052114
              1       9.9738126        97.09352      0.13426703     -0.92245186    0.0076057029    2.100583e-09       138.70503      0.32022837       0.1569119       0.6796979      0.24569493        0.247026         2.51606       8.0329745       2.7814387       8.5830933        8.5830933       2.7814387          2.7814387
              1       9.8717796       97.119226      0.13426703     -0.92245186    0.0076057029    2.100583e-09       138.74175      0.32022837       0.1569119       0.6796979      0.24569493        0.247026         2.51606       8.0329745       2.5773726       8.5830933        8.5830933       2.5773726          2.5773726
              1       12.718437       97.693048      0.13426703     -0.92245186    0.0076057029    2.100583e-09        139.5615      0.32022837       0.1569119       0.6796979      0.24569493        0.247026         2.51606       8.0329745       8.2706871       8.5830933        8.5830933       8.2706871          8.2706871
              2       9.6989539       97.186464      0.13426703     -0.92245186    0.0076057029    2.100583e-09       138.83781      0.32022837       0.1569119       0.6796979      0.24569493        0.247026         2.51606       8.0329745       2.2317212       8.5830933        8.5830933       2.2317212          2.2317212
              2       9.7354706       97.235697      0.13393988     -0.92775946      0.03272406    2.100583e-09       138.90814       0.3195607      0.15658474      0.68036557      0.24569493        0.247026         2.51606       8.0294971       2.3047547       8.5830933        8.5830933       2.3047547          2.3047547
              1       9.7441061       97.158756      0.13442305      -0.9222662    0.0081287261    2.100583e-09       138.79822      0.32054676      0.15706791      0.67937951      0.24569493        0.247026         2.51606       8.0357677       2.3220257       8.5830933        8.5830933       2.3220257          2.3220257
              1       9.9948818       97.350681      0.13442305      -0.9222662    0.0081287261    2.100583e-09        139.0724      0.32054676      0.15706791      0.67937951      0.24569493        0.247026         2.51606       8.0357677       2.8235771       8.5830933        8.5830933       2.8235771          2.8235771
              1       9.8825341       97.228831      0.13514812     -0.91083214    -0.042573088    2.100583e-09       138.89833      0.32202651      0.15779299      0.67789976      0.24569493        0.247026         2.51606       8.0443609       2.5988817       8.5830933        8.5830933       2.5988817          2.5988817
              1       8.8971649       101.61067      0.11844691      -1.1641157       0.6594661    2.100583e-09        145.1581       0.2879424      0.14109178      0.71198387      0.24569493        0.247026         2.51606        7.776112      0.62814322       8.5830933        8.5830933      0.62814322         0.62814322
              2       11.141095       102.03998      0.11844691      -1.1641157       0.6594661    2.100583e-09       145.77141       0.2879424      0.14109178      0.71198387      0.24569493        0.247026         2.51606        7.776112       5.1160039       8.5830933        8.5830933       5.1160039          5.1160039
              2       10.366351       101.30555      0.11844691      -1.1641157       0.6594661    2.100583e-09       144.72222       0.2879424      0.14109178      0.71198387      0.24569493        0.247026         2.51606        7.776112       3.5665164       8.5830933        8.5830933       3.5665164          3.5665164
              1       8.9061608       101.59896      0.11844691      -1.1641157       0.6594661    2.100583e-09       145.14138       0.2879424      0.14109178      0.71198387      0.24569493        0.247026         2.51606        7.776112      0.64613502       8.5830933        8.5830933      0.64613502         0.64613502
              2       8.7661628       98.925885      0.13445193     -0.98071662     -0.12929365    2.100583e-09       141.32269      0.32060571       0.1570968      0.67932056      0.24569493        0.247026         2.51606       7.9977434      0.36613903       8.5830933        8.5830933      0.36613903         0.36613903
              2       8.7742731       98.928618      0.13445193     -0.98071662     -0.12929365    2.100583e-09        141.3266      0.32060571       0.1570968      0.67932056      0.24569493        0.247026         2.51606       7.9977434       0.3823596       8.5830933        8.5830933       0.3823596          0.3823596
              1       9.8587204       99.118132      0.13445193     -0.98071662     -0.12929365    2.100583e-09       141.59733      0.32060571       0.1570968      0.67932056      0.24569493        0.247026         2.51606       7.9977434       2.5512542       8.5830933        8.5830933       2.5512542          2.5512542
              1       9.8282666       99.243853      0.13358588     -0.99295873    -0.070355525    2.100583e-09       141.77693      0.31883825      0.15623074      0.68108802      0.24569493        0.247026         2.51606       7.9857527       2.4903466       8.5830933        8.5830933       2.4903466          2.4903466
              1       9.3828621       99.184279      0.13358588     -0.99295873    -0.070355525    2.100583e-09       141.69183      0.31883825      0.15623074      0.68108802      0.24569493        0.247026         2.51606       7.9857527       1.5995376       8.5830933        8.5830933       1.5995376          1.5995376
              2       9.8083138       99.241446      0.13358588     -0.99295873    -0.070355525    2.100583e-09       141.77349      0.31883825      0.15623074      0.68108802      0.24569493        0.247026         2.51606       7.9857527       2.4504411       8.5830933        8.5830933       2.4504411          2.4504411
              2       11.273876         99.0975      0.13911779     -0.92423752     -0.57905862    2.100583e-09       141.56786      0.33012786      0.16176265      0.66979841      0.24569493        0.247026         2.51606       8.0538461       5.3815658       8.5830933        8.5830933       5.3815658          5.3815658
              5       9.2710929       98.673211      0.13911779     -0.92423752     -0.57905862    2.100583e-09       140.96173      0.33012786      0.16176265      0.66979841      0.24569493        0.247026         2.51606       8.0538461       1.3759992       8.5830933        8.5830933       1.3759992          1.3759992
              5       9.7125458       99.289938      0.13852627     -0.99742871      -0.3646926    2.100583e-09       141.84277      0.32892068      0.16117113      0.67100559      0.24569493        0.247026         2.51606       8.0435255       2.2589049       8.5830933        8.5830933       2.2589049          2.2589049
              1       10.394457       99.498237      0.13852627     -0.99742871      -0.3646926    2.100583e-09       142.14034      0.32892068      0.16117113      0.67100559      0.24569493        0.247026         2.51606       8.0435255       3.6227265       8.5830933        8.5830933       3.6227265          3.6227265
              1        10.83154       99.559758      0.13852627     -0.99742871      -0.3646926    2.100583e-09       142.22823      0.32892068      0.16117113      0.67100559      0.24569493        0.247026         2.51606       8.0435255       4.4968925       8.5830933        8.5830933       4.4968925          4.4968925
              1        9.952759       99.409472      0.13852627     -0.99742871      -0.3646926    2.100583e-09       142.01353      0.32892068      0.16117113      0.67100559      0.24569493        0.247026         2.51606       8.0435255       2.7393314       8.5830933        8.5830933       2.7393314          2.7393314
              4       9.0266079       99.871942       0.1333202      -1.0395952    -0.085279677    2.100583e-09        142.6742      0.31829606      0.15596507      0.68163021      0.24569493        0.247026         2.51606       7.9667035       0.8870293       8.5830933        8.5830933       0.8870293          0.8870293
              4       9.0782494       99.796339       0.1333202      -1.0395952    -0.085279677    2.100583e-09        142.5662      0.31829606      0.15596507      0.68163021      0.24569493        0.247026         2.51606       7.9667035      0.99031224       8.5830933        8.5830933      0.99031224         0.99031224
              3        9.047758       99.899208       0.1333202      -1.0395952    -0.085279677    2.100583e-09       142.71315      0.31829606      0.15596507      0.68163021      0.24569493        0.247026         2.51606       7.9667035      0.92932934       8.5830933        8.5830933      0.92932934         0.92932934
              1       8.9075774        99.93726      0.13153925      -1.0613452     0.077651382    2.100583e-09       142.76751      0.31466145      0.15418411      0.68526482      0.24569493        0.247026         2.51606       7.9467514      0.64896831       8.5830933        8.5830933      0.64896831         0.64896831
              2       10.356538       94.546016      0.15260748     -0.66729149      -1.2057742    2.100583e-09       135.06574      0.35765785      0.17525235      0.64226842      0.24569493        0.247026         2.51606       8.2879997       3.5468888       8.5830933        8.5830933       3.5468888          3.5468888
              1       10.334113        94.54912      0.15260748     -0.66729149      -1.2057742    2.100583e-09       135.07017      0.35765785      0.17525235      0.64226842      0.24569493        0.247026         2.51606       8.2879997       3.5020384       8.5830933        8.5830933       3.5020384          3.5020384
              1       9.6859289       94.876823      0.15260748     -0.66729149      -1.2057742    2.100583e-09       135.53832      0.35765785      0.17525235      0.64226842      0.24569493        0.247026         2.51606       8.2879997       2.2056712       8.5830933        8.5830933       2.2056712          2.2056712
              3       11.280441        94.35981      0.14738657     -0.68252693     -0.79726971    2.100583e-09       134.79973      0.34700294      0.17003144      0.65292333      0.24569493        0.247026         2.51606       8.2290565       5.3946953       8.5830933        8.5830933       5.3946953          5.3946953
              1       11.882474       94.846887      0.14622907     -0.76108572     -0.50325679    2.100583e-09       135.49555      0.34464068      0.16887393      0.65528559      0.24569493        0.247026         2.51606       8.2181028       6.5987615       8.5830933        8.5830933       6.5987615          6.5987615
              1       14.468956       95.138941      0.14622907     -0.76108572     -0.50325679    2.100583e-09       135.91277      0.34464068      0.16887393      0.65528559      0.24569493        0.247026         2.51606       8.2181028       11.771725       8.5830933        8.5830933       11.771725          11.771725
              2       13.152821       100.03735      0.12984835      -1.0682891      0.28770361    2.100583e-09        142.9105      0.31121064      0.15249322      0.68871563      0.24569493        0.247026         2.51606       7.9444202       9.1394549       8.5830933        8.5830933       9.1394549          9.1394549
              1       10.112387       99.765571      0.12984835      -1.0682891      0.28770361    2.100583e-09       142.52224      0.31121064      0.15249322      0.68871563      0.24569493        0.247026         2.51606       7.9444202       3.0585883       8.5830933        8.5830933       3.0585883          3.0585883
              1       9.9850985       99.263163      0.12984835      -1.0682891      0.28770361    2.100583e-09       141.80452      0.31121064      0.15249322      0.68871563      0.24569493        0.247026         2.51606       7.9444202       2.8040105       8.5830933        8.5830933       2.8040105          2.8040105
              3       9.9060299       98.162262      0.12653864      -1.0003125      0.37943541    2.100583e-09        140.2318      0.30445614      0.14918351      0.69547013      0.24569493        0.247026         2.51606       7.9422749       2.6458733       8.5830933        8.5830933       2.6458733          2.6458733
              3       9.9686513       98.354296      0.12653864      -1.0003125      0.37943541    2.100583e-09       140.50614      0.30445614      0.14918351      0.69547013      0.24569493        0.247026         2.51606       7.9422749        2.771116       8.5830933        8.5830933        2.771116           2.771116
              4        10.09739       98.389614      0.12653864      -1.0003125      0.37943541    2.100583e-09       140.55659      0.30445614      0.14918351      0.69547013      0.24569493        0.247026         2.51606       7.9422749       3.0285935       8.5830933        8.5830933       3.0285935          3.0285935
              1       9.8263042       98.289003      0.12653864      -1.0003125      0.37943541    2.100583e-09       140.41286      0.30445614      0.14918351      0.69547013      0.24569493        0.247026         2.51606       7.9422749       2.4864218       8.5830933        8.5830933       2.4864218          2.4864218
              2       10.823762       98.390365      0.12750804      -1.0136893      0.30194559    2.100583e-09       140.55766       0.3064345       0.1501529      0.69349177      0.24569493        0.247026         2.51606         7.93216       4.4813368       8.5830933        8.5830933       4.4813368          4.4813368
              3       9.1568807       100.63229      0.10669048      -1.1114816      0.95654241    2.100583e-09       143.76041      0.26394968      0.12933535      0.73597659      0.24569493        0.247026         2.51606       7.7583296       1.1475749       8.5830933        8.5830933       1.1475749          1.1475749
              1         9.26723       100.58999      0.10669048      -1.1114816      0.95654241    2.100583e-09       143.69998      0.26394968      0.12933535      0.73597659      0.24569493        0.247026         2.51606       7.7583296       1.3682734       8.5830933        8.5830933       1.3682734          1.3682734
              2       9.4685447       100.53867      0.10669048      -1.1114816      0.95654241    2.100583e-09       143.62668      0.26394968      0.12933535      0.73597659      0.24569493        0.247026         2.51606       7.7583296       1.7709029       8.5830933        8.5830933       1.7709029          1.7709029
              4       9.7661381       100.92608      0.10669048      -1.1114816      0.95654241    2.100583e-09       144.18012      0.26394968      0.12933535      0.73597659      0.24569493        0.247026         2.51606       7.7583296       2.3660897       8.5830933        8.5830933       2.3660897          2.3660897
              4       10.669792       99.427644      0.12064725     -0.99911695      0.28587304    2.100583e-09       142.03949      0.29243289      0.14329212      0.70749338      0.24569493        0.247026         2.51606       7.8172222       4.1733971       8.5830933        8.5830933       4.1733971          4.1733971
              2       10.544174       99.622478      0.12064725     -0.99911695      0.28587304    2.100583e-09       142.31783      0.29243289      0.14329212      0.70749338      0.24569493        0.247026         2.51606       7.8172222       3.9221612       8.5830933        8.5830933       3.9221612          3.9221612
              6       9.1906512       98.880115      0.13338557     -0.93738303     -0.29639206    2.100583e-09       141.25731      0.31842946      0.15603044      0.68149681      0.24569493        0.247026         2.51606        7.974447       1.2151158       8.5830933        8.5830933       1.2151158          1.2151158
              1       9.0130168       100.27023      0.12908601      -1.0443065     0.012128305    2.100583e-09       143.24319      0.30965484      0.15173087      0.69027143      0.24569493        0.247026         2.51606       7.9016193      0.85984704       8.5830933        8.5830933      0.85984704         0.85984704
              1       9.8691954       100.51699      0.12908601      -1.0443065     0.012128305    2.100583e-09        143.5957      0.30965484      0.15173087      0.69027143      0.24569493        0.247026         2.51606       7.9016193       2.5722043       8.5830933        8.5830933       2.5722043          2.5722043
              2       9.2895564        100.1296      0.12908601      -1.0443065     0.012128305    2.100583e-09       143.04229      0.30965484      0.15173087      0.69027143      0.24569493        0.247026         2.51606       7.9016193       1.4129262       8.5830933        8.5830933       1.4129262          1.4129262
              2       8.9021335       99.551481      0.12254267      -1.0451967      0.42214908    2.100583e-09        142.2164      0.29630109      0.14518753      0.70362518      0.24569493        0.247026         2.51606       7.8574593      0.63808035       8.5830933        8.5830933      0.63808035         0.63808035
              2       9.4071144       99.396768      0.12254267      -1.0451967      0.42214908    2.100583e-09       141.99538      0.29630109      0.14518753      0.70362518      0.24569493        0.247026         2.51606       7.8574593       1.6480423       8.5830933        8.5830933       1.6480423          1.6480423
              1       9.9994865       99.309075      0.12254267      -1.0451967      0.42214908    2.100583e-09       141.87011      0.29630109      0.14518753      0.70362518      0.24569493        0.247026         2.51606       7.8574593       2.8327864       8.5830933        8.5830933       2.8327864          2.8327864
              3       10.895806        97.41335      0.12822756     -0.90625004     0.041985773    2.100583e-09       139.16193      0.30790292      0.15087243      0.69202335      0.24569493        0.247026         2.51606       7.9439265       4.6254252       8.5830933        8.5830933       4.6254252          4.6254252
              1       9.9208267       97.612699      0.13267247     -0.89630351     -0.18895514    2.100583e-09       139.44671      0.31697416      0.15531734      0.68295211      0.24569493        0.247026         2.51606       7.9865732       2.6754668       8.5830933        8.5830933       2.6754668          2.6754668
              3       12.873733       98.264212      0.13267247     -0.89630351     -0.18895514    2.100583e-09       140.37745      0.31697416      0.15531734      0.68295211      0.24569493        0.247026         2.51606       7.9865732       8.5812786       8.5830933        8.5830933       8.5812786          8.5812786
              1       12.457143       99.677297      0.12568468      -0.9886635      0.14314281    2.100583e-09       142.39614      0.30271336      0.14832955      0.69721291      0.24569493        0.247026         2.51606       7.8810452       7.7480997       8.5830933        8.5830933       7.7480997          7.7480997
              1       9.7568804       99.061431      0.12568468      -0.9886635      0.14314281    2.100583e-09       141.51633      0.30271336      0.14832955      0.69721291      0.24569493        0.247026         2.51606       7.8810452       2.3475743       8.5830933        8.5830933       2.3475743          2.3475743
              2       9.4284887       99.186533      0.12568468      -0.9886635      0.14314281    2.100583e-09       141.69505      0.30271336      0.14832955      0.69721291      0.24569493        0.247026         2.51606       7.8810452       1.6907909       8.5830933        8.5830933       1.6907909          1.6907909
              1       10.450543       98.971883      0.12639928     -0.98047676     0.079722339    2.100583e-09        141.3884      0.30417173      0.14904415      0.69575454      0.24569493        0.247026         2.51606       7.8861036       3.7348987       8.5830933        8.5830933       3.7348987          3.7348987
              2       10.646348       99.494241      0.12639928     -0.98047676     0.079722339    2.100583e-09       142.13463      0.30417173      0.14904415      0.69575454      0.24569493        0.247026         2.51606       7.8861036       4.1265097       8.5830933        8.5830933       4.1265097          4.1265097
              2       11.189147       99.295525      0.12532285     -0.97351212      0.14051935    2.100583e-09       141.85075      0.30197493      0.14796771      0.69795135      0.24569493        0.247026         2.51606       7.8811078       5.2121075       8.5830933        8.5830933       5.2121075          5.2121075
              1       10.680145       96.674645      0.14037165     -0.82951569     -0.41985895    2.100583e-09       138.10664      0.33268678      0.16301652      0.66723949      0.24569493        0.247026         2.51606       8.1104318       4.1941041       8.5830933        8.5830933       4.1941041          4.1941041
              6       10.676103       96.377472        0.141774      -0.8113889     -0.48077297    2.100583e-09        137.6821      0.33554871      0.16441887      0.66437756      0.24569493        0.247026         2.51606       8.1326076       4.1860201       8.5830933        8.5830933       4.1860201          4.1860201
              3       9.6490765       95.999879        0.141774      -0.8113889     -0.48077297    2.100583e-09       137.14268      0.33554871      0.16441887      0.66437756      0.24569493        0.247026         2.51606       8.1326076       2.1319665       8.5830933        8.5830933       2.1319665          2.1319665
              4       9.5318007       96.052025        0.141774      -0.8113889     -0.48077297    2.100583e-09       137.21718      0.33554871      0.16441887      0.66437756      0.24569493        0.247026         2.51606       8.1326076       1.8974147       8.5830933        8.5830933       1.8974147          1.8974147
              1       8.7009601       97.778621      0.13974135     -0.89150979      -0.4821067    2.100583e-09       139.68374      0.33140045      0.16238622      0.66852583      0.24569493        0.247026         2.51606       8.0781604      0.23573368       8.5830933        8.5830933      0.23573368         0.23573368
              1        8.705962       97.772221       0.1398248     -0.89001679     -0.49086245    2.100583e-09        139.6746      0.33157075      0.16246967      0.66835552      0.24569493        0.247026         2.51606       8.0792177      0.24573744       8.5830933        8.5830933      0.24573744         0.24573744
              1       8.9118888       98.902223      0.13720103     -0.96916436     -0.31127071    2.100583e-09       141.28889      0.32621612       0.1598459      0.67371016      0.24569493        0.247026         2.51606       8.0308886      0.65759095       8.5830933        8.5830933      0.65759095         0.65759095
              1       8.7631149       99.676301      0.13202986      -1.0234993    -0.060150624    2.100583e-09       142.39472      0.31566271      0.15467473      0.68426356      0.24569493        0.247026         2.51606       7.9511425      0.36004319       8.5830933        8.5830933      0.36004319         0.36004319
              2        8.906635       100.37098      0.12201175      -1.1163484      0.58562906    2.100583e-09       143.38712      0.29521759      0.14465662      0.70470869      0.24569493        0.247026         2.51606       7.8482503      0.64708344       8.5830933        8.5830933      0.64708344         0.64708344
              2       9.5042211       100.18916      0.12201175      -1.1163484      0.58562906    2.100583e-09       143.12737      0.29521759      0.14465662      0.70470869      0.24569493        0.247026         2.51606       7.8482503       1.8422557       8.5830933        8.5830933       1.8422557          1.8422557
              1       8.8973961       100.39454      0.12201175      -1.1163484      0.58562906    2.100583e-09       143.42076      0.29521759      0.14465662      0.70470869      0.24569493        0.247026         2.51606       7.8482503      0.62860573       8.5830933        8.5830933      0.62860573         0.62860573
              2       9.1208032       100.52311      0.12201175      -1.1163484      0.58562906    2.100583e-09       143.60444      0.29521759      0.14465662      0.70470869      0.24569493        0.247026         2.51606       7.8482503       1.0754198       8.5830933        8.5830933       1.0754198          1.0754198
              2       8.8875761       101.35927      0.12085599      -1.1412196      0.52284374    2.100583e-09       144.79895       0.2928589      0.14350086      0.70706738      0.24569493        0.247026         2.51606        7.798729      0.60896571       8.5830933        8.5830933      0.60896571         0.60896571
              1       9.0423236       101.27028      0.12085599      -1.1412196      0.52284374    2.100583e-09       144.67183       0.2928589      0.14350086      0.70706738      0.24569493        0.247026         2.51606        7.798729       0.9184606       8.5830933        8.5830933       0.9184606          0.9184606
              1       8.9372655       101.31498      0.12085599      -1.1412196      0.52284374    2.100583e-09       144.73568       0.2928589      0.14350086      0.70706738      0.24569493        0.247026         2.51606        7.798729      0.70834433       8.5830933        8.5830933      0.70834433         0.70834433
              2       8.9036589       101.41677      0.12085599      -1.1412196      0.52284374    2.100583e-09        144.8811       0.2928589      0.14350086      0.70706738      0.24569493        0.247026         2.51606        7.798729      0.64113123       8.5830933        8.5830933      0.64113123         0.64113123
              1       9.0720932       101.26069      0.12085599      -1.1412196      0.52284374    2.100583e-09       144.65812       0.2928589      0.14350086      0.70706738      0.24569493        0.247026         2.51606        7.798729      0.97799985       8.5830933        8.5830933      0.97799985         0.97799985
              2        9.914375       101.65242      0.12085599      -1.1412196      0.52284374    2.100583e-09       145.21774       0.2928589      0.14350086      0.70706738      0.24569493        0.247026         2.51606        7.798729       2.6625634       8.5830933        8.5830933       2.6625634          2.6625634
              3        8.915241       101.42641      0.12085599      -1.1412196      0.52284374    2.100583e-09       144.89487       0.2928589      0.14350086      0.70706738      0.24569493        0.247026         2.51606        7.798729      0.66429538       8.5830933        8.5830933      0.66429538         0.66429538
              1       9.0194311       101.27829      0.12085599      -1.1412196      0.52284374    2.100583e-09       144.68328       0.2928589      0.14350086      0.70706738      0.24569493        0.247026         2.51606        7.798729      0.87267554       8.5830933        8.5830933      0.87267554         0.87267554
              1       9.3000504       101.20399      0.12085599      -1.1412196      0.52284374    2.100583e-09       144.57713       0.2928589      0.14350086      0.70706738      0.24569493        0.247026         2.51606        7.798729       1.4339141       8.5830933        8.5830933       1.4339141          1.4339141
              1       8.9006441       101.41384      0.12085599      -1.1412196      0.52284374    2.100583e-09       144.87692       0.2928589      0.14350086      0.70706738      0.24569493        0.247026         2.51606        7.798729      0.63510171       8.5830933        8.5830933      0.63510171         0.63510171
              5       8.9839435       101.29218      0.12085599      -1.1412196      0.52284374    2.100583e-09       144.70312       0.2928589      0.14350086      0.70706738      0.24569493        0.247026         2.51606        7.798729      0.80170039       8.5830933        8.5830933      0.80170039         0.80170039
              1       8.9989447       101.30957      0.12082802      -1.1419696      0.52283531    2.100583e-09       144.72795      0.29280182      0.14347289      0.70712446      0.24569493        0.247026         2.51606       7.7978497       0.8317028       8.5830933        8.5830933       0.8317028          0.8317028
              2       9.3493373       101.21562      0.12082802      -1.1419696      0.52283531    2.100583e-09       144.59375      0.29280182      0.14347289      0.70712446      0.24569493        0.247026         2.51606       7.7978497        1.532488       8.5830933        8.5830933        1.532488           1.532488
              1       9.0586528        101.2877      0.12082802      -1.1419696      0.52283531    2.100583e-09       144.69672      0.29280182      0.14347289      0.70712446      0.24569493        0.247026         2.51606       7.7978497      0.95111905       8.5830933        8.5830933      0.95111905         0.95111905
              3       10.188324        101.7056      0.12082802      -1.1419696      0.52283531    2.100583e-09       145.29371      0.29280182      0.14347289      0.70712446      0.24569493        0.247026         2.51606       7.7978497       3.2104613       8.5830933        8.5830933       3.2104613          3.2104613
              3       8.9999802       101.44045      0.12072054       -1.134569      0.49040886    2.100583e-09       144.91492      0.29258246      0.14336541      0.70734381      0.24569493        0.247026         2.51606       7.7927775      0.83377388       8.5830933        8.5830933      0.83377388         0.83377388
              1       9.4209298       102.06088      0.11942236      -1.1672518      0.53056405    2.100583e-09       145.80125      0.28993312      0.14206723      0.70999315      0.24569493        0.247026         2.51606       7.7619591       1.6756731       8.5830933        8.5830933       1.6756731          1.6756731
              4       9.4521222       102.04107      0.11942236      -1.1672518      0.53056405    2.100583e-09       145.77296      0.28993312      0.14206723      0.70999315      0.24569493        0.247026         2.51606       7.7619591       1.7380579       8.5830933        8.5830933       1.7380579          1.7380579
              2       9.3472199       102.49115      0.11516208      -1.2195578       0.8259906    2.100583e-09       146.41592      0.28123866      0.13780694      0.71868761      0.24569493        0.247026         2.51606        7.729585       1.5282531       8.5830933        8.5830933       1.5282531          1.5282531
              2       9.3559711       99.248357       0.1287221     -0.98060718     0.024457368    2.100583e-09       141.78337      0.30891217      0.15136697       0.6910141      0.24569493        0.247026         2.51606        7.917972       1.5457556       8.5830933        8.5830933       1.5457556          1.5457556
              1       9.4593051       99.199707      0.12851066     -0.97615519     0.023841842    2.100583e-09       141.71387      0.30848066      0.15115552      0.69144561      0.24569493        0.247026         2.51606       7.9158645       1.7524237       8.5830933        8.5830933       1.7524237          1.7524237
              4       9.3845081       99.181366      0.12851066     -0.97615519     0.023841842    2.100583e-09       141.68767      0.30848066      0.15115552      0.69144561      0.24569493        0.247026         2.51606       7.9158645       1.6028296       8.5830933        8.5830933       1.6028296          1.6028296
              1       9.6547079       99.239518      0.12851066     -0.97615519     0.023841842    2.100583e-09       141.77074      0.30848066      0.15115552      0.69144561      0.24569493        0.247026         2.51606       7.9158645       2.1432292       8.5830933        8.5830933       2.1432292          2.1432292
              1       10.113294       98.296147      0.13769343     -0.86736427     -0.60078839    2.100583e-09       140.42307      0.32722102       0.1603383      0.67270525      0.24569493        0.247026         2.51606       8.0396188       3.0604024       8.5830933        8.5830933       3.0604024          3.0604024
              1       10.062207       96.735008      0.14365313     -0.75988969     -0.92793636    2.100583e-09       138.19287      0.33938366      0.16629799      0.66054261      0.24569493        0.247026         2.51606       8.1399833        2.958227       8.5830933        8.5830933        2.958227           2.958227
              1       10.952457       101.34757       0.1255003      -1.0609917    -0.021770582    2.100583e-09       144.78224      0.30233708      0.14814517      0.69758919      0.24569493        0.247026         2.51606       7.8297263       4.7387268       8.5830933        8.5830933       4.7387268          4.7387268
              1       11.430459       101.49002       0.1255003      -1.0609917    -0.021770582    2.100583e-09       144.98575      0.30233708      0.14814517      0.69758919      0.24569493        0.247026         2.51606       7.8297263       5.6947321       8.5830933        8.5830933       5.6947321          5.6947321
              1       11.138146       101.16991       0.1255003      -1.0609917    -0.021770582    2.100583e-09       144.52844      0.30233708      0.14814517      0.69758919      0.24569493        0.247026         2.51606       7.8297263        5.110106       8.5830933        8.5830933        5.110106           5.110106
              3       14.233761       103.53966     0.090287411       -1.148351       1.1139781    2.100583e-09        147.9138      0.23047404      0.11293228      0.76945224      0.24569493        0.247026         2.51606       7.5428052       11.301335       8.5830933        8.5830933       11.301335          11.301335
              1       14.371231       103.56593     0.090287411       -1.148351       1.1139781    2.100583e-09       147.95133      0.23047404      0.11293228      0.76945224      0.24569493        0.247026         2.51606       7.5428052       11.576275       8.5830933        8.5830933       11.576275          11.576275
              1       13.975267       103.23229     0.090287411       -1.148351       1.1139781    2.100583e-09        147.4747      0.23047404      0.11293228      0.76945224      0.24569493        0.247026         2.51606       7.5428052       10.784348       8.5830933        8.5830933       10.784348          10.784348
              3       15.242719       103.04251     0.090516445      -1.1452786        1.099178    2.100583e-09       147.20359      0.23094145      0.11316131      0.76898482      0.24569493        0.247026         2.51606       7.5382695       13.319252       8.5830933        8.5830933       13.319252          13.319252
              1       14.838411       103.10107     0.090516445      -1.1452786        1.099178    2.100583e-09       147.28724      0.23094145      0.11316131      0.76898482      0.24569493        0.247026         2.51606       7.5382695       12.510635       8.5830933        8.5830933       12.510635          12.510635
              6       14.335783       103.20849     0.090516445      -1.1452786        1.099178    2.100583e-09       147.44071      0.23094145      0.11316131      0.76898482      0.24569493        0.247026         2.51606       7.5382695       11.505379       8.5830933        8.5830933       11.505379          11.505379
              8       14.591383       103.14584     0.090516445      -1.1452786        1.099178    2.100583e-09       147.35121      0.23094145      0.11316131      0.76898482      0.24569493        0.247026         2.51606       7.5382695       12.016579       8.5830933        8.5830933       12.016579          12.016579
              1       14.586482       103.14684     0.090516445      -1.1452786        1.099178    2.100583e-09       147.35263      0.23094145      0.11316131      0.76898482      0.24569493        0.247026         2.51606       7.5382695       12.006778       8.5830933        8.5830933       12.006778          12.006778
              2       14.440104       103.48177     0.090516445      -1.1452786        1.099178    2.100583e-09        147.8311      0.23094145      0.11316131      0.76898482      0.24569493        0.247026         2.51606       7.5382695       11.714022       8.5830933        8.5830933       11.714022          11.714022
              1       14.184209       103.27156     0.090516445      -1.1452786        1.099178    2.100583e-09        147.5308      0.23094145      0.11316131      0.76898482      0.24569493        0.247026         2.51606       7.5382695       11.202231       8.5830933        8.5830933       11.202231          11.202231
              3       14.175574       103.38375     0.090516445      -1.1452786        1.099178    2.100583e-09       147.69107      0.23094145      0.11316131      0.76898482      0.24569493        0.247026         2.51606       7.5382695       11.184961       8.5830933        8.5830933       11.184961          11.184961
              2       14.826037       103.55896     0.090516445      -1.1452786        1.099178    2.100583e-09       147.94138      0.23094145      0.11316131      0.76898482      0.24569493        0.247026         2.51606       7.5382695       12.485888       8.5830933        8.5830933       12.485888          12.485888
              2       14.406129       103.70478     0.093494769      -1.1734214       1.0853048    2.100583e-09       148.14969      0.23701967      0.11613964      0.76290661      0.24569493        0.247026         2.51606       7.5266277       11.646072       8.5830933        8.5830933       11.646072          11.646072
              4       14.399457       103.78343     0.093494769      -1.1734214       1.0853048    2.100583e-09       148.26204      0.23701967      0.11613964      0.76290661      0.24569493        0.247026         2.51606       7.5266277       11.632727       8.5830933        8.5830933       11.632727          11.632727
              1       17.027515       104.19802     0.093494769      -1.1734214       1.0853048    2.100583e-09       148.85432      0.23701967      0.11613964      0.76290661      0.24569493        0.247026         2.51606       7.5266277       16.888843       8.5830933        8.5830933       16.888843          16.888843
              1       14.533645        103.6401     0.093494769      -1.1734214       1.0853048    2.100583e-09       148.05729      0.23701967      0.11613964      0.76290661      0.24569493        0.247026         2.51606       7.5266277       11.901104       8.5830933        8.5830933       11.901104          11.901104
              1       14.916667       103.54602     0.093494769      -1.1734214       1.0853048    2.100583e-09       147.92289      0.23701967      0.11613964      0.76290661      0.24569493        0.247026         2.51606       7.5266277       12.667148       8.5830933        8.5830933       12.667148          12.667148
              2       16.847332       103.31592     0.093494769      -1.1734214       1.0853048    2.100583e-09       147.59417      0.23701967      0.11613964      0.76290661      0.24569493        0.247026         2.51606       7.5266277       16.528477       8.5830933        8.5830933       16.528477          16.528477
              5       14.408505       103.79197     0.093494769      -1.1734214       1.0853048    2.100583e-09       148.27424      0.23701967      0.11613964      0.76290661      0.24569493        0.247026         2.51606       7.5266277       11.650823       8.5830933        8.5830933       11.650823          11.650823
              1       15.021577       103.52718     0.093494769      -1.1734214       1.0853048    2.100583e-09       147.89598      0.23701967      0.11613964      0.76290661      0.24569493        0.247026         2.51606       7.5266277       12.876967       8.5830933        8.5830933       12.876967          12.876967
              4       14.435666       103.81107     0.093494769      -1.1734214       1.0853048    2.100583e-09       148.30154      0.23701967      0.11613964      0.76290661      0.24569493        0.247026         2.51606       7.5266277       11.705145       8.5830933        8.5830933       11.705145          11.705145
              3       14.491393       103.65628     0.093494769      -1.1734214       1.0853048    2.100583e-09        148.0804      0.23701967      0.11613964      0.76290661      0.24569493        0.247026         2.51606       7.5266277         11.8166       8.5830933        8.5830933         11.8166            11.8166
              1       15.044167       103.97227     0.093494769      -1.1734214       1.0853048    2.100583e-09       148.53182      0.23701967      0.11613964      0.76290661      0.24569493        0.247026         2.51606       7.5266277       12.922147       8.5830933        8.5830933       12.922147          12.922147
              4       15.232648       104.00238     0.093494769      -1.1734214       1.0853048    2.100583e-09       148.57482      0.23701967      0.11613964      0.76290661      0.24569493        0.247026         2.51606       7.5266277       13.299109       8.5830933        8.5830933       13.299109          13.299109
              4       16.154194        104.1159     0.093494769      -1.1734214       1.0853048    2.100583e-09         148.737      0.23701967      0.11613964      0.76290661      0.24569493        0.247026         2.51606       7.5266277       15.142201       8.5830933        8.5830933       15.142201          15.142201
              1        14.54237       103.63706     0.093494769      -1.1734214       1.0853048    2.100583e-09       148.05294      0.23701967      0.11613964      0.76290661      0.24569493        0.247026         2.51606       7.5266277       11.918553       8.5830933        8.5830933       11.918553          11.918553
              2       14.382636        102.1469      0.09984185      -1.0917482      0.85117326    2.100583e-09       145.92414      0.24997289      0.12248672      0.74995338      0.24569493        0.247026         2.51606        7.593634       11.599085       8.5830933        8.5830933       11.599085          11.599085
              1       11.220609       93.716474      0.16218709     -0.47612874      -2.2290782    2.100583e-09       133.88068      0.37720807      0.18483195       0.6227182      0.24569493        0.247026         2.51606       8.4262528       5.2750311       8.5830933        8.5830933       5.2750311          5.2750311
              1       9.7912168       94.718991      0.15584666     -0.62288464      -1.5410638    2.100583e-09       135.31284      0.36426842      0.17849153      0.63565785      0.24569493        0.247026         2.51606       8.3311662       2.4162471       8.5830933        8.5830933       2.4162471          2.4162471
              3       10.139306       94.850341      0.15584666     -0.62288464      -1.5410638    2.100583e-09       135.50049      0.36426842      0.17849153      0.63565785      0.24569493        0.247026         2.51606       8.3311662       3.1124263       8.5830933        8.5830933       3.1124263          3.1124263
              1       9.9632937       95.207853      0.15389483     -0.65718541      -1.4008245    2.100583e-09       136.01122       0.3602851       0.1765397      0.63964117      0.24569493        0.247026         2.51606        8.300751       2.7604008       8.5830933        8.5830933       2.7604008          2.7604008
              3       11.179558       94.731303      0.15389483     -0.65718541      -1.4008245    2.100583e-09       135.33043       0.3602851       0.1765397      0.63964117      0.24569493        0.247026         2.51606        8.300751       5.1929285       8.5830933        8.5830933       5.1929285          5.1929285
              2       10.666445       94.787101      0.15389483     -0.65718541      -1.4008245    2.100583e-09       135.41014       0.3602851       0.1765397      0.63964117      0.24569493        0.247026         2.51606        8.300751       4.1667032       8.5830933        8.5830933       4.1667032          4.1667032
              3         9.58211       94.943136      0.15399929     -0.64881472      -1.4134965    2.100583e-09       135.63305      0.36049827      0.17664415        0.639428      0.24569493        0.247026         2.51606       8.3031295       1.9980334       8.5830933        8.5830933       1.9980334          1.9980334
              1       9.6382914       94.889783      0.15399929     -0.64881472      -1.4134965    2.100583e-09       135.55683      0.36049827      0.17664415        0.639428      0.24569493        0.247026         2.51606       8.3031295       2.1103963       8.5830933        8.5830933       2.1103963          2.1103963
              1        9.412297       100.76167      0.13084844      -1.0888364     0.021016698    2.100583e-09       143.94524      0.31325165      0.15349331      0.68667463      0.24569493        0.247026         2.51606       7.9210186       1.6584074       8.5830933        8.5830933       1.6584074          1.6584074
              2       10.665813       101.02581      0.13084844      -1.0888364     0.021016698    2.100583e-09       144.32259      0.31325165      0.15349331      0.68667463      0.24569493        0.247026         2.51606       7.9210186       4.1654384       8.5830933        8.5830933       4.1654384          4.1654384
              1       11.401364        101.1037      0.13084844      -1.0888364     0.021016698    2.100583e-09       144.43385      0.31325165      0.15349331      0.68667463      0.24569493        0.247026         2.51606       7.9210186       5.6365416       8.5830933        8.5830933       5.6365416          5.6365416
              1       10.482689       101.15469      0.12436636      -1.1457392      0.53235173    2.100583e-09        144.5067       0.3000229      0.14701122      0.69990337      0.24569493        0.247026         2.51606       7.8603226       3.7991907       8.5830933        8.5830933       3.7991907          3.7991907
              3       10.891346       101.19581      0.12526482      -1.1550459      0.53297717    2.100583e-09       144.56544       0.3018565      0.14790969      0.69806977      0.24569493        0.247026         2.51606       7.8716429       4.6165056       8.5830933        8.5830933       4.6165056          4.6165056
              2       10.033303       101.07779      0.12526482      -1.1550459      0.53297717    2.100583e-09       144.39684       0.3018565      0.14790969      0.69806977      0.24569493        0.247026         2.51606       7.8716429       2.9004194       8.5830933        8.5830933       2.9004194          2.9004194
              2       9.1218654       102.24121      0.11662217      -1.2045974      0.78512322    2.100583e-09       146.05887      0.28421845      0.13926704      0.71570782      0.24569493        0.247026         2.51606       7.7533609       1.0775442       8.5830933        8.5830933       1.0775442          1.0775442
              3       9.2119473        102.2945      0.11662217      -1.2045974      0.78512322    2.100583e-09         146.135      0.28421845      0.13926704      0.71570782      0.24569493        0.247026         2.51606       7.7533609        1.257708       8.5830933        8.5830933        1.257708           1.257708
              1       9.5943248        102.5367      0.11192064      -1.2420564       1.0278588    2.100583e-09         146.481      0.27462349      0.13456551      0.72530278      0.24569493        0.247026         2.51606       7.7302904       2.0224629       8.5830933        8.5830933       2.0224629          2.0224629
              1       9.6899179       100.28195      0.11868099      -1.0518237      0.45273459    2.100583e-09       143.25993      0.28842011      0.14132585      0.71150617      0.24569493        0.247026         2.51606       7.7939493       2.2136493       8.5830933        8.5830933       2.2136493          2.2136493
              1       10.026781       100.00271      0.11868099      -1.0518237      0.45273459    2.100583e-09       142.86102      0.28842011      0.14132585      0.71150617      0.24569493        0.247026         2.51606       7.7939493       2.8873763       8.5830933        8.5830933       2.8873763          2.8873763
              2       13.812846       100.73756      0.11868099      -1.0518237      0.45273459    2.100583e-09        143.9108      0.28842011      0.14132585      0.71150617      0.24569493        0.247026         2.51606       7.7939493       10.459506       8.5830933        8.5830933       10.459506          10.459506
              2        13.15711       100.69297      0.11868099      -1.0518237      0.45273459    2.100583e-09        143.8471      0.28842011      0.14132585      0.71150617      0.24569493        0.247026         2.51606       7.7939493        9.148034       8.5830933        8.5830933        9.148034           9.148034
              1       10.551719       100.45128      0.11868099      -1.0518237      0.45273459    2.100583e-09       143.50182      0.28842011      0.14132585      0.71150617      0.24569493        0.247026         2.51606       7.7939493       3.9372509       8.5830933        8.5830933       3.9372509          3.9372509
              1        10.76945       98.072679      0.12843045     -0.95910661      0.23160992    2.100583e-09       140.10383      0.30831697      0.15107532       0.6916093      0.24569493        0.247026         2.51606       7.9611522       4.3727129       8.5830933        8.5830933       4.3727129          4.3727129
              1        9.955706       99.144367      0.12635282       -1.039511      0.41272021    2.100583e-09       141.63481      0.30407691      0.14899768      0.69584936      0.24569493        0.247026         2.51606       7.9241685       2.7452254       8.5830933        8.5830933       2.7452254          2.7452254
              5       10.003744       98.718703      0.12635282       -1.039511      0.41272021    2.100583e-09       141.02672      0.30407691      0.14899768      0.69584936      0.24569493        0.247026         2.51606       7.9241685       2.8413011       8.5830933        8.5830933       2.8413011          2.8413011
              1       10.008905       97.766834      0.13622791     -0.93736698     -0.20300809    2.100583e-09       139.66691      0.32423016      0.15887278      0.67569611      0.24569493        0.247026         2.51606         8.03264       2.8516225       8.5830933        8.5830933       2.8516225          2.8516225
              2       10.000099       98.371015      0.13622791     -0.93736698     -0.20300809    2.100583e-09       140.53002      0.32423016      0.15887278      0.67569611      0.24569493        0.247026         2.51606         8.03264       2.8340123       8.5830933        8.5830933       2.8340123          2.8340123
              1        9.988718       98.609264      0.13625098      -0.9471715     -0.22082838    2.100583e-09       140.87038      0.32427723      0.15889584      0.67564904      0.24569493        0.247026         2.51606       8.0284055       2.8112495       8.5830933        8.5830933       2.8112495          2.8112495
              1       10.565837       99.981491      0.12979363      -1.0800176       0.3019681    2.100583e-09        142.8307      0.31109897       0.1524385       0.6888273      0.24569493        0.247026         2.51606       7.9410682       3.9654866       8.5830933        8.5830933       3.9654866          3.9654866
              1       9.8544661       101.13198      0.12351214      -1.1504032      0.57189964    2.100583e-09       144.47426       0.2982796        0.146157      0.70164667      0.24569493        0.247026         2.51606       7.8516121       2.5427457       8.5830933        8.5830933       2.5427457          2.5427457
              2       9.3512533       100.78265      0.12351214      -1.1504032      0.57189964    2.100583e-09       143.97521       0.2982796        0.146157      0.70164667      0.24569493        0.247026         2.51606       7.8516121       1.5363199       8.5830933        8.5830933       1.5363199          1.5363199
              2       9.1484662       100.92554      0.12351214      -1.1504032      0.57189964    2.100583e-09       144.17934       0.2982796        0.146157      0.70164667      0.24569493        0.247026         2.51606       7.8516121       1.1307458       8.5830933        8.5830933       1.1307458          1.1307458
              1       10.098845       101.30676      0.12658157      -1.1117557      0.23980772    2.100583e-09       144.72395      0.30454375      0.14922644      0.69538252      0.24569493        0.247026         2.51606       7.8640112        3.031504       8.5830933        8.5830933        3.031504           3.031504
              1       11.187552       99.420814      0.13594639     -0.97742337     -0.26099834    2.100583e-09       142.02973      0.32365562      0.15859125      0.67627065      0.24569493        0.247026         2.51606       8.0116532       5.2089167       8.5830933        8.5830933       5.2089167          5.2089167
              1       9.9625511       99.297173      0.13594639     -0.97742337     -0.26099834    2.100583e-09        141.8531      0.32365562      0.15859125      0.67627065      0.24569493        0.247026         2.51606       8.0116532       2.7589157       8.5830933        8.5830933       2.7589157          2.7589157
              1       10.226599       99.412755      0.13578149     -0.98551312     -0.24005112    2.100583e-09       142.01822      0.32331909      0.15842636      0.67660718      0.24569493        0.247026         2.51606       8.0086775       3.2870114       8.5830933        8.5830933       3.2870114          3.2870114
              1        8.829516       99.090937      0.13578149     -0.98551312     -0.24005112    2.100583e-09       141.55848      0.32331909      0.15842636      0.67660718      0.24569493        0.247026         2.51606       8.0086775      0.49284548       8.5830933        8.5830933      0.49284548         0.49284548
              3       8.8416307       99.130557      0.13578149     -0.98551312     -0.24005112    2.100583e-09       141.61508      0.32331909      0.15842636      0.67660718      0.24569493        0.247026         2.51606       8.0086775      0.51707484       8.5830933        8.5830933      0.51707484         0.51707484
              2       9.4589478       96.782172      0.13889525     -0.82632289     -0.50986037    2.100583e-09       138.26025       0.3296737      0.16154011      0.67025257      0.24569493        0.247026         2.51606       8.0774841       1.7517091       8.5830933        8.5830933       1.7517091          1.7517091
              2       11.270616       102.88034      0.11206238      -1.2634047      0.99917905    2.100583e-09       146.97192      0.27491275      0.13470725      0.72501352      0.24569493        0.247026         2.51606       7.7010087       5.3750455       8.5830933        8.5830933       5.3750455          5.3750455
              3        10.23954       103.45743      0.11206238      -1.2634047      0.99917905    2.100583e-09       147.79632      0.27491275      0.13470725      0.72501352      0.24569493        0.247026         2.51606       7.7010087       3.3128942       8.5830933        8.5830933       3.3128942          3.3128942
              2       9.5984122       103.20688      0.11206238      -1.2634047      0.99917905    2.100583e-09        147.4384      0.27491275      0.13470725      0.72501352      0.24569493        0.247026         2.51606       7.7010087       2.0306379       8.5830933        8.5830933       2.0306379          2.0306379
              1       9.6418458       103.29921      0.11206238      -1.2634047      0.99917905    2.100583e-09        147.5703      0.27491275      0.13470725      0.72501352      0.24569493        0.247026         2.51606       7.7010087       2.1175049       8.5830933        8.5830933       2.1175049          2.1175049
              1       9.5909733       103.25098      0.11206238      -1.2634047      0.99917905    2.100583e-09       147.50141      0.27491275      0.13470725      0.72501352      0.24569493        0.247026         2.51606       7.7010087         2.01576       8.5830933        8.5830933         2.01576            2.01576
              1       9.3698897       102.62185      0.10968987      -1.2040839      0.96335408    2.100583e-09       146.60264      0.27007089      0.13233473      0.72985538      0.24569493        0.247026         2.51606       7.6985614       1.5735929       8.5830933        8.5830933       1.5735929          1.5735929
              1       9.9515353       101.98787      0.11173491      -1.1772082      0.92488527    2.100583e-09       145.69696      0.27424444      0.13437977      0.72568183      0.24569493        0.247026         2.51606       7.7438114        2.736884       8.5830933        8.5830933        2.736884           2.736884
              2       10.045133       102.00019      0.11173491      -1.1772082      0.92488527    2.100583e-09       145.71456      0.27424444      0.13437977      0.72568183      0.24569493        0.247026         2.51606       7.7438114       2.9240801       8.5830933        8.5830933       2.9240801          2.9240801
              1        8.937098       101.73528      0.11173491      -1.1772082      0.92488527    2.100583e-09       145.33611      0.27424444      0.13437977      0.72568183      0.24569493        0.247026         2.51606       7.7438114      0.70800949       8.5830933        8.5830933      0.70800949         0.70800949
              1       9.3813391       101.89573      0.11173491      -1.1772082      0.92488527    2.100583e-09       145.56533      0.27424444      0.13437977      0.72568183      0.24569493        0.247026         2.51606       7.7438114       1.5964917       8.5830933        8.5830933       1.5964917          1.5964917
              3        11.62929       101.27141      0.11173491      -1.1772082      0.92488527    2.100583e-09       144.67345      0.27424444      0.13437977      0.72568183      0.24569493        0.247026         2.51606       7.7438114       6.0923935       8.5830933        8.5830933       6.0923935          6.0923935
              2       11.156274       98.648261      0.13023582     -0.98088415     -0.01936243    2.100583e-09       140.92609      0.31200139      0.15288068      0.68792488      0.24569493        0.247026         2.51606       7.9380526       5.1463624       8.5830933        8.5830933       5.1463624          5.1463624
              1       8.9492618       98.951241      0.13023582     -0.98088415     -0.01936243    2.100583e-09       141.35892      0.31200139      0.15288068      0.68792488      0.24569493        0.247026         2.51606       7.9380526      0.73233704       8.5830933        8.5830933      0.73233704         0.73233704
              1        8.885346       98.976876      0.13023582     -0.98088415     -0.01936243    2.100583e-09       141.39554      0.31200139      0.15288068      0.68792488      0.24569493        0.247026         2.51606       7.9380526      0.60450534       8.5830933        8.5830933      0.60450534         0.60450534
              3       9.3907136       98.849568      0.13023582     -0.98088415     -0.01936243    2.100583e-09       141.21367      0.31200139      0.15288068      0.68792488      0.24569493        0.247026         2.51606       7.9380526       1.6152407       8.5830933        8.5830933       1.6152407          1.6152407
              2        9.363169       96.587028      0.14737429     -0.80519947     -0.90825403    2.100583e-09       137.98147      0.34697788      0.17001916      0.65294839      0.24569493        0.247026         2.51606       8.1947579       1.5601514       8.5830933        8.5830933       1.5601514          1.5601514
              1        10.06197       98.223306       0.1420358     -0.96105927     -0.38415083    2.100583e-09       140.31901      0.33608298      0.16468066      0.66384329      0.24569493        0.247026         2.51606       8.1091146       2.9577528       8.5830933        8.5830933       2.9577528          2.9577528
              3       10.064743       98.239442       0.1420358     -0.96105927     -0.38415083    2.100583e-09       140.34206      0.33608298      0.16468066      0.66384329      0.24569493        0.247026         2.51606       8.1091146       2.9632989       8.5830933        8.5830933       2.9632989          2.9632989
              1       9.5448384       100.02776      0.12642528      -1.0578585      0.18883013    2.100583e-09        142.8968      0.30422478      0.14907014      0.69570149      0.24569493        0.247026         2.51606       7.8733217       1.9234902       8.5830933        8.5830933       1.9234902          1.9234902
              2       9.1577771       100.09928      0.12642528      -1.0578585      0.18883013    2.100583e-09       142.99897      0.30422478      0.14907014      0.69570149      0.24569493        0.247026         2.51606       7.8733217       1.1493677       8.5830933        8.5830933       1.1493677          1.1493677
              1       9.1525759       100.10047      0.12642528      -1.0578585      0.18883013    2.100583e-09       143.00067      0.30422478      0.14907014      0.69570149      0.24569493        0.247026         2.51606       7.8733217       1.1389652       8.5830933        8.5830933       1.1389652          1.1389652
              2       8.9930529       98.869692      0.12600948      -1.0053944      0.27402363    2.100583e-09       141.24242      0.30337621      0.14865434      0.69655006      0.24569493        0.247026         2.51606       7.9045639      0.81991917       8.5830933        8.5830933      0.81991917         0.81991917
              3       9.6383215       98.702574      0.12600948      -1.0053944      0.27402363    2.100583e-09       141.00368      0.30337621      0.14865434      0.69655006      0.24569493        0.247026         2.51606       7.9045639       2.1104565       8.5830933        8.5830933       2.1104565          2.1104565
              2       11.327803       96.868538      0.14432385     -0.80751951     -0.93472608    2.100583e-09       138.38363      0.34075248      0.16696872      0.65917379      0.24569493        0.247026         2.51606       8.1420983       5.4894203       8.5830933        8.5830933       5.4894203          5.4894203
              3       11.371594       96.695849      0.14522766     -0.79335155      -0.9914112    2.100583e-09       138.13693      0.34259699      0.16787252      0.65732928      0.24569493        0.247026         2.51606       8.1565783       5.5770008       8.5830933        8.5830933       5.5770008          5.5770008
              3       9.9745369       97.280816      0.14522766     -0.79335155      -0.9914112    2.100583e-09       138.97259      0.34259699      0.16787252      0.65732928      0.24569493        0.247026         2.51606       8.1565783       2.7828872       8.5830933        8.5830933       2.7828872          2.7828872
              1       9.5847906       98.107802      0.13804381       -0.864633     -0.59817016    2.100583e-09         140.154      0.32793607      0.16068867       0.6719902      0.24569493        0.247026         2.51606       8.0463875       2.0033946       8.5830933        8.5830933       2.0033946          2.0033946
              1       9.5945559       99.183334      0.13451554     -0.93850215     -0.39259539    2.100583e-09       141.69048      0.32073552       0.1571604      0.67919075      0.24569493        0.247026         2.51606        7.985213       2.0229252       8.5830933        8.5830933       2.0229252          2.0229252
              4       9.4483039       99.083861      0.13521907      -0.9380174     -0.39446829    2.100583e-09       141.54837       0.3221713      0.15786394      0.67775497      0.24569493        0.247026         2.51606       7.9973107       1.7304213       8.5830933        8.5830933       1.7304213          1.7304213
              1       11.234595       101.57759      0.12674899      -1.0678758      -0.1095234    2.100583e-09       145.11084      0.30488542      0.14939385      0.69504085      0.24569493        0.247026         2.51606       7.8419026       5.3030037       8.5830933        8.5830933       5.3030037          5.3030037
              1       11.276129       101.61877      0.12634993      -1.0709462    -0.090763229    2.100583e-09       145.16967      0.30407101       0.1489948      0.69585526      0.24569493        0.247026         2.51606       7.8356716       5.3860711       8.5830933        8.5830933       5.3860711          5.3860711
              1       11.671735       100.94428       0.1291802      -1.0095964     -0.31580569    2.100583e-09       144.20612      0.30984708      0.15182507      0.69007919      0.24569493        0.247026         2.51606       7.8818453       6.1772839       8.5830933        8.5830933       6.1772839          6.1772839
              1       9.5836112       97.020832      0.13808022     -0.82904922      -0.4852494    2.100583e-09       138.60119      0.32801039      0.16072509      0.67191588      0.24569493        0.247026         2.51606        8.065374       2.0010359       8.5830933        8.5830933       2.0010359          2.0010359
              8       9.4883504       96.948863      0.13808022     -0.82904922      -0.4852494    2.100583e-09       138.49838      0.32801039      0.16072509      0.67191588      0.24569493        0.247026         2.51606        8.065374       1.8105142       8.5830933        8.5830933       1.8105142          1.8105142
              1       9.7417515       97.070991      0.13808022     -0.82904922      -0.4852494    2.100583e-09       138.67284      0.32801039      0.16072509      0.67191588      0.24569493        0.247026         2.51606        8.065374       2.3173164       8.5830933        8.5830933       2.3173164          2.3173164
              4       10.765013       96.834868      0.13798573     -0.84621364      -0.4580108    2.100583e-09       138.33553      0.32781754      0.16063059      0.67210874      0.24569493        0.247026         2.51606       8.0617958       4.3638388       8.5830933        8.5830933       4.3638388          4.3638388
              1       10.686122       96.625233      0.14569935     -0.87535099     -0.54374045    2.100583e-09       138.03605      0.34355963      0.16834422      0.65636664      0.24569493        0.247026         2.51606        8.176746       4.2060574       8.5830933        8.5830933       4.2060574          4.2060574
              3       11.195662       99.672999      0.13094307      -1.1176157      0.37471362    2.100583e-09          142.39      0.31344476      0.15358793      0.68648151      0.24569493        0.247026         2.51606       7.9577141        5.225138       8.5830933        8.5830933        5.225138           5.225138
              4       11.641499       99.611471      0.13094307      -1.1176157      0.37471362    2.100583e-09        142.3021      0.31344476      0.15358793      0.68648151      0.24569493        0.247026         2.51606       7.9577141       6.1168105       8.5830933        8.5830933       6.1168105          6.1168105
              1       11.445658       99.636681      0.13094307      -1.1176157      0.37471362    2.100583e-09       142.33812      0.31344476      0.15358793      0.68648151      0.24569493        0.247026         2.51606       7.9577141       5.7251301       8.5830933        8.5830933       5.7251301          5.7251301
              1       12.062427       98.933519      0.13465835      -1.0840353      0.26040362    2.100583e-09        141.3336      0.32102697      0.15730322       0.6788993      0.24569493        0.247026         2.51606       8.0164468       6.9586672       8.5830933        8.5830933       6.9586672          6.9586672
              1       12.060525        98.93382      0.13465835      -1.0840353      0.26040362    2.100583e-09       141.33403      0.32102697      0.15730322       0.6788993      0.24569493        0.247026         2.51606       8.0164468       6.9548631       8.5830933        8.5830933       6.9548631          6.9548631
              1       11.782781       99.321342      0.13465835      -1.0840353      0.26040362    2.100583e-09       141.88763      0.32102697      0.15730322       0.6788993      0.24569493        0.247026         2.51606       8.0164468       6.3993756       8.5830933        8.5830933       6.3993756          6.3993756
              2       11.971264       99.535046      0.13508396      -1.0931053       0.2324222    2.100583e-09       142.19292      0.32189556      0.15772882      0.67803071      0.24569493        0.247026         2.51606       8.0166955        6.776342       8.5830933        8.5830933        6.776342           6.776342
              1         9.40811       100.09313      0.12992937      -1.0959096      0.28774771    2.100583e-09       142.99018      0.31137599      0.15257424      0.68855028      0.24569493        0.247026         2.51606       7.9349795       1.6500335       8.5830933        8.5830933       1.6500335          1.6500335
              2        9.562785       100.14118      0.12992937      -1.0959096      0.28774771    2.100583e-09       143.05883      0.31137599      0.15257424      0.68855028      0.24569493        0.247026         2.51606       7.9349795       1.9593834       8.5830933        8.5830933       1.9593834          1.9593834
              2       9.6562963       100.18315      0.12989288       -1.100603      0.30089758    2.100583e-09       143.11878      0.31130153      0.15253775      0.68862474      0.24569493        0.247026         2.51606       7.9345744       2.1464061       8.5830933        8.5830933       2.1464061          2.1464061
              1       9.6297508       100.17625      0.12989288       -1.100603      0.30089758    2.100583e-09       143.10893      0.31130153      0.15253775      0.68862474      0.24569493        0.247026         2.51606       7.9345744       2.0933151       8.5830933        8.5830933       2.0933151          2.0933151
              1       9.1169861       95.957873      0.14703877     -0.75386191     -0.90559805    2.100583e-09       137.08268      0.34629313      0.16968363      0.65363314      0.24569493        0.247026         2.51606       8.1988308       1.0677857       8.5830933        8.5830933       1.0677857          1.0677857
              1       9.2490175       96.022057      0.14887769     -0.74613748       -1.027975    2.100583e-09       137.17437      0.35004603      0.17152255      0.64988024      0.24569493        0.247026         2.51606       8.2231936       1.3318485       8.5830933        8.5830933       1.3318485          1.3318485
              2       9.6373649       97.616903      0.13770543     -0.84223091     -0.57037111    2.100583e-09       139.45272      0.32724551       0.1603503      0.67268077      0.24569493        0.247026         2.51606       8.0479417       2.1085433       8.5830933        8.5830933       2.1085433          2.1085433
              1       10.711298       100.53951      0.12547036      -1.1040151      0.28249561    2.100583e-09       143.62788      0.30227598      0.14811523      0.69765029      0.24569493        0.247026         2.51606       7.8532232       4.2564097       8.5830933        8.5830933       4.2564097          4.2564097
              1       9.4735527        100.6956      0.12547036      -1.1040151      0.28249561    2.100583e-09       143.85085      0.30227598      0.14811523      0.69765029      0.24569493        0.247026         2.51606       7.8532232       1.7809187       8.5830933        8.5830933       1.7809187          1.7809187
              6       9.3771475       101.57444      0.10957773      -1.1597777      0.96900665    2.100583e-09       145.10635      0.26984204       0.1322226      0.73008423      0.24569493        0.247026         2.51606       7.7497883       1.5881084       8.5830933        8.5830933       1.5881084          1.5881084
              5       9.3710197       101.23033      0.10957773      -1.1597777      0.96900665    2.100583e-09       144.61476      0.26984204       0.1322226      0.73008423      0.24569493        0.247026         2.51606       7.7497883       1.5758529       8.5830933        8.5830933       1.5758529          1.5758529
              1       9.3795918       101.22853      0.10957773      -1.1597777      0.96900665    2.100583e-09       144.61218      0.26984204       0.1322226      0.73008423      0.24569493        0.247026         2.51606       7.7497883       1.5929971       8.5830933        8.5830933       1.5929971          1.5929971
              3        8.967488       101.40723      0.10957773      -1.1597777      0.96900665    2.100583e-09       144.86748      0.26984204       0.1322226      0.73008423      0.24569493        0.247026         2.51606       7.7497883      0.76878951       8.5830933        8.5830933      0.76878951         0.76878951
              1       8.9535081       101.68232      0.10778832      -1.1700064       1.0118694    2.100583e-09       145.26046      0.26619017      0.13043318       0.7337361      0.24569493        0.247026         2.51606       7.7319056      0.74082968       8.5830933        8.5830933      0.74082968         0.74082968
              1       11.434374       101.27365      0.10778832      -1.1700064       1.0118694    2.100583e-09       144.67665      0.26619017      0.13043318       0.7337361      0.24569493        0.247026         2.51606       7.7319056       5.7025608       8.5830933        8.5830933       5.7025608          5.7025608
              1       9.0860885       101.79801      0.10778832      -1.1700064       1.0118694    2.100583e-09       145.42573      0.26619017      0.13043318       0.7337361      0.24569493        0.247026         2.51606       7.7319056       1.0059905       8.5830933        8.5830933       1.0059905          1.0059905
              3       9.5595821       102.00654      0.10826303      -1.1535835       0.8737076    2.100583e-09       145.72363      0.26715897      0.13090789      0.73276731      0.24569493        0.247026         2.51606       7.6821272       1.9529776       8.5830933        8.5830933       1.9529776          1.9529776
              2       11.093312       102.34575      0.10826303      -1.1535835       0.8737076    2.100583e-09       146.20821      0.26715897      0.13090789      0.73276731      0.24569493        0.247026         2.51606       7.6821272       5.0204374       8.5830933        8.5830933       5.0204374          5.0204374
              1       11.293167       102.62224      0.10599999      -1.1888432        1.055913    2.100583e-09        146.6032      0.26254052      0.12864485      0.73738575      0.24569493        0.247026         2.51606       7.7038037       5.4201482       8.5830933        8.5830933       5.4201482          5.4201482
              4       10.672154       101.85838      0.10599999      -1.1888432        1.055913    2.100583e-09       145.51197      0.26254052      0.12864485      0.73738575      0.24569493        0.247026         2.51606       7.7038037       4.1781206       8.5830933        8.5830933       4.1781206          4.1781206
              1       11.485169       101.78197      0.10599999      -1.1888432        1.055913    2.100583e-09       145.40282      0.26254052      0.12864485      0.73738575      0.24569493        0.247026         2.51606       7.7038037       5.8041517       8.5830933        8.5830933       5.8041517          5.8041517
              3       11.190202       101.80799      0.10599999      -1.1888432        1.055913    2.100583e-09       145.43998      0.26254052      0.12864485      0.73738575      0.24569493        0.247026         2.51606       7.7038037       5.2142181       8.5830933        8.5830933       5.2142181          5.2142181
              1       11.474736       102.63835      0.10599999      -1.1888432        1.055913    2.100583e-09       146.62622      0.26254052      0.12864485      0.73738575      0.24569493        0.247026         2.51606       7.7038037       5.7832861       8.5830933        8.5830933       5.7832861          5.7832861
              4       9.1878794       102.09068      0.10599999      -1.1888432        1.055913    2.100583e-09       145.84383      0.26254052      0.12864485      0.73738575      0.24569493        0.247026         2.51606       7.7038037       1.2095722       8.5830933        8.5830933       1.2095722          1.2095722
              1       9.3732862       102.04269      0.10599999      -1.1888432        1.055913    2.100583e-09       145.77528      0.26254052      0.12864485      0.73738575      0.24569493        0.247026         2.51606       7.7038037       1.5803858       8.5830933        8.5830933       1.5803858          1.5803858
              1       9.3707008       101.80207      0.10527511      -1.1547834      0.97993786    2.100583e-09       145.43153      0.26106119      0.12791998      0.73886509      0.24569493        0.247026         2.51606       7.6878194       1.5752151       8.5830933        8.5830933       1.5752151          1.5752151
              8       9.4312841       102.04466      0.10527511      -1.1547834      0.97993786    2.100583e-09       145.77809      0.26106119      0.12791998      0.73886509      0.24569493        0.247026         2.51606       7.6878194       1.6963817       8.5830933        8.5830933       1.6963817          1.6963817
              1       9.4134942       102.07716      0.10624565      -1.1569192      0.94606916    2.100583e-09       145.82451      0.26304188      0.12889052      0.73688439      0.24569493        0.247026         2.51606       7.6813804       1.6608018       8.5830933        8.5830933       1.6608018          1.6608018
              1       9.3550501       102.02347      0.10624565      -1.1569192      0.94606916    2.100583e-09       145.74781      0.26304188      0.12889052      0.73688439      0.24569493        0.247026         2.51606       7.6813804       1.5439136       8.5830933        8.5830933       1.5439136          1.5439136
              1       11.471733       102.40666      0.10624565      -1.1569192      0.94606916    2.100583e-09       146.29523      0.26304188      0.12889052      0.73688439      0.24569493        0.247026         2.51606       7.6813804       5.7772789       8.5830933        8.5830933       5.7772789          5.7772789
              1       10.980516        104.3873      0.10959111      -1.2976167      0.98547418    2.100583e-09       149.12471      0.26986935      0.13223598      0.73005692      0.24569493        0.247026         2.51606        7.624238       4.7948446       8.5830933        8.5830933       4.7948446          4.7948446
              2       10.956529       104.61467      0.10959111      -1.2976167      0.98547418    2.100583e-09       149.44953      0.26986935      0.13223598      0.73005692      0.24569493        0.247026         2.51606        7.624238       4.7468707       8.5830933        8.5830933       4.7468707          4.7468707
              2        10.80683       104.52623      0.10959111      -1.2976167      0.98547418    2.100583e-09       149.32318      0.26986935      0.13223598      0.73005692      0.24569493        0.247026         2.51606        7.624238       4.4474739       8.5830933        8.5830933       4.4474739          4.4474739
              1       11.233991       102.60317      0.11879032      -1.1658329      0.51304601    2.100583e-09       146.57595      0.28864324      0.14143519      0.71128303      0.24569493        0.247026         2.51606       7.7478181       5.3017951       8.5830933        8.5830933       5.3017951          5.3017951
              1       10.920003       102.56628      0.11879032      -1.1658329      0.51304601    2.100583e-09       146.52326      0.28864324      0.14143519      0.71128303      0.24569493        0.247026         2.51606       7.7478181       4.6738191       8.5830933        8.5830933       4.6738191          4.6738191
              1       10.878818       101.97448      0.11879032      -1.1658329      0.51304601    2.100583e-09       145.67782      0.28864324      0.14143519      0.71128303      0.24569493        0.247026         2.51606       7.7478181       4.5914486       8.5830933        8.5830933       4.5914486          4.5914486
              1       10.908993       100.87368      0.12759564       -1.045954     -0.11605485    2.100583e-09       144.10526      0.30661327       0.1502405        0.693313      0.24569493        0.247026         2.51606        7.861842       4.6517999       8.5830933        8.5830933       4.6517999          4.6517999
              1        10.59204       102.27187      0.12163496      -1.2136271      0.55175578    2.100583e-09       146.10266      0.29444863      0.14427983      0.70547764      0.24569493        0.247026         2.51606        7.784968        4.017893       8.5830933        8.5830933        4.017893           4.017893
              2       10.599715       102.27076      0.12163496      -1.2136271      0.55175578    2.100583e-09       146.10109      0.29444863      0.14427983      0.70547764      0.24569493        0.247026         2.51606        7.784968       4.0332432       8.5830933        8.5830933       4.0332432          4.0332432
              2       10.295929       102.73791      0.12163496      -1.2136271      0.55175578    2.100583e-09       146.76845      0.29444863      0.14427983      0.70547764      0.24569493        0.247026         2.51606        7.784968       3.4256707       8.5830933        8.5830933       3.4256707          3.4256707
              5       9.7068235       102.53796      0.12163496      -1.2136271      0.55175578    2.100583e-09        146.4828      0.29444863      0.14427983      0.70547764      0.24569493        0.247026         2.51606        7.784968       2.2474603       8.5830933        8.5830933       2.2474603          2.2474603
              1       9.7119361       102.54988      0.12163496      -1.2136271      0.55175578    2.100583e-09       146.49983      0.29444863      0.14427983      0.70547764      0.24569493        0.247026         2.51606        7.784968       2.2576856       8.5830933        8.5830933       2.2576856          2.2576856
              1       10.161008       102.34426      0.12163496      -1.2136271      0.55175578    2.100583e-09       146.20609      0.29444863      0.14427983      0.70547764      0.24569493        0.247026         2.51606        7.784968       3.1558299       8.5830933        8.5830933       3.1558299          3.1558299
              1       9.7465156       102.47276      0.12163496      -1.2136271      0.55175578    2.100583e-09       146.38965      0.29444863      0.14427983      0.70547764      0.24569493        0.247026         2.51606        7.784968       2.3268446       8.5830933        8.5830933       2.3268446          2.3268446
              1        10.99639         103.104      0.11815265      -1.2972353      0.92098956    2.100583e-09       147.29143      0.28734187      0.14079751      0.71258441      0.24569493        0.247026         2.51606       7.7600804       4.8265925       8.5830933        8.5830933       4.8265925          4.8265925
              1       11.467656       101.12633      0.13365411       -1.126918    0.0038057876    2.100583e-09       144.46618       0.3189775      0.15629897      0.68094877      0.24569493        0.247026         2.51606       7.9592933       5.7691259       8.5830933        8.5830933       5.7691259          5.7691259
              2       11.086998       101.03027      0.13365411       -1.126918    0.0038057876    2.100583e-09       144.32895       0.3189775      0.15629897      0.68094877      0.24569493        0.247026         2.51606       7.9592933       5.0078103       8.5830933        8.5830933       5.0078103          5.0078103
              1       10.183105       101.57903      0.12845233      -1.1623216      0.22261224    2.100583e-09        145.1129      0.30836162      0.15109719      0.69156465      0.24569493        0.247026         2.51606       7.8793832       3.2000236       8.5830933        8.5830933       3.2000236          3.2000236
              1       10.118675       101.61413      0.12845233      -1.1623216      0.22261224    2.100583e-09       145.16305      0.30836162      0.15109719      0.69156465      0.24569493        0.247026         2.51606       7.8793832       3.0711628       8.5830933        8.5830933       3.0711628          3.0711628
              3       9.6347825       97.398528        0.146305     -0.83735784     -0.90420898    2.100583e-09       139.14075      0.34479565      0.16894987      0.65513062      0.24569493        0.247026         2.51606       8.1718125       2.1033783       8.5830933        8.5830933       2.1033783          2.1033783
              3       9.8753716       97.157898        0.146305     -0.83735784     -0.90420898    2.100583e-09         138.797      0.34479565      0.16894987      0.65513062      0.24569493        0.247026         2.51606       8.1718125       2.5845567       8.5830933        8.5830933       2.5845567          2.5845567
              1       10.364147       98.020485      0.14494717     -0.84183213      -1.0610569    2.100583e-09       140.02926      0.34202456      0.16759203      0.65790172      0.24569493        0.247026         2.51606       8.1410227       3.5621083       8.5830933        8.5830933       3.5621083          3.5621083
              1       10.411393       98.105041      0.14494717     -0.84183213      -1.0610569    2.100583e-09       140.15006      0.34202456      0.16759203      0.65790172      0.24569493        0.247026         2.51606       8.1410227       3.6566002       8.5830933        8.5830933       3.6566002          3.6566002
              4       10.450821       98.124016      0.14494717     -0.84183213      -1.0610569    2.100583e-09       140.17717      0.34202456      0.16759203      0.65790172      0.24569493        0.247026         2.51606       8.1410227       3.7354552       8.5830933        8.5830933       3.7354552          3.7354552
              2       10.990995       98.251929      0.14494717     -0.84183213      -1.0610569    2.100583e-09        140.3599      0.34202456      0.16759203      0.65790172      0.24569493        0.247026         2.51606       8.1410227       4.8158041       8.5830933        8.5830933       4.8158041          4.8158041
              1       10.364598       98.067654      0.14494717     -0.84183213      -1.0610569    2.100583e-09       140.09665      0.34202456      0.16759203      0.65790172      0.24569493        0.247026         2.51606       8.1410227       3.5630096       8.5830933        8.5830933       3.5630096          3.5630096
              2       9.6300832       97.013879      0.14575302      -0.8375501     -0.83229394    2.100583e-09       138.59126      0.34366915      0.16839788      0.65625713      0.24569493        0.247026         2.51606       8.1664455       2.0939798       8.5830933        8.5830933       2.0939798          2.0939798
              4       9.9085076       96.964124      0.14575302      -0.8375501     -0.83229394    2.100583e-09       138.52018      0.34366915      0.16839788      0.65625713      0.24569493        0.247026         2.51606       8.1664455       2.6508285       8.5830933        8.5830933       2.6508285          2.6508285
              2       9.2587573       97.209153      0.14575302      -0.8375501     -0.83229394    2.100583e-09       138.87022      0.34366915      0.16839788      0.65625713      0.24569493        0.247026         2.51606       8.1664455        1.351328       8.5830933        8.5830933        1.351328           1.351328
              3        10.49252       99.215525      0.14061843      -0.9479468     -0.63591364    2.100583e-09       141.73646       0.3331904      0.16326329      0.66673588      0.24569493        0.247026         2.51606       8.0718422       3.8188536       8.5830933        8.5830933       3.8188536          3.8188536
              1       10.046557       99.081813      0.14061843      -0.9479468     -0.63591364    2.100583e-09       141.54545       0.3331904      0.16326329      0.66673588      0.24569493        0.247026         2.51606       8.0718422       2.9269269       8.5830933        8.5830933       2.9269269          2.9269269
              4       10.092244       99.107394      0.14061843      -0.9479468     -0.63591364    2.100583e-09       141.58199       0.3331904      0.16326329      0.66673588      0.24569493        0.247026         2.51606       8.0718422       3.0183019       8.5830933        8.5830933       3.0183019          3.0183019
              1       10.052378       96.278432      0.15150812     -0.72693347      -1.3663457    2.100583e-09       137.54062      0.35541426      0.17415299      0.64451201      0.24569493        0.247026         2.51606       8.2533146       2.9385702       8.5830933        8.5830933       2.9385702          2.9385702
              1       10.409585       100.20484      0.13353971     -0.99694011     -0.42712489    2.100583e-09       143.14977      0.31874404      0.15618458      0.68118223      0.24569493        0.247026         2.51606       7.9533039       3.6529842       8.5830933        8.5830933       3.6529842          3.6529842
              2       10.411007       100.36412      0.13353971     -0.99694011     -0.42712489    2.100583e-09       143.37731      0.31874404      0.15618458      0.68118223      0.24569493        0.247026         2.51606       7.9533039       3.6558268       8.5830933        8.5830933       3.6558268          3.6558268
              1        12.55358       96.300256      0.13609196     -0.76566625     -0.57376303    2.100583e-09       137.57179      0.32395271      0.15873683      0.67597356      0.24569493        0.247026         2.51606       8.0405887       7.9409727       8.5830933        8.5830933       7.9409727          7.9409727
              1       11.856412       96.423932      0.13558766     -0.78532228     -0.49196375    2.100583e-09       137.74847      0.32292353      0.15823253      0.67700274      0.24569493        0.247026         2.51606       8.0351855       6.5466383       8.5830933        8.5830933       6.5466383          6.5466383
              3       11.824075       96.437389      0.13558766     -0.78532228     -0.49196375    2.100583e-09        137.7677      0.32292353      0.15823253      0.67700274      0.24569493        0.247026         2.51606       8.0351855       6.4819636       8.5830933        8.5830933       6.4819636          6.4819636
              1       11.910416       96.614188      0.13558766     -0.78532228     -0.49196375    2.100583e-09       138.02027      0.32292353      0.15823253      0.67700274      0.24569493        0.247026         2.51606       8.0351855       6.6546456       8.5830933        8.5830933       6.6546456          6.6546456
              4       13.201488       96.820394      0.13558766     -0.78532228     -0.49196375    2.100583e-09       138.31485      0.32292353      0.15823253      0.67700274      0.24569493        0.247026         2.51606       8.0351855       9.2367885       8.5830933        8.5830933       9.2367885          9.2367885
              3        13.26984       96.193684      0.13558766     -0.78532228     -0.49196375    2.100583e-09       137.41955      0.32292353      0.15823253      0.67700274      0.24569493        0.247026         2.51606       8.0351855       9.3734931       8.5830933        8.5830933       9.3734931          9.3734931
              1       12.297166       96.319227      0.13558766     -0.78532228     -0.49196375    2.100583e-09        137.5989      0.32292353      0.15823253      0.67700274      0.24569493        0.247026         2.51606       8.0351855       7.4281456       8.5830933        8.5830933       7.4281456          7.4281456
              1       12.500924       98.683984        0.137947     -0.82880333     -0.99309552    2.100583e-09       140.97712       0.3277385      0.16059186      0.67218777      0.24569493        0.247026         2.51606       8.0271537       7.8356607       8.5830933        8.5830933       7.8356607          7.8356607
              1       12.912819       98.550469        0.137947     -0.82880333     -0.99309552    2.100583e-09       140.78638       0.3277385      0.16059186      0.67218777      0.24569493        0.247026         2.51606       8.0271537       8.6594517       8.5830933        8.5830933       8.6594517          8.6594517
              1       13.546417       101.02409      0.13623233     -0.98759706     -0.79778032    2.100583e-09       144.32013      0.32423917       0.1588772       0.6756871      0.24569493        0.247026         2.51606       7.9824392       9.9266466       8.5830933        8.5830933       9.9266466          9.9266466
              2       13.635278       100.72435      0.13745372      -0.9627007     -0.88488353    2.100583e-09       143.89193       0.3267318      0.16009858      0.67319447      0.24569493        0.247026         2.51606       8.0035255       10.104369       8.5830933        8.5830933       10.104369          10.104369
              2       13.555785       100.71119      0.13745372      -0.9627007     -0.88488353    2.100583e-09       143.87313       0.3267318      0.16009858      0.67319447      0.24569493        0.247026         2.51606       8.0035255       9.9453842       8.5830933        8.5830933       9.9453842          9.9453842
              3       13.183806       100.63343      0.13745372      -0.9627007     -0.88488353    2.100583e-09       143.76205       0.3267318      0.16009858      0.67319447      0.24569493        0.247026         2.51606       8.0035255        9.201426       8.5830933        8.5830933        9.201426           9.201426
              2       10.276768       95.618999      0.14441428     -0.71444061     -0.92669595    2.100583e-09       136.59857      0.34093704      0.16705915      0.65898923      0.24569493        0.247026         2.51606       8.1620423       3.3873504       8.5830933        8.5830933       3.3873504          3.3873504
              2       10.153701       95.686385      0.14410448     -0.72298137     -0.89143599    2.100583e-09       136.69484      0.34030478      0.16674934      0.65962149      0.24569493        0.247026         2.51606       8.1576138       3.1412148       8.5830933        8.5830933       3.1412148          3.1412148
              1       10.103287       95.787331      0.14410448     -0.72298137     -0.89143599    2.100583e-09       136.83904      0.34030478      0.16674934      0.65962149      0.24569493        0.247026         2.51606       8.1576138       3.0403871       8.5830933        8.5830933       3.0403871          3.0403871
              6       9.3905313       95.399381      0.14887986     -0.70159494      -1.0700908    2.100583e-09       136.28483      0.35005047      0.17152473       0.6498758      0.24569493        0.247026         2.51606       8.2288558        1.614876       8.5830933        8.5830933        1.614876           1.614876
              4       10.322294       95.616871      0.14887986     -0.70159494      -1.0700908    2.100583e-09       136.59553      0.35005047      0.17152473       0.6498758      0.24569493        0.247026         2.51606       8.2288558       3.4784024       8.5830933        8.5830933       3.4784024          3.4784024
              1       9.4183183       95.421338      0.14887986     -0.70159494      -1.0700908    2.100583e-09        136.3162      0.35005047      0.17152473       0.6498758      0.24569493        0.247026         2.51606       8.2288558       1.6704501       8.5830933        8.5830933       1.6704501          1.6704501
              1       10.752903       95.072991      0.14887986     -0.70159494      -1.0700908    2.100583e-09       135.81856      0.35005047      0.17152473       0.6498758      0.24569493        0.247026         2.51606       8.2288558       4.3396203       8.5830933        8.5830933       4.3396203          4.3396203
              5       9.5163279       95.274939      0.14887986     -0.70159494      -1.0700908    2.100583e-09       136.10706      0.35005047      0.17152473       0.6498758      0.24569493        0.247026         2.51606       8.2288558       1.8664693       8.5830933        8.5830933       1.8664693          1.8664693
              2       9.9991161       95.169929      0.14887986     -0.70159494      -1.0700908    2.100583e-09       135.95704      0.35005047      0.17152473       0.6498758      0.24569493        0.247026         2.51606       8.2288558       2.8320457       8.5830933        8.5830933       2.8320457          2.8320457
              1        10.32257       95.123571      0.14887986     -0.70159494      -1.0700908    2.100583e-09       135.89082      0.35005047      0.17152473       0.6498758      0.24569493        0.247026         2.51606       8.2288558       3.4789527       8.5830933        8.5830933       3.4789527          3.4789527
              2       10.091007       99.079779      0.12138454     -0.98802041      0.30216785    2.100583e-09       141.54254      0.29393757      0.14402941       0.7059887      0.24569493        0.247026         2.51606       7.8405675        3.015827       8.5830933        8.5830933        3.015827           3.015827
              5       9.5882084       99.417636      0.11988202      -1.0181241      0.41604719    2.100583e-09       142.02519      0.29087121      0.14252689      0.70905506      0.24569493        0.247026         2.51606        7.826462       2.0102302       8.5830933        8.5830933       2.0102302          2.0102302
              1       9.6268412       99.428998      0.11961198      -1.0180385      0.42257521    2.100583e-09       142.04143      0.29032009      0.14225684      0.70960618      0.24569493        0.247026         2.51606       7.8237186       2.0874957       8.5830933        8.5830933       2.0874957          2.0874957
              4       8.9720284       101.81611      0.10690772      -1.1759156       1.0408074    2.100583e-09       145.45158      0.26439303      0.12955259      0.73553324      0.24569493        0.247026         2.51606       7.7274813      0.77787019       8.5830933        8.5830933      0.77787019         0.77787019
              2       9.9761611       102.09269      0.10690772      -1.1759156       1.0408074    2.100583e-09        145.8467      0.26439303      0.12955259      0.73553324      0.24569493        0.247026         2.51606       7.7274813       2.7861356       8.5830933        8.5830933       2.7861356          2.7861356
              1        9.580775       102.03234      0.10690772      -1.1759156       1.0408074    2.100583e-09       145.76049      0.26439303      0.12955259      0.73553324      0.24569493        0.247026         2.51606       7.7274813       1.9953635       8.5830933        8.5830933       1.9953635          1.9953635
              2       9.0049805       101.86996      0.10690772      -1.1759156       1.0408074    2.100583e-09       145.52851      0.26439303      0.12955259      0.73553324      0.24569493        0.247026         2.51606       7.7274813      0.84377435       8.5830933        8.5830933      0.84377435         0.84377435
              1       8.9793788       101.79694      0.10690772      -1.1759156       1.0408074    2.100583e-09        145.4242      0.26439303      0.12955259      0.73553324      0.24569493        0.247026         2.51606       7.7274813      0.79257102       8.5830933        8.5830933      0.79257102         0.79257102
              6       9.8547581       101.56676      0.10690772      -1.1759156       1.0408074    2.100583e-09       145.09537      0.26439303      0.12955259      0.73553324      0.24569493        0.247026         2.51606       7.7274813       2.5433296       8.5830933        8.5830933       2.5433296          2.5433296
              8       9.7653655        98.76201      0.12066681      -1.0060066      0.44820762    2.100583e-09       141.08859      0.29247282      0.14331168      0.70745345      0.24569493        0.247026         2.51606       7.8584066       2.3645444       8.5830933        8.5830933       2.3645444          2.3645444
              2       9.7508063       98.765963      0.12066681      -1.0060066      0.44820762    2.100583e-09       141.09423      0.29247282      0.14331168      0.70745345      0.24569493        0.247026         2.51606       7.8584066        2.335426       8.5830933        8.5830933        2.335426           2.335426
              1       9.5247196       98.889287      0.12066681      -1.0060066      0.44820762    2.100583e-09       141.27041      0.29247282      0.14331168      0.70745345      0.24569493        0.247026         2.51606       7.8584066       1.8832527       8.5830933        8.5830933       1.8832527          1.8832527
              1       10.956687       98.772135       0.1194182     -0.96609501       0.3271541    2.100583e-09       141.10305      0.28992464      0.14206307      0.71000164      0.24569493        0.247026         2.51606        7.827254       4.7471865       8.5830933        8.5830933       4.7471865          4.7471865
              4       10.156828       100.66295      0.11241146       -1.072236      0.67503127    2.100583e-09       143.80421      0.27562516      0.13505633      0.72430111      0.24569493        0.247026         2.51606       7.7448532       3.1474688       8.5830933        8.5830933       3.1474688          3.1474688
              4       9.7239822       100.42468      0.11241146       -1.072236      0.67503127    2.100583e-09       143.46383      0.27562516      0.13505633      0.72430111      0.24569493        0.247026         2.51606       7.7448532       2.2817779       8.5830933        8.5830933       2.2817779          2.2817779
              1       9.2145764       101.57225      0.10675863      -1.1485716      0.95251894    2.100583e-09       145.10321      0.26408877       0.1294035       0.7358375      0.24569493        0.247026         2.51606       7.7047958       1.2629662       8.5830933        8.5830933       1.2629662          1.2629662
              3       9.3210724       101.53992      0.10675863      -1.1485716      0.95251894    2.100583e-09       145.05703      0.26408877       0.1294035       0.7358375      0.24569493        0.247026         2.51606       7.7047958       1.4759583       8.5830933        8.5830933       1.4759583          1.4759583
              1       9.1124557       101.61832      0.10675863      -1.1485716      0.95251894    2.100583e-09       145.16903      0.26408877       0.1294035       0.7358375      0.24569493        0.247026         2.51606       7.7047958       1.0587249       8.5830933        8.5830933       1.0587249          1.0587249
              4       9.3529062       99.752183      0.13363355      -1.0626674     0.032339841    2.100583e-09       142.50312      0.31893555      0.15627842      0.68099072      0.24569493        0.247026         2.51606       7.9776076       1.5396259       8.5830933        8.5830933       1.5396259          1.5396259
              2       10.784393       99.463325      0.13363355      -1.0626674     0.032339841    2.100583e-09       142.09046      0.31893555      0.15627842      0.68099072      0.24569493        0.247026         2.51606       7.9776076       4.4025991       8.5830933        8.5830933       4.4025991          4.4025991
              1       9.4113453        99.85155      0.13363355      -1.0626674     0.032339841    2.100583e-09       142.64507      0.31893555      0.15627842      0.68099072      0.24569493        0.247026         2.51606       7.9776076       1.6565041       8.5830933        8.5830933       1.6565041          1.6565041
              1       8.8833585       99.231889      0.13339299     -0.97456092     -0.22940763    2.100583e-09       141.75984      0.31844461      0.15603786      0.68148166      0.24569493        0.247026         2.51606       7.9712053      0.60053051       8.5830933        8.5830933      0.60053051         0.60053051
              2       8.9873264       99.336349      0.13339299     -0.97456092     -0.22940763    2.100583e-09       141.90907      0.31844461      0.15603786      0.68148166      0.24569493        0.247026         2.51606       7.9712053       0.8084663       8.5830933        8.5830933       0.8084663          0.8084663
              3       8.9764293        98.92302      0.13586521     -0.94912914     -0.37990247    2.100583e-09        141.3186      0.32348996      0.15851008      0.67643631      0.24569493        0.247026         2.51606       8.0070544      0.78667212       8.5830933        8.5830933      0.78667212         0.78667212
              1       8.9690899       98.929622      0.13586521     -0.94912914     -0.37990247    2.100583e-09       141.32803      0.32348996      0.15851008      0.67643631      0.24569493        0.247026         2.51606       8.0070544      0.77199319       8.5830933        8.5830933      0.77199319         0.77199319
              1       9.4229596       98.784342      0.13586521     -0.94912914     -0.37990247    2.100583e-09       141.12049      0.32348996      0.15851008      0.67643631      0.24569493        0.247026         2.51606       8.0070544       1.6797327       8.5830933        8.5830933       1.6797327          1.6797327
              1       9.0550273        98.88006      0.13586521     -0.94912914     -0.37990247    2.100583e-09       141.25723      0.32348996      0.15851008      0.67643631      0.24569493        0.247026         2.51606       8.0070544      0.94386804       8.5830933        8.5830933      0.94386804         0.94386804
              5        9.069151       99.055242      0.13586521     -0.94912914     -0.37990247    2.100583e-09       141.50749      0.32348996      0.15851008      0.67643631      0.24569493        0.247026         2.51606       8.0070544       0.9721154       8.5830933        8.5830933       0.9721154          0.9721154
              1       10.547221       100.48432      0.13182345      -1.1229259      0.24815661    2.100583e-09       143.54903      0.31524147      0.15446832       0.6846848      0.24569493        0.247026         2.51606       7.9530037       3.9282562       8.5830933        8.5830933       3.9282562          3.9282562
              2       10.294137       100.24673      0.13182345      -1.1229259      0.24815661    2.100583e-09       143.20961      0.31524147      0.15446832       0.6846848      0.24569493        0.247026         2.51606       7.9530037       3.4220865       8.5830933        8.5830933       3.4220865          3.4220865
              1       10.205623       100.46261      0.12959856      -1.1406302      0.36049652    2.100583e-09       143.51801      0.31070087      0.15224343       0.6892254      0.24569493        0.247026         2.51606       7.9235394       3.2450595       8.5830933        8.5830933       3.2450595          3.2450595
              5       10.313768       100.43397      0.12959856      -1.1406302      0.36049652    2.100583e-09        143.4771      0.31070087      0.15224343       0.6892254      0.24569493        0.247026         2.51606       7.9235394       3.4613492       8.5830933        8.5830933       3.4613492          3.4613492
              4       9.2852853       98.527304      0.13917724     -0.96348863     -0.35957887    2.100583e-09       140.75329      0.33024919       0.1618221      0.66967708      0.24569493        0.247026         2.51606       8.0620629       1.4043841       8.5830933        8.5830933       1.4043841          1.4043841
              1       9.2489405       98.567305      0.13894425     -0.96431126     -0.35699257    2.100583e-09       140.81044      0.32977371      0.16158912      0.67015256      0.24569493        0.247026         2.51606       8.0581179       1.3316944       8.5830933        8.5830933       1.3316944          1.3316944
              5       9.0368726       98.186528      0.14031656     -0.93274337     -0.44124051    2.100583e-09       140.26647      0.33257434      0.16296143      0.66735193      0.24569493        0.247026         2.51606       8.0819171       0.9075587       8.5830933        8.5830933       0.9075587          0.9075587
              3       9.0347538       98.188691      0.14031656     -0.93274337     -0.44124051    2.100583e-09       140.26956      0.33257434      0.16296143      0.66735193      0.24569493        0.247026         2.51606       8.0819171       0.9033211       8.5830933        8.5830933       0.9033211          0.9033211
              2       9.4673547       98.713035      0.14031408     -0.95560803     -0.47102996    2.100583e-09       141.01862      0.33256928      0.16295895      0.66735699      0.24569493        0.247026         2.51606        8.075131       1.7685228       8.5830933        8.5830933       1.7685228          1.7685228
              3       10.822551       98.377041      0.14031408     -0.95560803     -0.47102996    2.100583e-09       140.53863      0.33256928      0.16295895      0.66735699      0.24569493        0.247026         2.51606        8.075131        4.478915       8.5830933        8.5830933        4.478915           4.478915
              5       9.5171263       98.748885      0.14031408     -0.95560803     -0.47102996    2.100583e-09       141.06984      0.33256928      0.16295895      0.66735699      0.24569493        0.247026         2.51606        8.075131       1.8680661       8.5830933        8.5830933       1.8680661          1.8680661
              1       10.609007       99.938105      0.13775333      -1.0355631     -0.30237907    2.100583e-09       142.76872      0.32734325      0.16039819      0.67258302      0.24569493        0.247026         2.51606       8.0269461        4.051828       8.5830933        8.5830933        4.051828           4.051828
              1       11.509697       98.665808      0.14266508     -0.85352014     -0.99958455    2.100583e-09       140.95115      0.33736723      0.16530994      0.66255904      0.24569493        0.247026         2.51606       8.1035291       5.8532067       8.5830933        8.5830933       5.8532067          5.8532067
              1       10.465243       98.311161      0.14266508     -0.85352014     -0.99958455    2.100583e-09       140.44452      0.33736723      0.16530994      0.66255904      0.24569493        0.247026         2.51606       8.1035291       3.7642994       8.5830933        8.5830933       3.7642994          3.7642994
              1       10.298606       96.590379      0.14940176     -0.74763093      -1.3077242    2.100583e-09       137.98626      0.35111557      0.17204663       0.6488107      0.24569493        0.247026         2.51606       8.2181695       3.4310258       8.5830933        8.5830933       3.4310258          3.4310258
              1       10.184633       96.826981      0.14940176     -0.74763093      -1.3077242    2.100583e-09       138.32426      0.35111557      0.17204663       0.6488107      0.24569493        0.247026         2.51606       8.2181695       3.2030785       8.5830933        8.5830933       3.2030785          3.2030785
              1       10.081047       97.366188      0.14319272      -0.9166855     -0.44071431    2.100583e-09       139.09455      0.33844405      0.16583758      0.66148223      0.24569493        0.247026         2.51606       8.1338021       2.9959074       8.5830933        8.5830933       2.9959074          2.9959074
              1       10.067462       97.697399      0.14319272      -0.9166855     -0.44071431    2.100583e-09       139.56771      0.33844405      0.16583758      0.66148223      0.24569493        0.247026         2.51606       8.1338021       2.9687371       8.5830933        8.5830933       2.9687371          2.9687371
              2       10.228105        97.72765      0.14319272      -0.9166855     -0.44071431    2.100583e-09       139.61093      0.33844405      0.16583758      0.66148223      0.24569493        0.247026         2.51606       8.1338021       3.2900239       8.5830933        8.5830933       3.2900239          3.2900239
              1       10.550305       97.777343      0.14319272      -0.9166855     -0.44071431    2.100583e-09       139.68192      0.33844405      0.16583758      0.66148223      0.24569493        0.247026         2.51606       8.1338021        3.934424       8.5830933        8.5830933        3.934424           3.934424
              4       10.012465        97.68568      0.14319272      -0.9166855     -0.44071431    2.100583e-09       139.55097      0.33844405      0.16583758      0.66148223      0.24569493        0.247026         2.51606       8.1338021        2.858743       8.5830933        8.5830933        2.858743           2.858743
              2       12.422489       97.104179      0.14319272      -0.9166855     -0.44071431    2.100583e-09       138.72026      0.33844405      0.16583758      0.66148223      0.24569493        0.247026         2.51606       8.1338021       7.6787918       8.5830933        8.5830933       7.6787918          7.6787918
              1        10.46585       97.301546      0.14319272      -0.9166855     -0.44071431    2.100583e-09       139.00221      0.33844405      0.16583758      0.66148223      0.24569493        0.247026         2.51606       8.1338021       3.7655128       8.5830933        8.5830933       3.7655128          3.7655128
              2       9.2042155       98.226044      0.13628888     -0.96971233     -0.13975411    2.100583e-09       140.32292      0.32435459      0.15893375      0.67557168      0.24569493        0.247026         2.51606       8.0311633       1.2422444       8.5830933        8.5830933       1.2422444          1.2422444
              1       9.4382286       97.092111      0.14391658     -0.86974131     -0.61317935    2.100583e-09       138.70302      0.33992132      0.16656145      0.66000495      0.24569493        0.247026         2.51606       8.1433439       1.7102706       8.5830933        8.5830933       1.7102706          1.7102706
              2       9.2260326       97.148734      0.14391658     -0.86974131     -0.61317935    2.100583e-09       138.78391      0.33992132      0.16656145      0.66000495      0.24569493        0.247026         2.51606       8.1433439       1.2858786       8.5830933        8.5830933       1.2858786          1.2858786
              2       9.2027031       97.333517      0.14391658     -0.86974131     -0.61317935    2.100583e-09       139.04788      0.33992132      0.16656145      0.66000495      0.24569493        0.247026         2.51606       8.1433439       1.2392196       8.5830933        8.5830933       1.2392196          1.2392196
              1       10.956414       97.600205      0.14391658     -0.86974131     -0.61317935    2.100583e-09       139.42886      0.33992132      0.16656145      0.66000495      0.24569493        0.247026         2.51606       8.1433439       4.7466407       8.5830933        8.5830933       4.7466407          4.7466407
              1       10.077475       96.988481      0.14391658     -0.86974131     -0.61317935    2.100583e-09       138.55497      0.33992132      0.16656145      0.66000495      0.24569493        0.247026         2.51606       8.1433439       2.9887643       8.5830933        8.5830933       2.9887643          2.9887643
              1       10.135979       96.876641      0.14428189     -0.86257685     -0.63191166    2.100583e-09        138.3952      0.34066685      0.16692676      0.65925942      0.24569493        0.247026         2.51606       8.1496119       3.1057722       8.5830933        8.5830933       3.1057722          3.1057722
             12       9.1133442       97.103741      0.14428189     -0.86257685     -0.63191166    2.100583e-09       138.71963      0.34066685      0.16692676      0.65925942      0.24569493        0.247026         2.51606       8.1496119       1.0605018       8.5830933        8.5830933       1.0605018          1.0605018
              1       9.2273961       97.045378      0.14428189     -0.86257685     -0.63191166    2.100583e-09       138.63625      0.34066685      0.16692676      0.65925942      0.24569493        0.247026         2.51606       8.1496119       1.2886057       8.5830933        8.5830933       1.2886057          1.2886057
              1       9.3379228       99.269954      0.13594587      -0.9670531     -0.40988854    2.100583e-09       141.81422      0.32365455      0.15859073      0.67627172      0.24569493        0.247026         2.51606        8.002273       1.5096591       8.5830933        8.5830933       1.5096591          1.5096591
              5       10.268308       99.084217      0.13594587      -0.9670531     -0.40988854    2.100583e-09       141.54888      0.32365455      0.15859073      0.67627172      0.24569493        0.247026         2.51606        8.002273       3.3704296       8.5830933        8.5830933       3.3704296          3.3704296
              4       9.3214692       99.424606      0.13594587      -0.9670531     -0.40988854    2.100583e-09       142.03515      0.32365455      0.15859073      0.67627172      0.24569493        0.247026         2.51606        8.002273       1.4767519       8.5830933        8.5830933       1.4767519          1.4767519
              2        9.879494       99.176776      0.13697171     -0.95411096     -0.51630976    2.100583e-09       141.68111      0.32574812      0.15961658      0.67417815      0.24569493        0.247026         2.51606       8.0153332       2.5928014       8.5830933        8.5830933       2.5928014          2.5928014
              3        9.667071       99.425521      0.13697171     -0.95411096     -0.51630976    2.100583e-09       142.03646      0.32574812      0.15961658      0.67417815      0.24569493        0.247026         2.51606       8.0153332       2.1679554       8.5830933        8.5830933       2.1679554          2.1679554
              1       9.4448369       101.87005      0.11192357      -1.2078542       1.0172086    2.100583e-09       145.52865      0.27462946      0.13456844      0.72529681      0.24569493        0.247026         2.51606       7.7609685       1.7234872       8.5830933        8.5830933       1.7234872          1.7234872
              2        9.587974       102.01066      0.11192357      -1.2078542       1.0172086    2.100583e-09       145.72951      0.27462946      0.13456844      0.72529681      0.24569493        0.247026         2.51606       7.7609685       2.0097613       8.5830933        8.5830933       2.0097613          2.0097613
              1       11.433012       97.700386      0.13604358     -0.96759245     0.099843471    2.100583e-09       139.57198      0.32385397      0.15868844       0.6760723      0.24569493        0.247026         2.51606       8.0596247       5.6998379       8.5830933        8.5830933       5.6998379          5.6998379
              3       10.645532       97.401882      0.13604358     -0.96759245     0.099843471    2.100583e-09       139.14555      0.32385397      0.15868844       0.6760723      0.24569493        0.247026         2.51606       8.0596247       4.1248768       8.5830933        8.5830933       4.1248768          4.1248768
              1       10.574682       97.034364      0.13629682     -0.93926635     0.049703802    2.100583e-09       138.62052      0.32437078      0.15894168      0.67555549      0.24569493        0.247026         2.51606       8.0671439       3.9831768       8.5830933        8.5830933       3.9831768          3.9831768
              1       10.137925        102.1439      0.10901732       -1.218585       1.0605948    2.100583e-09       145.91986      0.26869833      0.13166218      0.73122794      0.24569493        0.247026         2.51606       7.7214932       3.1096633       8.5830933        8.5830933       3.1096633          3.1096633
              2       9.3381005       102.30355      0.10901732       -1.218585       1.0605948    2.100583e-09       146.14793      0.26869833      0.13166218      0.73122794      0.24569493        0.247026         2.51606       7.7214932       1.5100145       8.5830933        8.5830933       1.5100145          1.5100145
              1       9.4328081       99.459123      0.12070985      -1.0397182      0.51123696    2.100583e-09       142.08446      0.29256064      0.14335471      0.70736563      0.24569493        0.247026         2.51606       7.8550111       1.6994296       8.5830933        8.5830933       1.6994296          1.6994296
              1       9.8150621       99.746762      0.11982714      -1.0766919      0.65021794    2.100583e-09       142.49537       0.2907592      0.14247201      0.70916708      0.24569493        0.247026         2.51606       7.8597222       2.4639376       8.5830933        8.5830933       2.4639376          2.4639376
              3       9.3791133       99.599475      0.11982714      -1.0766919      0.65021794    2.100583e-09       142.28496       0.2907592      0.14247201      0.70916708      0.24569493        0.247026         2.51606       7.8597222       1.5920401       8.5830933        8.5830933       1.5920401          1.5920401
              1       9.1879433       98.543556      0.13341165      -1.0077683     0.088354834    2.100583e-09       140.77651      0.31848269      0.15605652      0.68144358      0.24569493        0.247026         2.51606       7.9979989       1.2096999       8.5830933        8.5830933       1.2096999          1.2096999
              1       9.3453559       98.552829      0.13303733      -1.0151761      0.13689675    2.100583e-09       140.78976      0.31771876      0.15568219      0.68220751      0.24569493        0.247026         2.51606       7.9959848       1.5245253       8.5830933        8.5830933       1.5245253          1.5245253
              1       9.2525718       98.657359      0.13303733      -1.0151761      0.13689675    2.100583e-09       140.93908      0.31771876      0.15568219      0.68220751      0.24569493        0.247026         2.51606       7.9959848        1.338957       8.5830933        8.5830933        1.338957           1.338957
              1       9.2932557       98.578394      0.13303733      -1.0151761      0.13689675    2.100583e-09       140.82628      0.31771876      0.15568219      0.68220751      0.24569493        0.247026         2.51606       7.9959848       1.4203249       8.5830933        8.5830933       1.4203249          1.4203249
              1        9.276351       98.681539      0.13303733      -1.0151761      0.13689675    2.100583e-09       140.97363      0.31771876      0.15568219      0.68220751      0.24569493        0.247026         2.51606       7.9959848       1.3865154       8.5830933        8.5830933       1.3865154          1.3865154
              4        9.248136       98.648579      0.13303733      -1.0151761      0.13689675    2.100583e-09       140.92654      0.31771876      0.15568219      0.68220751      0.24569493        0.247026         2.51606       7.9959848       1.3300854       8.5830933        8.5830933       1.3300854          1.3300854
              1       9.2529787       98.657993      0.13303733      -1.0151761      0.13689675    2.100583e-09       140.93999      0.31771876      0.15568219      0.68220751      0.24569493        0.247026         2.51606       7.9959848       1.3397709       8.5830933        8.5830933       1.3397709          1.3397709
              2       9.6431623       97.940316      0.12968016     -0.92057838    -0.013961083    2.100583e-09       139.91474      0.31086739      0.15232502      0.68905888      0.24569493        0.247026         2.51606       7.9521177        2.120138       8.5830933        8.5830933        2.120138           2.120138
              2         9.70987       98.184967      0.12728197     -0.94172546      0.11417402    2.100583e-09       140.26424      0.30597315      0.14992684      0.69395313      0.24569493        0.247026         2.51606       7.9249508       2.2535533       8.5830933        8.5830933       2.2535533          2.2535533
              1       9.7486379       98.213289      0.12728197     -0.94172546      0.11417402    2.100583e-09        140.3047      0.30597315      0.14992684      0.69395313      0.24569493        0.247026         2.51606       7.9249508       2.3310893       8.5830933        8.5830933       2.3310893          2.3310893
              1       10.695802       97.891892      0.12728197     -0.94172546      0.11417402    2.100583e-09       139.84556      0.30597315      0.14992684      0.69395313      0.24569493        0.247026         2.51606       7.9249508        4.225417       8.5830933        8.5830933        4.225417           4.225417
              2       10.854589       98.140936      0.12408561      -1.0187954      0.52944045    2.100583e-09       140.20134      0.29944996      0.14673048      0.70047631      0.24569493        0.247026         2.51606       7.9347927       4.5429907       8.5830933        8.5830933       4.5429907          4.5429907
              2       10.903022       98.405982      0.12408561      -1.0187954      0.52944045    2.100583e-09       140.57997      0.29944996      0.14673048      0.70047631      0.24569493        0.247026         2.51606       7.9347927       4.6398575       8.5830933        8.5830933       4.6398575          4.6398575
              5       9.4833325       96.504352      0.14148428     -0.84737709     -0.45544189    2.100583e-09       137.86336      0.33495744      0.16412914      0.66496884      0.24569493        0.247026         2.51606       8.1205435       1.8004784       8.5830933        8.5830933       1.8004784          1.8004784
              1        10.93969       94.741725      0.15805118     -0.61273185      -1.7643226    2.100583e-09       135.34532      0.36876743      0.18069604      0.63115884      0.24569493        0.247026         2.51606       8.3593913       4.7131936       8.5830933        8.5830933       4.7131936          4.7131936
              2       10.652145       94.954643      0.15595066     -0.62503054      -1.6828961    2.100583e-09       135.64949      0.36448066      0.17859552      0.63544561      0.24569493        0.247026         2.51606       8.3269505       4.1381042       8.5830933        8.5830933       4.1381042          4.1381042
              2       10.187704       96.709634       0.1442839     -0.76226858      -1.0429679    2.100583e-09       138.15662      0.34067094      0.16692876      0.65925533      0.24569493        0.247026         2.51606       8.1433223       3.2092215       8.5830933        8.5830933       3.2092215          3.2092215
              2       10.033897        97.02128       0.1442839     -0.76226858      -1.0429679    2.100583e-09       138.60183      0.34067094      0.16692876      0.65925533      0.24569493        0.247026         2.51606       8.1433223       2.9016065       8.5830933        8.5830933       2.9016065          2.9016065
              1       11.242934       99.760301      0.13743591      -1.0245925      -0.2273957    2.100583e-09       142.51472      0.32669545      0.16008077      0.67323082      0.24569493        0.247026         2.51606       8.0291002       5.3196813       8.5830933        8.5830933       5.3196813          5.3196813
              1       9.7135158       99.407795      0.13368984      -1.0317868     0.045674897    2.100583e-09       142.01114      0.31905042       0.1563347      0.68087585      0.24569493        0.247026         2.51606       7.9891757        2.260845       8.5830933        8.5830933        2.260845           2.260845
              3       9.0533152        99.23512      0.13368984      -1.0317868     0.045674897    2.100583e-09       141.76446      0.31905042       0.1563347      0.68087585      0.24569493        0.247026         2.51606       7.9891757      0.94044375       8.5830933        8.5830933      0.94044375         0.94044375
              3       9.4230348       99.355321      0.13368984      -1.0317868     0.045674897    2.100583e-09       141.93617      0.31905042       0.1563347      0.68087585      0.24569493        0.247026         2.51606       7.9891757       1.6798831       8.5830933        8.5830933       1.6798831          1.6798831
              2       9.0433863       97.078641      0.14369961     -0.82160042     -0.75413742    2.100583e-09       138.68377      0.33947853      0.16634448      0.66044774      0.24569493        0.247026         2.51606       8.1398961      0.92058593       8.5830933        8.5830933      0.92058593         0.92058593
              2       9.1007068       96.844619      0.14369961     -0.82160042     -0.75413742    2.100583e-09       138.34946      0.33947853      0.16634448      0.66044774      0.24569493        0.247026         2.51606       8.1398961       1.0352271       8.5830933        8.5830933       1.0352271          1.0352271
              2       10.866612       96.869622      0.13888033     -0.79811597     -0.69867448    2.100583e-09       138.38517      0.32964326       0.1615252      0.67028301      0.24569493        0.247026         2.51606       8.0678123       4.5670376       8.5830933        8.5830933       4.5670376          4.5670376
              3       11.294248       97.342449      0.13888033     -0.79811597     -0.69867448    2.100583e-09       139.06064      0.32964326       0.1615252      0.67028301      0.24569493        0.247026         2.51606       8.0678123       5.4223101       8.5830933        8.5830933       5.4223101          5.4223101
              1       10.701334       98.008404       0.1349547     -0.90022921     -0.22388656    2.100583e-09       140.01201      0.32163177      0.15759957       0.6782945      0.24569493        0.247026         2.51606       8.0198494       4.2364806       8.5830933        8.5830933       4.2364806          4.2364806
              1       15.014744       98.963189      0.12518971     -0.96349492      0.23421202    2.100583e-09       141.37598      0.30170323      0.14783458      0.69822304      0.24569493        0.247026         2.51606       7.9038959       12.863302       8.5830933        8.5830933       12.863302          12.863302
              1       14.399299       99.472824      0.12314033     -0.99195992      0.31298955    2.100583e-09       142.10403      0.29752081       0.1457852      0.70240546      0.24569493        0.247026         2.51606       7.8715033       11.632411       8.5830933        8.5830933       11.632411          11.632411
              1       11.791774        99.28788      0.12314033     -0.99195992      0.31298955    2.100583e-09       141.83983      0.29752081       0.1457852      0.70240546      0.24569493        0.247026         2.51606       7.8715033       6.4173614       8.5830933        8.5830933       6.4173614          6.4173614
              2       9.5198373       98.945235      0.12314033     -0.99195992      0.31298955    2.100583e-09       141.35034      0.29752081       0.1457852      0.70240546      0.24569493        0.247026         2.51606       7.8715033        1.873488       8.5830933        8.5830933        1.873488           1.873488
              1        11.56986       98.252674      0.12316658     -0.97550069      0.29667433    2.100583e-09       140.36096      0.29757437      0.14581144       0.7023519      0.24569493        0.247026         2.51606       7.8776206       5.9735344       8.5830933        8.5830933       5.9735344          5.9735344
              2       9.9231261       99.037582      0.12120471      -1.0150099      0.40313695    2.100583e-09       141.48226      0.29357056      0.14384958      0.70635571      0.24569493        0.247026         2.51606       7.8478269       2.6800656       8.5830933        8.5830933       2.6800656          2.6800656
              1       9.7673425       99.067025      0.12120471      -1.0150099      0.40313695    2.100583e-09       141.52432      0.29357056      0.14384958      0.70635571      0.24569493        0.247026         2.51606       7.8478269       2.3684985       8.5830933        8.5830933       2.3684985          2.3684985
              1        9.664392       96.162698      0.14744818     -0.80222827     -0.81636601    2.100583e-09       137.37528      0.34712867      0.17009305       0.6527976      0.24569493        0.247026         2.51606       8.2019252       2.1625975       8.5830933        8.5830933       2.1625975          2.1625975
              2       9.6756326       97.038699      0.14602259     -0.78539329      -1.0872763    2.100583e-09       138.62671      0.34421931      0.16866746      0.65570696      0.24569493        0.247026         2.51606       8.1662992       2.1850786       8.5830933        8.5830933       2.1850786          2.1850786
              1       10.252887       96.910573      0.14602259     -0.78539329      -1.0872763    2.100583e-09       138.44368      0.34421931      0.16866746      0.65570696      0.24569493        0.247026         2.51606       8.1662992       3.3395866       8.5830933        8.5830933       3.3395866          3.3395866
              2       9.6456416       98.384639      0.13713327     -0.95332664     -0.32101255    2.100583e-09       140.54948      0.32607782      0.15977813      0.67384845      0.24569493        0.247026         2.51606       8.0326283       2.1250967       8.5830933        8.5830933       2.1250967          2.1250967
              1        10.62358       97.954636      0.13256788     -0.92183846     -0.18754427    2.100583e-09       139.93519       0.3167607      0.15521274      0.68316557      0.24569493        0.247026         2.51606       7.9765264       4.0809742       8.5830933        8.5830933       4.0809742          4.0809742
              1       10.303926       98.553642      0.13256788     -0.92183846     -0.18754427    2.100583e-09       140.79092       0.3167607      0.15521274      0.68316557      0.24569493        0.247026         2.51606       7.9765264       3.4416659       8.5830933        8.5830933       3.4416659          3.4416659
              2       9.5384668       98.435721      0.13256788     -0.92183846     -0.18754427    2.100583e-09       140.62246       0.3167607      0.15521274      0.68316557      0.24569493        0.247026         2.51606       7.9765264        1.910747       8.5830933        8.5830933        1.910747           1.910747
              2        9.374664       98.396939      0.13256788     -0.92183846     -0.18754427    2.100583e-09       140.56706       0.3167607      0.15521274      0.68316557      0.24569493        0.247026         2.51606       7.9765264       1.5831414       8.5830933        8.5830933       1.5831414          1.5831414
              1       10.078777       98.249346       0.1292033     -0.92577865    -0.071516252    2.100583e-09       140.35621      0.30989421      0.15184816      0.69003206      0.24569493        0.247026         2.51606       7.9327115        2.991367       8.5830933        8.5830933        2.991367           2.991367
              2       9.6781327       96.552729       0.1475842     -0.74579851       -1.194385    2.100583e-09       137.93247      0.34740626      0.17022907      0.65252001      0.24569493        0.247026         2.51606       8.1933347       2.1900787       8.5830933        8.5830933       2.1900787          2.1900787
              1       9.5664552       96.977885      0.14696626     -0.78096489      -1.1128171    2.100583e-09       138.53984      0.34614515      0.16961112      0.65378112      0.24569493        0.247026         2.51606       8.1814919       1.9667238       8.5830933        8.5830933       1.9667238          1.9667238
              1       9.5751415       97.027838      0.14696626     -0.78096489      -1.1128171    2.100583e-09        138.6112      0.34614515      0.16961112      0.65378112      0.24569493        0.247026         2.51606       8.1814919       1.9840964       8.5830933        8.5830933       1.9840964          1.9840964
              4       10.861817       98.693226      0.13490961     -0.88459229     -0.60002725    2.100583e-09       140.99032      0.32153976      0.15755448      0.67838651      0.24569493        0.247026         2.51606       7.9881339       4.5574484       8.5830933        8.5830933       4.5574484          4.5574484
              3        10.69368       96.493612       0.1494814     -0.69622609      -1.5052396    2.100583e-09       137.84802      0.35127809      0.17212626      0.64864818      0.24569493        0.247026         2.51606       8.2186225       4.2211727       8.5830933        8.5830933       4.2211727          4.2211727
              2       10.204729       100.72514      0.12890295      -1.1539291      0.38683774    2.100583e-09       143.89305      0.30928125      0.15154781      0.69064502      0.24569493        0.247026         2.51606       7.9104518       3.2432715       8.5830933        8.5830933       3.2432715          3.2432715
              1       10.089379       100.89643      0.12890295      -1.1539291      0.38683774    2.100583e-09       144.13776      0.30928125      0.15154781      0.69064502      0.24569493        0.247026         2.51606       7.9104518       3.0125705       8.5830933        8.5830933       3.0125705          3.0125705
              1       9.0858669       101.45603      0.12145389      -1.1635844      0.56189058    2.100583e-09       144.93718      0.29407909      0.14409875      0.70584718      0.24569493        0.247026         2.51606       7.8064117       1.0055473       8.5830933        8.5830933       1.0055473          1.0055473
              5       9.0425339       101.47411      0.12145389      -1.1635844      0.56189058    2.100583e-09       144.96302      0.29407909      0.14409875      0.70584718      0.24569493        0.247026         2.51606       7.8064117      0.91888115       8.5830933        8.5830933      0.91888115         0.91888115
              1       9.0477267       101.47173      0.12145389      -1.1635844      0.56189058    2.100583e-09       144.95962      0.29407909      0.14409875      0.70584718      0.24569493        0.247026         2.51606       7.8064117      0.92926675       8.5830933        8.5830933      0.92926675         0.92926675
              1       10.132972       101.81375      0.12151537      -1.1679149      0.58569784    2.100583e-09       145.44822      0.29420457      0.14416024       0.7057217      0.24569493        0.247026         2.51606       7.8104486       3.0997573       8.5830933        8.5830933       3.0997573          3.0997573
              1       10.736951       101.16848      0.12151537      -1.1679149      0.58569784    2.100583e-09        144.5264      0.29420457      0.14416024       0.7057217      0.24569493        0.247026         2.51606       7.8104486       4.3077154       8.5830933        8.5830933       4.3077154          4.3077154
              1       9.8617085       101.07195      0.11491617      -1.1706964      0.87483995    2.100583e-09       144.38851       0.2807368      0.13756103      0.71918947      0.24569493        0.247026         2.51606       7.7828867       2.5572304       8.5830933        8.5830933       2.5572304          2.5572304
              1       10.549882       101.76842      0.11084189      -1.2181296       1.0732082    2.100583e-09       145.38346      0.27242195      0.13348676      0.72750432      0.24569493        0.247026         2.51606       7.7612112       3.9335777       8.5830933        8.5830933       3.9335777          3.9335777
              4       9.8386406       101.91308      0.11084189      -1.2181296       1.0732082    2.100583e-09       145.59011      0.27242195      0.13348676      0.72750432      0.24569493        0.247026         2.51606       7.7612112       2.5110946       8.5830933        8.5830933       2.5110946          2.5110946
              1       9.7386018       102.08591      0.11084189      -1.2181296       1.0732082    2.100583e-09       145.83702      0.27242195      0.13348676      0.72750432      0.24569493        0.247026         2.51606       7.7612112        2.311017       8.5830933        8.5830933        2.311017           2.311017
              2       10.603562       102.97531      0.11539494      -1.2475965      0.80385567    2.100583e-09       147.10759       0.2817139      0.13803981      0.71821238      0.24569493        0.247026         2.51606       7.7093076       4.0409383       8.5830933        8.5830933       4.0409383          4.0409383
              2       9.7654737       103.18104      0.11539494      -1.2475965      0.80385567    2.100583e-09       147.40149       0.2817139      0.13803981      0.71821238      0.24569493        0.247026         2.51606       7.7093076       2.3647609       8.5830933        8.5830933       2.3647609          2.3647609
              1       9.7664095       103.18034      0.11539494      -1.2475965      0.80385567    2.100583e-09       147.40049       0.2817139      0.13803981      0.71821238      0.24569493        0.247026         2.51606       7.7093076       2.3666324       8.5830933        8.5830933       2.3666324          2.3666324
              5       10.089919       103.31414       0.1168393      -1.2481146      0.71521108    2.100583e-09       147.59163      0.28466156      0.13948417      0.71526471      0.24569493        0.247026         2.51606       7.7140993       3.0136506       8.5830933        8.5830933       3.0136506          3.0136506
              1       10.641902       102.91421      0.11992693      -1.1886517      0.41260846    2.100583e-09        147.0203      0.29096285       0.1425718      0.70896342      0.24569493        0.247026         2.51606       7.7420089       4.1176167       8.5830933        8.5830933       4.1176167          4.1176167
              4       10.777118       102.82498      0.11992693      -1.1886517      0.41260846    2.100583e-09       146.89283      0.29096285       0.1425718      0.70896342      0.24569493        0.247026         2.51606       7.7420089       4.3880498       8.5830933        8.5830933       4.3880498          4.3880498
              1       11.041024        103.0999      0.11992693      -1.1886517      0.41260846    2.100583e-09       147.28557      0.29096285       0.1425718      0.70896342      0.24569493        0.247026         2.51606       7.7420089       4.9158609       8.5830933        8.5830933       4.9158609          4.9158609
              1       10.645526       95.841356      0.15283858     -0.65067274      -1.6027254    2.100583e-09       136.91622      0.35812948      0.17548345      0.64179679      0.24569493        0.247026         2.51606       8.2760875       4.1248659       8.5830933        8.5830933       4.1248659          4.1248659
              4       10.448289        95.57232      0.15283858     -0.65067274      -1.6027254    2.100583e-09       136.53189      0.35812948      0.17548345      0.64179679      0.24569493        0.247026         2.51606       8.2760875       3.7303915       8.5830933        8.5830933       3.7303915          3.7303915
              2       12.610798       95.294242      0.15283858     -0.65067274      -1.6027254    2.100583e-09       136.13463      0.35812948      0.17548345      0.64179679      0.24569493        0.247026         2.51606       8.2760875       8.0554087       8.5830933        8.5830933       8.0554087          8.0554087
              1       10.556293       95.544356      0.15283858     -0.65067274      -1.6027254    2.100583e-09       136.49194      0.35812948      0.17548345      0.64179679      0.24569493        0.247026         2.51606       8.2760875       3.9463989       8.5830933        8.5830933       3.9463989          3.9463989
              1       11.475952       95.403003      0.15283858     -0.65067274      -1.6027254    2.100583e-09          136.29      0.35812948      0.17548345      0.64179679      0.24569493        0.247026         2.51606       8.2760875       5.7857182       8.5830933        8.5830933       5.7857182          5.7857182
              2       11.615018       99.589889      0.14021963     -0.92338983     -0.91972364    2.100583e-09       142.27127      0.33237652       0.1628645      0.66754975      0.24569493        0.247026         2.51606       8.0552314       6.0638492       8.5830933        8.5830933       6.0638492          6.0638492
              2       11.835004       99.695875      0.14021963     -0.92338983     -0.91972364    2.100583e-09       142.42268      0.33237652       0.1628645      0.66754975      0.24569493        0.247026         2.51606       8.0552314       6.5038214       8.5830933        8.5830933       6.5038214          6.5038214
              2       12.260784       99.356647      0.14021963     -0.92338983     -0.91972364    2.100583e-09       141.93807      0.33237652       0.1628645      0.66754975      0.24569493        0.247026         2.51606       8.0552314       7.3553809       8.5830933        8.5830933       7.3553809          7.3553809
              7       12.362137       99.800209      0.14021963     -0.92338983     -0.91972364    2.100583e-09       142.57173      0.33237652       0.1628645      0.66754975      0.24569493        0.247026         2.51606       8.0552314       7.5580869       8.5830933        8.5830933       7.5580869          7.5580869
              1       11.889246       99.710218      0.14021963     -0.92338983     -0.91972364    2.100583e-09       142.44317      0.33237652       0.1628645      0.66754975      0.24569493        0.247026         2.51606       8.0552314       6.6123047       8.5830933        8.5830933       6.6123047          6.6123047
              1       11.880204        99.70793      0.14021963     -0.92338983     -0.91972364    2.100583e-09        142.4399      0.33237652       0.1628645      0.66754975      0.24569493        0.247026         2.51606       8.0552314       6.5942212       8.5830933        8.5830933       6.5942212          6.5942212
              3       11.622623       99.600456      0.14021963     -0.92338983     -0.91972364    2.100583e-09       142.28637      0.33237652       0.1628645      0.66754975      0.24569493        0.247026         2.51606       8.0552314       6.0790596       8.5830933        8.5830933       6.0790596          6.0790596
              2       12.553055       99.827833      0.14021963     -0.92338983     -0.91972364    2.100583e-09       142.61119      0.33237652       0.1628645      0.66754975      0.24569493        0.247026         2.51606       8.0552314       7.9399241       8.5830933        8.5830933       7.9399241          7.9399241
              2       11.860027        99.43751      0.14021963     -0.92338983     -0.91972364    2.100583e-09       142.05359      0.33237652       0.1628645      0.66754975      0.24569493        0.247026         2.51606       8.0552314       6.5538668       8.5830933        8.5830933       6.5538668          6.5538668
              1       11.888024       99.709911      0.14021963     -0.92338983     -0.91972364    2.100583e-09       142.44273      0.33237652       0.1628645      0.66754975      0.24569493        0.247026         2.51606       8.0552314        6.609862       8.5830933        8.5830933        6.609862           6.609862
              1       11.483761       99.016762      0.14029895     -0.86427579      -1.0265906    2.100583e-09       141.45252       0.3325384      0.16294382      0.66738787      0.24569493        0.247026         2.51606       8.0604443       5.8013362       8.5830933        8.5830933       5.8013362          5.8013362
              1       11.774551       98.855553      0.14029895     -0.86427579      -1.0265906    2.100583e-09       141.22222       0.3325384      0.16294382      0.66738787      0.24569493        0.247026         2.51606       8.0604443       6.3829145       8.5830933        8.5830933       6.3829145          6.3829145
              1       11.479441       99.004335      0.14029895     -0.86427579      -1.0265906    2.100583e-09       141.43476       0.3325384      0.16294382      0.66738787      0.24569493        0.247026         2.51606       8.0604443       5.7926945       8.5830933        8.5830933       5.7926945          5.7926945
              3       12.000097       99.553335      0.13722486     -0.89886712     -0.88934601    2.100583e-09       142.21905      0.32626474      0.15986972      0.67366153      0.24569493        0.247026         2.51606       8.0086285       6.8340084       8.5830933        8.5830933       6.8340084          6.8340084
              2       12.059543       99.521723      0.13722486     -0.89886712     -0.88934601    2.100583e-09       142.17389      0.32626474      0.15986972      0.67366153      0.24569493        0.247026         2.51606       8.0086285       6.9529004       8.5830933        8.5830933       6.9529004          6.9529004
              3       12.167707       99.722962      0.13722486     -0.89886712     -0.88934601    2.100583e-09       142.46137      0.32626474      0.15986972      0.67366153      0.24569493        0.247026         2.51606       8.0086285       7.1692269       8.5830933        8.5830933       7.1692269          7.1692269
              2       12.345912        99.44002      0.13722486     -0.89886712     -0.88934601    2.100583e-09       142.05717      0.32626474      0.15986972      0.67366153      0.24569493        0.247026         2.51606       8.0086285       7.5256369       8.5830933        8.5830933       7.5256369          7.5256369
              2       13.181539       99.283715       0.1376988     -0.86882907      -1.0138483    2.100583e-09       141.83388      0.32723198      0.16034367      0.67269429      0.24569493        0.247026         2.51606       8.0156193        9.196891       8.5830933        8.5830933        9.196891           9.196891
              5       13.441537       99.235426       0.1376988     -0.86882907      -1.0138483    2.100583e-09       141.76489      0.32723198      0.16034367      0.67269429      0.24569493        0.247026         2.51606       8.0156193       9.7168873       8.5830933        8.5830933       9.7168873          9.7168873
              1       12.824461        99.40546       0.1376988     -0.86882907      -1.0138483    2.100583e-09        142.0078      0.32723198      0.16034367      0.67269429      0.24569493        0.247026         2.51606       8.0156193       8.4827358       8.5830933        8.5830933       8.4827358          8.4827358
              2       11.654188       98.154989      0.14279427     -0.79450061      -1.2323716    2.100583e-09       140.22141      0.33763089      0.16543914      0.66229538      0.24569493        0.247026         2.51606        8.104143        6.142189       8.5830933        8.5830933        6.142189           6.142189
              1       10.974499       99.046818      0.14174866     -0.89383503     -0.94337944    2.100583e-09       141.49545        0.335497      0.16439353      0.66442927      0.24569493        0.247026         2.51606       8.0845487       4.7828123       8.5830933        8.5830933       4.7828123          4.7828123
              2       11.126018       98.827576      0.14174866     -0.89383503     -0.94337944    2.100583e-09       141.18225        0.335497      0.16439353      0.66442927      0.24569493        0.247026         2.51606       8.0845487       5.0858499       8.5830933        8.5830933       5.0858499          5.0858499
              1       11.487204          99.575       0.1259781       -1.057822      0.26236073    2.100583e-09          142.25      0.30331218      0.14862297       0.6966141      0.24569493        0.247026         2.51606       7.8772968       5.8082212       8.5830933        8.5830933       5.8082212          5.8082212
              3       11.487507       98.758582      0.13395455     -0.95945776     -0.30378556    2.100583e-09       141.08369      0.31959066      0.15659942      0.68033562      0.24569493        0.247026         2.51606       7.9780024        5.808828       8.5830933        8.5830933        5.808828           5.808828
              4        9.790657       99.398876      0.13395455     -0.95945776     -0.30378556    2.100583e-09       141.99839      0.31959066      0.15659942      0.68033562      0.24569493        0.247026         2.51606       7.9780024       2.4151274       8.5830933        8.5830933       2.4151274          2.4151274
              1       9.8935607       99.696539      0.13147286     -0.97356536     -0.22180016    2.100583e-09       142.42363      0.31452598      0.15411773      0.68540029      0.24569493        0.247026         2.51606       7.9388584       2.6209349       8.5830933        8.5830933       2.6209349          2.6209349
              1       10.824383       94.995642      0.14815709     -0.64050962      -1.2172605    2.100583e-09       135.70806      0.34857541      0.17080195      0.65135086      0.24569493        0.247026         2.51606       8.2195792       4.4825795       8.5830933        8.5830933       4.4825795          4.4825795
              3       10.755807       94.485954      0.14784175     -0.68546759     -0.84135577    2.100583e-09       134.97993      0.34793187      0.17048661       0.6519944      0.24569493        0.247026         2.51606       8.2318054       4.3454271       8.5830933        8.5830933       4.3454271          4.3454271
              2       10.750726       94.393499       0.1484481     -0.68152487     -0.85843412    2.100583e-09       134.84786      0.34916933      0.17109297      0.65075694      0.24569493        0.247026         2.51606       8.2411913       4.3352664       8.5830933        8.5830933       4.3352664          4.3352664
              3       11.367497       92.930695      0.16065004     -0.56283479      -1.5074079    2.100583e-09       132.75814      0.37407125      0.18329491      0.62585503      0.24569493        0.247026         2.51606       8.4183242       5.5688077       8.5830933        8.5830933       5.5688077          5.5688077
              5       11.697791       92.881527      0.16065004     -0.56283479      -1.5074079    2.100583e-09        132.6879      0.37407125      0.18329491      0.62585503      0.24569493        0.247026         2.51606       8.4183242       6.2293956       8.5830933        8.5830933       6.2293956          6.2293956
              1       11.039557       95.181131      0.15396635     -0.68676686      -1.3964504    2.100583e-09       135.97304      0.36043106      0.17661122      0.63949522      0.24569493        0.247026         2.51606       8.2977739       4.9129276       8.5830933        8.5830933       4.9129276          4.9129276
              1       10.303436       97.700139      0.14641684     -0.87071801      -0.8881562    2.100583e-09       139.57163      0.34502389      0.16906171      0.65490238      0.24569493        0.247026         2.51606       8.1691937       3.4406853       8.5830933        8.5830933       3.4406853          3.4406853
              5       9.7273762        97.93569      0.13937902     -0.95279675     -0.27882733    2.100583e-09       139.90813      0.33066099      0.16202388      0.66926529      0.24569493        0.247026         2.51606       8.0745645       2.2885658       8.5830933        8.5830933       2.2885658          2.2885658
              1       10.382452       100.52883      0.12808014      -1.1040144       0.1873932    2.100583e-09       143.61261      0.30760206      0.15072501      0.69232421      0.24569493        0.247026         2.51606       7.8862143       3.5987176       8.5830933        8.5830933       3.5987176          3.5987176
              1       11.489991       100.42059      0.12808014      -1.1040144       0.1873932    2.100583e-09       143.45799      0.30760206      0.15072501      0.69232421      0.24569493        0.247026         2.51606       7.8862143       5.8137955       8.5830933        8.5830933       5.8137955          5.8137955
              1       11.818592       101.38706      0.13254952      -1.1319177     -0.10777684    2.100583e-09       144.83865      0.31672324      0.15519439      0.68320303      0.24569493        0.247026         2.51606       7.9307561       6.4709968       8.5830933        8.5830933       6.4709968          6.4709968
              1       12.128732       101.33152      0.13254952      -1.1319177     -0.10777684    2.100583e-09       144.75932      0.31672324      0.15519439      0.68320303      0.24569493        0.247026         2.51606       7.9307561       7.0912781       8.5830933        8.5830933       7.0912781          7.0912781
              2       11.643275       101.69553      0.13254952      -1.1319177     -0.10777684    2.100583e-09       145.27933      0.31672324      0.15519439      0.68320303      0.24569493        0.247026         2.51606       7.9307561       6.1203638       8.5830933        8.5830933       6.1203638          6.1203638
              4       11.584334       102.23121      0.13004126      -1.1577968    -0.031589401    2.100583e-09       146.04458      0.31160434      0.15268613      0.68832193      0.24569493        0.247026         2.51606       7.8865841       6.0024816       8.5830933        8.5830933       6.0024816          6.0024816
              4       9.3822304       101.63555      0.11418498      -1.1943275      0.91178939    2.100583e-09       145.19364      0.27924459      0.13682985      0.72068168      0.24569493        0.247026         2.51606       7.7640552       1.5982743       8.5830933        8.5830933       1.5982743          1.5982743
              3       10.180437       98.011527      0.13429809     -0.99652467       0.1646787    2.100583e-09       140.01647      0.32029176      0.15694296      0.67963452      0.24569493        0.247026         2.51606       8.0292036       3.1946881       8.5830933        8.5830933       3.1946881          3.1946881
              1       10.226321       100.07204      0.13100216      -1.1195943      0.33545158    2.100583e-09       142.96006      0.31356537      0.15364703       0.6863609      0.24569493        0.247026         2.51606       7.9518574       3.2864547       8.5830933        8.5830933       3.2864547          3.2864547
              1       9.5194969       97.951244        0.139309      -0.9615016     -0.18206599    2.100583e-09       139.93035      0.33051809      0.16195386      0.66940818      0.24569493        0.247026         2.51606       8.0802321       1.8728073       8.5830933        8.5830933       1.8728073          1.8728073
              5       9.6250678       98.038485        0.139309      -0.9615016     -0.18206599    2.100583e-09       140.05498      0.33051809      0.16195386      0.66940818      0.24569493        0.247026         2.51606       8.0802321        2.083949       8.5830933        8.5830933        2.083949           2.083949
              4       8.9461859       98.839323      0.13524914     -0.99831066    -0.065844914    2.100583e-09       141.19903      0.32223266        0.157894      0.67769361      0.24569493        0.247026         2.51606       8.0131785      0.72618523       8.5830933        8.5830933      0.72618523         0.72618523
              1       9.0477957       98.880774      0.13524914     -0.99831066    -0.065844914    2.100583e-09       141.25825      0.32223266        0.157894      0.67769361      0.24569493        0.247026         2.51606       8.0131785      0.92940474       8.5830933        8.5830933      0.92940474         0.92940474
              1       9.0660179       98.288985       0.1319252      -0.9328205      -0.1040452    2.100583e-09       140.41284      0.31544911      0.15457007      0.68447716      0.24569493        0.247026         2.51606       7.9724532      0.96584933       8.5830933        8.5830933      0.96584933         0.96584933
              1       8.8915739       97.075716      0.14259342      -0.8549503     -0.56049838    2.100583e-09       138.67959        0.337221      0.16523829      0.66270528      0.24569493        0.247026         2.51606       8.1282415      0.61696117       8.5830933        8.5830933      0.61696117         0.61696117
              1       8.9463918       98.381613       0.1373695     -0.95697189     -0.21444443    2.100583e-09       140.54516      0.32655993      0.16001437      0.67336634      0.24569493        0.247026         2.51606        8.045423      0.72659711       8.5830933        8.5830933      0.72659711         0.72659711
              1       11.432492        97.85936       0.1373695     -0.95697189     -0.21444443    2.100583e-09       139.79909      0.32655993      0.16001437      0.67336634      0.24569493        0.247026         2.51606        8.045423       5.6987971       8.5830933        8.5830933       5.6987971          5.6987971
              2       11.330524       98.865434      0.13855154     -0.93693143     -0.63536889    2.100583e-09       141.23633      0.32897227      0.16119641        0.670954      0.24569493        0.247026         2.51606       8.0384443       5.4948605       8.5830933        8.5830933       5.4948605          5.4948605
              2       9.8270281       99.155458      0.13855154     -0.93693143     -0.63536889    2.100583e-09       141.65065      0.32897227      0.16119641        0.670954      0.24569493        0.247026         2.51606       8.0384443       2.4878696       8.5830933        8.5830933       2.4878696          2.4878696
              1       9.4839195       99.229673      0.13606196     -0.96263073     -0.43393073    2.100583e-09       141.75668      0.32389147      0.15870682       0.6760348      0.24569493        0.247026         2.51606       8.0034875       1.8016525       8.5830933        8.5830933       1.8016525          1.8016525
              3        10.12501        99.58066      0.13606196     -0.96263073     -0.43393073    2.100583e-09       142.25809      0.32389147      0.15870682       0.6760348      0.24569493        0.247026         2.51606       8.0034875       3.0838332       8.5830933        8.5830933       3.0838332          3.0838332
              2       9.8192595       100.58604      0.12939823      -1.0323423     -0.11191241    2.100583e-09       143.69434      0.31029202      0.15204309      0.68963425      0.24569493        0.247026         2.51606       7.8975974       2.4723323       8.5830933        8.5830933       2.4723323          2.4723323
              1       9.1480619       101.10354      0.11639467      -1.1220915       0.6829906    2.100583e-09       144.43363      0.28375416      0.13903954      0.71617211      0.24569493        0.247026         2.51606       7.7756924       1.1299373       8.5830933        8.5830933       1.1299373          1.1299373
              1         10.5449       100.42117       0.1165907      -1.0486568      0.49743854    2.100583e-09       143.45881      0.28415422      0.13923557      0.71577206      0.24569493        0.247026         2.51606       7.7723247       3.9236137       8.5830933        8.5830933       3.9236137          3.9236137
              2       9.4550576       101.37859      0.12452335      -1.1068367      0.22499738    2.100583e-09       144.82656       0.3003433      0.14716822      0.69958297      0.24569493        0.247026         2.51606       7.8272493       1.7439286       8.5830933        8.5830933       1.7439286          1.7439286
              1       10.335715       101.59872      0.12452335      -1.1068367      0.22499738    2.100583e-09       145.14103       0.3003433      0.14716822      0.69958297      0.24569493        0.247026         2.51606       7.8272493       3.5052439       8.5830933        8.5830933       3.5052439          3.5052439
              2       9.4897123       101.40438      0.12452335      -1.1068367      0.22499738    2.100583e-09        144.8634       0.3003433      0.14716822      0.69958297      0.24569493        0.247026         2.51606       7.8272493       1.8132379       8.5830933        8.5830933       1.8132379          1.8132379
              2       10.118618       101.56557      0.12452335      -1.1068367      0.22499738    2.100583e-09       145.09367       0.3003433      0.14716822      0.69958297      0.24569493        0.247026         2.51606       7.8272493       3.0710486       8.5830933        8.5830933       3.0710486          3.0710486
              4       9.8064407       101.17911      0.12452335      -1.1068367      0.22499738    2.100583e-09       144.54158       0.3003433      0.14716822      0.69958297      0.24569493        0.247026         2.51606       7.8272493       2.4466948       8.5830933        8.5830933       2.4466948          2.4466948
              1       10.863777       101.02172      0.12452335      -1.1068367      0.22499738    2.100583e-09       144.31674       0.3003433      0.14716822      0.69958297      0.24569493        0.247026         2.51606       7.8272493       4.5613674       8.5830933        8.5830933       4.5613674          4.5613674
              1       10.152206       101.11522      0.12452335      -1.1068367      0.22499738    2.100583e-09       144.45032       0.3003433      0.14716822      0.69958297      0.24569493        0.247026         2.51606       7.8272493       3.1382248       8.5830933        8.5830933       3.1382248          3.1382248
              2       11.021446        101.6824      0.12456852      -1.1070965      0.22465165    2.100583e-09       145.26058      0.30043548      0.14721339      0.69949079      0.24569493        0.247026         2.51606       7.8279169       4.8767061       8.5830933        8.5830933       4.8767061          4.8767061
              3       9.2014193       100.79497       0.1284929      -1.0811374      0.10164607    2.100583e-09       143.99281      0.30844443      0.15113777      0.69148185      0.24569493        0.247026         2.51606       7.8903444        1.236652       8.5830933        8.5830933        1.236652           1.236652
              1       9.3347911       100.86619      0.12894289      -1.0832228     0.075492101    2.100583e-09       144.09456      0.30936276      0.15158775      0.69056351      0.24569493        0.247026         2.51606       7.8947062       1.5033957       8.5830933        8.5830933       1.5033957          1.5033957
              2       9.1627217       100.79125      0.12894289      -1.0832228     0.075492101    2.100583e-09        143.9875      0.30936276      0.15158775      0.69056351      0.24569493        0.247026         2.51606       7.8947062       1.1592569       8.5830933        8.5830933       1.1592569          1.1592569
              6       9.0552634       100.90953      0.11747894      -1.1043096      0.58013258    2.100583e-09       144.15647      0.28596695       0.1401238      0.71395932      0.24569493        0.247026         2.51606       7.7748673       0.9443403       8.5830933        8.5830933       0.9443403          0.9443403
              2       9.5641871       102.63456      0.11048427      -1.2255291      0.97333372    2.100583e-09        146.6208      0.27169212      0.13312914      0.72823415      0.24569493        0.247026         2.51606        7.696124       1.9621876       8.5830933        8.5830933       1.9621876          1.9621876
              1       9.5098115       102.65323      0.11012807       -1.229141      0.99961833    2.100583e-09       146.64747      0.27096517      0.13277293       0.7289611      0.24569493        0.247026         2.51606        7.698188       1.8534364       8.5830933        8.5830933       1.8534364          1.8534364
              7        9.794066       103.27806      0.10384656      -1.2592082       1.2143894    2.100583e-09       147.54008      0.25814576      0.12649142      0.74178051      0.24569493        0.247026         2.51606       7.6748208       2.4219454       8.5830933        8.5830933       2.4219454          2.4219454
              8       9.5869682       103.48869      0.10384656      -1.2592082       1.2143894    2.100583e-09       147.84099      0.25814576      0.12649142      0.74178051      0.24569493        0.247026         2.51606       7.6748208       2.0077499       8.5830933        8.5830933       2.0077499          2.0077499
              2       9.5646309        103.4749      0.10384656      -1.2592082       1.2143894    2.100583e-09       147.82129      0.25814576      0.12649142      0.74178051      0.24569493        0.247026         2.51606       7.6748208       1.9630753       8.5830933        8.5830933       1.9630753          1.9630753
              2       10.439535        98.38318      0.13828287     -0.94876668     -0.23017047    2.100583e-09        140.5474      0.32842395      0.16092774      0.67150232      0.24569493        0.247026         2.51606       8.0615649        3.712884       8.5830933        8.5830933        3.712884           3.712884
              1       9.0949404       98.168397      0.13828287     -0.94876668     -0.23017047    2.100583e-09       140.24057      0.32842395      0.16092774      0.67150232      0.24569493        0.247026         2.51606       8.0615649       1.0236942       8.5830933        8.5830933       1.0236942          1.0236942
              2       9.7637913       99.477313       0.1214316      -1.0414523      0.50684625    2.100583e-09       142.11045      0.29403361      0.14407647      0.70589266      0.24569493        0.247026         2.51606       7.8648221        2.361396       8.5830933        8.5830933        2.361396           2.361396
              1       9.4647313       99.115227       0.1214316      -1.0414523      0.50684625    2.100583e-09       141.59318      0.29403361      0.14407647      0.70589266      0.24569493        0.247026         2.51606       7.8648221        1.763276       8.5830933        8.5830933        1.763276           1.763276
              6       9.7645557       99.057713       0.1214316      -1.0414523      0.50684625    2.100583e-09       141.51102      0.29403361      0.14407647      0.70589266      0.24569493        0.247026         2.51606       7.8648221       2.3629248       8.5830933        8.5830933       2.3629248          2.3629248
              7       9.2200067       99.189156       0.1214316      -1.0414523      0.50684625    2.100583e-09       141.69879      0.29403361      0.14407647      0.70589266      0.24569493        0.247026         2.51606       7.8648221       1.2738269       8.5830933        8.5830933       1.2738269          1.2738269
              2       11.424339       101.34558      0.13086994       -1.177792      0.22792702    2.100583e-09       144.77939      0.31329552      0.15351481      0.68663075      0.24569493        0.247026         2.51606       7.9182564       5.6824911       8.5830933        8.5830933       5.6824911          5.6824911
              3       11.294055       101.58721      0.13086994       -1.177792      0.22792702    2.100583e-09       145.12459      0.31329552      0.15351481      0.68663075      0.24569493        0.247026         2.51606       7.9182564       5.4219226       8.5830933        8.5830933       5.4219226          5.4219226
              3       12.107997       101.22285      0.13086994       -1.177792      0.22792702    2.100583e-09       144.60408      0.31329552      0.15351481      0.68663075      0.24569493        0.247026         2.51606       7.9182564       7.0498081       8.5830933        8.5830933       7.0498081          7.0498081
              4       11.160967        101.5094      0.13086994       -1.177792      0.22792702    2.100583e-09       145.01343      0.31329552      0.15351481      0.68663075      0.24569493        0.247026         2.51606       7.9182564       5.1557474       8.5830933        8.5830933       5.1557474          5.1557474
              2       11.653334       101.29539      0.13086994       -1.177792      0.22792702    2.100583e-09       144.70771      0.31329552      0.15351481      0.68663075      0.24569493        0.247026         2.51606       7.9182564       6.1404815       8.5830933        8.5830933       6.1404815          6.1404815
              2       10.831836       102.26209      0.12543464      -1.2318357      0.50737382    2.100583e-09       146.08871      0.30220308      0.14807951       0.6977232      0.24569493        0.247026         2.51606       7.8389491       4.4974854       8.5830933        8.5830933       4.4974854          4.4974854
              1       11.829691       102.07052      0.12543464      -1.2318357      0.50737382    2.100583e-09       145.81504      0.30220308      0.14807951       0.6977232      0.24569493        0.247026         2.51606       7.8389491        6.493195       8.5830933        8.5830933        6.493195           6.493195
              1       15.420485        103.5649      0.12438459      -1.3172934      0.51744987    2.100583e-09       147.94985      0.30006012      0.14702946      0.69986615      0.24569493        0.247026         2.51606       7.7950381       13.674784       8.5830933        8.5830933       13.674784          13.674784
              2         13.2638       103.99753      0.12438459      -1.3172934      0.51744987    2.100583e-09        148.5679      0.30006012      0.14702946      0.69986615      0.24569493        0.247026         2.51606       7.7950381       9.3614137       8.5830933        8.5830933       9.3614137          9.3614137
              1       13.261367       103.99387      0.12438459      -1.3172934      0.51744987    2.100583e-09       148.56267      0.30006012      0.14702946      0.69986615      0.24569493        0.247026         2.51606       7.7950381       9.3565478       8.5830933        8.5830933       9.3565478          9.3565478
              1       11.237844       101.57839      0.12606787      -1.0804277    -0.055630398    2.100583e-09       145.11198      0.30349539      0.14871274      0.69643088      0.24569493        0.247026         2.51606       7.8314242       5.3095022       8.5830933        8.5830933       5.3095022          5.3095022
              2       9.4162519       97.849369      0.13210695     -0.93067122    0.0019350021    2.100583e-09       139.78481      0.31582002      0.15475181      0.68410625      0.24569493        0.247026         2.51606       7.9920693       1.6663172       8.5830933        8.5830933       1.6663172          1.6663172
              3       9.2003196       97.719518      0.13210695     -0.93067122    0.0019350021    2.100583e-09       139.59931      0.31582002      0.15475181      0.68410625      0.24569493        0.247026         2.51606       7.9920693       1.2344526       8.5830933        8.5830933       1.2344526          1.2344526
              5        9.595088       98.078524      0.12767422     -0.94720224      0.15370929    2.100583e-09       140.11218      0.30677365      0.15031909      0.69315262      0.24569493        0.247026         2.51606       7.9371393       2.0239895       8.5830933        8.5830933       2.0239895          2.0239895
              1       11.499834       96.662566      0.13591021      -0.7959367      -0.5202867    2.100583e-09       138.08938      0.32358178      0.15855507      0.67634449      0.24569493        0.247026         2.51606       8.0343439       5.8334811       8.5830933        8.5830933       5.8334811          5.8334811
              1       12.254197       93.417664      0.15850718     -0.59205429          -1.497    2.100583e-09       133.45381      0.36969805      0.18115205      0.63022822      0.24569493        0.247026         2.51606       8.3802933       7.3422078       8.5830933        8.5830933       7.3422078          7.3422078
              1       12.409245       98.436148      0.14375437     -0.96893635     -0.40070648    2.100583e-09       140.62307      0.33959028      0.16639924      0.66033599      0.24569493        0.247026         2.51606       8.1352139       7.6523028       8.5830933        8.5830933       7.6523028          7.6523028
              2       12.672346       98.465365      0.14375437     -0.96893635     -0.40070648    2.100583e-09       140.66481      0.33959028      0.16639924      0.66033599      0.24569493        0.247026         2.51606       8.1352139       8.1785061       8.5830933        8.5830933       8.1785061          8.1785061
              3        11.25496       98.052354      0.14375437     -0.96893635     -0.40070648    2.100583e-09       140.07479      0.33959028      0.16639924      0.66033599      0.24569493        0.247026         2.51606       8.1352139       5.3437326       8.5830933        8.5830933       5.3437326          5.3437326
              2       12.829013       98.481584      0.14375437     -0.96893635     -0.40070648    2.100583e-09       140.68798      0.33959028      0.16639924      0.66033599      0.24569493        0.247026         2.51606       8.1352139         8.49184       8.5830933        8.5830933         8.49184            8.49184
              1       12.647802       104.32472      0.10762273      -1.3484129         1.24565    2.100583e-09       149.03532      0.26585224       0.1302676      0.73407403      0.24569493        0.247026         2.51606       7.6497634       8.1294174       8.5830933        8.5830933       8.1294174          8.1294174
              2       9.8673611       97.855789      0.13861663     -0.83914104     -0.67690366    2.100583e-09       139.79398      0.32910509      0.16126149      0.67082118      0.24569493        0.247026         2.51606       8.0558709       2.5685357       8.5830933        8.5830933       2.5685357          2.5685357
              1       9.7359514       97.662364      0.13861663     -0.83914104     -0.67690366    2.100583e-09       139.51766      0.32910509      0.16126149      0.67082118      0.24569493        0.247026         2.51606       8.0558709       2.3057163       8.5830933        8.5830933       2.3057163          2.3057163
              5       9.6886379       97.202802      0.14097035     -0.80550951     -0.80660703    2.100583e-09       138.86115      0.33390861      0.16361522      0.66601767      0.24569493        0.247026         2.51606       8.0937645       2.2110892       8.5830933        8.5830933       2.2110892          2.2110892
              2        10.76341       97.955267      0.14170524     -0.80266528      -1.0570625    2.100583e-09        139.9361      0.33540839      0.16435011      0.66451789      0.24569493        0.247026         2.51606       8.0923988       4.3606326       8.5830933        8.5830933       4.3606326          4.3606326
              1       10.775414       97.971049      0.14170524     -0.80266528      -1.0570625    2.100583e-09       139.95864      0.33540839      0.16435011      0.66451789      0.24569493        0.247026         2.51606       8.0923988       4.3846408       8.5830933        8.5830933       4.3846408          4.3846408
              2       11.789269        98.20247      0.14170524     -0.80266528      -1.0570625    2.100583e-09       140.28924      0.33540839      0.16435011      0.66451789      0.24569493        0.247026         2.51606       8.0923988       6.4123522       8.5830933        8.5830933       6.4123522          6.4123522
              1       11.213699       98.113349      0.14170524     -0.80266528      -1.0570625    2.100583e-09       140.16193      0.33540839      0.16435011      0.66451789      0.24569493        0.247026         2.51606       8.0923988       5.2612106       8.5830933        8.5830933       5.2612106          5.2612106
              1       11.712307       99.943183      0.12355575     -0.98466516     0.033054111    2.100583e-09       142.77598       0.2983686      0.14620061      0.70155767      0.24569493        0.247026         2.51606       7.8270816       6.2584279       8.5830933        8.5830933       6.2584279          6.2584279
              3       11.732013       99.987611      0.12355575     -0.98466516     0.033054111    2.100583e-09       142.83944       0.2983686      0.14620061      0.70155767      0.24569493        0.247026         2.51606       7.8270816       6.2978391       8.5830933        8.5830933       6.2978391          6.2978391
              1       12.725291       99.682813      0.12355575     -0.98466516     0.033054111    2.100583e-09       142.40402       0.2983686      0.14620061      0.70155767      0.24569493        0.247026         2.51606       7.8270816        8.284395       8.5830933        8.5830933        8.284395           8.284395
              1       13.827986       100.59516      0.11846823      -1.0429474      0.26417766    2.100583e-09       143.70737      0.28798592       0.1411131      0.71194035      0.24569493        0.247026         2.51606       7.7512507       10.489786       8.5830933        8.5830933       10.489786          10.489786
              1       12.685111       101.10066      0.11846823      -1.0429474      0.26417766    2.100583e-09       144.42952      0.28798592       0.1411131      0.71194035      0.24569493        0.247026         2.51606       7.7512507       8.2040363       8.5830933        8.5830933       8.2040363          8.2040363
              2       11.600188       97.723022       0.1371603     -0.82340456     -0.60479444    2.100583e-09       139.60432      0.32613299      0.15980516      0.67379328      0.24569493        0.247026         2.51606       8.0403009       6.0341891       8.5830933        8.5830933       6.0341891          6.0341891
              2       10.325057       96.005373      0.15224984     -0.75140915      -1.2203606    2.100583e-09       137.15053      0.35692797      0.17489471       0.6429983      0.24569493        0.247026         2.51606       8.2681171       3.4839272       8.5830933        8.5830933       3.4839272          3.4839272
              1       10.891231       96.187048       0.1458106     -0.86306375     -0.40338107    2.100583e-09       137.41007      0.34378667      0.16845547       0.6561396      0.24569493        0.247026         2.51606       8.1930436       4.6162753       8.5830933        8.5830933       4.6162753          4.6162753
              5       11.700206        96.39018       0.1458106     -0.86306375     -0.40338107    2.100583e-09       137.70026      0.34378667      0.16845547       0.6561396      0.24569493        0.247026         2.51606       8.1930436       6.2342248       8.5830933        8.5830933       6.2342248          6.2342248
              3       10.880674        96.17069       0.1458106     -0.86306375     -0.40338107    2.100583e-09        137.3867      0.34378667      0.16845547       0.6561396      0.24569493        0.247026         2.51606       8.1930436       4.5951609       8.5830933        8.5830933       4.5951609          4.5951609
              1       11.040057       98.609484      0.14109754     -0.99584027     -0.23874202    2.100583e-09       140.87069      0.33416817       0.1637424       0.6657581      0.24569493        0.247026         2.51606       8.0968094       4.9139269       8.5830933        8.5830933       4.9139269          4.9139269
              1       11.472083       98.207179      0.14109754     -0.99584027     -0.23874202    2.100583e-09       140.29597      0.33416817       0.1637424       0.6657581      0.24569493        0.247026         2.51606       8.0968094       5.7779796       8.5830933        8.5830933       5.7779796          5.7779796
              1       13.602587       102.08091      0.12539627      -1.2344975      0.47391969    2.100583e-09       145.82987      0.30212478      0.14804114      0.69780149      0.24569493        0.247026         2.51606        7.832842       10.038987       8.5830933        8.5830933       10.038987          10.038987
              1        12.85873       102.14556      0.12539627      -1.2344975      0.47391969    2.100583e-09       145.92222      0.30212478      0.14804114      0.69780149      0.24569493        0.247026         2.51606        7.832842       8.5512741       8.5830933        8.5830933       8.5512741          8.5512741
              1       11.012189       102.40895      0.12539627      -1.2344975      0.47391969    2.100583e-09       146.29849      0.30212478      0.14804114      0.69780149      0.24569493        0.247026         2.51606        7.832842       4.8581913       8.5830933        8.5830933       4.8581913          4.8581913
              2       10.795342       102.53477      0.12539627      -1.2344975      0.47391969    2.100583e-09       146.47824      0.30212478      0.14804114      0.69780149      0.24569493        0.247026         2.51606        7.832842       4.4244973       8.5830933        8.5830933       4.4244973          4.4244973
              2       12.506896        101.6793      0.11128487      -1.1290408      0.67233301    2.100583e-09       145.25615        0.273326      0.13392974      0.72660027      0.24569493        0.247026         2.51606       7.6757735       7.8476052       8.5830933        8.5830933       7.8476052          7.8476052
              1       12.953708       101.63355      0.11128487      -1.1290408      0.67233301    2.100583e-09       145.19079        0.273326      0.13392974      0.72660027      0.24569493        0.247026         2.51606       7.6757735       8.7412298       8.5830933        8.5830933       8.7412298          8.7412298
              1       13.158623       101.61434      0.11128487      -1.1290408      0.67233301    2.100583e-09       145.16335        0.273326      0.13392974      0.72660027      0.24569493        0.247026         2.51606       7.6757735       9.1510592       8.5830933        8.5830933       9.1510592          9.1510592
              3       11.255586       102.15145      0.11128487      -1.1290408      0.67233301    2.100583e-09       145.93064        0.273326      0.13392974      0.72660027      0.24569493        0.247026         2.51606       7.6757735       5.3449858       8.5830933        8.5830933       5.3449858          5.3449858
              3        10.96068       103.18897      0.12214336      -1.2589686      0.61714279    2.100583e-09       147.41281      0.29548617      0.14478823       0.7044401      0.24569493        0.247026         2.51606        7.786684       4.7551737       8.5830933        8.5830933       4.7551737          4.7551737
              2       10.848943       103.90221      0.11716651      -1.3139123      0.88256779    2.100583e-09       148.43172      0.28532934      0.13981138      0.71459693      0.24569493        0.247026         2.51606       7.7233044       4.5317002       8.5830933        8.5830933       4.5317002          4.5317002
              1       11.419867       103.67758      0.11716651      -1.3139123      0.88256779    2.100583e-09       148.11083      0.28532934      0.13981138      0.71459693      0.24569493        0.247026         2.51606       7.7233044       5.6735481       8.5830933        8.5830933       5.6735481          5.6735481
              3       11.002648        100.7039      0.13433749      -1.0929437     -0.16941741    2.100583e-09       143.86271      0.32037216      0.15698236      0.67955412      0.24569493        0.247026         2.51606       7.9655346       4.8391096       8.5830933        8.5830933       4.8391096          4.8391096
              2       10.749594       100.86783      0.13433749      -1.0929437     -0.16941741    2.100583e-09        144.0969      0.32037216      0.15698236      0.67955412      0.24569493        0.247026         2.51606       7.9655346       4.3330019       8.5830933        8.5830933       4.3330019          4.3330019
              1       10.750609       100.81329      0.13433749      -1.0929437     -0.16941741    2.100583e-09       144.01898      0.32037216      0.15698236      0.67955412      0.24569493        0.247026         2.51606       7.9655346       4.3350323       8.5830933        8.5830933       4.3350323          4.3350323
              1       11.112622       101.61388      0.12369109      -1.1744308      0.41990396    2.100583e-09       145.16269      0.29864482      0.14633596      0.70128146      0.24569493        0.247026         2.51606        7.815976       5.0590578       8.5830933        8.5830933       5.0590578          5.0590578
              1       9.7063965       102.10705      0.12369109      -1.1744308      0.41990396    2.100583e-09       145.86722      0.29864482      0.14633596      0.70128146      0.24569493        0.247026         2.51606        7.815976       2.2466064       8.5830933        8.5830933       2.2466064          2.2466064
              3       9.5439538       101.89366      0.12482777      -1.1654001      0.36790932    2.100583e-09       145.56237      0.30096456      0.14747264      0.69896171      0.24569493        0.247026         2.51606       7.8319189        1.921721       8.5830933        8.5830933        1.921721           1.921721
              2       9.7738399       101.96261      0.12482777      -1.1654001      0.36790932    2.100583e-09       145.66087      0.30096456      0.14747264      0.69896171      0.24569493        0.247026         2.51606       7.8319189       2.3814931       8.5830933        8.5830933       2.3814931          2.3814931
              4       9.4533643       101.77196      0.12482777      -1.1654001      0.36790932    2.100583e-09       145.38851      0.30096456      0.14747264      0.69896171      0.24569493        0.247026         2.51606       7.8319189        1.740542       8.5830933        8.5830933        1.740542           1.740542
              2       9.5065578       101.73464      0.12482777      -1.1654001      0.36790932    2.100583e-09       145.33521      0.30096456      0.14747264      0.69896171      0.24569493        0.247026         2.51606       7.8319189        1.846929       8.5830933        8.5830933        1.846929           1.846929
              2       9.4797004       101.80486      0.12356086      -1.1747745      0.44337056    2.100583e-09       145.43551      0.29837904      0.14620573      0.70154723      0.24569493        0.247026         2.51606       7.8171426       1.7932143       8.5830933        8.5830933       1.7932143          1.7932143
              1       10.814401       101.43897      0.12329163      -1.0951034      0.15883495    2.100583e-09       144.91281      0.29782959       0.1459365      0.70209669      0.24569493        0.247026         2.51606       7.8005625       4.4626156       8.5830933        8.5830933       4.4626156          4.4626156
              1       10.629013       101.70675      0.12329163      -1.0951034      0.15883495    2.100583e-09       145.29535      0.29782959       0.1459365      0.70209669      0.24569493        0.247026         2.51606       7.8005625       4.0918401       8.5830933        8.5830933       4.0918401          4.0918401
              1       10.232235       101.47884      0.11892248      -1.1007343      0.39715638    2.100583e-09       144.96978      0.28891296      0.14156735      0.71101332      0.24569493        0.247026         2.51606       7.7581202       3.2982837       8.5830933        8.5830933       3.2982837          3.2982837
              2       11.504133        96.68319      0.13922339     -0.76038482     -0.74119396    2.100583e-09       138.11884      0.33034338      0.16186826      0.66958289      0.24569493        0.247026         2.51606       8.0790645       5.8420791       8.5830933        8.5830933       5.8420791          5.8420791
              1       11.794475       96.312549      0.13922339     -0.76038482     -0.74119396    2.100583e-09       137.58936      0.33034338      0.16186826      0.66958289      0.24569493        0.247026         2.51606       8.0790645       6.4227632       8.5830933        8.5830933       6.4227632          6.4227632
              1       11.183133       96.589125      0.13922339     -0.76038482     -0.74119396    2.100583e-09       137.98446      0.33034338      0.16186826      0.66958289      0.24569493        0.247026         2.51606       8.0790645       5.2000791       8.5830933        8.5830933       5.2000791          5.2000791
              1        13.68306       92.413762      0.17208518     -0.38658047      -2.6963895    2.100583e-09       132.01966      0.39740825      0.19473004      0.60251802      0.24569493        0.247026         2.51606       8.5769482       10.199934       8.5830933        8.5830933       10.199934          10.199934
              3       14.344324       92.277521      0.17208518     -0.38658047      -2.6963895    2.100583e-09       131.82503      0.39740825      0.19473004      0.60251802      0.24569493        0.247026         2.51606       8.5769482       11.522462       8.5830933        8.5830933       11.522462          11.522462
              1       14.153052       92.306291      0.17208518     -0.38658047      -2.6963895    2.100583e-09       131.86613      0.39740825      0.19473004      0.60251802      0.24569493        0.247026         2.51606       8.5769482       11.139917       8.5830933        8.5830933       11.139917          11.139917
              3       17.838957       91.987009      0.17208518     -0.38658047      -2.6963895    2.100583e-09       131.41001      0.39740825      0.19473004      0.60251802      0.24569493        0.247026         2.51606       8.5769482       18.511727       8.5830933        8.5830933       18.511727          18.511727
              3       14.836757       92.768057      0.17208518     -0.38658047      -2.6963895    2.100583e-09        132.5258      0.39740825      0.19473004      0.60251802      0.24569493        0.247026         2.51606       8.5769482       12.507327       8.5830933        8.5830933       12.507327          12.507327
              2       14.243601        92.69219      0.17208518     -0.38658047      -2.6963895    2.100583e-09       132.41741      0.39740825      0.19473004      0.60251802      0.24569493        0.247026         2.51606       8.5769482       11.321015       8.5830933        8.5830933       11.321015          11.321015
              1       16.099227       92.883631      0.17208518     -0.38658047      -2.6963895    2.100583e-09        132.6909      0.39740825      0.19473004      0.60251802      0.24569493        0.247026         2.51606       8.5769482       15.032267       8.5830933        8.5830933       15.032267          15.032267
              3       15.597957       92.203525      0.17519602     -0.34841761       -2.816429    2.100583e-09       131.71932       0.4037569      0.19784088      0.59616937      0.24569493        0.247026         2.51606       8.6251602       14.029728       8.5830933        8.5830933       14.029728          14.029728
              3       14.543667       92.035058      0.17519602     -0.34841761       -2.816429    2.100583e-09       131.47865       0.4037569      0.19784088      0.59616937      0.24569493        0.247026         2.51606       8.6251602       11.921148       8.5830933        8.5830933       11.921148          11.921148
              1       12.184244       92.257886      0.16831443     -0.33613536      -2.6768539    2.100583e-09       131.79698      0.38971284      0.19095929      0.61021343      0.24569493        0.247026         2.51606        8.524462       7.2023008       8.5830933        8.5830933       7.2023008          7.2023008
              1       12.372438       91.994967      0.16634286     -0.34364301      -2.4974246    2.100583e-09       131.42138      0.38568924      0.18898773      0.61423703      0.24569493        0.247026         2.51606       8.4984354       7.5786898       8.5830933        8.5830933       7.5786898          7.5786898
              1       12.659664       92.291084      0.16634286     -0.34364301      -2.4974246    2.100583e-09       131.84441      0.38568924      0.18898773      0.61423703      0.24569493        0.247026         2.51606       8.4984354       8.1531413       8.5830933        8.5830933       8.1531413          8.1531413
              2       14.729412        91.04448       0.1780864       -0.329177      -2.6719054    2.100583e-09       130.06354      0.40965565      0.20073127      0.59027062      0.24569493        0.247026         2.51606       8.6743639       12.292637       8.5830933        8.5830933       12.292637          12.292637
              9        14.74418       91.060443       0.1780864       -0.329177      -2.6719054    2.100583e-09       130.08635      0.40965565      0.20073127      0.59027062      0.24569493        0.247026         2.51606       8.6743639       12.322174       8.5830933        8.5830933       12.322174          12.322174
              1       14.779235       91.082692       0.1780864       -0.329177      -2.6719054    2.100583e-09       130.11813      0.40965565      0.20073127      0.59027062      0.24569493        0.247026         2.51606       8.6743639       12.392283       8.5830933        8.5830933       12.392283          12.392283
              2       11.738919       92.403684      0.16414612     -0.43915658      -1.9594309    2.100583e-09       132.00526      0.38120609      0.18679099      0.61872018      0.24569493        0.247026         2.51606       8.4714646        6.311652       8.5830933        8.5830933        6.311652           6.311652
              1       11.158699       92.184981      0.16414612     -0.43915658      -1.9594309    2.100583e-09       131.69283      0.38120609      0.18679099      0.61872018      0.24569493        0.247026         2.51606       8.4714646       5.1512117       8.5830933        8.5830933       5.1512117          5.1512117
              2       11.753672       92.592966      0.16762597     -0.46594064      -2.0718634    2.100583e-09       132.27567      0.38830782      0.19027083      0.61161845      0.24569493        0.247026         2.51606       8.5177488       6.3411573       8.5830933        8.5830933       6.3411573          6.3411573
              5       11.710505       92.417358      0.16762597     -0.46594064      -2.0718634    2.100583e-09        132.0248      0.38830782      0.19027083      0.61161845      0.24569493        0.247026         2.51606       8.5177488       6.2548235       8.5830933        8.5830933       6.2548235          6.2548235
              6       12.002407       92.653208      0.16762597     -0.46594064      -2.0718634    2.100583e-09       132.36173      0.38830782      0.19027083      0.61161845      0.24569493        0.247026         2.51606       8.5177488       6.8386273       8.5830933        8.5830933       6.8386273          6.8386273
              2       11.678327       92.564837      0.16762597     -0.46594064      -2.0718634    2.100583e-09       132.23548      0.38830782      0.19027083      0.61161845      0.24569493        0.247026         2.51606       8.5177488       6.1904673       8.5830933        8.5830933       6.1904673          6.1904673
              1       11.615223       92.471375      0.16762597     -0.46594064      -2.0718634    2.100583e-09       132.10196      0.38830782      0.19027083      0.61161845      0.24569493        0.247026         2.51606       8.5177488       6.0642585       8.5830933        8.5830933       6.0642585          6.0642585
              4       11.187576       92.938471      0.16486943     -0.49221864      -1.9353775    2.100583e-09       132.76924      0.38268224       0.1875143      0.61724403      0.24569493        0.247026         2.51606        8.476443       5.2089662       8.5830933        8.5830933       5.2089662          5.2089662
              2       11.033795       93.737905      0.16036355     -0.55208232      -1.6873072    2.100583e-09       133.91129      0.37348657      0.18300842       0.6264397      0.24569493        0.247026         2.51606       8.4072456       4.9014037       8.5830933        8.5830933       4.9014037          4.9014037
              1       11.147377       94.259541      0.15444787     -0.58820384      -1.4266293    2.100583e-09       134.65649      0.36141376      0.17709274      0.63851251      0.24569493        0.247026         2.51606       8.3194416       5.1285671       8.5830933        8.5830933       5.1285671          5.1285671
              1       11.276382       94.275364      0.15444787     -0.58820384      -1.4266293    2.100583e-09       134.67909      0.36141376      0.17709274      0.63851251      0.24569493        0.247026         2.51606       8.3194416       5.3865779       8.5830933        8.5830933       5.3865779          5.3865779
              1        11.48655       94.775383      0.15361363      -0.6182002      -1.3841193    2.100583e-09        135.3934      0.35971122       0.1762585      0.64021505      0.24569493        0.247026         2.51606       8.3031619       5.8069141       8.5830933        8.5830933       5.8069141          5.8069141
              1       11.276132       94.352977       0.1565324      -0.5835228      -1.5508472    2.100583e-09       134.78997      0.36566789      0.17917727      0.63425838      0.24569493        0.247026         2.51606       8.3475743       5.3860783       8.5830933        8.5830933       5.3860783          5.3860783
              4       10.093095       94.166444       0.1565324      -0.5835228      -1.5508472    2.100583e-09       134.52349      0.36566789      0.17917727      0.63425838      0.24569493        0.247026         2.51606       8.3475743       3.0200027       8.5830933        8.5830933       3.0200027          3.0200027
              4       10.243992       93.916037       0.1565324      -0.5835228      -1.5508472    2.100583e-09       134.16577      0.36566789      0.17917727      0.63425838      0.24569493        0.247026         2.51606       8.3475743       3.3217978       8.5830933        8.5830933       3.3217978          3.3217978
              1       10.600379        93.85285       0.1565324      -0.5835228      -1.5508472    2.100583e-09        134.0755      0.36566789      0.17917727      0.63425838      0.24569493        0.247026         2.51606       8.3475743       4.0345711       8.5830933        8.5830933       4.0345711          4.0345711
              4       9.9335193       94.096496       0.1565324      -0.5835228      -1.5508472    2.100583e-09       134.42357      0.36566789      0.17917727      0.63425838      0.24569493        0.247026         2.51606       8.3475743        2.700852       8.5830933        8.5830933        2.700852           2.700852
              3       10.421502       93.254332       0.1614087     -0.51619586       -1.838313    2.100583e-09       133.22047      0.37561953      0.18405357      0.62430675      0.24569493        0.247026         2.51606       8.4226243       3.6768176       8.5830933        8.5830933       3.6768176          3.6768176
              4       12.736315       93.689769       0.1614087     -0.51619586       -1.838313    2.100583e-09       133.84253      0.37561953      0.18405357      0.62430675      0.24569493        0.247026         2.51606       8.4226243       8.3064428       8.5830933        8.5830933       8.3064428          8.3064428
              2       12.533005       92.944002       0.1614087     -0.51619586       -1.838313    2.100583e-09       132.77715      0.37561953      0.18405357      0.62430675      0.24569493        0.247026         2.51606       8.4226243       7.8998242       8.5830933        8.5830933       7.8998242          7.8998242
              1       10.406529        93.26395       0.1614087     -0.51619586       -1.838313    2.100583e-09       133.23421      0.37561953      0.18405357      0.62430675      0.24569493        0.247026         2.51606       8.4226243       3.6468716       8.5830933        8.5830933       3.6468716          3.6468716
              2       10.408654       93.351583       0.1614087     -0.51619586       -1.838313    2.100583e-09        133.3594      0.37561953      0.18405357      0.62430675      0.24569493        0.247026         2.51606       8.4226243       3.6511205       8.5830933        8.5830933       3.6511205          3.6511205
              1       10.515092       94.226431      0.15863875     -0.57701469       -1.672543    2.100583e-09       134.60919      0.36996656      0.18128362      0.62995971      0.24569493        0.247026         2.51606       8.3769268       3.8639965       8.5830933        8.5830933       3.8639965          3.8639965
              4       10.950411       94.293113      0.15863875     -0.57701469       -1.672543    2.100583e-09       134.70445      0.36996656      0.18128362      0.62995971      0.24569493        0.247026         2.51606       8.3769268       4.7346363       8.5830933        8.5830933       4.7346363          4.7346363
              4       11.172953       93.789003      0.15863875     -0.57701469       -1.672543    2.100583e-09       133.98429      0.36996656      0.18128362      0.62995971      0.24569493        0.247026         2.51606       8.3769268       5.1797198       8.5830933        8.5830933       5.1797198          5.1797198
              2       10.366023       94.196645      0.15863875     -0.57701469       -1.672543    2.100583e-09       134.56664      0.36996656      0.18128362      0.62995971      0.24569493        0.247026         2.51606       8.3769268       3.5658597       8.5830933        8.5830933       3.5658597          3.5658597
              1       11.047017       94.744789      0.15339297     -0.57651106      -1.6268219    2.100583e-09        135.3497      0.35926089      0.17603783      0.64066538      0.24569493        0.247026         2.51606       8.2945797       4.9278481       8.5830933        8.5830933       4.9278481          4.9278481
              1        11.58349       94.830251      0.15339297     -0.57651106      -1.6268219    2.100583e-09       135.47179      0.35926089      0.17603783      0.64066538      0.24569493        0.247026         2.51606       8.2945797       6.0007939       8.5830933        8.5830933       6.0007939          6.0007939
              1       13.497937       94.998313      0.15015535     -0.56585652      -1.6028994    2.100583e-09       135.71188       0.3526535      0.17280022      0.64727277      0.24569493        0.247026         2.51606       8.2445478       9.8296879       8.5830933        8.5830933       9.8296879          9.8296879
              4       12.935426       94.895285      0.15015535     -0.56585652      -1.6028994    2.100583e-09       135.56469       0.3526535      0.17280022      0.64727277      0.24569493        0.247026         2.51606       8.2445478       8.7046653       8.5830933        8.5830933       8.7046653          8.7046653
              1       12.833029       94.864997      0.15015535     -0.56585652      -1.6028994    2.100583e-09       135.52142       0.3526535      0.17280022      0.64727277      0.24569493        0.247026         2.51606       8.2445478       8.4998705       8.5830933        8.5830933       8.4998705          8.4998705
              3       13.502058       99.210893      0.13830967      -1.0352794    -0.020660368    2.100583e-09       141.72985      0.32847865      0.16095454      0.67144762      0.24569493        0.247026         2.51606       8.0596167       9.8379304       8.5830933        8.5830933       9.8379304          9.8379304
              1       12.582647       100.04417      0.13278726      -1.0971771      0.26690195    2.100583e-09       142.92025      0.31720841      0.15543212      0.68271786      0.24569493        0.247026         2.51606       7.9807301       7.9991074       8.5830933        8.5830933       7.9991074          7.9991074
              1       12.010389       99.988412      0.13278726      -1.0971771      0.26690195    2.100583e-09       142.84059      0.31720841      0.15543212      0.68271786      0.24569493        0.247026         2.51606       7.9807301       6.8545922       8.5830933        8.5830933       6.8545922          6.8545922
              3       10.411336       99.664445      0.13278726      -1.0971771      0.26690195    2.100583e-09       142.37778      0.31720841      0.15543212      0.68271786      0.24569493        0.247026         2.51606       7.9807301       3.6564857       8.5830933        8.5830933       3.6564857          3.6564857
              1       10.436026       99.608446      0.13278726      -1.0971771      0.26690195    2.100583e-09       142.29778      0.31720841      0.15543212      0.68271786      0.24569493        0.247026         2.51606       7.9807301       3.7058661       8.5830933        8.5830933       3.7058661          3.7058661
              1       10.857956       97.533992      0.14829092     -0.85398311     -0.95886838    2.100583e-09       139.33427      0.34884854      0.17093578      0.65107773      0.24569493        0.247026         2.51606       8.1995976       4.5497251       8.5830933        8.5830933       4.5497251          4.5497251
              3       10.692412       101.64971      0.12940594       -1.096318     -0.10476586    2.100583e-09       145.21387      0.31030776       0.1520508      0.68961851      0.24569493        0.247026         2.51606       7.8829415       4.2186383       8.5830933        8.5830933       4.2186383          4.2186383
              2       10.473649       101.33848      0.12954164      -1.0720579     -0.14439287    2.100583e-09       144.76926      0.31058471      0.15218651      0.68934156      0.24569493        0.247026         2.51606       7.8876478       3.7811115       8.5830933        8.5830933       3.7811115          3.7811115
              3       9.7961628       101.10843      0.12896621      -1.0757862    -0.040239065    2.100583e-09       144.44061      0.30941036      0.15161108      0.69051591      0.24569493        0.247026         2.51606       7.8855133        2.426139       8.5830933        8.5830933        2.426139           2.426139
              1       9.7913352       99.725786      0.13396361     -0.96795824     -0.38405365    2.100583e-09       142.46541      0.31960914      0.15660848      0.68031713      0.24569493        0.247026         2.51606       7.9696847       2.4164838       8.5830933        8.5830933       2.4164838          2.4164838
              3       9.9270648       99.431275      0.13396361     -0.96795824     -0.38405365    2.100583e-09       142.04468      0.31960914      0.15660848      0.68031713      0.24569493        0.247026         2.51606       7.9696847        2.687943       8.5830933        8.5830933        2.687943           2.687943
              2       9.5576188       95.675012      0.15060575     -0.74476775      -1.0624148    2.100583e-09       136.67859      0.35357269      0.17325062      0.64635358      0.24569493        0.247026         2.51606       8.2498867        1.949051       8.5830933        8.5830933        1.949051           1.949051
              1       9.4742362       95.703091      0.15060575     -0.74476775      -1.0624148    2.100583e-09        136.7187      0.35357269      0.17325062      0.64635358      0.24569493        0.247026         2.51606       8.2498867       1.7822859       8.5830933        8.5830933       1.7822859          1.7822859
              2       9.4865695       95.683053      0.15072862     -0.74278883      -1.0713898    2.100583e-09       136.69008      0.35382344      0.17337348      0.64610283      0.24569493        0.247026         2.51606       8.2517526       1.8069523       8.5830933        8.5830933       1.8069523          1.8069523
              2        9.419368       95.715789      0.15072862     -0.74278883      -1.0713898    2.100583e-09       136.73684      0.35382344      0.17337348      0.64610283      0.24569493        0.247026         2.51606       8.2517526       1.6725494       8.5830933        8.5830933       1.6725494          1.6725494
              1       9.4935225        95.68038      0.15072862     -0.74278883      -1.0713898    2.100583e-09       136.68626      0.35382344      0.17337348      0.64610283      0.24569493        0.247026         2.51606       8.2517526       1.8208584       8.5830933        8.5830933       1.8208584          1.8208584
              2        9.395795       95.734555      0.15072862     -0.74278883      -1.0713898    2.100583e-09       136.76365      0.35382344      0.17337348      0.64610283      0.24569493        0.247026         2.51606       8.2517526       1.6254034       8.5830933        8.5830933       1.6254034          1.6254034
              3       9.4155347       95.718333      0.15072862     -0.74278883      -1.0713898    2.100583e-09       136.74048      0.35382344      0.17337348      0.64610283      0.24569493        0.247026         2.51606       8.2517526       1.6648829       8.5830933        8.5830933       1.6648829          1.6648829
              1       9.3884764       95.743373      0.15072862     -0.74278883      -1.0713898    2.100583e-09       136.77625      0.35382344      0.17337348      0.64610283      0.24569493        0.247026         2.51606       8.2517526       1.6107662       8.5830933        8.5830933       1.6107662          1.6107662
              2       10.029492       95.440548      0.15376209     -0.72390312      -1.1857836    2.100583e-09       136.34364      0.36001421      0.17640696      0.63991206      0.24569493        0.247026         2.51606       8.2984164       2.8927968       8.5830933        8.5830933       2.8927968          2.8927968
              1       10.160587       95.321301      0.15376209     -0.72390312      -1.1857836    2.100583e-09       136.17329      0.36001421      0.17640696      0.63991206      0.24569493        0.247026         2.51606       8.2984164        3.154987       8.5830933        8.5830933        3.154987           3.154987
              9       8.9213933        98.17208      0.13324309     -0.97076436     0.025734978    2.100583e-09       140.24583      0.31813869      0.15588796      0.68178758      0.24569493        0.247026         2.51606        7.999573      0.67660009       8.5830933        8.5830933      0.67660009         0.67660009
              3       9.5532455       98.441914      0.13324309     -0.97076436     0.025734978    2.100583e-09       140.63131      0.31813869      0.15588796      0.68178758      0.24569493        0.247026         2.51606        7.999573       1.9403044       8.5830933        8.5830933       1.9403044          1.9403044
              4       11.176936       98.624441      0.13324309     -0.97076436     0.025734978    2.100583e-09       140.89206      0.31813869      0.15588796      0.68178758      0.24569493        0.247026         2.51606        7.999573       5.1876861       8.5830933        8.5830933       5.1876861          5.1876861
              1       12.425424       93.327446      0.16029674     -0.63179622      -1.2170271    2.100583e-09       133.32492      0.37335021       0.1829416      0.62657606      0.24569493        0.247026         2.51606       8.4164212       7.6846618       8.5830933        8.5830933       7.6846618          7.6846618
              1        12.28824       94.117283      0.15757563     -0.68502086      -1.0681316    2.100583e-09       134.45326      0.36779694       0.1802205      0.63212933      0.24569493        0.247026         2.51606       8.3724185       7.4102936       8.5830933        8.5830933       7.4102936          7.4102936
              2       10.460002       94.883494      0.15016608     -0.69163124     -0.96522437    2.100583e-09       135.54785      0.35267541      0.17281095      0.64725086      0.24569493        0.247026         2.51606       8.2586496       3.7538183       8.5830933        8.5830933       3.7538183          3.7538183
              1       10.636707       93.665681      0.16112281     -0.56095085      -1.6898685    2.100583e-09       133.80812      0.37503607      0.18376768       0.6248902      0.24569493        0.247026         2.51606       8.4178949       4.1072267       8.5830933        8.5830933       4.1072267          4.1072267
              2       13.080121       98.465795      0.13732121     -0.84451534     -0.67797824    2.100583e-09       140.66542      0.32646138      0.15996607      0.67346489      0.24569493        0.247026         2.51606       8.0325399       8.9940559       8.5830933        8.5830933       8.9940559          8.9940559
              1       11.933634       98.365264      0.13732121     -0.84451534     -0.67797824    2.100583e-09       140.52181      0.32646138      0.15996607      0.67346489      0.24569493        0.247026         2.51606       8.0325399        6.701081       8.5830933        8.5830933        6.701081           6.701081
              1       10.917186       98.240681      0.13732121     -0.84451534     -0.67797824    2.100583e-09       140.34383      0.32646138      0.15996607      0.67346489      0.24569493        0.247026         2.51606       8.0325399       4.6681856       8.5830933        8.5830933       4.6681856          4.6681856
              1       10.716054       98.251154       0.1371522     -0.85128674     -0.64109518    2.100583e-09       140.35879      0.32611646      0.15979706      0.67380982      0.24569493        0.247026         2.51606       8.0308781       4.2659212       8.5830933        8.5830933       4.2659212          4.2659212
              2       10.669285        98.24367       0.1371522     -0.85128674     -0.64109518    2.100583e-09        140.3481      0.32611646      0.15979706      0.67380982      0.24569493        0.247026         2.51606       8.0308781       4.1723843       8.5830933        8.5830933       4.1723843          4.1723843
              2       10.080496       97.971218       0.1371522     -0.85128674     -0.64109518    2.100583e-09       139.95888      0.32611646      0.15979706      0.67380982      0.24569493        0.247026         2.51606       8.0308781       2.9948055       8.5830933        8.5830933       2.9948055          2.9948055
              1       11.193802       98.316549       0.1371522     -0.85128674     -0.64109518    2.100583e-09       140.45221      0.32611646      0.15979706      0.67380982      0.24569493        0.247026         2.51606       8.0308781       5.2214169       8.5830933        8.5830933       5.2214169          5.2214169
              2       10.522005       98.218141       0.1371522     -0.85128674     -0.64109518    2.100583e-09       140.31163      0.32611646      0.15979706      0.67380982      0.24569493        0.247026         2.51606       8.0308781       3.8778224       8.5830933        8.5830933       3.8778224          3.8778224
              3         11.2533       97.745316       0.1371522     -0.85128674     -0.64109518    2.100583e-09       139.63617      0.32611646      0.15979706      0.67380982      0.24569493        0.247026         2.51606       8.0308781       5.3404134       8.5830933        8.5830933       5.3404134          5.3404134
              4       10.080871       98.096346       0.1371522     -0.85128674     -0.64109518    2.100583e-09       140.13764      0.32611646      0.15979706      0.67380982      0.24569493        0.247026         2.51606       8.0308781       2.9955561       8.5830933        8.5830933       2.9955561          2.9955561
              1       10.448654       98.378874      0.13477343     -0.87758845     -0.53302048    2.100583e-09       140.54125      0.32126184       0.1574183      0.67866443      0.24569493        0.247026         2.51606       7.9924505       3.7311215       8.5830933        8.5830933       3.7311215          3.7311215
              1       10.367326        98.43225      0.13477343     -0.87758845     -0.53302048    2.100583e-09        140.6175      0.32126184       0.1574183      0.67866443      0.24569493        0.247026         2.51606       7.9924505       3.5684645       8.5830933        8.5830933       3.5684645          3.5684645
              1       10.251247       98.491405      0.13638673     -0.87133952     -0.64097526    2.100583e-09       140.70201      0.32455427      0.15903159        0.675372      0.24569493        0.247026         2.51606       8.0134853       3.3363076       8.5830933        8.5830933       3.3363076          3.3363076
              2       10.782221        95.68583      0.14112025     -0.74165344     -0.69093224    2.100583e-09       136.69404      0.33421452      0.16376512      0.66571175      0.24569493        0.247026         2.51606        8.120108        4.398256       8.5830933        8.5830933        4.398256           4.398256
              4       10.776346       95.793674      0.14112025     -0.74165344     -0.69093224    2.100583e-09       136.84811      0.33421452      0.16376512      0.66571175      0.24569493        0.247026         2.51606        8.120108       4.3865051       8.5830933        8.5830933       4.3865051          4.3865051
              1       10.916134       93.202705      0.16147359     -0.54246521       -1.732423    2.100583e-09       133.14672      0.37575194      0.18411845      0.62417433      0.24569493        0.247026         2.51606       8.4242769       4.6660821       8.5830933        8.5830933       4.6660821          4.6660821
              2       11.372763       93.141201      0.16185339     -0.56426962      -1.6225179    2.100583e-09       133.05886      0.37652706      0.18449826      0.62339921      0.24569493        0.247026         2.51606        8.431775       5.5793386       8.5830933        8.5830933       5.5793386          5.5793386
              1       11.622339        92.63026      0.16752139     -0.46474888      -2.0992623    2.100583e-09       132.32894      0.38809441      0.19016626      0.61183186      0.24569493        0.247026         2.51606        8.515337       6.0784906       8.5830933        8.5830933       6.0784906          6.0784906
              1       9.7876532       95.273088      0.15036055     -0.66194734      -1.3168935    2.100583e-09       136.10441      0.35307229      0.17300542      0.64685398      0.24569493        0.247026         2.51606       8.2464501       2.4091198       8.5830933        8.5830933       2.4091198          2.4091198
              3       9.8075043       95.414278      0.15036055     -0.66194734      -1.3168935    2.100583e-09       136.30611      0.35307229      0.17300542      0.64685398      0.24569493        0.247026         2.51606       8.2464501        2.448822       8.5830933        8.5830933        2.448822           2.448822
              3        9.843307       95.547219      0.14917241      -0.6718853      -1.2847488    2.100583e-09       136.49603       0.3506475      0.17181727      0.64927877      0.24569493        0.247026         2.51606       8.2269504       2.5204274       8.5830933        8.5830933       2.5204274          2.5204274
              2       9.8428808        95.55242      0.14917241      -0.6718853      -1.2847488    2.100583e-09       136.50346       0.3506475      0.17181727      0.64927877      0.24569493        0.247026         2.51606       8.2269504       2.5195751       8.5830933        8.5830933       2.5195751          2.5195751
              1       12.049313       94.720913      0.15709249     -0.58749384      -1.8887846    2.100583e-09       135.31559      0.36681094      0.17973736      0.63311534      0.24569493        0.247026         2.51606        8.342821        6.932439       8.5830933        8.5830933        6.932439           6.932439
              1       11.342903       95.550547      0.15321183     -0.64264246       -1.691209    2.100583e-09       136.50078      0.35889122       0.1758567      0.64103505      0.24569493        0.247026         2.51606       8.2799423       5.5196201       8.5830933        8.5830933       5.5196201          5.5196201
              1       11.295509       95.971437      0.15321183     -0.64264246       -1.691209    2.100583e-09       137.10205      0.35889122       0.1758567      0.64103505      0.24569493        0.247026         2.51606       8.2799423       5.4248317       8.5830933        8.5830933       5.4248317          5.4248317
              5       11.337097       95.483492      0.14597214     -0.66007457      -1.1981386    2.100583e-09       136.40499      0.34411633        0.168617      0.65580994      0.24569493        0.247026         2.51606       8.1809875       5.5080082       8.5830933        8.5830933       5.5080082          5.5080082
              1       11.325276       95.524582      0.14597214     -0.66007457      -1.1981386    2.100583e-09       136.46369      0.34411633        0.168617      0.65580994      0.24569493        0.247026         2.51606       8.1809875       5.4843657       8.5830933        8.5830933       5.4843657          5.4843657
              2       11.534079       95.420387      0.14614047     -0.65154051      -1.2180284    2.100583e-09       136.31484      0.34445986      0.16878533      0.65546641      0.24569493        0.247026         2.51606       8.1841871       5.9019715       8.5830933        8.5830933       5.9019715          5.9019715
              1       12.947469       96.608908      0.14322149      -0.6856611      -1.2648974    2.100583e-09       138.01273      0.33850277      0.16586636       0.6614235      0.24569493        0.247026         2.51606       8.1267308       8.7287512       8.5830933        8.5830933       8.7287512          8.7287512
              1       12.932372       96.602119      0.14322149      -0.6856611      -1.2648974    2.100583e-09       138.00303      0.33850277      0.16586636       0.6614235      0.24569493        0.247026         2.51606       8.1267308       8.6985579       8.5830933        8.5830933       8.6985579          8.6985579
              1       12.904139       96.587228      0.14322149      -0.6856611      -1.2648974    2.100583e-09       137.98175      0.33850277      0.16586636       0.6614235      0.24569493        0.247026         2.51606       8.1267308       8.6420915       8.5830933        8.5830933       8.6420915          8.6420915
              1       12.583798       96.662846      0.14339305     -0.69200866      -1.2608049    2.100583e-09       138.08978      0.33885288      0.16603791      0.66107339      0.24569493        0.247026         2.51606       8.1287502       8.0014101       8.5830933        8.5830933       8.0014101          8.0014101
              1       13.123049       96.396702      0.14339305     -0.69200866      -1.2608049    2.100583e-09       137.70957      0.33885288      0.16603791      0.66107339      0.24569493        0.247026         2.51606       8.1287502       9.0799108       8.5830933        8.5830933       9.0799108          9.0799108
              1       12.193158       96.828403      0.13007291     -0.83318375     -0.17996594    2.100583e-09       138.32629      0.31166894      0.15271778      0.68825733      0.24569493        0.247026         2.51606       7.9677299       7.2201298       8.5830933        8.5830933       7.2201298          7.2201298
              2       9.7315191        95.56981      0.14960354     -0.72715329      -1.0960639    2.100583e-09        136.5283      0.35152735       0.1722484      0.64839892      0.24569493        0.247026         2.51606       8.2346582       2.2968515       8.5830933        8.5830933       2.2968515          2.2968515
              1       9.4335063        95.63141      0.14960354     -0.72715329      -1.0960639    2.100583e-09        136.6163      0.35152735       0.1722484      0.64839892      0.24569493        0.247026         2.51606       8.2346582        1.700826       8.5830933        8.5830933        1.700826           1.700826
              2       9.6410083       95.586139      0.14960354     -0.72715329      -1.0960639    2.100583e-09       136.55163      0.35152735       0.1722484      0.64839892      0.24569493        0.247026         2.51606       8.2346582         2.11583       8.5830933        8.5830933         2.11583            2.11583
              1       9.6641571       95.539332       0.1504022     -0.72600841        -1.11908    2.100583e-09       136.48476      0.35315728      0.17304707      0.64676899      0.24569493        0.247026         2.51606       8.2467104       2.1621276       8.5830933        8.5830933       2.1621276          2.1621276
              3       10.000801       95.482575       0.1504022     -0.72600841        -1.11908    2.100583e-09       136.40368      0.35315728      0.17304707      0.64676899      0.24569493        0.247026         2.51606       8.2467104       2.8354152       8.5830933        8.5830933       2.8354152          2.8354152
              1       9.4535747       95.588553       0.1504022     -0.72600841        -1.11908    2.100583e-09       136.55508      0.35315728      0.17304707      0.64676899      0.24569493        0.247026         2.51606       8.2467104       1.7409629       8.5830933        8.5830933       1.7409629          1.7409629
              3       9.9474197       95.914205       0.1504022     -0.72600841        -1.11908    2.100583e-09       137.02029      0.35315728      0.17304707      0.64676899      0.24569493        0.247026         2.51606       8.2467104       2.7286529       8.5830933        8.5830933       2.7286529          2.7286529
              1        9.739767       94.699103      0.15323965     -0.63465616      -1.3438247    2.100583e-09       135.28443      0.35894798      0.17588451      0.64097829      0.24569493        0.247026         2.51606       8.2964496       2.3133474       8.5830933        8.5830933       2.3133474          2.3133474
              2       10.123026       94.449897      0.15323965     -0.63465616      -1.3438247    2.100583e-09       134.92842      0.35894798      0.17588451      0.64097829      0.24569493        0.247026         2.51606       8.2964496       3.0798646       8.5830933        8.5830933       3.0798646          3.0798646
              6        10.21452       94.351093      0.15383065     -0.62447948      -1.3892584    2.100583e-09       134.78728      0.36015412      0.17647552      0.63977215      0.24569493        0.247026         2.51606       8.3053794       3.2628529       8.5830933        8.5830933       3.2628529          3.2628529
              1        12.33666       101.28796      0.12026972      -1.0824436      0.23689062    2.100583e-09       144.69708      0.29166243      0.14291459      0.70826384      0.24569493        0.247026         2.51606       7.7618299       7.5071336       8.5830933        8.5830933       7.5071336          7.5071336
              2       11.388238       101.56684      0.12026972      -1.0824436      0.23689062    2.100583e-09       145.09549      0.29166243      0.14291459      0.70826384      0.24569493        0.247026         2.51606       7.7618299       5.6102886       8.5830933        8.5830933       5.6102886          5.6102886
              1       11.461135        101.6255      0.12026972      -1.0824436      0.23689062    2.100583e-09       145.17929      0.29166243      0.14291459      0.70826384      0.24569493        0.247026         2.51606       7.7618299       5.7560837       8.5830933        8.5830933       5.7560837          5.7560837
              2       11.458752       101.62433      0.12026972      -1.0824436      0.23689062    2.100583e-09       145.17761      0.29166243      0.14291459      0.70826384      0.24569493        0.247026         2.51606       7.7618299        5.751318       8.5830933        8.5830933        5.751318           5.751318
              1       11.384753       101.54885      0.12026972      -1.0824436      0.23689062    2.100583e-09       145.06979      0.29166243      0.14291459      0.70826384      0.24569493        0.247026         2.51606       7.7618299       5.6033201       8.5830933        8.5830933       5.6033201          5.6033201
              1       12.042071       100.24293      0.13615019      -1.0466241     -0.18237285    2.100583e-09       143.20418      0.32407155      0.15879506      0.67585472      0.24569493        0.247026         2.51606       8.0056606       6.9179552       8.5830933        8.5830933       6.9179552          6.9179552
              1       9.8654146       99.821506      0.13615019      -1.0466241     -0.18237285    2.100583e-09       142.60215      0.32407155      0.15879506      0.67585472      0.24569493        0.247026         2.51606       8.0056606       2.5646425       8.5830933        8.5830933       2.5646425          2.5646425
              3       8.8045721       97.074774      0.14146609     -0.84352716     -0.57881838    2.100583e-09       138.67825      0.33492032      0.16411096      0.66500595      0.24569493        0.247026         2.51606        8.110502      0.44295758       8.5830933        8.5830933      0.44295758         0.44295758
              1       19.501074       93.708481      0.14928018     -0.52851057      -1.5857959    2.100583e-09       133.86926      0.35086743      0.17192504      0.64905884      0.24569493        0.247026         2.51606       8.2373284       21.835961       8.5830933        8.5830933       21.835961          21.835961
              1        17.05011       93.883064      0.14928018     -0.52851057      -1.5857959    2.100583e-09       134.11866      0.35086743      0.17192504      0.64905884      0.24569493        0.247026         2.51606       8.2373284       16.934033       8.5830933        8.5830933       16.934033          16.934033
              1       15.249219       94.322672      0.14928018     -0.52851057      -1.5857959    2.100583e-09       134.74667      0.35086743      0.17192504      0.64905884      0.24569493        0.247026         2.51606       8.2373284       13.332252       8.5830933        8.5830933       13.332252          13.332252
              1       15.257008       94.135842      0.14928018     -0.52851057      -1.5857959    2.100583e-09       134.47977      0.35086743      0.17192504      0.64905884      0.24569493        0.247026         2.51606       8.2373284        13.34783       8.5830933        8.5830933        13.34783           13.34783
              1       14.110165       95.722506      0.15448996     -0.55005352      -2.1108419    2.100583e-09       136.74644      0.36149964      0.17713482      0.63842663      0.24569493        0.247026         2.51606        8.297952       11.054144       8.5830933        8.5830933       11.054144          11.054144
              2       13.536946       96.295854       0.1491151     -0.62674969      -1.8085677    2.100583e-09       137.56551      0.35053054      0.17175997      0.64939573      0.24569493        0.247026         2.51606       8.2104119       9.9077048       8.5830933        8.5830933       9.9077048          9.9077048
              2       13.530079       96.590785       0.1491151     -0.62674969      -1.8085677    2.100583e-09       137.98684      0.35053054      0.17175997      0.64939573      0.24569493        0.247026         2.51606       8.2104119       9.8939712       8.5830933        8.5830933       9.8939712          9.8939712
              1        14.55119       96.742606       0.1491151     -0.62674969      -1.8085677    2.100583e-09       138.20372      0.35053054      0.17175997      0.64939573      0.24569493        0.247026         2.51606       8.2104119       11.936193       8.5830933        8.5830933       11.936193          11.936193
              2       10.257201       100.95421      0.13066797      -1.0507796     -0.17493922    2.100583e-09        144.2203      0.31288334      0.15331284      0.68704293      0.24569493        0.247026         2.51606       7.9099002       3.3482157       8.5830933        8.5830933       3.3482157          3.3482157
              1         10.0049       100.87712      0.13066797      -1.0507796     -0.17493922    2.100583e-09       144.11018      0.31288334      0.15331284      0.68704293      0.24569493        0.247026         2.51606       7.9099002       2.8436126       8.5830933        8.5830933       2.8436126          2.8436126
              1       10.290996       101.11534      0.13155584      -1.0764965      -0.1469955    2.100583e-09       144.45049      0.31469532      0.15420071      0.68523095      0.24569493        0.247026         2.51606       7.9219555       3.4158053       8.5830933        8.5830933       3.4158053          3.4158053
              2       10.102662       100.90379      0.13155584      -1.0764965      -0.1469955    2.100583e-09       144.14828      0.31469532      0.15420071      0.68523095      0.24569493        0.247026         2.51606       7.9219555       3.0391374       8.5830933        8.5830933       3.0391374          3.0391374
              1       10.028161       100.98378      0.13155584      -1.0764965      -0.1469955    2.100583e-09       144.26254      0.31469532      0.15420071      0.68523095      0.24569493        0.247026         2.51606       7.9219555       2.8901351       8.5830933        8.5830933       2.8901351          2.8901351
              4         9.69696       101.04282      0.12995591       -1.126029      0.14135322    2.100583e-09       144.34689      0.31143015      0.15260077      0.68849612      0.24569493        0.247026         2.51606       7.9074122       2.2277334       8.5830933        8.5830933       2.2277334          2.2277334
              2       9.6930758       101.04716      0.12995591       -1.126029      0.14135322    2.100583e-09       144.35309      0.31143015      0.15260077      0.68849612      0.24569493        0.247026         2.51606       7.9074122        2.219965       8.5830933        8.5830933        2.219965           2.219965
              1       9.9620167       100.93487      0.12995591       -1.126029      0.14135322    2.100583e-09       144.19267      0.31143015      0.15260077      0.68849612      0.24569493        0.247026         2.51606       7.9074122       2.7578469       8.5830933        8.5830933       2.7578469          2.7578469
              3       9.8879999       100.95499      0.12995591       -1.126029      0.14135322    2.100583e-09       144.22142      0.31143015      0.15260077      0.68849612      0.24569493        0.247026         2.51606       7.9074122       2.6098132       8.5830933        8.5830933       2.6098132          2.6098132
              1       9.7288474       96.905913      0.13470732     -0.87541277     -0.16473133    2.100583e-09       138.43702       0.3211269      0.15735218      0.67879937      0.24569493        0.247026         2.51606       8.0319882       2.2915082       8.5830933        8.5830933       2.2915082          2.2915082
              1       10.592825       97.256157      0.13091985     -0.90970365   -0.0027225025    2.100583e-09       138.93737      0.31339738      0.15356471      0.68652889      0.24569493        0.247026         2.51606       7.9799076       4.0194634       8.5830933        8.5830933       4.0194634          4.0194634
              4       12.763931        100.3211      0.12720428      -1.0464536    -0.027426443    2.100583e-09       143.31585      0.30581459      0.14984915      0.69411168      0.24569493        0.247026         2.51606       7.8635263       8.3616744       8.5830933        8.5830933       8.3616744          8.3616744
              1       10.631703       99.810772      0.11134839      -1.0860325      0.90654236    2.100583e-09       142.58682      0.27345563      0.13399326      0.72647064      0.24569493        0.247026         2.51606       7.8394066       4.0972204       8.5830933        8.5830933       4.0972204          4.0972204
              3       10.601593       97.592053      0.12393773     -0.94764337       0.3561621    2.100583e-09       139.41722      0.29914816       0.1465826      0.70077811      0.24569493        0.247026         2.51606       7.9272343       4.0369986       8.5830933        8.5830933       4.0369986          4.0369986
              2        10.04622       96.217638      0.15017115     -0.74715842      -1.1019009    2.100583e-09       137.45377      0.35268575      0.17281602      0.64724052      0.24569493        0.247026         2.51606       8.2403169        2.926253       8.5830933        8.5830933        2.926253           2.926253
              1       11.164875       95.657931      0.15017115     -0.74715842      -1.1019009    2.100583e-09       136.65419      0.35268575      0.17281602      0.64724052      0.24569493        0.247026         2.51606       8.2403169       5.1635632       8.5830933        8.5830933       5.1635632          5.1635632
              2       10.326272       97.133054       0.1474335     -0.82132501      -1.0367671    2.100583e-09       138.76151      0.34709871      0.17007837      0.65282756      0.24569493        0.247026         2.51606       8.1866698       3.4863576       8.5830933        8.5830933       3.4863576          3.4863576
              1       11.695822       95.306097      0.15580943     -0.70194401      -1.4414724    2.100583e-09       136.15157      0.36419245       0.1784543      0.63573382      0.24569493        0.247026         2.51606       8.3237222       6.2254567       8.5830933        8.5830933       6.2254567          6.2254567
              1       12.049225       95.263416      0.15580943     -0.70194401      -1.4414724    2.100583e-09       136.09059      0.36419245       0.1784543      0.63573382      0.24569493        0.247026         2.51606       8.3237222       6.9322642       8.5830933        8.5830933       6.9322642          6.9322642
              1       10.017668       96.768209      0.13789224     -0.86596281     -0.32489394    2.100583e-09        138.2403      0.32762675      0.16053711      0.67229952      0.24569493        0.247026         2.51606       8.0684686       2.8691502       8.5830933        8.5830933       2.8691502          2.8691502
              3       9.9687725       96.953962       0.1373125     -0.87139736     -0.32704769    2.100583e-09       138.50566       0.3264436      0.15995736      0.67348267      0.24569493        0.247026         2.51606       8.0568279       2.7713584       8.5830933        8.5830933       2.7713584          2.7713584
              2       9.0516032       97.160548       0.1373125     -0.87139736     -0.32704769    2.100583e-09       138.80078       0.3264436      0.15995736      0.67348267      0.24569493        0.247026         2.51606       8.0568279      0.93701984       8.5830933        8.5830933      0.93701984         0.93701984
              2       9.3977071       97.363482       0.1373125     -0.87139736     -0.32704769    2.100583e-09       139.09069       0.3264436      0.15995736      0.67348267      0.24569493        0.247026         2.51606       8.0568279       1.6292276       8.5830933        8.5830933       1.6292276          1.6292276
              5       9.0148442       99.050021      0.13303258     -0.99007835    -0.042172448    2.100583e-09       141.50003      0.31770908      0.15567745      0.68221719      0.24569493        0.247026         2.51606       7.9804122      0.86350192       8.5830933        8.5830933      0.86350192         0.86350192
              1       8.8488509       99.064379      0.13096893      -1.0213466      0.10697078    2.100583e-09       141.52054      0.31349754      0.15361379      0.68642873      0.24569493        0.247026         2.51606       7.9538592      0.53151528       8.5830933        8.5830933      0.53151528         0.53151528
              1       11.449499       97.528397       0.1259195      -0.9158744      0.21685205    2.100583e-09       139.32628      0.30319258      0.14856437      0.69673369      0.24569493        0.247026         2.51606       7.9404787       5.7328106       8.5830933        8.5830933       5.7328106          5.7328106
              2       11.618223       97.552869       0.1259195      -0.9158744      0.21685205    2.100583e-09       139.36124      0.30319258      0.14856437      0.69673369      0.24569493        0.247026         2.51606       7.9404787       6.0702593       8.5830933        8.5830933       6.0702593          6.0702593
              1       12.035271        98.05387      0.12551806     -0.91552059       0.1361771    2.100583e-09       140.07696      0.30237332      0.14816293      0.69755295      0.24569493        0.247026         2.51606       7.9131322       6.9043546       8.5830933        8.5830933       6.9043546          6.9043546
              1       11.837724       98.030721      0.12551806     -0.91552059       0.1361771    2.100583e-09       140.04389      0.30237332      0.14816293      0.69755295      0.24569493        0.247026         2.51606       7.9131322       6.5092621       8.5830933        8.5830933       6.5092621          6.5092621
              4       17.294021       98.424045      0.12551806     -0.91552059       0.1361771    2.100583e-09       140.60578      0.30237332      0.14816293      0.69755295      0.24569493        0.247026         2.51606       7.9131322       17.421855       8.5830933        8.5830933       17.421855          17.421855
              3       15.250663       98.309731      0.12551806     -0.91552059       0.1361771    2.100583e-09       140.44247      0.30237332      0.14816293      0.69755295      0.24569493        0.247026         2.51606       7.9131322       13.335139       8.5830933        8.5830933       13.335139          13.335139
              1       12.298119       98.359535      0.13243511     -0.87216417     -0.35250277    2.100583e-09       140.51362      0.31648976      0.15507998      0.68343651      0.24569493        0.247026         2.51606       7.9705574       7.4300522       8.5830933        8.5830933       7.4300522          7.4300522
              1       10.984763       97.879009      0.13243511     -0.87216417     -0.35250277    2.100583e-09       139.82716      0.31648976      0.15507998      0.68343651      0.24569493        0.247026         2.51606       7.9705574       4.8033385       8.5830933        8.5830933       4.8033385          4.8033385
              4         11.5886       96.216231      0.13686367     -0.77417575     -0.49303954    2.100583e-09       137.45176      0.32552764      0.15950854      0.67439864      0.24569493        0.247026         2.51606       8.0601297       6.0110138       8.5830933        8.5830933       6.0110138          6.0110138
              2       12.122899       95.923759      0.13686367     -0.77417575     -0.49303954    2.100583e-09       137.03394      0.32552764      0.15950854      0.67439864      0.24569493        0.247026         2.51606       8.0601297        7.079611       8.5830933        8.5830933        7.079611           7.079611
              2       11.692199       96.249109      0.13686367     -0.77417575     -0.49303954    2.100583e-09       137.49873      0.32552764      0.15950854      0.67439864      0.24569493        0.247026         2.51606       8.0601297       6.2182106       8.5830933        8.5830933       6.2182106          6.2182106
              1       10.536994       93.713518      0.16011198      -0.5170352      -1.9446278    2.100583e-09       133.87645      0.37297316      0.18275685      0.62695311      0.24569493        0.247026         2.51606       8.3979365        3.907802       8.5830933        8.5830933        3.907802           3.907802
              1       10.745772       93.911831      0.16011198      -0.5170352      -1.9446278    2.100583e-09       134.15976      0.37297316      0.18275685      0.62695311      0.24569493        0.247026         2.51606       8.3979365       4.3253569       8.5830933        8.5830933       4.3253569          4.3253569
              5        10.83908       93.932321      0.16011198      -0.5170352      -1.9446278    2.100583e-09       134.18903      0.37297316      0.18275685      0.62695311      0.24569493        0.247026         2.51606       8.3979365       4.5119737       8.5830933        8.5830933       4.5119737          4.5119737
              4       12.287546       91.608472      0.16997363     -0.35040454       -2.502278    2.100583e-09       130.86925      0.39309897      0.19261849       0.6068273      0.24569493        0.247026         2.51606       8.5536666        7.408905       8.5830933        8.5830933        7.408905           7.408905
              2       11.789318       91.720008      0.16997363     -0.35040454       -2.502278    2.100583e-09       131.02858      0.39309897      0.19261849       0.6068273      0.24569493        0.247026         2.51606       8.5536666       6.4124497       8.5830933        8.5830933       6.4124497          6.4124497
              4       11.869871       91.729359      0.17028081     -0.33999272      -2.5677453    2.100583e-09       131.04194      0.39372588      0.19292568      0.60620039      0.24569493        0.247026         2.51606       8.5575769       6.5735548       8.5830933        8.5830933       6.5735548          6.5735548
              3       11.932952       91.704393      0.17028081     -0.33999272      -2.5677453    2.100583e-09       131.00628      0.39372588      0.19292568      0.60620039      0.24569493        0.247026         2.51606       8.5575769       6.6997169       8.5830933        8.5830933       6.6997169          6.6997169
              2        11.83585       92.448562      0.16201496      -0.4126592      -2.1009929    2.100583e-09       132.06937      0.37685679      0.18465983      0.62306948      0.24569493        0.247026         2.51606       8.4360359        6.505513       8.5830933        8.5830933        6.505513           6.505513
              1       13.040026       92.848207      0.15832619     -0.46751094      -1.7261265    2.100583e-09        132.6403      0.36932868      0.18097105      0.63059759      0.24569493        0.247026         2.51606       8.3862393       8.9138659       8.5830933        8.5830933       8.9138659          8.9138659
              1       12.287832       92.716173      0.15832619     -0.46751094      -1.7261265    2.100583e-09       132.45168      0.36932868      0.18097105      0.63059759      0.24569493        0.247026         2.51606       8.3862393       7.4094782       8.5830933        8.5830933       7.4094782          7.4094782
              1       12.417833       92.628944      0.16320566     -0.50656868      -1.8398114    2.100583e-09       132.32706      0.37928679      0.18585053      0.62063948      0.24569493        0.247026         2.51606       8.4521678       7.6694794       8.5830933        8.5830933       7.6694794          7.6694794
              1       10.697273       92.995632      0.16320566     -0.50656868      -1.8398114    2.100583e-09        132.8509      0.37928679      0.18585053      0.62063948      0.24569493        0.247026         2.51606       8.4521678       4.2283596       8.5830933        8.5830933       4.2283596          4.2283596
              2       13.460924       93.262423        0.148519     -0.60948747     -0.91816733    2.100583e-09       133.23203      0.34931401      0.17116386      0.65061227      0.24569493        0.247026         2.51606       8.2554969       9.7556616       8.5830933        8.5830933       9.7556616          9.7556616
              2       13.527185       93.229131        0.148519     -0.60948747     -0.91816733    2.100583e-09       133.18447      0.34931401      0.17116386      0.65061227      0.24569493        0.247026         2.51606       8.2554969        9.888183       8.5830933        8.5830933        9.888183           9.888183
              1        13.45059       93.237949      0.14862335     -0.60977848     -0.92309128    2.100583e-09       133.19707      0.34952698      0.17126822      0.65039929      0.24569493        0.247026         2.51606       8.2566294       9.7349939       8.5830933        8.5830933       9.7349939          9.7349939
              6       13.578927       93.439386      0.14862335     -0.60977848     -0.92309128    2.100583e-09       133.48484      0.34952698      0.17126822      0.65039929      0.24569493        0.247026         2.51606       8.2566294       9.9916665       8.5830933        8.5830933       9.9916665          9.9916665
              6       11.530792       94.416389      0.14778724     -0.65753645      -0.9236026    2.100583e-09       134.88056      0.34782063      0.17043211      0.65210564      0.24569493        0.247026         2.51606       8.2307696       5.8953976       8.5830933        8.5830933       5.8953976          5.8953976
              3       13.846651       94.678773      0.14778724     -0.65753645      -0.9236026    2.100583e-09       135.25539      0.34782063      0.17043211      0.65210564      0.24569493        0.247026         2.51606       8.2307696       10.527116       8.5830933        8.5830933       10.527116          10.527116
              2       11.449176       94.137514      0.14778724     -0.65753645      -0.9236026    2.100583e-09       134.48216      0.34782063      0.17043211      0.65210564      0.24569493        0.247026         2.51606       8.2307696       5.7321662       8.5830933        8.5830933       5.7321662          5.7321662
              1        10.52129         94.5151      0.14813811     -0.69824946     -0.83962431    2.100583e-09       135.02157      0.34853669      0.17078298      0.65138958      0.24569493        0.247026         2.51606       8.2336912       3.8763944       8.5830933        8.5830933       3.8763944          3.8763944
              1        10.71493        94.44437      0.15061918     -0.70169049     -0.92432828    2.100583e-09       134.92053      0.35360009      0.17326404      0.64632618      0.24569493        0.247026         2.51606       8.2667779       4.2636726       8.5830933        8.5830933       4.2636726          4.2636726
              4       10.109405       94.573697      0.15061918     -0.70169049     -0.92432828    2.100583e-09       135.10528      0.35360009      0.17326404      0.64632618      0.24569493        0.247026         2.51606       8.2667779       3.0526236       8.5830933        8.5830933       3.0526236          3.0526236
              2       10.521939        94.48223      0.14846973      -0.7003609     -0.82460315    2.100583e-09       134.97461      0.34921346       0.1711146      0.65071281      0.24569493        0.247026         2.51606       8.2398342       3.8776913       8.5830933        8.5830933       3.8776913          3.8776913
              1       10.965275       94.743863      0.14846973      -0.7003609     -0.82460315    2.100583e-09       135.34838      0.34921346       0.1711146      0.65071281      0.24569493        0.247026         2.51606       8.2398342       4.7643641       8.5830933        8.5830933       4.7643641          4.7643641
              1       10.600795       95.000441      0.15461589     -0.67845326      -1.2350662    2.100583e-09       135.71492      0.36175664      0.17726076      0.63816963      0.24569493        0.247026         2.51606       8.3170281       4.0354042       8.5830933        8.5830933       4.0354042          4.0354042
              2         10.1125       96.271098      0.14271729      -0.7818466     -0.76893051    2.100583e-09       137.53014      0.33747378      0.16536215      0.66245249      0.24569493        0.247026         2.51606       8.1306828       3.0588142       8.5830933        8.5830933       3.0588142          3.0588142
              2       9.3220129       96.561485      0.14271729      -0.7818466     -0.76893051    2.100583e-09       137.94498      0.33747378      0.16536215      0.66245249      0.24569493        0.247026         2.51606       8.1306828       1.4778393       8.5830933        8.5830933       1.4778393          1.4778393
              3       9.8225315       98.227805      0.13058745     -0.91524224     -0.10932666    2.100583e-09       140.32544        0.312719      0.15323231      0.68720727      0.24569493        0.247026         2.51606       7.9549964       2.4788765       8.5830933        8.5830933       2.4788765          2.4788765
              1       9.6534845       98.109737      0.13058745     -0.91524224     -0.10932666    2.100583e-09       140.15677        0.312719      0.15323231      0.68720727      0.24569493        0.247026         2.51606       7.9549964       2.1407824       8.5830933        8.5830933       2.1407824          2.1407824
              2       9.8824799       102.20669       0.1127112      -1.2103826      0.89908647    2.100583e-09       146.00956      0.27623688      0.13535607      0.72368939      0.24569493        0.247026         2.51606       7.7185306       2.5987733       8.5830933        8.5830933       2.5987733          2.5987733
              2       9.4880049       102.27807       0.1127112      -1.2103826      0.89908647    2.100583e-09       146.11153      0.27623688      0.13535607      0.72368939      0.24569493        0.247026         2.51606       7.7185306       1.8098233       8.5830933        8.5830933       1.8098233          1.8098233
              1       10.805991       102.80278       0.1127112      -1.2103826      0.89908647    2.100583e-09       146.86111      0.27623688      0.13535607      0.72368939      0.24569493        0.247026         2.51606       7.7185306       4.4457957       8.5830933        8.5830933       4.4457957          4.4457957
              1       10.621379       103.21211      0.11170673       -1.245285      0.99697555    2.100583e-09       147.44587      0.27418692      0.13435159      0.72573935      0.24569493        0.247026         2.51606       7.7097347       4.0765714       8.5830933        8.5830933       4.0765714          4.0765714
              1       9.7076706       102.74772      0.11170673       -1.245285      0.99697555    2.100583e-09       146.78246      0.27418692      0.13435159      0.72573935      0.24569493        0.247026         2.51606       7.7097347       2.2491547       8.5830933        8.5830933       2.2491547          2.2491547
              1       9.9955396       103.75297      0.10519615      -1.2895765       1.2540118    2.100583e-09       148.21853      0.26090004      0.12784102      0.73902623      0.24569493        0.247026         2.51606       7.6826678       2.8248927       8.5830933        8.5830933       2.8248927          2.8248927
              2       9.9697229       103.70952      0.10519615      -1.2895765       1.2540118    2.100583e-09       148.15646      0.26090004      0.12784102      0.73902623      0.24569493        0.247026         2.51606       7.6826678       2.7732592       8.5830933        8.5830933       2.7732592          2.7732592
              2       11.269418       101.05445        0.115533      -1.1504256      0.73327571    2.100583e-09        144.3635      0.28199564      0.13817787      0.71793063      0.24569493        0.247026         2.51606       7.7561609       5.3726491       8.5830933        8.5830933       5.3726491          5.3726491
              2       8.9324414       101.53611        0.115533      -1.1504256      0.73327571    2.100583e-09       145.05159      0.28199564      0.13817787      0.71793063      0.24569493        0.247026         2.51606       7.7561609      0.69869627       8.5830933        8.5830933      0.69869627         0.69869627
              2       9.1365383        101.3322        0.115533      -1.1504256      0.73327571    2.100583e-09       144.76028      0.28199564      0.13817787      0.71793063      0.24569493        0.247026         2.51606       7.7561609         1.10689       8.5830933        8.5830933         1.10689            1.10689
              1        9.159535       101.32629        0.115533      -1.1504256      0.73327571    2.100583e-09       144.75185      0.28199564      0.13817787      0.71793063      0.24569493        0.247026         2.51606       7.7561609       1.1528834       8.5830933        8.5830933       1.1528834          1.1528834
              2       9.7694738       101.21564        0.115533      -1.1504256      0.73327571    2.100583e-09       144.59377      0.28199564      0.13817787      0.71793063      0.24569493        0.247026         2.51606       7.7561609        2.372761       8.5830933        8.5830933        2.372761           2.372761
              1       9.1320713       101.33338        0.115533      -1.1504256      0.73327571    2.100583e-09       144.76197      0.28199564      0.13817787      0.71793063      0.24569493        0.247026         2.51606       7.7561609        1.097956       8.5830933        8.5830933        1.097956           1.097956
              5       8.8733353       101.46962        0.115533      -1.1504256      0.73327571    2.100583e-09        144.9566      0.28199564      0.13817787      0.71793063      0.24569493        0.247026         2.51606       7.7561609        0.580484       8.5830933        8.5830933        0.580484           0.580484
              1       8.8748321       101.48093        0.115533      -1.1504256      0.73327571    2.100583e-09       144.97276      0.28199564      0.13817787      0.71793063      0.24569493        0.247026         2.51606       7.7561609      0.58347765       8.5830933        8.5830933      0.58347765         0.58347765
              3       8.9762958       101.38394        0.115533      -1.1504256      0.73327571    2.100583e-09        144.8342      0.28199564      0.13817787      0.71793063      0.24569493        0.247026         2.51606       7.7561609      0.78640505       8.5830933        8.5830933      0.78640505         0.78640505
              2       10.720376       103.36781      0.10492963      -1.2444046        1.181733    2.100583e-09       147.66829      0.26035611      0.12757449      0.73957016      0.24569493        0.247026         2.51606       7.6923689       4.2745653       8.5830933        8.5830933       4.2745653          4.2745653
              1        9.512231       103.14674      0.10492963      -1.2444046        1.181733    2.100583e-09       147.35248      0.26035611      0.12757449      0.73957016      0.24569493        0.247026         2.51606       7.6923689       1.8582754       8.5830933        8.5830933       1.8582754          1.8582754
              1       9.5928719       103.55423       0.1036859      -1.2649407       1.2178375    2.100583e-09       147.93461      0.25781788      0.12633076      0.74210839      0.24569493        0.247026         2.51606       7.6660515       2.0195573       8.5830933        8.5830933       2.0195573          2.0195573
              1       11.465927       103.95211       0.1036859      -1.2649407       1.2178375    2.100583e-09       148.50301      0.25781788      0.12633076      0.74210839      0.24569493        0.247026         2.51606       7.6660515       5.7656681       8.5830933        8.5830933       5.7656681          5.7656681
              3       10.042813       103.75934       0.1036859      -1.2649407       1.2178375    2.100583e-09       148.22763      0.25781788      0.12633076      0.74210839      0.24569493        0.247026         2.51606       7.6660515       2.9194385       8.5830933        8.5830933       2.9194385          2.9194385
              2       10.101793       103.74308      0.10328862      -1.2616182       1.2211391    2.100583e-09        148.2044      0.25700711      0.12593348      0.74291916      0.24569493        0.247026         2.51606       7.6662516       3.0373986       8.5830933        8.5830933       3.0373986          3.0373986
              1       9.8574033       103.61543      0.10984075      -1.2546188      0.97262579    2.100583e-09       148.02204       0.2703788      0.13248561      0.72954747      0.24569493        0.247026         2.51606       7.6581214         2.54862       8.5830933        8.5830933         2.54862            2.54862
              1       9.8534478       103.53218      0.10984075      -1.2546188      0.97262579    2.100583e-09       147.90312       0.2703788      0.13248561      0.72954747      0.24569493        0.247026         2.51606       7.6581214        2.540709       8.5830933        8.5830933        2.540709           2.540709
              2       11.355408       103.91302      0.10984075      -1.2546188      0.97262579    2.100583e-09       148.44717       0.2703788      0.13248561      0.72954747      0.24569493        0.247026         2.51606       7.6581214       5.5446294       8.5830933        8.5830933       5.5446294          5.5446294
              1       11.615008       103.94104      0.10984075      -1.2546188      0.97262579    2.100583e-09       148.48721       0.2703788      0.13248561      0.72954747      0.24569493        0.247026         2.51606       7.6581214       6.0638302       8.5830933        8.5830933       6.0638302          6.0638302
              1       11.261606       103.90232      0.10984075      -1.2546188      0.97262579    2.100583e-09       148.43188       0.2703788      0.13248561      0.72954747      0.24569493        0.247026         2.51606       7.6581214       5.3570255       8.5830933        8.5830933       5.3570255          5.3570255
              2       10.473125       103.79291      0.10984075      -1.2546188      0.97262579    2.100583e-09       148.27559       0.2703788      0.13248561      0.72954747      0.24569493        0.247026         2.51606       7.6581214        3.780063       8.5830933        8.5830933        3.780063           3.780063
              3       12.167574       102.01888       0.1214599      -1.1450173      0.48049911    2.100583e-09       145.74126      0.29409137      0.14410477       0.7058349      0.24569493        0.247026         2.51606       7.7989244       7.1689621       8.5830933        8.5830933       7.1689621          7.1689621
              2       9.0413143       101.48357       0.1214599      -1.1450173      0.48049911    2.100583e-09       144.97652      0.29409137      0.14410477       0.7058349      0.24569493        0.247026         2.51606       7.7989244      0.91644199       8.5830933        8.5830933      0.91644199         0.91644199
              3       9.4437895        101.7158       0.1214599      -1.1450173      0.48049911    2.100583e-09       145.30829      0.29409137      0.14410477       0.7058349      0.24569493        0.247026         2.51606       7.7989244       1.7213923       8.5830933        8.5830933       1.7213923          1.7213923
              2        9.075179       101.48208      0.12177719      -1.1337873      0.43326178    2.100583e-09        144.9744      0.29473889      0.14442206      0.70518738      0.24569493        0.247026         2.51606       7.8007333      0.98417153       8.5830933        8.5830933      0.98417153         0.98417153
              3       10.575537       101.79649      0.12177719      -1.1337873      0.43326178    2.100583e-09       145.42356      0.29473889      0.14442206      0.70518738      0.24569493        0.247026         2.51606       7.8007333       3.9848867       8.5830933        8.5830933       3.9848867          3.9848867
              1        10.03388       103.77143      0.11137585      -1.2809077      0.98076575    2.100583e-09       148.24491      0.27351167      0.13402072      0.72641461      0.24569493        0.247026         2.51606       7.6676961       2.9015736       8.5830933        8.5830933       2.9015736          2.9015736
              1       9.9884145       103.81467      0.11137585      -1.2809077      0.98076575    2.100583e-09       148.30666      0.27351167      0.13402072      0.72641461      0.24569493        0.247026         2.51606       7.6676961       2.8106424       8.5830933        8.5830933       2.8106424          2.8106424
              1       10.002502       103.83682      0.11120157      -1.2824039      0.98864726    2.100583e-09       148.33831      0.27315599      0.13384644      0.72677028      0.24569493        0.247026         2.51606       7.6661533       2.8388165       8.5830933        8.5830933       2.8388165          2.8388165
              1       10.100259       103.77001      0.11120157      -1.2824039      0.98864726    2.100583e-09       148.24287      0.27315599      0.13384644      0.72677028      0.24569493        0.247026         2.51606       7.6661533       3.0343313       8.5830933        8.5830933       3.0343313          3.0343313
              2        9.999396       103.84297      0.11120157      -1.2824039      0.98864726    2.100583e-09        148.3471      0.27315599      0.13384644      0.72677028      0.24569493        0.247026         2.51606       7.6661533       2.8326053       8.5830933        8.5830933       2.8326053          2.8326053
              1        10.03852        103.7899      0.11087305      -1.2705184      0.95749025    2.100583e-09       148.27129      0.27248555      0.13351792      0.72744072      0.24569493        0.247026         2.51606       7.6584342       2.9108544       8.5830933        8.5830933       2.9108544          2.9108544
              1       10.035286       103.79615      0.11087305      -1.2705184      0.95749025    2.100583e-09       148.28021      0.27248555      0.13351792      0.72744072      0.24569493        0.247026         2.51606       7.6584342       2.9043856       8.5830933        8.5830933       2.9043856          2.9043856
              3       10.033328        103.8015      0.11087305      -1.2705184      0.95749025    2.100583e-09       148.28786      0.27248555      0.13351792      0.72744072      0.24569493        0.247026         2.51606       7.6584342       2.9004694       8.5830933        8.5830933       2.9004694          2.9004694
              2        10.04738       103.77816      0.11087305      -1.2705184      0.95749025    2.100583e-09       148.25451      0.27248555      0.13351792      0.72744072      0.24569493        0.247026         2.51606       7.6584342       2.9285728       8.5830933        8.5830933       2.9285728          2.9285728
              4       10.416556       103.64175      0.11087305      -1.2705184      0.95749025    2.100583e-09       148.05965      0.27248555      0.13351792      0.72744072      0.24569493        0.247026         2.51606       7.6584342       3.6669259       8.5830933        8.5830933       3.6669259          3.6669259
              4       10.157872       103.71477      0.11087305      -1.2705184      0.95749025    2.100583e-09       148.16395      0.27248555      0.13351792      0.72744072      0.24569493        0.247026         2.51606       7.6584342       3.1495577       8.5830933        8.5830933       3.1495577          3.1495577
              1       10.427204       103.63941      0.11087305      -1.2705184      0.95749025    2.100583e-09        148.0563      0.27248555      0.13351792      0.72744072      0.24569493        0.247026         2.51606       7.6584342        3.688221       8.5830933        8.5830933        3.688221           3.688221
              2       10.313096       103.95943      0.11087305      -1.2705184      0.95749025    2.100583e-09       148.51347      0.27248555      0.13351792      0.72744072      0.24569493        0.247026         2.51606       7.6584342        3.460005       8.5830933        8.5830933        3.460005           3.460005
              4       10.095601       103.88261      0.11087305      -1.2705184      0.95749025    2.100583e-09       148.40373      0.27248555      0.13351792      0.72744072      0.24569493        0.247026         2.51606       7.6584342        3.025016       8.5830933        8.5830933        3.025016           3.025016
              2       10.033321       103.82399      0.11087305      -1.2705184      0.95749025    2.100583e-09       148.31998      0.27248555      0.13351792      0.72744072      0.24569493        0.247026         2.51606       7.6584342       2.9004563       8.5830933        8.5830933       2.9004563          2.9004563
              1       11.004557       101.12894      0.12037584       -1.067152      0.25340729    2.100583e-09       144.46992      0.29187898       0.1430207      0.70804729      0.24569493        0.247026         2.51606       7.7726649        4.842928       8.5830933        8.5830933        4.842928           4.842928
              2       11.664654       99.059059       0.1408673      -0.9049801     -0.75254788    2.100583e-09       141.51294      0.33369829      0.16351216      0.66622798      0.24569493        0.247026         2.51606       8.0770301       6.1631213       8.5830933        8.5830933       6.1631213          6.1631213
              1       11.785353       99.070485       0.1408673      -0.9049801     -0.75254788    2.100583e-09       141.52926      0.33369829      0.16351216      0.66622798      0.24569493        0.247026         2.51606       8.0770301       6.4045185       8.5830933        8.5830933       6.4045185          6.4045185
              2       10.016159       98.826173       0.1408673      -0.9049801     -0.75254788    2.100583e-09       141.18025      0.33369829      0.16351216      0.66622798      0.24569493        0.247026         2.51606       8.0770301        2.866131       8.5830933        8.5830933        2.866131           2.866131
              4       9.8740876       98.794259       0.1405093     -0.90288045     -0.74045728    2.100583e-09       141.13466      0.33296768      0.16315416      0.66695859      0.24569493        0.247026         2.51606       8.0719409       2.5819887       8.5830933        8.5830933       2.5819887          2.5819887
              3       10.104121       98.515492       0.1405093     -0.90288045     -0.74045728    2.100583e-09       140.73642      0.33296768      0.16315416      0.66695859      0.24569493        0.247026         2.51606       8.0719409       3.0420564       8.5830933        8.5830933       3.0420564          3.0420564
              5       11.004501        100.2253      0.13714633      -1.0428892     -0.39585963    2.100583e-09       143.17899      0.32610448      0.15979119       0.6738218      0.24569493        0.247026         2.51606       8.0093831       4.8428154       8.5830933        8.5830933       4.8428154          4.8428154
              2       11.346594       100.12907      0.13714633      -1.0428892     -0.39585963    2.100583e-09       143.04154      0.32610448      0.15979119       0.6738218      0.24569493        0.247026         2.51606       8.0093831       5.5270009       8.5830933        8.5830933       5.5270009          5.5270009
              1       11.744932       100.54618      0.13714633      -1.0428892     -0.39585963    2.100583e-09        143.6374      0.32610448      0.15979119       0.6738218      0.24569493        0.247026         2.51606       8.0093831       6.3236771       8.5830933        8.5830933       6.3236771          6.3236771
              1       10.993544       100.23046      0.13714633      -1.0428892     -0.39585963    2.100583e-09       143.18637      0.32610448      0.15979119       0.6738218      0.24569493        0.247026         2.51606       8.0093831       4.8209013       8.5830933        8.5830933       4.8209013          4.8209013
              1       12.543979       100.64437      0.13714633      -1.0428892     -0.39585963    2.100583e-09       143.77767      0.32610448      0.15979119       0.6738218      0.24569493        0.247026         2.51606       8.0093831       7.9217724       8.5830933        8.5830933       7.9217724          7.9217724
              1       13.405538       100.95154       0.1175367      -1.0414363      0.26069352    2.100583e-09       144.21648      0.28608482      0.14018156      0.71384145      0.24569493        0.247026         2.51606       7.7345362       9.6448892       8.5830933        8.5830933       9.6448892          9.6448892
              1       13.573936       100.90747       0.1175367      -1.0414363      0.26069352    2.100583e-09       144.15352      0.28608482      0.14018156      0.71384145      0.24569493        0.247026         2.51606       7.7345362       9.9816852       8.5830933        8.5830933       9.9816852          9.9816852
              3       13.244666       101.10858       0.1175367      -1.0414363      0.26069352    2.100583e-09       144.44083      0.28608482      0.14018156      0.71384145      0.24569493        0.247026         2.51606       7.7345362       9.3231461       8.5830933        8.5830933       9.3231461          9.3231461
              1       11.747895       95.536441      0.14701714      -0.6440655      -1.2783616    2.100583e-09       136.48063        0.346249      0.16966201      0.65367727      0.24569493        0.247026         2.51606       8.1965598       6.3296034       8.5830933        8.5830933       6.3296034          6.3296034
              1       12.305722       95.136369      0.14701714      -0.6440655      -1.2783616    2.100583e-09        135.9091        0.346249      0.16966201      0.65367727      0.24569493        0.247026         2.51606       8.1965598        7.445257       8.5830933        8.5830933        7.445257           7.445257
              2       12.272243       95.140782      0.14701714      -0.6440655      -1.2783616    2.100583e-09        135.9154        0.346249      0.16966201      0.65367727      0.24569493        0.247026         2.51606       8.1965598       7.3782996       8.5830933        8.5830933       7.3782996          7.3782996
              2       12.413485       95.122679      0.14701714      -0.6440655      -1.2783616    2.100583e-09       135.88954        0.346249      0.16966201      0.65367727      0.24569493        0.247026         2.51606       8.1965598       7.6607827       8.5830933        8.5830933       7.6607827          7.6607827
              2       11.372634         95.3829      0.14701714      -0.6440655      -1.2783616    2.100583e-09       136.26129        0.346249      0.16966201      0.65367727      0.24569493        0.247026         2.51606       8.1965598       5.5790823       8.5830933        8.5830933       5.5790823          5.5790823
              1       10.505475       95.942676      0.14461186     -0.70474346      -1.0432428    2.100583e-09       137.06097      0.34134025      0.16725672      0.65858602      0.24569493        0.247026         2.51606       8.1594032       3.8447628       8.5830933        8.5830933       3.8447628          3.8447628
              3       10.488237       95.895504      0.14461186     -0.70474346      -1.0432428    2.100583e-09       136.99358      0.34134025      0.16725672      0.65858602      0.24569493        0.247026         2.51606       8.1594032       3.8102881       8.5830933        8.5830933       3.8102881          3.8102881
              1       11.821031       95.455551       0.1423706     -0.69413195     -0.88925949    2.100583e-09       136.36507      0.33676626      0.16501547      0.66316001      0.24569493        0.247026         2.51606        8.135515       6.4758763       8.5830933        8.5830933       6.4758763          6.4758763
              1       9.8788977       99.623142      0.12147104      -1.0282187      0.42072337    2.100583e-09       142.31877      0.29411409      0.14411591      0.70581218      0.24569493        0.247026         2.51606       7.8488961       2.5916089       8.5830933        8.5830933       2.5916089          2.5916089
              1       9.9403442       99.160978      0.12147104      -1.0282187      0.42072337    2.100583e-09       141.65854      0.29411409      0.14411591      0.70581218      0.24569493        0.247026         2.51606       7.8488961       2.7145018       8.5830933        8.5830933       2.7145018          2.7145018
              1       13.844243       99.972523      0.12147104      -1.0282187      0.42072337    2.100583e-09       142.81789      0.29411409      0.14411591      0.70581218      0.24569493        0.247026         2.51606       7.8488961         10.5223       8.5830933        8.5830933         10.5223            10.5223
              1       9.1572829       99.366866      0.12147104      -1.0282187      0.42072337    2.100583e-09       141.95267      0.29411409      0.14411591      0.70581218      0.24569493        0.247026         2.51606       7.8488961       1.1483791       8.5830933        8.5830933       1.1483791          1.1483791
              7       9.2489474       99.481471      0.12147104      -1.0282187      0.42072337    2.100583e-09       142.11639      0.29411409      0.14411591      0.70581218      0.24569493        0.247026         2.51606       7.8488961       1.3317082       8.5830933        8.5830933       1.3317082          1.3317082
              3       9.3095599       99.515432      0.12078415       -1.033408      0.46295237    2.100583e-09        142.1649      0.29271228      0.14342902      0.70721399      0.24569493        0.247026         2.51606       7.8457166       1.4529332       8.5830933        8.5830933       1.4529332          1.4529332
              1       9.2990542       102.37082      0.10711981      -1.2125609       1.0768712    2.100583e-09       146.24403      0.26482586      0.12976467      0.73510041      0.24569493        0.247026         2.51606       7.7052879       1.4319219       8.5830933        8.5830933       1.4319219          1.4319219
              4       9.5719454       102.67847      0.10711981      -1.2125609       1.0768712    2.100583e-09       146.68353      0.26482586      0.12976467      0.73510041      0.24569493        0.247026         2.51606       7.7052879       1.9777042       8.5830933        8.5830933       1.9777042          1.9777042
              4       9.7493607       102.71108      0.10711981      -1.2125609       1.0768712    2.100583e-09       146.73011      0.26482586      0.12976467      0.73510041      0.24569493        0.247026         2.51606       7.7052879       2.3325349       8.5830933        8.5830933       2.3325349          2.3325349
              6       9.3625745       102.63055      0.10711981      -1.2125609       1.0768712    2.100583e-09       146.61507      0.26482586      0.12976467      0.73510041      0.24569493        0.247026         2.51606       7.7052879       1.5589625       8.5830933        8.5830933       1.5589625          1.5589625
              1       9.3650424       102.68465      0.10689005      -1.2163525       1.0893399    2.100583e-09       146.69235      0.26435697      0.12953491       0.7355693      0.24569493        0.247026         2.51606       7.7040913       1.5638982       8.5830933        8.5830933       1.5638982          1.5638982
              3       9.1428775       102.47253      0.10976264      -1.2015646      0.96582655    2.100583e-09       146.38933       0.2702194      0.13240751      0.72970687      0.24569493        0.247026         2.51606       7.7036482       1.1195683       8.5830933        8.5830933       1.1195683          1.1195683
              4       9.1363069       102.32556      0.10976264      -1.2015646      0.96582655    2.100583e-09       146.17937       0.2702194      0.13240751      0.72970687      0.24569493        0.247026         2.51606       7.7036482       1.1064272       8.5830933        8.5830933       1.1064272          1.1064272
              3       9.9585475       102.14081      0.10976264      -1.2015646      0.96582655    2.100583e-09       145.91544       0.2702194      0.13240751      0.72970687      0.24569493        0.247026         2.51606       7.7036482       2.7509085       8.5830933        8.5830933       2.7509085          2.7509085
              4       11.572722       102.67249      0.11038001      -1.2420784      0.99490741    2.100583e-09       146.67499      0.27147933      0.13302487      0.72844694      0.24569493        0.247026         2.51606       7.6881206       5.9792574       8.5830933        8.5830933       5.9792574          5.9792574
              1       9.8965603       99.903812      0.12359076      -1.0304393       0.2153481    2.100583e-09       142.71973      0.29844006      0.14623563      0.70148621      0.24569493        0.247026         2.51606       7.8389221       2.6269341       8.5830933        8.5830933       2.6269341          2.6269341
              1       16.887404       100.93836       0.1031873      -1.1128369        1.111271    2.100583e-09       144.19766      0.25680034      0.12583217      0.74312593      0.24569493        0.247026         2.51606       7.8373913       16.608621       8.5830933        8.5830933       16.608621          16.608621
              4       11.233136       100.46945       0.1031873      -1.1128369        1.111271    2.100583e-09       143.52779      0.25680034      0.12583217      0.74312593      0.24569493        0.247026         2.51606       7.8373913       5.3000846       8.5830933        8.5830933       5.3000846          5.3000846
              1       12.656782       99.894608       0.1031873      -1.1128369        1.111271    2.100583e-09       142.70658      0.25680034      0.12583217      0.74312593      0.24569493        0.247026         2.51606       7.8373913       8.1473774       8.5830933        8.5830933       8.1473774          8.1473774
              1       11.299089        100.4809       0.1031873      -1.1128369        1.111271    2.100583e-09       143.54414      0.25680034      0.12583217      0.74312593      0.24569493        0.247026         2.51606       7.8373913       5.4319916       8.5830933        8.5830933       5.4319916          5.4319916
              1       10.670554       100.26694       0.1031873      -1.1128369        1.111271    2.100583e-09       143.23849      0.25680034      0.12583217      0.74312593      0.24569493        0.247026         2.51606       7.8373913       4.1749208       8.5830933        8.5830933       4.1749208          4.1749208
              1       10.357968       100.19902      0.10381618      -1.1079382       1.0819877    2.100583e-09       143.14146      0.25808378      0.12646105       0.7418425      0.24569493        0.247026         2.51606       7.8268394       3.5497504       8.5830933        8.5830933       3.5497504          3.5497504
              2       11.164366       99.993851      0.10381618      -1.1079382       1.0819877    2.100583e-09       142.84836      0.25808378      0.12646105       0.7418425      0.24569493        0.247026         2.51606       7.8268394       5.1625458       8.5830933        8.5830933       5.1625458          5.1625458
              1         11.8257       99.911452      0.10381618      -1.1079382       1.0819877    2.100583e-09       142.73065      0.25808378      0.12646105       0.7418425      0.24569493        0.247026         2.51606       7.8268394       6.4852134       8.5830933        8.5830933       6.4852134          6.4852134
              1       10.789723       100.41462      0.10381618      -1.1079382       1.0819877    2.100583e-09       143.44946      0.25808378      0.12646105       0.7418425      0.24569493        0.247026         2.51606       7.8268394       4.4132595       8.5830933        8.5830933       4.4132595          4.4132595
              2       10.125774       99.340667      0.10914015      -1.0237679      0.76183737    2.100583e-09       141.91524      0.26894902      0.13178502      0.73097725      0.24569493        0.247026         2.51606       7.7914399       3.0853606       8.5830933        8.5830933       3.0853606          3.0853606
              1       9.9850291       99.232762      0.10914015      -1.0237679      0.76183737    2.100583e-09       141.76109      0.26894902      0.13178502      0.73097725      0.24569493        0.247026         2.51606       7.7914399       2.8038716       8.5830933        8.5830933       2.8038716          2.8038716
              1       10.166038       99.148418      0.10915186      -1.0139977      0.73667861    2.100583e-09        141.6406      0.26897292      0.13179673      0.73095335      0.24569493        0.247026         2.51606       7.7884883       3.1658896       8.5830933        8.5830933       3.1658896          3.1658896
              3       10.692981       99.331011      0.10915186      -1.0139977      0.73667861    2.100583e-09       141.90144      0.26897292      0.13179673      0.73095335      0.24569493        0.247026         2.51606       7.7884883       4.2197746       8.5830933        8.5830933       4.2197746          4.2197746
              2       10.442704       100.57959      0.10891659      -1.1481936       1.0603558    2.100583e-09       143.68513      0.26849277      0.13156146       0.7314335      0.24569493        0.247026         2.51606       7.8179271       3.7192215       8.5830933        8.5830933       3.7192215          3.7192215
              1       10.914433       100.88324      0.10891659      -1.1481936       1.0603558    2.100583e-09       144.11891      0.26849277      0.13156146       0.7314335      0.24569493        0.247026         2.51606       7.8179271       4.6626791       8.5830933        8.5830933       4.6626791          4.6626791
              1       11.311756       100.40872      0.10891659      -1.1481936       1.0603558    2.100583e-09       143.44103      0.26849277      0.13156146       0.7314335      0.24569493        0.247026         2.51606       7.8179271       5.4573259       8.5830933        8.5830933       5.4573259          5.4573259
              3       10.763208       98.771098      0.11629609      -1.0472906      0.73469311    2.100583e-09       141.10157      0.28355298      0.13894096      0.71637329      0.24569493        0.247026         2.51606        7.866598       4.3602293       8.5830933        8.5830933       4.3602293          4.3602293
              2       11.123611       99.127639      0.11394489       -1.075937      0.86662644    2.100583e-09       141.61091      0.27875461      0.13658976      0.72117166      0.24569493        0.247026         2.51606       7.8700143        5.081036       8.5830933        8.5830933        5.081036           5.081036
              3       9.9628015       100.47473      0.10855817      -1.1311648       1.0243644    2.100583e-09       143.53534       0.2677613      0.13120304      0.73216497      0.24569493        0.247026         2.51606        7.810962       2.7594165       8.5830933        8.5830933       2.7594165          2.7594165
              2       10.256707       100.36173      0.10855817      -1.1311648       1.0243644    2.100583e-09        143.3739       0.2677613      0.13120304      0.73216497      0.24569493        0.247026         2.51606        7.810962        3.347227       8.5830933        8.5830933        3.347227           3.347227
              2       10.710249       100.27749      0.10855817      -1.1311648       1.0243644    2.100583e-09       143.25356       0.2677613      0.13120304      0.73216497      0.24569493        0.247026         2.51606        7.810962       4.2543123       8.5830933        8.5830933       4.2543123          4.2543123
              4       10.406505       100.61135      0.11188442      -1.1470949       0.9380492    2.100583e-09       143.73051      0.27454957      0.13452929       0.7253767      0.24569493        0.247026         2.51606        7.787189       3.6468244       8.5830933        8.5830933       3.6468244          3.6468244
              1       10.297656       100.62525      0.11188442      -1.1470949       0.9380492    2.100583e-09       143.75036      0.27454957      0.13452929       0.7253767      0.24569493        0.247026         2.51606        7.787189       3.4291259       8.5830933        8.5830933       3.4291259          3.4291259
              2       11.420692       100.50498      0.11188442      -1.1470949       0.9380492    2.100583e-09       143.57854      0.27454957      0.13452929       0.7253767      0.24569493        0.247026         2.51606        7.787189       5.6751969       8.5830933        8.5830933       5.6751969          5.6751969
              1       9.5350627       100.75726      0.11188442      -1.1470949       0.9380492    2.100583e-09       143.93894      0.27454957      0.13452929       0.7253767      0.24569493        0.247026         2.51606        7.787189       1.9039387       8.5830933        8.5830933       1.9039387          1.9039387
              1       9.3457895       100.97681      0.11188442      -1.1470949       0.9380492    2.100583e-09       144.25259      0.27454957      0.13452929       0.7253767      0.24569493        0.247026         2.51606        7.787189       1.5253924       8.5830933        8.5830933       1.5253924          1.5253924
              4       9.8979414       100.68397      0.11188442      -1.1470949       0.9380492    2.100583e-09       143.83424      0.27454957      0.13452929       0.7253767      0.24569493        0.247026         2.51606        7.787189       2.6296962       8.5830933        8.5830933       2.6296962          2.6296962
              3       9.6241354       101.06022      0.11188442      -1.1470949       0.9380492    2.100583e-09       144.37174      0.27454957      0.13452929       0.7253767      0.24569493        0.247026         2.51606        7.787189       2.0820842       8.5830933        8.5830933       2.0820842          2.0820842
              1       9.2271037       100.51523      0.11723095      -1.1214619      0.75862673    2.100583e-09       143.59319      0.28546086      0.13987582      0.71446541      0.24569493        0.247026         2.51606       7.8190784       1.2880208       8.5830933        8.5830933       1.2880208          1.2880208
              1       9.2304871       100.32443      0.11723095      -1.1214619      0.75862673    2.100583e-09       143.32061      0.28546086      0.13987582      0.71446541      0.24569493        0.247026         2.51606       7.8190784       1.2947877       8.5830933        8.5830933       1.2947877          1.2947877
              1       9.6196765       100.61304      0.11723095      -1.1214619      0.75862673    2.100583e-09       143.73292      0.28546086      0.13987582      0.71446541      0.24569493        0.247026         2.51606       7.8190784       2.0731664       8.5830933        8.5830933       2.0731664          2.0731664
              3       9.2182521       100.51183      0.11723095      -1.1214619      0.75862673    2.100583e-09       143.58833      0.28546086      0.13987582      0.71446541      0.24569493        0.247026         2.51606       7.8190784       1.2703177       8.5830933        8.5830933       1.2703177          1.2703177
              1       10.112606       101.36592      0.11225544      -1.1161315      0.68748711    2.100583e-09       144.80845      0.27530675      0.13490031      0.72461952      0.24569493        0.247026         2.51606       7.7086428        3.059026       8.5830933        8.5830933        3.059026           3.059026
              2       10.974891       101.20058      0.11225544      -1.1161315      0.68748711    2.100583e-09       144.57226      0.27530675      0.13490031      0.72461952      0.24569493        0.247026         2.51606       7.7086428       4.7835949       8.5830933        8.5830933       4.7835949          4.7835949
              1        11.02563       101.53434      0.11163722      -1.1247589      0.69095646    2.100583e-09       145.04905      0.27404507      0.13428208      0.72588121      0.24569493        0.247026         2.51606       7.6919103       4.8850744       8.5830933        8.5830933       4.8850744          4.8850744
              2       10.746121       101.58626      0.11163722      -1.1247589      0.69095646    2.100583e-09       145.12323      0.27404507      0.13428208      0.72588121      0.24569493        0.247026         2.51606       7.6919103       4.3260552       8.5830933        8.5830933       4.3260552          4.3260552
              2       10.350706       101.74992      0.11163722      -1.1247589      0.69095646    2.100583e-09       145.35702      0.27404507      0.13428208      0.72588121      0.24569493        0.247026         2.51606       7.6919103        3.535225       8.5830933        8.5830933        3.535225           3.535225
              4       11.440037       102.03957      0.11163722      -1.1247589      0.69095646    2.100583e-09       145.77082      0.27404507      0.13428208      0.72588121      0.24569493        0.247026         2.51606       7.6919103       5.7138878       8.5830933        8.5830933       5.7138878          5.7138878
              3       10.772372       101.58073      0.11163722      -1.1247589      0.69095646    2.100583e-09       145.11532      0.27404507      0.13428208      0.72588121      0.24569493        0.247026         2.51606       7.6919103       4.3785575       8.5830933        8.5830933       4.3785575          4.3785575
              1       11.212302       102.00816      0.11163722      -1.1247589      0.69095646    2.100583e-09       145.72595      0.27404507      0.13428208      0.72588121      0.24569493        0.247026         2.51606       7.6919103        5.258417       8.5830933        8.5830933        5.258417           5.258417
              3       11.558087       101.99275      0.11023904      -1.1208272      0.72656554    2.100583e-09       145.70392      0.27119164      0.13288391      0.72873463      0.24569493        0.247026         2.51606        7.683614       5.9499873       8.5830933        8.5830933       5.9499873          5.9499873
              1       10.939489       101.60787      0.10793512      -1.1279439      0.80642506    2.100583e-09        145.1541      0.26648977      0.13057999       0.7334365      0.24569493        0.247026         2.51606       7.6704115       4.7127915       8.5830933        8.5830933       4.7127915          4.7127915
              4        11.15406       101.57334      0.10793512      -1.1279439      0.80642506    2.100583e-09       145.10477      0.26648977      0.13057999       0.7334365      0.24569493        0.247026         2.51606       7.6704115       5.1419326       8.5830933        8.5830933       5.1419326          5.1419326
              2       10.485603       101.91988      0.10793512      -1.1279439      0.80642506    2.100583e-09       145.59983      0.26648977      0.13057999       0.7334365      0.24569493        0.247026         2.51606       7.6704115       3.8050192       8.5830933        8.5830933       3.8050192          3.8050192
              6       11.019803       101.59431      0.10793512      -1.1279439      0.80642506    2.100583e-09       145.13473      0.26648977      0.13057999       0.7334365      0.24569493        0.247026         2.51606       7.6704115       4.8734187       8.5830933        8.5830933       4.8734187          4.8734187
              1       10.343373       101.82949      0.10793512      -1.1279439      0.80642506    2.100583e-09       145.47069      0.26648977      0.13057999       0.7334365      0.24569493        0.247026         2.51606       7.6704115       3.5205593       8.5830933        8.5830933       3.5205593          3.5205593
              1       10.360846       101.77895      0.10793512      -1.1279439      0.80642506    2.100583e-09        145.3985      0.26648977      0.13057999       0.7334365      0.24569493        0.247026         2.51606       7.6704115       3.5555054       8.5830933        8.5830933       3.5555054          3.5555054
              1       10.863781       102.01301      0.10793512      -1.1279439      0.80642506    2.100583e-09       145.73287      0.26648977      0.13057999       0.7334365      0.24569493        0.247026         2.51606       7.6704115       4.5613764       8.5830933        8.5830933       4.5613764          4.5613764
              4        10.93642       101.99687      0.10789662      -1.1260723      0.80315117    2.100583e-09       145.70981      0.26641121      0.13054149      0.73351507      0.24569493        0.247026         2.51606       7.6700846       4.7066539       8.5830933        8.5830933       4.7066539          4.7066539
              6        10.38968       101.80851      0.10789662      -1.1260723      0.80315117    2.100583e-09       145.44073      0.26641121      0.13054149      0.73351507      0.24569493        0.247026         2.51606       7.6700846       3.6131728       8.5830933        8.5830933       3.6131728          3.6131728
              4       11.098862       94.415224       0.1607428     -0.56471553      -1.9184752    2.100583e-09       134.87889      0.37426054      0.18338766      0.62566573      0.24569493        0.247026         2.51606       8.4029587       5.0315369       8.5830933        8.5830933       5.0315369          5.0315369
              1       10.780881       95.861299      0.15360294     -0.66930032      -1.5313469    2.100583e-09       136.94471      0.35968941      0.17624781      0.64023686      0.24569493        0.247026         2.51606       8.2888131       4.3955762       8.5830933        8.5830933       4.3955762          4.3955762
              1       10.026934       95.828797      0.15230891      -0.6929464      -1.3573911    2.100583e-09       136.89828      0.35704853      0.17495378      0.64287774      0.24569493        0.247026         2.51606       8.2715972       2.8876818       8.5830933        8.5830933       2.8876818          2.8876818
              2       9.8634865       95.792739      0.15230891      -0.6929464      -1.3573911    2.100583e-09       136.84677      0.35704853      0.17495378      0.64287774      0.24569493        0.247026         2.51606       8.2715972       2.5607865       8.5830933        8.5830933       2.5607865          2.5607865
              1       10.230616       98.758925      0.14016671     -0.89024683      -0.7428912    2.100583e-09       141.08418      0.33226852      0.16281158      0.66765775      0.24569493        0.247026         2.51606       8.0681541       3.2950449       8.5830933        8.5830933       3.2950449          3.2950449
              1       9.6007193       98.579495      0.14016671     -0.89024683      -0.7428912    2.100583e-09       140.82785      0.33226852      0.16281158      0.66765775      0.24569493        0.247026         2.51606       8.0681541       2.0352521       8.5830933        8.5830933       2.0352521          2.0352521
              1       9.0969492       99.206859      0.13676683     -0.97825191      -0.3546371    2.100583e-09       141.72408      0.32532999      0.15941169      0.67459628      0.24569493        0.247026         2.51606       8.0180581       1.0277118       8.5830933        8.5830933       1.0277118          1.0277118
              2       9.1431859        99.95766      0.13333208      -1.0238274     -0.18520539    2.100583e-09       142.79666      0.31832031      0.15597695      0.68160596      0.24569493        0.247026         2.51606       7.9618917       1.1201852       8.5830933        8.5830933       1.1201852          1.1201852
              2       9.1664506       99.897744      0.13333208      -1.0238274     -0.18520539    2.100583e-09       142.71106      0.31832031      0.15597695      0.68160596      0.24569493        0.247026         2.51606       7.9618917       1.1667147       8.5830933        8.5830933       1.1667147          1.1667147
              1       8.6681048       98.252862      0.13509907     -0.94987342     -0.16338048    2.100583e-09       140.36123      0.32192641      0.15774394      0.67799987      0.24569493        0.247026         2.51606       8.0140785      0.17002312       8.5830933        8.5830933      0.17002312         0.17002312
              1       8.7094936       98.231713      0.13509907     -0.94987342     -0.16338048    2.100583e-09       140.33102      0.32192641      0.15774394      0.67799987      0.24569493        0.247026         2.51606       8.0140785      0.25280064       8.5830933        8.5830933      0.25280064         0.25280064
              2       10.461732       99.613286      0.13222982      -1.1004173      0.30407995    2.100583e-09       142.30469      0.31607078      0.15487468      0.68385549      0.24569493        0.247026         2.51606        7.975398       3.7572768       8.5830933        8.5830933       3.7572768          3.7572768
              3       9.2467965       97.915437      0.13623199     -0.96489958    -0.046117731    2.100583e-09        139.8792      0.32423849      0.15887686      0.67568778      0.24569493        0.247026         2.51606       8.0426016       1.3274063       8.5830933        8.5830933       1.3274063          1.3274063
              2       9.5340448       98.946109      0.13063513      -1.0484181      0.29309605    2.100583e-09       141.35158      0.31281632         0.15328      0.68710995      0.24569493        0.247026         2.51606        7.967338        1.901903       8.5830933        8.5830933        1.901903           1.901903
              1       10.706788       98.699249      0.13063513      -1.0484181      0.29309605    2.100583e-09       140.99893      0.31281632         0.15328      0.68710995      0.24569493        0.247026         2.51606        7.967338       4.2473886       8.5830933        8.5830933       4.2473886          4.2473886
              1       9.7007354       98.871694      0.13063513      -1.0484181      0.29309605    2.100583e-09       141.24528      0.31281632         0.15328      0.68710995      0.24569493        0.247026         2.51606        7.967338       2.2352842       8.5830933        8.5830933       2.2352842          2.2352842
              2       9.5121895       98.976133      0.13063513      -1.0484181      0.29309605    2.100583e-09       141.39448      0.31281632         0.15328      0.68710995      0.24569493        0.247026         2.51606        7.967338       1.8581923       8.5830933        8.5830933       1.8581923          1.8581923
              3       9.7658721       99.119485      0.13063513      -1.0484181      0.29309605    2.100583e-09       141.59926      0.31281632         0.15328      0.68710995      0.24569493        0.247026         2.51606        7.967338       2.3655576       8.5830933        8.5830933       2.3655576          2.3655576
              2       9.6216128       99.074077      0.13063513      -1.0484181      0.29309605    2.100583e-09        141.5344      0.31281632         0.15328      0.68710995      0.24569493        0.247026         2.51606        7.967338        2.077039       8.5830933        8.5830933        2.077039           2.077039
              1       9.5538283       98.931677      0.13063513      -1.0484181      0.29309605    2.100583e-09       141.33097      0.31281632         0.15328      0.68710995      0.24569493        0.247026         2.51606        7.967338         1.94147       8.5830933        8.5830933         1.94147            1.94147
              3       9.0138609       99.915988      0.12613999      -1.0872855      0.38442696    2.100583e-09       142.73713      0.30364257      0.14878486       0.6962837      0.24569493        0.247026         2.51606       7.8894023      0.86153514       8.5830933        8.5830933      0.86153514         0.86153514
              2       9.6048195       98.268615      0.13734792     -0.99191924    -0.057082475    2.100583e-09       140.38374      0.32651589      0.15999279      0.67341038      0.24569493        0.247026         2.51606       8.0517357       2.0434524       8.5830933        8.5830933       2.0434524          2.0434524
              2       9.6660396       98.393842      0.13734792     -0.99191924    -0.057082475    2.100583e-09       140.56263      0.32651589      0.15999279      0.67341038      0.24569493        0.247026         2.51606       8.0517357       2.1658926       8.5830933        8.5830933       2.1658926          2.1658926
              1       11.023299        98.27998      0.14112383     -0.99212288     -0.17566893    2.100583e-09       140.39997      0.33422183       0.1637687      0.66570444      0.24569493        0.247026         2.51606       8.1034729        4.880411       8.5830933        8.5830933        4.880411           4.880411
              6       11.375603       97.980562      0.14112383     -0.99212288     -0.17566893    2.100583e-09       139.97223      0.33422183       0.1637687      0.66570444      0.24569493        0.247026         2.51606       8.1034729       5.5850189       8.5830933        8.5830933       5.5850189          5.5850189
              1       10.915213       98.238554      0.14112383     -0.99212288     -0.17566893    2.100583e-09       140.34079      0.33422183       0.1637687      0.66570444      0.24569493        0.247026         2.51606       8.1034729        4.664239       8.5830933        8.5830933        4.664239           4.664239
              1       12.773936       97.808968      0.14112383     -0.99212288     -0.17566893    2.100583e-09        139.7271      0.33422183       0.1637687      0.66570444      0.24569493        0.247026         2.51606       8.1034729       8.3816854       8.5830933        8.5830933       8.3816854          8.3816854
              1       12.728475       97.813237      0.14112383     -0.99212288     -0.17566893    2.100583e-09        139.7332      0.33422183       0.1637687      0.66570444      0.24569493        0.247026         2.51606       8.1034729       8.2907626       8.5830933        8.5830933       8.2907626          8.2907626
              7       11.590561       98.422493      0.14475629     -0.94272766     -0.71831091    2.100583e-09       140.60356      0.34163502      0.16740116      0.65829125      0.24569493        0.247026         2.51606       8.1384744       6.0149358       8.5830933        8.5830933       6.0149358          6.0149358
              2        11.38372         97.9775      0.14500871     -0.92769943     -0.68053077    2.100583e-09       139.96786      0.34215016      0.16765358      0.65777611      0.24569493        0.247026         2.51606       8.1469948       5.6012533       8.5830933        8.5830933       5.6012533          5.6012533
              3       9.9692034        101.3764      0.12445056       -1.151404      0.36887994    2.100583e-09       144.82342      0.30019474      0.14709542      0.69973153      0.24569493        0.247026         2.51606       7.8304136       2.7722203       8.5830933        8.5830933       2.7722203          2.7722203
              3       9.4590714       99.703845      0.13500634      -1.0492205    -0.075135511    2.100583e-09       142.43406      0.32173717      0.15765121      0.67818911      0.24569493        0.247026         2.51606       7.9943298       1.7519562       8.5830933        8.5830933       1.7519562          1.7519562
              6       9.6130137       99.608821      0.13500634      -1.0492205    -0.075135511    2.100583e-09       142.29832      0.32173717      0.15765121      0.67818911      0.24569493        0.247026         2.51606       7.9943298       2.0598409       8.5830933        8.5830933       2.0598409          2.0598409
              1       9.5453066       99.634806      0.13500634      -1.0492205    -0.075135511    2.100583e-09       142.33544      0.32173717      0.15765121      0.67818911      0.24569493        0.247026         2.51606       7.9943298       1.9244266       8.5830933        8.5830933       1.9244266          1.9244266
              2       9.5010342       99.658088      0.13500634      -1.0492205    -0.075135511    2.100583e-09        142.3687      0.32173717      0.15765121      0.67818911      0.24569493        0.247026         2.51606       7.9943298       1.8358818       8.5830933        8.5830933       1.8358818          1.8358818
              2       10.732064       99.414726      0.13500634      -1.0492205    -0.075135511    2.100583e-09       142.02104      0.32173717      0.15765121      0.67818911      0.24569493        0.247026         2.51606       7.9943298       4.2979422       8.5830933        8.5830933       4.2979422          4.2979422
              1       12.275907       98.981186      0.12958945     -0.97303124     -0.12322648    2.100583e-09       141.40169      0.31068229      0.15223432      0.68924399      0.24569493        0.247026         2.51606       7.9165405        7.385627       8.5830933        8.5830933        7.385627           7.385627
              1       12.326234        99.73271      0.11366283      -1.1188502      0.98561502    2.100583e-09        142.4753      0.27817898       0.1363077       0.7217473      0.24569493        0.247026         2.51606       7.8864405        7.486282       8.5830933        8.5830933        7.486282           7.486282
              3       13.262046       99.996461      0.11189124      -1.1326113       1.0574845    2.100583e-09       142.85209      0.27456348       0.1345361      0.72536279      0.24569493        0.247026         2.51606        7.891161       9.3579046       8.5830933        8.5830933       9.3579046          9.3579046
              1       12.643579       98.609686      0.12993624     -0.93377885     -0.21747649    2.100583e-09       140.87098      0.31139001       0.1525811      0.68853626      0.24569493        0.247026         2.51606       7.9237942       8.1209716       8.5830933        8.5830933       8.1209716          8.1209716
              1       11.496689       99.298818      0.12993624     -0.93377885     -0.21747649    2.100583e-09       141.85545      0.31139001       0.1525811      0.68853626      0.24569493        0.247026         2.51606       7.9237942       5.8271905       8.5830933        8.5830933       5.8271905          5.8271905
              2       11.256813       98.754548      0.12993624     -0.93377885     -0.21747649    2.100583e-09       141.07793      0.31139001       0.1525811      0.68853626      0.24569493        0.247026         2.51606       7.9237942        5.347439       8.5830933        8.5830933        5.347439           5.347439
              2       8.9719263       99.745135      0.12980972      -1.0200143    -0.017824256    2.100583e-09       142.49305      0.31113181      0.15245459      0.68879446      0.24569493        0.247026         2.51606       7.9181856      0.77766601       8.5830933        8.5830933      0.77766601         0.77766601
              1       8.8771773       99.806551      0.12980972      -1.0200143    -0.017824256    2.100583e-09       142.58079      0.31113181      0.15245459      0.68879446      0.24569493        0.247026         2.51606       7.9181856      0.58816807       8.5830933        8.5830933      0.58816807         0.58816807
              1       8.8658743       99.749408      0.13001093      -1.0162238    -0.028413806    2.100583e-09       142.49915      0.31154244       0.1526558      0.68838383      0.24569493        0.247026         2.51606       7.9216289      0.56556204       8.5830933        8.5830933      0.56556204         0.56556204
              2       8.7965177       99.765227      0.13005184      -1.0214755   -0.0087031205    2.100583e-09       142.52175      0.31162592       0.1526967      0.68830035      0.24569493        0.247026         2.51606       7.9230207      0.42684891       8.5830933        8.5830933      0.42684891         0.42684891
              2        9.260285       97.844975      0.13804129     -0.92557618     -0.32621353    2.100583e-09       139.77854      0.32793093      0.16068616      0.67199534      0.24569493        0.247026         2.51606       8.0544364       1.3543834       8.5830933        8.5830933       1.3543834          1.3543834
              1       9.4046372       97.024183      0.14450455     -0.85035013     -0.71466681    2.100583e-09       138.60598      0.34112126      0.16714942      0.65880501      0.24569493        0.247026         2.51606        8.150297       1.6430877       8.5830933        8.5830933       1.6430877          1.6430877
              3       9.1807278       97.284061      0.14450455     -0.85035013     -0.71466681    2.100583e-09       138.97723      0.34112126      0.16714942      0.65880501      0.24569493        0.247026         2.51606        8.150297        1.195269       8.5830933        8.5830933        1.195269           1.195269
              5       8.8429909       100.13793      0.12780033      -1.0499285      0.11612723    2.100583e-09       143.05419      0.30703101       0.1504452      0.69289526      0.24569493        0.247026         2.51606       7.8900203      0.51979532       8.5830933        8.5830933      0.51979532         0.51979532
              2       9.3768248       96.809718      0.14250511     -0.81652347     -0.63182122    2.100583e-09        138.2996      0.33704078      0.16514998      0.66288549      0.24569493        0.247026         2.51606       8.1298828        1.587463       8.5830933        8.5830933        1.587463           1.587463
              1       10.965769       97.386907      0.13333871     -0.85471189     -0.25521227    2.100583e-09       139.12415      0.31833383      0.15598358      0.68159244      0.24569493        0.247026         2.51606       8.0035556       4.7653515       8.5830933        8.5830933       4.7653515          4.7653515
              5       10.522292       97.034346      0.13333871     -0.85471189     -0.25521227    2.100583e-09       138.62049      0.31833383      0.15598358      0.68159244      0.24569493        0.247026         2.51606       8.0035556       3.8783977       8.5830933        8.5830933       3.8783977          3.8783977
              1       10.304616       97.109602      0.13333871     -0.85471189     -0.25521227    2.100583e-09         138.728      0.31833383      0.15598358      0.68159244      0.24569493        0.247026         2.51606       8.0035556       3.4430456       8.5830933        8.5830933       3.4430456          3.4430456
              2       10.283004       97.123542      0.13333871     -0.85471189     -0.25521227    2.100583e-09       138.74792      0.31833383      0.15598358      0.68159244      0.24569493        0.247026         2.51606       8.0035556       3.3998213       8.5830933        8.5830933       3.3998213          3.3998213
              1       9.0395239       100.41412       0.1251553      -1.1087449      0.39958331    2.100583e-09       143.44875      0.30163299      0.14780016      0.69829328      0.24569493        0.247026         2.51606       7.8653047      0.91286122       8.5830933        8.5830933      0.91286122         0.91286122
              1       9.8017051       100.28508       0.1251553      -1.1087449      0.39958331    2.100583e-09        143.2644      0.30163299      0.14780016      0.69829328      0.24569493        0.247026         2.51606       7.8653047       2.4372237       8.5830933        8.5830933       2.4372237          2.4372237
              1       8.8860806       99.929876       0.1246041      -1.0888763      0.45798655    2.100583e-09       142.75697       0.3005081      0.14724897      0.69941817      0.24569493        0.247026         2.51606       7.8773871      0.60597468       8.5830933        8.5830933      0.60597468         0.60597468
              1       8.8274474       100.03791       0.1246041      -1.0888763      0.45798655    2.100583e-09        142.9113       0.3005081      0.14724897      0.69941817      0.24569493        0.247026         2.51606       7.8773871       0.4887083       8.5830933        8.5830933       0.4887083          0.4887083
              4       9.2874544        100.1871       0.1246041      -1.0888763      0.45798655    2.100583e-09       143.12443       0.3005081      0.14724897      0.69941817      0.24569493        0.247026         2.51606       7.8773871       1.4087222       8.5830933        8.5830933       1.4087222          1.4087222
              1       10.492046       99.659333       0.1246041      -1.0888763      0.45798655    2.100583e-09       142.37048       0.3005081      0.14724897      0.69941817      0.24569493        0.247026         2.51606       7.8773871       3.8179056       8.5830933        8.5830933       3.8179056          3.8179056
              7       9.3599559       100.20062       0.1246041      -1.0888763      0.45798655    2.100583e-09       143.14374       0.3005081      0.14724897      0.69941817      0.24569493        0.247026         2.51606       7.8773871       1.5537251       8.5830933        8.5830933       1.5537251          1.5537251
              1       10.452797       99.663353       0.1246041      -1.0888763      0.45798655    2.100583e-09       142.37622       0.3005081      0.14724897      0.69941817      0.24569493        0.247026         2.51606       7.8773871       3.7394076       8.5830933        8.5830933       3.7394076          3.7394076
              1       9.2177698       100.17311       0.1246041      -1.0888763      0.45798655    2.100583e-09       143.10444       0.3005081      0.14724897      0.69941817      0.24569493        0.247026         2.51606       7.8773871        1.269353       8.5830933        8.5830933        1.269353           1.269353
              1       9.4418942       100.21486       0.1246041      -1.0888763      0.45798655    2.100583e-09       143.16409       0.3005081      0.14724897      0.69941817      0.24569493        0.247026         2.51606       7.8773871       1.7176017       8.5830933        8.5830933       1.7176017          1.7176017
              1       9.0908272       101.16068      0.11854444      -1.1388837       0.6746779    2.100583e-09       144.51526      0.28814145      0.14118931      0.71178483      0.24569493        0.247026         2.51606       7.7986015       1.0154678       8.5830933        8.5830933       1.0154678          1.0154678
              3       8.9287783       101.11415      0.11854444      -1.1388837       0.6746779    2.100583e-09       144.44879      0.28814145      0.14118931      0.71178483      0.24569493        0.247026         2.51606       7.7986015      0.69137002       8.5830933        8.5830933      0.69137002         0.69137002
              2        9.826168       102.05791      0.11921519      -1.1576303      0.48505016    2.100583e-09       145.79701      0.28951032      0.14186006      0.71041595      0.24569493        0.247026         2.51606       7.7538589       2.4861494       8.5830933        8.5830933       2.4861494          2.4861494
              1       13.328087       101.63704      0.11921519      -1.1576303      0.48505016    2.100583e-09       145.19577      0.28951032      0.14186006      0.71041595      0.24569493        0.247026         2.51606       7.7538589       9.4899867       8.5830933        8.5830933       9.4899867          9.4899867
              1       13.207984       96.367238      0.13599621     -0.77593975     -0.58050983    2.100583e-09       137.66748      0.32375729      0.15864107      0.67616898      0.24569493        0.247026         2.51606       8.0352668       9.2497811       8.5830933        8.5830933       9.2497811          9.2497811
              2       12.125282       94.356659      0.15122208     -0.65361745       -1.207822    2.100583e-09       134.79523       0.3548305      0.17386694      0.64509577      0.24569493        0.247026         2.51606        8.267819       7.0843769       8.5830933        8.5830933       7.0843769          7.0843769
              3        12.25487       99.115736       0.1257221     -0.96520621    -0.014827086    2.100583e-09       141.59391      0.30278974      0.14836697      0.69713653      0.24569493        0.247026         2.51606       7.8655527       7.3435531       8.5830933        8.5830933       7.3435531          7.3435531
              1       12.568128       97.097813      0.12573053     -0.96259049       0.4694799    2.100583e-09       138.71116      0.30280694       0.1483754      0.69711933      0.24569493        0.247026         2.51606       7.9864221       7.9700691       8.5830933        8.5830933       7.9700691          7.9700691
              1       13.093291       96.904819      0.12573053     -0.96259049       0.4694799    2.100583e-09       138.43546      0.30280694       0.1483754      0.69711933      0.24569493        0.247026         2.51606       7.9864221       9.0203955       8.5830933        8.5830933       9.0203955          9.0203955
              2       13.234113       97.302956      0.12573053     -0.96259049       0.4694799    2.100583e-09       139.00422      0.30280694       0.1483754      0.69711933      0.24569493        0.247026         2.51606       7.9864221       9.3020387       8.5830933        8.5830933       9.3020387          9.3020387
              2        12.56948       97.102987      0.12573053     -0.96259049       0.4694799    2.100583e-09       138.71855      0.30280694       0.1483754      0.69711933      0.24569493        0.247026         2.51606       7.9864221        7.972774       8.5830933        8.5830933        7.972774           7.972774
              1       12.581284       97.121938      0.12573053     -0.96259049       0.4694799    2.100583e-09       138.74563      0.30280694       0.1483754      0.69711933      0.24569493        0.247026         2.51606       7.9864221       7.9963818       8.5830933        8.5830933       7.9963818          7.9963818
              2       12.732121       96.987049      0.12573053     -0.96259049       0.4694799    2.100583e-09       138.55293      0.30280694       0.1483754      0.69711933      0.24569493        0.247026         2.51606       7.9864221       8.2980561       8.5830933        8.5830933       8.2980561          8.2980561
              9       11.158143       97.424751       0.1224309     -0.93794688      0.35612261    2.100583e-09       139.17822      0.29607299      0.14507576      0.70385328      0.24569493        0.247026         2.51606       7.9090923       5.1500985       8.5830933        8.5830933       5.1500985          5.1500985
              2       10.981952       97.472166       0.1224309     -0.93794688      0.35612261    2.100583e-09       139.24595      0.29607299      0.14507576      0.70385328      0.24569493        0.247026         2.51606       7.9090923       4.7977166       8.5830933        8.5830933       4.7977166          4.7977166
              1       10.733712       97.853909      0.11962559     -0.96332833      0.48247521    2.100583e-09        139.7913      0.29034788      0.14227046       0.7095784      0.24569493        0.247026         2.51606       7.8886452       4.3012375       8.5830933        8.5830933       4.3012375          4.3012375
              3       12.324618       97.547289      0.11962559     -0.96332833      0.48247521    2.100583e-09       139.35327      0.29034788      0.14227046       0.7095784      0.24569493        0.247026         2.51606       7.8886452       7.4830502       8.5830933        8.5830933       7.4830502          7.4830502
              1       12.267738       97.092176      0.11995087      -0.9343254      0.45227254    2.100583e-09       138.70311      0.29101171      0.14259574      0.70891456      0.24569493        0.247026         2.51606       7.9085913       7.3692891       8.5830933        8.5830933       7.3692891          7.3692891
              5        12.01155        97.47396      0.11995087      -0.9343254      0.45227254    2.100583e-09       139.24851      0.29101171      0.14259574      0.70891456      0.24569493        0.247026         2.51606       7.9085913       6.8569139       8.5830933        8.5830933       6.8569139          6.8569139
              3       12.228702       97.512813      0.11995087      -0.9343254      0.45227254    2.100583e-09       139.30402      0.29101171      0.14259574      0.70891456      0.24569493        0.247026         2.51606       7.9085913       7.2912177       8.5830933        8.5830933       7.2912177          7.2912177
              1       10.627812       100.44716      0.11461183      -1.1528148      0.92291238    2.100583e-09       143.49594       0.2801157      0.13725669      0.71981057      0.24569493        0.247026         2.51606       7.8190998       4.0894372       8.5830933        8.5830933       4.0894372          4.0894372
              4       11.605859       101.04518      0.11461183      -1.1528148      0.92291238    2.100583e-09       144.35026       0.2801157      0.13725669      0.71981057      0.24569493        0.247026         2.51606       7.8190998       6.0455311       8.5830933        8.5830933       6.0455311          6.0455311
              1        9.691267       101.56168      0.11593935       -1.182378      0.87664217    2.100583e-09       145.08812      0.28282492      0.13858421      0.71710135      0.24569493        0.247026         2.51606       7.7908467       2.2163474       8.5830933        8.5830933       2.2163474          2.2163474
              1        9.570874       98.180305      0.13568688     -0.90291576     -0.31512789    2.100583e-09       140.25758      0.32312601      0.15833175      0.67680026      0.24569493        0.247026         2.51606        8.021441       1.9755614       8.5830933        8.5830933       1.9755614          1.9755614
              1       10.368295       98.280973      0.13568688     -0.90291576     -0.31512789    2.100583e-09       140.40139      0.32312601      0.15833175      0.67680026      0.24569493        0.247026         2.51606        8.021441       3.5704039       8.5830933        8.5830933       3.5704039          3.5704039
              3       10.261867       98.269419      0.13568688     -0.90291576     -0.31512789    2.100583e-09       140.38488      0.32312601      0.15833175      0.67680026      0.24569493        0.247026         2.51606        8.021441       3.3575466       8.5830933        8.5830933       3.3575466          3.3575466
              1       10.343352       97.268998      0.14250524     -0.84177971     -0.59989285    2.100583e-09       138.95571      0.33704104      0.16515011      0.66288524      0.24569493        0.247026         2.51606       8.1266639       3.5205173       8.5830933        8.5830933       3.5205173          3.5205173
              3       8.8399742       96.901216      0.14250524     -0.84177971     -0.59989285    2.100583e-09       138.43031      0.33704104      0.16515011      0.66288524      0.24569493        0.247026         2.51606       8.1266639       0.5137619       8.5830933        8.5830933       0.5137619          0.5137619
              2       9.0969244       97.087446      0.14250524     -0.84177971     -0.59989285    2.100583e-09       138.69635      0.33704104      0.16515011      0.66288524      0.24569493        0.247026         2.51606       8.1266639       1.0276623       8.5830933        8.5830933       1.0276623          1.0276623
              1       9.1113517       97.823236      0.13871219     -0.87365292     -0.50038021    2.100583e-09       139.74748      0.32930011      0.16135706      0.67062616      0.24569493        0.247026         2.51606       8.0633929       1.0565169       8.5830933        8.5830933       1.0565169          1.0565169
              1       8.8524934       97.639617      0.13871219     -0.87365292     -0.50038021    2.100583e-09       139.48517      0.32930011      0.16135706      0.67062616      0.24569493        0.247026         2.51606       8.0633929      0.53880024       8.5830933        8.5830933      0.53880024         0.53880024
              3       8.8777027       97.623351      0.13871219     -0.87365292     -0.50038021    2.100583e-09       139.46193      0.32930011      0.16135706      0.67062616      0.24569493        0.247026         2.51606       8.0633929      0.58921883       8.5830933        8.5830933      0.58921883         0.58921883
              2       9.2745807       97.509564      0.13871219     -0.87365292     -0.50038021    2.100583e-09       139.29938      0.32930011      0.16135706      0.67062616      0.24569493        0.247026         2.51606       8.0633929       1.3829747       8.5830933        8.5830933       1.3829747          1.3829747
              1       9.1826334         97.5283      0.13871219     -0.87365292     -0.50038021    2.100583e-09       139.32614      0.32930011      0.16135706      0.67062616      0.24569493        0.247026         2.51606       8.0633929       1.1990803       8.5830933        8.5830933       1.1990803          1.1990803
              3       8.8866212       97.748921      0.13871219     -0.87365292     -0.50038021    2.100583e-09       139.64132      0.32930011      0.16135706      0.67062616      0.24569493        0.247026         2.51606       8.0633929      0.60705574       8.5830933        8.5830933      0.60705574         0.60705574
              1       8.8244571       97.676433      0.13871219     -0.87365292     -0.50038021    2.100583e-09       139.53776      0.32930011      0.16135706      0.67062616      0.24569493        0.247026         2.51606       8.0633929      0.48272758       8.5830933        8.5830933      0.48272758         0.48272758
              2       8.9570588        97.04079      0.14117805     -0.82728277     -0.64724263    2.100583e-09        138.6297      0.33433248      0.16382292      0.66559379      0.24569493        0.247026         2.51606       8.1039974      0.74793111       8.5830933        8.5830933      0.74793111         0.74793111
              8       9.6159336         96.8504      0.14117805     -0.82728277     -0.64724263    2.100583e-09       138.35771      0.33433248      0.16382292      0.66559379      0.24569493        0.247026         2.51606       8.1039974       2.0656806       8.5830933        8.5830933       2.0656806          2.0656806
              2        9.210806       97.192061      0.14117805     -0.82728277     -0.64724263    2.100583e-09        138.8458      0.33433248      0.16382292      0.66559379      0.24569493        0.247026         2.51606       8.1039974       1.2554255       8.5830933        8.5830933       1.2554255          1.2554255
              1       8.9608837       97.035114      0.14117805     -0.82728277     -0.64724263    2.100583e-09       138.62159      0.33433248      0.16382292      0.66559379      0.24569493        0.247026         2.51606       8.1039974      0.75558073       8.5830933        8.5830933      0.75558073         0.75558073
              2       9.7155464       95.368914      0.15370207     -0.66845381      -1.4429854    2.100583e-09       136.24131      0.35989171      0.17634694      0.64003456      0.24569493        0.247026         2.51606       8.2941248       2.2649062       8.5830933        8.5830933       2.2649062          2.2649062
              1       10.417341       94.204447      0.15595945     -0.64770102      -1.3142595    2.100583e-09       134.57778       0.3644986      0.17860432      0.63542767      0.24569493        0.247026         2.51606       8.3396397       3.6684953       8.5830933        8.5830933       3.6684953          3.6684953
              1       10.036991        94.29702      0.15595945     -0.64770102      -1.3142595    2.100583e-09       134.71003       0.3644986      0.17860432      0.63542767      0.24569493        0.247026         2.51606       8.3396397       2.9077951       8.5830933        8.5830933       2.9077951          2.9077951
              4       12.359257       95.076568      0.14386809      -0.8053067     -0.30090351    2.100583e-09       135.82367      0.33982237      0.16651296       0.6601039      0.24569493        0.247026         2.51606       8.1902946        7.552327       8.5830933        8.5830933        7.552327           7.552327
              6       12.313335       95.040491      0.14386809      -0.8053067     -0.30090351    2.100583e-09       135.77213      0.33982237      0.16651296       0.6601039      0.24569493        0.247026         2.51606       8.1902946       7.4604834       8.5830933        8.5830933       7.4604834          7.4604834
              1       14.267008       94.665211      0.14386809      -0.8053067     -0.30090351    2.100583e-09       135.23602      0.33982237      0.16651296       0.6601039      0.24569493        0.247026         2.51606       8.1902946        11.36783       8.5830933        8.5830933        11.36783           11.36783
              1       13.405273       94.753538      0.14386809      -0.8053067     -0.30090351    2.100583e-09        135.3622      0.33982237      0.16651296       0.6601039      0.24569493        0.247026         2.51606       8.1902946       9.6443584       8.5830933        8.5830933       9.6443584          9.6443584
              2       13.467113       94.748174      0.14393073     -0.80614419     -0.29775068    2.100583e-09       135.35453       0.3399502       0.1665756      0.65997607      0.24569493        0.247026         2.51606       8.1914532        9.768039       8.5830933        8.5830933        9.768039           9.768039
              1       13.414621       94.777508       0.1437521     -0.80789095      -0.2904304    2.100583e-09       135.39644      0.33958565      0.16639697      0.66034062      0.24569493        0.247026         2.51606        8.188928       9.6630553       8.5830933        8.5830933       9.6630553          9.6630553
              1       14.047166       94.331344      0.14557771     -0.77687669      -0.3896465    2.100583e-09       134.75906      0.34331138      0.16822258      0.65661489      0.24569493        0.247026         2.51606       8.2161396       10.928145       8.5830933        8.5830933       10.928145          10.928145
              1       13.762858       94.362374      0.14557771     -0.77687669      -0.3896465    2.100583e-09       134.80339      0.34331138      0.16822258      0.65661489      0.24569493        0.247026         2.51606       8.2161396        10.35953       8.5830933        8.5830933        10.35953           10.35953
              8       12.665567       94.564314      0.14557771     -0.77687669      -0.3896465    2.100583e-09       135.09188      0.34331138      0.16822258      0.65661489      0.24569493        0.247026         2.51606       8.2161396       8.1649466       8.5830933        8.5830933       8.1649466          8.1649466
              6       12.687091       94.555203      0.14557771     -0.77687669      -0.3896465    2.100583e-09       135.07886      0.34331138      0.16822258      0.65661489      0.24569493        0.247026         2.51606       8.2161396       8.2079945       8.5830933        8.5830933       8.2079945          8.2079945
              2       9.8966035       97.455965      0.13797455     -0.94748211    -0.057058555    2.100583e-09       139.22281      0.32779473      0.16061942      0.67213154      0.24569493        0.247026         2.51606       8.0763641       2.6270204       8.5830933        8.5830933       2.6270204          2.6270204
              1        9.693856       97.977889      0.13333616     -0.98098657      0.14027267    2.100583e-09       139.96841      0.31832862      0.15598103      0.68159765      0.24569493        0.247026         2.51606       8.0152847       2.2215253       8.5830933        8.5830933       2.2215253          2.2215253
              2       10.060463       98.100124      0.13333616     -0.98098657      0.14027267    2.100583e-09       140.14303      0.31832862      0.15598103      0.68159765      0.24569493        0.247026         2.51606       8.0152847       2.9547401       8.5830933        8.5830933       2.9547401          2.9547401
              1       10.588569       97.687803      0.13333616     -0.98098657      0.14027267    2.100583e-09         139.554      0.31832862      0.15598103      0.68159765      0.24569493        0.247026         2.51606       8.0152847       4.0109511       8.5830933        8.5830933       4.0109511          4.0109511
              1       10.892849       98.499508      0.12944949      -1.0473002      0.39027832    2.100583e-09       140.71358      0.31039665      0.15209436      0.68952962      0.24569493        0.247026         2.51606       7.9673991       4.6195106       8.5830933        8.5830933       4.6195106          4.6195106
              3       11.157479       98.532167      0.12682521      -1.0562712      0.52443757    2.100583e-09       140.76024      0.30504097      0.14947008       0.6948853      0.24569493        0.247026         2.51606       7.9522244        5.148772       8.5830933        8.5830933        5.148772           5.148772
              1       12.331608       98.305338      0.12312304      -1.0440968      0.66679798    2.100583e-09        140.4362      0.29748553      0.14576791      0.70244074      0.24569493        0.247026         2.51606       7.9514712       7.4970302       8.5830933        8.5830933       7.4970302          7.4970302
              3       9.6491448       99.616835      0.11754173      -1.0871937      0.73280958    2.100583e-09       142.30976       0.2860951       0.1401866      0.71383117      0.24569493        0.247026         2.51606       7.8450217        2.132103       8.5830933        8.5830933        2.132103           2.132103
              2        9.505536        99.68443      0.11754173      -1.0871937      0.73280958    2.100583e-09       142.40633       0.2860951       0.1401866      0.71383117      0.24569493        0.247026         2.51606       7.8450217       1.8448854       8.5830933        8.5830933       1.8448854          1.8448854
              1        11.63039       99.337938      0.11754173      -1.0871937      0.73280958    2.100583e-09       141.91134       0.2860951       0.1401866      0.71383117      0.24569493        0.247026         2.51606       7.8450217        6.094593       8.5830933        8.5830933        6.094593           6.094593
              2       11.161054       99.382682      0.11754173      -1.0871937      0.73280958    2.100583e-09       141.97526       0.2860951       0.1401866      0.71383117      0.24569493        0.247026         2.51606       7.8450217       5.1559211       8.5830933        8.5830933       5.1559211          5.1559211
              2       10.100736       99.934245      0.11754173      -1.0871937      0.73280958    2.100583e-09       142.76321       0.2860951       0.1401866      0.71383117      0.24569493        0.247026         2.51606       7.8450217       3.0352864       8.5830933        8.5830933       3.0352864          3.0352864
              6       10.763399       102.20871      0.10762544      -1.2354915       1.2176039    2.100583e-09       146.01244      0.26585777      0.13027031       0.7340685      0.24569493        0.247026         2.51606       7.7794273       4.3606122       8.5830933        8.5830933       4.3606122          4.3606122
              7       11.061972       102.00227      0.10762544      -1.2354915       1.2176039    2.100583e-09       145.71752      0.26585777      0.13027031       0.7340685      0.24569493        0.247026         2.51606       7.7794273       4.9577566       8.5830933        8.5830933       4.9577566          4.9577566
              2       10.032727       98.183832      0.13843873      -0.9912034     -0.10656155    2.100583e-09       140.26262      0.32874203       0.1610836      0.67118424      0.24569493        0.247026         2.51606       8.0650829       2.8992684       8.5830933        8.5830933       2.8992684          2.8992684
              6       10.721076       98.063255      0.13843873      -0.9912034     -0.10656155    2.100583e-09       140.09036      0.32874203       0.1610836      0.67118424      0.24569493        0.247026         2.51606       8.0650829        4.275966       8.5830933        8.5830933        4.275966           4.275966
              2       10.094103       97.775677      0.13721999     -0.94918294      -0.1869562    2.100583e-09       139.67954      0.32625481      0.15986486      0.67367146      0.24569493        0.247026         2.51606       8.0478197       3.0220202       8.5830933        8.5830933       3.0220202          3.0220202
              4       10.190875       97.764763      0.13721999     -0.94918294      -0.1869562    2.100583e-09       139.66395      0.32625481      0.15986486      0.67367146      0.24569493        0.247026         2.51606       8.0478197       3.2155626       8.5830933        8.5830933       3.2155626          3.2155626
              2       11.032172       99.829482      0.12720123      -1.0534454      0.14512967    2.100583e-09       142.61355      0.30580837       0.1498461       0.6941179      0.24569493        0.247026         2.51606       7.8822441       4.8981573       8.5830933        8.5830933       4.8981573          4.8981573
              1       9.2905271       100.04288      0.12720123      -1.0534454      0.14512967    2.100583e-09       142.91839      0.30580837       0.1498461       0.6941179      0.24569493        0.247026         2.51606       7.8822441       1.4148677       8.5830933        8.5830933       1.4148677          1.4148677
              4       9.4886657       100.00759      0.12720123      -1.0534454      0.14512967    2.100583e-09       142.86798      0.30580837       0.1498461       0.6941179      0.24569493        0.247026         2.51606       7.8822441       1.8111448       8.5830933        8.5830933       1.8111448          1.8111448
              2       9.2094036       100.38802      0.12720123      -1.0534454      0.14512967    2.100583e-09       143.41146      0.30580837       0.1498461       0.6941179      0.24569493        0.247026         2.51606       7.8822441       1.2526206       8.5830933        8.5830933       1.2526206          1.2526206
              1       9.2970238       100.04161      0.12720123      -1.0534454      0.14512967    2.100583e-09       142.91659      0.30580837       0.1498461       0.6941179      0.24569493        0.247026         2.51606       7.8822441        1.427861       8.5830933        8.5830933        1.427861           1.427861
              4        9.300937       97.465651      0.13713697     -0.93317937     -0.12548186    2.100583e-09       139.23664      0.32608539      0.15978184      0.67384088      0.24569493        0.247026         2.51606       8.0582726       1.4356875       8.5830933        8.5830933       1.4356875          1.4356875
              4       9.1775451       97.609091      0.13713697     -0.93317937     -0.12548186    2.100583e-09       139.44156      0.32608539      0.15978184      0.67384088      0.24569493        0.247026         2.51606       8.0582726       1.1889035       8.5830933        8.5830933       1.1889035          1.1889035
              6       9.1505789       97.570508      0.13713697     -0.93317937     -0.12548186    2.100583e-09       139.38644      0.32608539      0.15978184      0.67384088      0.24569493        0.247026         2.51606       8.0582726       1.1349713       8.5830933        8.5830933       1.1349713          1.1349713
              1       8.9427629       97.684623      0.13644036     -0.93161965     -0.13702651    2.100583e-09       139.54946      0.32466372      0.15908522      0.67526255      0.24569493        0.247026         2.51606       8.0455842      0.71933917       8.5830933        8.5830933      0.71933917         0.71933917
              6       8.9451701       97.696183      0.13644036     -0.93161965     -0.13702651    2.100583e-09       139.56598      0.32466372      0.15908522      0.67526255      0.24569493        0.247026         2.51606       8.0455842      0.72415367       8.5830933        8.5830933      0.72415367         0.72415367
              2       10.674778       98.026471      0.13644036     -0.93161965     -0.13702651    2.100583e-09       140.03782      0.32466372      0.15908522      0.67526255      0.24569493        0.247026         2.51606       8.0455842       4.1833685       8.5830933        8.5830933       4.1833685          4.1833685
              2       10.812803       95.551493      0.14507409      -0.7133352     -0.85760397    2.100583e-09       136.50213      0.34228358      0.16771895      0.65764269      0.24569493        0.247026         2.51606       8.1784228       4.4594186       8.5830933        8.5830933       4.4594186          4.4594186
              1       11.350683       95.621694      0.14507409      -0.7133352     -0.85760397    2.100583e-09       136.60242      0.34228358      0.16771895      0.65764269      0.24569493        0.247026         2.51606       8.1784228       5.5351796       8.5830933        8.5830933       5.5351796          5.5351796
              1       10.114367       95.356282      0.14507409      -0.7133352     -0.85760397    2.100583e-09       136.22326      0.34228358      0.16771895      0.65764269      0.24569493        0.247026         2.51606       8.1784228       3.0625471       8.5830933        8.5830933       3.0625471          3.0625471
              4       10.122561       95.309256      0.14507409      -0.7133352     -0.85760397    2.100583e-09       136.15608      0.34228358      0.16771895      0.65764269      0.24569493        0.247026         2.51606       8.1784228       3.0789358       8.5830933        8.5830933       3.0789358          3.0789358
              2       10.812864       95.126172      0.14507409      -0.7133352     -0.85760397    2.100583e-09       135.89453      0.34228358      0.16771895      0.65764269      0.24569493        0.247026         2.51606       8.1784228       4.4595406       8.5830933        8.5830933       4.4595406          4.4595406
              3       10.157761       97.344044      0.13519373     -0.85034846      -0.4135283    2.100583e-09       139.06292      0.32211958      0.15783859      0.67780669      0.24569493        0.247026         2.51606        8.017693       3.1493348       8.5830933        8.5830933       3.1493348          3.1493348
              2       10.426282       97.373963      0.13655977     -0.82311118     -0.55007566    2.100583e-09       139.10566      0.32490742      0.15920463      0.67501885      0.24569493        0.247026         2.51606       8.0349834       3.6863772       8.5830933        8.5830933       3.6863772          3.6863772
              1       10.340945        97.31065      0.13655977     -0.82311118     -0.55007566    2.100583e-09       139.01521      0.32490742      0.15920463      0.67501885      0.24569493        0.247026         2.51606       8.0349834       3.5157032       8.5830933        8.5830933       3.5157032          3.5157032
              6       9.4995884       97.581908       0.1418752     -0.82010292     -0.83636547    2.100583e-09       139.40273      0.33575523      0.16452006      0.66417104      0.24569493        0.247026         2.51606        8.104338       1.8329903       8.5830933        8.5830933       1.8329903          1.8329903
              6       8.8233728       100.79428      0.12096918      -1.1338331       0.6094741    2.100583e-09       143.99183       0.2930899      0.14361405      0.70683637      0.24569493        0.247026         2.51606       7.8257072      0.48055906       8.5830933        8.5830933      0.48055906         0.48055906
              2       11.292594       98.063737      0.12801405     -0.99034187      0.37667131    2.100583e-09       140.09105      0.30746717      0.15065891       0.6924591      0.24569493        0.247026         2.51606       7.9728333       5.4190005       8.5830933        8.5830933       5.4190005          5.4190005
              1       10.316164       98.186319      0.12848865     -0.98703896      0.31043207    2.100583e-09       140.26617      0.30843575      0.15113352      0.69149052      0.24569493        0.247026         2.51606       7.9654055       3.4661412       8.5830933        8.5830933       3.4661412          3.4661412
              1       10.782226       99.010619      0.12440596      -1.0491325      0.54582515    2.100583e-09       141.44374      0.30010374      0.14705083      0.69982254      0.24569493        0.247026         2.51606       7.9227613       4.3982657       8.5830933        8.5830933       4.3982657          4.3982657
              2       10.372299       96.331728      0.13873404     -0.78417852     -0.55973462    2.100583e-09       137.61675      0.32934472      0.16137891      0.67058156      0.24569493        0.247026         2.51606       8.0813493       3.5784107       8.5830933        8.5830933       3.5784107          3.5784107
              9       10.420119       96.270721      0.13873404     -0.78417852     -0.55973462    2.100583e-09        137.5296      0.32934472      0.16137891      0.67058156      0.24569493        0.247026         2.51606       8.0813493       3.6740523       8.5830933        8.5830933       3.6740523          3.6740523
              3       10.452692       96.254175      0.13873404     -0.78417852     -0.55973462    2.100583e-09       137.50596      0.32934472      0.16137891      0.67058156      0.24569493        0.247026         2.51606       8.0813493       3.7391984       8.5830933        8.5830933       3.7391984          3.7391984
              2       10.524123       96.426955      0.13873404     -0.78417852     -0.55973462    2.100583e-09       137.75279      0.32934472      0.16137891      0.67058156      0.24569493        0.247026         2.51606       8.0813493       3.8820585       8.5830933        8.5830933       3.8820585          3.8820585
              1       10.623401        96.45555      0.13873404     -0.78417852     -0.55973462    2.100583e-09       137.79364      0.32934472      0.16137891      0.67058156      0.24569493        0.247026         2.51606       8.0813493        4.080616       8.5830933        8.5830933        4.080616           4.080616
              2       10.822472       98.461993      0.14180411     -0.87544478     -0.76713233    2.100583e-09       140.65999      0.33561016      0.16444898      0.66431611      0.24569493        0.247026         2.51606       8.0971818       4.4787573       8.5830933        8.5830933       4.4787573          4.4787573
              2       10.170739       98.381663      0.14180411     -0.87544478     -0.76713233    2.100583e-09       140.54523      0.33561016      0.16444898      0.66431611      0.24569493        0.247026         2.51606       8.0971818       3.1752916       8.5830933        8.5830933       3.1752916          3.1752916
              6       9.4844594        98.04376      0.14180411     -0.87544478     -0.76713233    2.100583e-09       140.06251      0.33561016      0.16444898      0.66431611      0.24569493        0.247026         2.51606       8.0971818       1.8027322       8.5830933        8.5830933       1.8027322          1.8027322
              3       9.3432703       98.159473      0.14180411     -0.87544478     -0.76713233    2.100583e-09       140.22782      0.33561016      0.16444898      0.66431611      0.24569493        0.247026         2.51606       8.0971818        1.520354       8.5830933        8.5830933        1.520354           1.520354
              5       9.3721013       98.190363      0.14180411     -0.87544478     -0.76713233    2.100583e-09       140.27195      0.33561016      0.16444898      0.66431611      0.24569493        0.247026         2.51606       8.0971818       1.5780161       8.5830933        8.5830933       1.5780161          1.5780161
              1       9.3129691       97.210503      0.14559296     -0.81771814     -0.94457158    2.100583e-09       138.87215      0.34334249      0.16823782      0.65658378      0.24569493        0.247026         2.51606       8.1610761       1.4597517       8.5830933        8.5830933       1.4597517          1.4597517
              2        13.49007       96.715302      0.14559296     -0.81771814     -0.94457158    2.100583e-09       138.16472      0.34334249      0.16823782      0.65658378      0.24569493        0.247026         2.51606       8.1610761        9.813953       8.5830933        8.5830933        9.813953           9.813953
              2         13.6665       97.012656      0.14454561     -0.79019205      -1.1165588    2.100583e-09       138.58951      0.34120505      0.16719047      0.65872122      0.24569493        0.247026         2.51606       8.1394373       10.166814       8.5830933        8.5830933       10.166814          10.166814
              2        10.05746       97.500716      0.14454561     -0.79019205      -1.1165588    2.100583e-09       139.28674      0.34120505      0.16719047      0.65872122      0.24569493        0.247026         2.51606       8.1394373       2.9487332       8.5830933        8.5830933       2.9487332          2.9487332
              4       12.837445       96.006883      0.14932722     -0.73045411      -1.2973125    2.100583e-09       137.15269      0.35096345      0.17197209      0.64896282      0.24569493        0.247026         2.51606       8.2198203        8.508704       8.5830933        8.5830933        8.508704           8.508704
              1       13.119036       96.222605      0.14798896     -0.81736645      -0.8854445    2.100583e-09       137.46086      0.34823231      0.17063383      0.65169397      0.24569493        0.247026         2.51606       8.2040855       9.0718848       8.5830933        8.5830933       9.0718848          9.0718848
              5        9.583258       96.780539      0.14798896     -0.81736645      -0.8854445    2.100583e-09       138.25791      0.34823231      0.17063383      0.65169397      0.24569493        0.247026         2.51606       8.2040855       2.0003293       8.5830933        8.5830933       2.0003293          2.0003293
              1       9.6368455       96.802127      0.14798896     -0.81736645      -0.8854445    2.100583e-09       138.28875      0.34823231      0.17063383      0.65169397      0.24569493        0.247026         2.51606       8.2040855       2.1075045       8.5830933        8.5830933       2.1075045          2.1075045
              1       9.3077114       97.716242      0.14333432     -0.88743788      -0.6149935    2.100583e-09       139.59463      0.33873304      0.16597919      0.66119323      0.24569493        0.247026         2.51606       8.1299609       1.4492363       8.5830933        8.5830933       1.4492363          1.4492363
              8       9.3335842       97.778631      0.14346245     -0.87558566     -0.69343796    2.100583e-09       139.68376      0.33899453      0.16610732      0.66093174      0.24569493        0.247026         2.51606        8.129422       1.5009819       8.5830933        8.5830933       1.5009819          1.5009819
              1       8.6054925       98.872279       0.1325949     -0.99342056   -0.0067706407    2.100583e-09       141.24611      0.31681584      0.15523976      0.68311043      0.24569493        0.247026         2.51606       7.9761867     0.044798351       8.5830933        8.5830933     0.044798351        0.044798351
              3       8.7135766       98.783536       0.1325949     -0.99342056   -0.0067706407    2.100583e-09       141.11934      0.31681584      0.15523976      0.68311043      0.24569493        0.247026         2.51606       7.9761867       0.2609667       8.5830933        8.5830933       0.2609667          0.2609667
              1       8.6129042       98.847184       0.1325949     -0.99342056   -0.0067706407    2.100583e-09       141.21026      0.31681584      0.15523976      0.68311043      0.24569493        0.247026         2.51606       7.9761867     0.059621831       8.5830933        8.5830933     0.059621831        0.059621831
              3       8.6093813       98.886503       0.1325949     -0.99342056   -0.0067706407    2.100583e-09       141.26643      0.31681584      0.15523976      0.68311043      0.24569493        0.247026         2.51606       7.9761867      0.05257599       8.5830933        8.5830933      0.05257599         0.05257599
              1       8.8581414       98.737927       0.1325949     -0.99342056   -0.0067706407    2.100583e-09       141.05418      0.31681584      0.15523976      0.68311043      0.24569493        0.247026         2.51606       7.9761867      0.55009613       8.5830933        8.5830933      0.55009613         0.55009613
              3       9.3823027       99.156975      0.12448759     -0.99810111      0.26242624    2.100583e-09       141.65282      0.30027033      0.14713246      0.69965594      0.24569493        0.247026         2.51606       7.8794678       1.5984188       8.5830933        8.5830933       1.5984188          1.5984188
              2       9.2255825       99.033812      0.12448759     -0.99810111      0.26242624    2.100583e-09       141.47687      0.30027033      0.14713246      0.69965594      0.24569493        0.247026         2.51606       7.8794678       1.2849784       8.5830933        8.5830933       1.2849784          1.2849784
              1       11.538037       98.651805      0.12448759     -0.99810111      0.26242624    2.100583e-09       140.93115      0.30027033      0.14713246      0.69965594      0.24569493        0.247026         2.51606       7.8794678       5.9098873       8.5830933        8.5830933       5.9098873          5.9098873
              2       10.705397        97.22552      0.14472146     -0.86509708     -0.76148708    2.100583e-09        138.8936      0.34156392      0.16736632      0.65836235      0.24569493        0.247026         2.51606       8.1484013       4.2446067       8.5830933        8.5830933       4.2446067          4.2446067
              3       10.391291       98.145634       0.1446331     -0.88996011     -0.77426236    2.100583e-09       140.20805      0.34138361      0.16727797      0.65854266      0.24569493        0.247026         2.51606       8.1419873       3.6163962       8.5830933        8.5830933       3.6163962          3.6163962
              1       9.9216323       97.100647       0.1403037     -0.79704342     -0.78217215    2.100583e-09       138.71521      0.33254809      0.16294857      0.66737818      0.24569493        0.247026         2.51606       8.0859007        2.677078       8.5830933        8.5830933        2.677078           2.677078
              4        10.79634       96.903431       0.1403037     -0.79704342     -0.78217215    2.100583e-09       138.43347      0.33254809      0.16294857      0.66737818      0.24569493        0.247026         2.51606       8.0859007        4.426493       8.5830933        8.5830933        4.426493           4.426493
              5       10.531275       99.146754      0.12853896     -0.98303331    -0.038025642    2.100583e-09       141.63822      0.30853842      0.15118383      0.69138785      0.24569493        0.247026         2.51606       7.9053744       3.8963632       8.5830933        8.5830933       3.8963632          3.8963632
              3       10.573996       96.690892      0.15137492     -0.76412681      -1.2778203    2.100583e-09       138.12985      0.35514243      0.17401979      0.64478384      0.24569493        0.247026         2.51606       8.2496146       3.9818051       8.5830933        8.5830933       3.9818051          3.9818051
              2        9.629734       101.23415      0.11939135      -1.1256363      0.49926133    2.100583e-09       144.62021      0.28986984      0.14203622      0.71005644      0.24569493        0.247026         2.51606       7.7755671       2.0932814       8.5830933        8.5830933       2.0932814          2.0932814
              3          9.1904       101.41193      0.11939135      -1.1256363      0.49926133    2.100583e-09       144.87419      0.28986984      0.14203622      0.71005644      0.24569493        0.247026         2.51606       7.7755671       1.2146133       8.5830933        8.5830933       1.2146133          1.2146133
              2       9.8867759       99.694743      0.12866388     -0.98045836    -0.093931968    2.100583e-09       142.42106      0.30879337      0.15130875       0.6911329      0.24569493        0.247026         2.51606       7.9014815       2.6073652       8.5830933        8.5830933       2.6073652          2.6073652
              3       9.3219772        98.91319      0.13499608      -0.9400267     -0.31981807    2.100583e-09       141.30456      0.32171621      0.15764094      0.67821006      0.24569493        0.247026         2.51606       7.9993538       1.4777679       8.5830933        8.5830933       1.4777679          1.4777679
              1       9.7042059       98.418584      0.13873343     -0.88982088     -0.57121094    2.100583e-09       140.59798      0.32934347       0.1613783       0.6705828      0.24569493        0.247026         2.51606       8.0547106       2.2422252       8.5830933        8.5830933       2.2422252          2.2422252
              1       9.3173909       95.729114      0.14823826     -0.73898153     -0.94282256    2.100583e-09       136.75588      0.34874107      0.17088313       0.6511852      0.24569493        0.247026         2.51606       8.2190944       1.4685953       8.5830933        8.5830933       1.4685953          1.4685953
              3       11.158851       95.994125      0.14823826     -0.73898153     -0.94282256    2.100583e-09       137.13446      0.34874107      0.17088313       0.6511852      0.24569493        0.247026         2.51606       8.2190944       5.1515158       8.5830933        8.5830933       5.1515158          5.1515158
              1       14.427154       94.150593      0.14588309      -0.6224819     -0.92703288    2.100583e-09       134.50085      0.34393461      0.16852796      0.65599166      0.24569493        0.247026         2.51606       8.2082791       11.688121       8.5830933        8.5830933       11.688121          11.688121
              1       15.455167       94.254929      0.14588309      -0.6224819     -0.92703288    2.100583e-09        134.6499      0.34393461      0.16852796      0.65599166      0.24569493        0.247026         2.51606       8.2082791       13.744146       8.5830933        8.5830933       13.744146          13.744146
              3         13.4322        93.95743      0.14588309      -0.6224819     -0.92703288    2.100583e-09        134.2249      0.34393461      0.16852796      0.65599166      0.24569493        0.247026         2.51606       8.2082791       9.6982143       8.5830933        8.5830933       9.6982143          9.6982143
              1       13.472195       93.810682      0.14588309      -0.6224819     -0.92703288    2.100583e-09       134.01526      0.34393461      0.16852796      0.65599166      0.24569493        0.247026         2.51606       8.2082791       9.7782032       8.5830933        8.5830933       9.7782032          9.7782032
              1        12.18319        98.81665       0.1229999      -1.0280212      0.56103045    2.100583e-09       141.16664      0.29723421      0.14564476      0.70269206      0.24569493        0.247026         2.51606        7.920544       7.2001939       8.5830933        8.5830933       7.2001939          7.2001939
              2       11.932251       98.130292      0.12664206     -0.98381409      0.39291772    2.100583e-09       140.18613       0.3046672      0.14928693      0.69525907      0.24569493        0.247026         2.51606       7.9587456       6.6983156       8.5830933        8.5830933       6.6983156          6.6983156
              2       10.591836       97.900549      0.12664206     -0.98381409      0.39291772    2.100583e-09       139.85793       0.3046672      0.14928693      0.69525907      0.24569493        0.247026         2.51606       7.9587456       4.0174849       8.5830933        8.5830933       4.0174849          4.0174849
              1       10.510032       97.778089      0.12664206     -0.98381409      0.39291772    2.100583e-09       139.68298       0.3046672      0.14928693      0.69525907      0.24569493        0.247026         2.51606       7.9587456       3.8538777       8.5830933        8.5830933       3.8538777          3.8538777
              1       11.467714       98.074827      0.12664206     -0.98381409      0.39291772    2.100583e-09        140.1069       0.3046672      0.14928693      0.69525907      0.24569493        0.247026         2.51606       7.9587456       5.7692408       8.5830933        8.5830933       5.7692408          5.7692408
              2       11.374233       97.813344       0.1339603     -0.99540992      0.24279051    2.100583e-09       139.73335      0.31960238      0.15660517      0.68032389      0.24569493        0.247026         2.51606       8.0383531        5.582279       8.5830933        8.5830933        5.582279           5.582279
              1       11.517248       97.848635       0.1339603     -0.99540992      0.24279051    2.100583e-09       139.78376      0.31960238      0.15660517      0.68032389      0.24569493        0.247026         2.51606       8.0383531       5.8683103       8.5830933        8.5830933       5.8683103          5.8683103
              1       11.572362        97.86026       0.1339603     -0.99540992      0.24279051    2.100583e-09       139.80037      0.31960238      0.15660517      0.68032389      0.24569493        0.247026         2.51606       8.0383531       5.9785384       8.5830933        8.5830933       5.9785384          5.9785384
              1       11.814633        97.48426       0.1339603     -0.99540992      0.24279051    2.100583e-09       139.26323      0.31960238      0.15660517      0.68032389      0.24569493        0.247026         2.51606       8.0383531       6.4630795       8.5830933        8.5830933       6.4630795          6.4630795
              2       9.9524029        99.86917      0.11993507      -1.1126137      0.74472179    2.100583e-09       142.67024      0.29097945      0.14257993      0.70894682      0.24569493        0.247026         2.51606       7.8678293       2.7386193       8.5830933        8.5830933       2.7386193          2.7386193
              1        9.618276       100.92741       0.1137867      -1.1548107      0.92599253    2.100583e-09       144.18201      0.27843176      0.13643156      0.72149451      0.24569493        0.247026         2.51606       7.8042958       2.0703654       8.5830933        8.5830933       2.0703654          2.0703654
              1       10.287433       101.22391      0.11206287      -1.1799973       1.0336098    2.100583e-09       144.60558      0.27491375      0.13470774      0.72501253      0.24569493        0.247026         2.51606       7.8063636       3.4086799       8.5830933        8.5830933       3.4086799          3.4086799
              2       11.194732       100.85501      0.11206287      -1.1799973       1.0336098    2.100583e-09       144.07858      0.27491375      0.13470774      0.72501253      0.24569493        0.247026         2.51606       7.8063636       5.2232772       8.5830933        8.5830933       5.2232772          5.2232772
              1        11.62991       101.45495      0.11206287      -1.1799973       1.0336098    2.100583e-09       144.93565      0.27491375      0.13470774      0.72501253      0.24569493        0.247026         2.51606       7.8063636       6.0936334       8.5830933        8.5830933       6.0936334          6.0936334
              2       12.125809       102.31745       0.1258793      -1.1560167     0.063677839    2.100583e-09       146.16779      0.30311054      0.14852416      0.69681573      0.24569493        0.247026         2.51606       7.8200968       7.0854315       8.5830933        8.5830933       7.0854315          7.0854315
              4       11.295186       102.62564       0.1258793      -1.1560167     0.063677839    2.100583e-09       146.60806      0.30311054      0.14852416      0.69681573      0.24569493        0.247026         2.51606       7.8200968       5.4241861       8.5830933        8.5830933       5.4241861          5.4241861
              4       11.423046       102.68307       0.1258793      -1.1560167     0.063677839    2.100583e-09       146.69009      0.30311054      0.14852416      0.69681573      0.24569493        0.247026         2.51606       7.8200968       5.6799052       8.5830933        8.5830933       5.6799052          5.6799052
              3       13.159597        102.9491       0.1258793      -1.1560167     0.063677839    2.100583e-09       147.07014      0.30311054      0.14852416      0.69681573      0.24569493        0.247026         2.51606       7.8200968       9.1530066       8.5830933        8.5830933       9.1530066          9.1530066
              1       11.734994       100.77459      0.12995358      -1.0318597     -0.11156735    2.100583e-09       143.96371      0.31142539      0.15259844      0.68850088      0.24569493        0.247026         2.51606       7.9075156       6.3038015       8.5830933        8.5830933       6.3038015          6.3038015
              1       11.318622       101.18042      0.12672604      -1.0578176     0.027360513    2.100583e-09       144.54346      0.30483859      0.14937091      0.69508768      0.24569493        0.247026         2.51606       7.8577244       5.4710565       8.5830933        8.5830933       5.4710565          5.4710565
              2       10.084429       100.69214      0.12672604      -1.0578176     0.027360513    2.100583e-09       143.84592      0.30483859      0.14937091      0.69508768      0.24569493        0.247026         2.51606       7.8577244       3.0026715       8.5830933        8.5830933       3.0026715          3.0026715
              1       10.011115       100.97897      0.12672604      -1.0578176     0.027360513    2.100583e-09       144.25567      0.30483859      0.14937091      0.69508768      0.24569493        0.247026         2.51606       7.8577244       2.8560434       8.5830933        8.5830933       2.8560434          2.8560434
              2       10.297377       100.64842      0.12672604      -1.0578176     0.027360513    2.100583e-09       143.78346      0.30483859      0.14937091      0.69508768      0.24569493        0.247026         2.51606       7.8577244       3.4285671       8.5830933        8.5830933       3.4285671          3.4285671
              1       10.844297       96.222331      0.15078478     -0.82343636     -0.82644201    2.100583e-09       137.46047      0.35393806      0.17342965      0.64598822      0.24569493        0.247026         2.51606       8.2522586       4.5224083       8.5830933        8.5830933       4.5224083          4.5224083
              2       8.9352651        97.91709      0.13797473      -0.9445458     -0.21019254    2.100583e-09       139.88156       0.3277951       0.1606196      0.67213117      0.24569493        0.247026         2.51606       8.0594914      0.70434364       8.5830933        8.5830933      0.70434364         0.70434364
              2       10.032233       98.239474      0.13797473      -0.9445458     -0.21019254    2.100583e-09       140.34211       0.3277951       0.1606196      0.67213117      0.24569493        0.247026         2.51606       8.0594914       2.8982803       8.5830933        8.5830933       2.8982803          2.8982803
              1       10.005455       97.689633      0.13797473      -0.9445458     -0.21019254    2.100583e-09       139.55662       0.3277951       0.1606196      0.67213117      0.24569493        0.247026         2.51606       8.0594914       2.8447237       8.5830933        8.5830933       2.8447237          2.8447237
              3       9.9867037       98.561372      0.13155794      -1.0116354      0.12340181    2.100583e-09       140.80196       0.3146996       0.1542028      0.68522667      0.24569493        0.247026         2.51606       7.9699793       2.8072209       8.5830933        8.5830933       2.8072209          2.8072209
              1       9.5291318       98.622792      0.13155794      -1.0116354      0.12340181    2.100583e-09        140.8897       0.3146996       0.1542028      0.68522667      0.24569493        0.247026         2.51606       7.9699793        1.892077       8.5830933        8.5830933        1.892077           1.892077
              1       9.6309084       99.203887      0.13109741      -1.0481092       0.1624762    2.100583e-09       141.71984      0.31375975      0.15374228      0.68616652      0.24569493        0.247026         2.51606       7.9543485       2.0956302       8.5830933        8.5830933       2.0956302          2.0956302
              2       8.9167999       99.503976      0.13109741      -1.0481092       0.1624762    2.100583e-09       142.14854      0.31375975      0.15374228      0.68616652      0.24569493        0.247026         2.51606       7.9543485      0.66741318       8.5830933        8.5830933      0.66741318         0.66741318
              1        8.923585       99.472527       0.1313258      -1.0457746      0.15097118    2.100583e-09       142.10361      0.31422585      0.15397067      0.68570042      0.24569493        0.247026         2.51606       7.9574966      0.68098333       8.5830933        8.5830933      0.68098333         0.68098333
              2       9.7991281       99.660987       0.1313258      -1.0457746      0.15097118    2.100583e-09       142.37284      0.31422585      0.15397067      0.68570042      0.24569493        0.247026         2.51606       7.9574966       2.4320697       8.5830933        8.5830933       2.4320697          2.4320697
              4       9.7845953       98.810287      0.13466155     -0.93022362     -0.30576193    2.100583e-09       141.15755       0.3210335      0.15730642      0.67889277      0.24569493        0.247026         2.51606       7.9974217       2.4030041       8.5830933        8.5830933       2.4030041          2.4030041
              4       9.8474097       95.301397      0.14767765     -0.70838684     -0.93436763    2.100583e-09       136.14485      0.34759697      0.17032252       0.6523293      0.24569493        0.247026         2.51606       8.2166536       2.5286327       8.5830933        8.5830933       2.5286327          2.5286327
              1       9.6749532       95.237474      0.14767765     -0.70838684     -0.93436763    2.100583e-09       136.05353      0.34759697      0.17032252       0.6523293      0.24569493        0.247026         2.51606       8.2166536       2.1837198       8.5830933        8.5830933       2.1837198          2.1837198
              1       9.8964487       95.051844      0.14767765     -0.70838684     -0.93436763    2.100583e-09       135.78835      0.34759697      0.17032252       0.6523293      0.24569493        0.247026         2.51606       8.2166536       2.6267109       8.5830933        8.5830933       2.6267109          2.6267109
              1        9.832207       94.800539      0.15082494     -0.66455252      -1.1287781    2.100583e-09       135.42934      0.35402001       0.1734698      0.64590626      0.24569493        0.247026         2.51606       8.2640363       2.4982275       8.5830933        8.5830933       2.4982275          2.4982275
              2       9.8388274       95.203784       0.1524091     -0.69182755      -1.1638059    2.100583e-09       136.00541        0.357253      0.17505397      0.64267327      0.24569493        0.247026         2.51606       8.2828315       2.5114682       8.5830933        8.5830933       2.5114682          2.5114682
              1       10.227087       95.919029      0.14575612     -0.71510977     -0.99090078    2.100583e-09       137.02718      0.34367548      0.16840099      0.65625079      0.24569493        0.247026         2.51606       8.1797417       3.2879879       8.5830933        8.5830933       3.2879879          3.2879879
              3       9.8919106       95.650158      0.14575612     -0.71510977     -0.99090078    2.100583e-09       136.64308      0.34367548      0.16840099      0.65625079      0.24569493        0.247026         2.51606       8.1797417       2.6176346       8.5830933        8.5830933       2.6176346          2.6176346
              1       9.5250073       101.69671      0.11984732      -1.1969843      0.70854469    2.100583e-09       145.28102      0.29080038      0.14249219      0.70912589      0.24569493        0.247026         2.51606       7.7941245       1.8838281       8.5830933        8.5830933       1.8838281          1.8838281
              1       9.2771296        101.7797      0.11984732      -1.1969843      0.70854469    2.100583e-09       145.39957      0.29080038      0.14249219      0.70912589      0.24569493        0.247026         2.51606       7.7941245       1.3880725       8.5830933        8.5830933       1.3880725          1.3880725
              1       9.9623482       102.35394      0.12378478      -1.2073132      0.45806304    2.100583e-09       146.21992      0.29883602      0.14642965      0.70109025      0.24569493        0.247026         2.51606       7.8112476       2.7585097       8.5830933        8.5830933       2.7585097          2.7585097
              1       10.131138       102.27904      0.12378478      -1.2073132      0.45806304    2.100583e-09       146.11292      0.29883602      0.14642965      0.70109025      0.24569493        0.247026         2.51606       7.8112476       3.0960904       8.5830933        8.5830933       3.0960904          3.0960904
              2       10.181744       102.53559      0.12378478      -1.2073132      0.45806304    2.100583e-09       146.47942      0.29883602      0.14642965      0.70109025      0.24569493        0.247026         2.51606       7.8112476       3.1973022       8.5830933        8.5830933       3.1973022          3.1973022
              1       10.294146       102.66348      0.12347689      -1.2197001      0.49535321    2.100583e-09       146.66211      0.29820768      0.14612176       0.7017186      0.24569493        0.247026         2.51606       7.8066802       3.4221059       8.5830933        8.5830933       3.4221059          3.4221059
              3       10.711964       103.57347      0.11944965      -1.2882954      0.73617095    2.100583e-09       147.96211      0.28998881      0.14209452      0.70993746      0.24569493        0.247026         2.51606        7.746593       4.2577407       8.5830933        8.5830933       4.2577407          4.2577407
              4       10.763998       103.51608      0.11944965      -1.2882954      0.73617095    2.100583e-09       147.88012      0.28998881      0.14209452      0.70993746      0.24569493        0.247026         2.51606        7.746593       4.3618097       8.5830933        8.5830933       4.3618097          4.3618097
              1       11.637188       103.31478      0.11944965      -1.2882954      0.73617095    2.100583e-09       147.59255      0.28998881      0.14209452      0.70993746      0.24569493        0.247026         2.51606        7.746593       6.1081886       8.5830933        8.5830933       6.1081886          6.1081886
              1       10.912619       98.813226      0.13884536      -1.0270219     -0.06109177    2.100583e-09       141.16175      0.32957189      0.16149022      0.67035438      0.24569493        0.247026         2.51606        8.066873       4.6590515       8.5830933        8.5830933       4.6590515          4.6590515
              2       11.208822       98.510851      0.13884536      -1.0270219     -0.06109177    2.100583e-09       140.72979      0.32957189      0.16149022      0.67035438      0.24569493        0.247026         2.51606        8.066873       5.2514565       8.5830933        8.5830933       5.2514565          5.2514565
              3       10.769064       98.758263      0.13884536      -1.0270219     -0.06109177    2.100583e-09       141.08323      0.32957189      0.16149022      0.67035438      0.24569493        0.247026         2.51606        8.066873       4.3719413       8.5830933        8.5830933       4.3719413          4.3719413
              1       10.732998       98.733575      0.13884536      -1.0270219     -0.06109177    2.100583e-09       141.04796      0.32957189      0.16149022      0.67035438      0.24569493        0.247026         2.51606        8.066873       4.2998097       8.5830933        8.5830933       4.2998097          4.2998097
              3       8.8810429       98.261974      0.13171582     -0.95172481    -0.029261011    2.100583e-09       140.37425      0.31502181      0.15436068      0.68490447      0.24569493        0.247026         2.51606       7.9724994      0.59589933       8.5830933        8.5830933      0.59589933         0.59589933
              2       8.9630523       98.412834      0.13171582     -0.95172481    -0.029261011    2.100583e-09       140.58976      0.31502181      0.15436068      0.68490447      0.24569493        0.247026         2.51606       7.9724994      0.75991809       8.5830933        8.5830933      0.75991809         0.75991809
              1        8.796649         99.4226      0.12705205       -1.030664      0.25883915    2.100583e-09       142.03229      0.30550391      0.14969692      0.69442236      0.24569493        0.247026         2.51606       7.9072721      0.42711151       8.5830933        8.5830933      0.42711151         0.42711151
              4       8.7736032       99.484481      0.13098119      -1.0346474      0.11362493    2.100583e-09       142.12069      0.31352256      0.15362605      0.68640372      0.24569493        0.247026         2.51606       7.9502915       0.3810199       8.5830933        8.5830933       0.3810199          0.3810199
              2       8.9522679       99.540414      0.13098119      -1.0346474      0.11362493    2.100583e-09       142.20059      0.31352256      0.15362605      0.68640372      0.24569493        0.247026         2.51606       7.9502915      0.73834922       8.5830933        8.5830933      0.73834922         0.73834922
              1       9.0033918       101.13592       0.1157169      -1.1335872      0.74261249    2.100583e-09       144.47989      0.28237096      0.13836177      0.71755531      0.24569493        0.247026         2.51606       7.7760654      0.84059694       8.5830933        8.5830933      0.84059694         0.84059694
              1       9.4963379       101.24066       0.1157169      -1.1335872      0.74261249    2.100583e-09       144.62952      0.28237096      0.13836177      0.71755531      0.24569493        0.247026         2.51606       7.7760654       1.8264892       8.5830933        8.5830933       1.8264892          1.8264892
              5       8.8651101       101.08081       0.1157169      -1.1335872      0.74261249    2.100583e-09       144.40116      0.28237096      0.13836177      0.71755531      0.24569493        0.247026         2.51606       7.7760654      0.56403371       8.5830933        8.5830933      0.56403371         0.56403371
              1       8.9312109       100.66752      0.11804975      -1.0979943      0.59298134    2.100583e-09       143.81075      0.28713186      0.14069461      0.71279441      0.24569493        0.247026         2.51606       7.7930742      0.69623513       8.5830933        8.5830933      0.69623513         0.69623513
              1       9.7681261       100.85744      0.11804975      -1.0979943      0.59298134    2.100583e-09       144.08205      0.28713186      0.14069461      0.71279441      0.24569493        0.247026         2.51606       7.7930742       2.3700657       8.5830933        8.5830933       2.3700657          2.3700657
              1       8.8870908       100.57421      0.11804975      -1.0979943      0.59298134    2.100583e-09       143.67745      0.28713186      0.14069461      0.71279441      0.24569493        0.247026         2.51606       7.7930742      0.60799512       8.5830933        8.5830933      0.60799512         0.60799512
              4       8.8761318       100.61383      0.11804975      -1.0979943      0.59298134    2.100583e-09       143.73404      0.28713186      0.14069461      0.71279441      0.24569493        0.247026         2.51606       7.7930742      0.58607704       8.5830933        8.5830933      0.58607704         0.58607704
              3       8.9038671       100.64958      0.11804975      -1.0979943      0.59298134    2.100583e-09       143.78512      0.28713186      0.14069461      0.71279441      0.24569493        0.247026         2.51606       7.7930742      0.64154761       8.5830933        8.5830933      0.64154761         0.64154761
              1       9.0302085       100.67765      0.11823798      -1.1003058       0.6071361    2.100583e-09       143.82521        0.287516      0.14088284      0.71241027      0.24569493        0.247026         2.51606       7.7991619       0.8942304       8.5830933        8.5830933       0.8942304          0.8942304
              2       8.8194716        100.5477      0.11823798      -1.1003058       0.6071361    2.100583e-09       143.63957        0.287516      0.14088284      0.71241027      0.24569493        0.247026         2.51606       7.7991619      0.47275666       8.5830933        8.5830933      0.47275666         0.47275666
              2       9.3594887       98.552959      0.12803834      -1.0156795      0.31187563    2.100583e-09       140.78994      0.30751675      0.15068321      0.69240952      0.24569493        0.247026         2.51606       7.9423979       1.5527909       8.5830933        8.5830933       1.5527909          1.5527909
              2       9.1071742       98.874287      0.12753126      -1.0213339      0.27343142    2.100583e-09       141.24898       0.3064819      0.15017613      0.69344437      0.24569493        0.247026         2.51606       7.9227608       1.0481619       8.5830933        8.5830933       1.0481619          1.0481619
              1       9.7355547       98.763275      0.12753126      -1.0213339      0.27343142    2.100583e-09       141.09039       0.3064819      0.15017613      0.69344437      0.24569493        0.247026         2.51606       7.9227608       2.3049229       8.5830933        8.5830933       2.3049229          2.3049229
              2         9.91958       99.789537      0.13434479      -1.0107761     -0.30420825    2.100583e-09       142.55648      0.32038705      0.15698965      0.67953923      0.24569493        0.247026         2.51606       7.9730156       2.6729735       8.5830933        8.5830933       2.6729735          2.6729735
              3       12.197516       100.40862      0.13434479      -1.0107761     -0.30420825    2.100583e-09       143.44089      0.32038705      0.15698965      0.67953923      0.24569493        0.247026         2.51606       7.9730156       7.2288456       8.5830933        8.5830933       7.2288456          7.2288456
              2       9.4733446       99.951178      0.13434479      -1.0107761     -0.30420825    2.100583e-09        142.7874      0.32038705      0.15698965      0.67953923      0.24569493        0.247026         2.51606       7.9730156       1.7805025       8.5830933        8.5830933       1.7805025          1.7805025
              2       9.6404595       99.924059      0.13524264      -1.0022551     -0.37173552    2.100583e-09       142.74866       0.3222194      0.15788751      0.67770687      0.24569493        0.247026         2.51606       7.9855657       2.1147324       8.5830933        8.5830933       2.1147324          2.1147324
              1        9.632187       99.901448      0.13533913      -1.0009712     -0.37556855    2.100583e-09       142.71635      0.32241632        0.157984      0.67750995      0.24569493        0.247026         2.51606       7.9872336       2.0981875       8.5830933        8.5830933       2.0981875          2.0981875
              2        9.688573       99.949214      0.13533913      -1.0009712     -0.37556855    2.100583e-09       142.78459      0.32241632        0.157984      0.67750995      0.24569493        0.247026         2.51606       7.9872336       2.2109594       8.5830933        8.5830933       2.2109594          2.2109594
              1       9.8123056       99.997892      0.13533913      -1.0009712     -0.37556855    2.100583e-09       142.85413      0.32241632        0.157984      0.67750995      0.24569493        0.247026         2.51606       7.9872336       2.4584246       8.5830933        8.5830933       2.4584246          2.4584246
              2       10.975421       99.442792      0.13964013     -0.93246934     -0.71974584    2.100583e-09       142.06113      0.33119388        0.162285      0.66873239      0.24569493        0.247026         2.51606       8.0532672       4.7846561       8.5830933        8.5830933       4.7846561          4.7846561
              2        10.49392       100.98197      0.13284943      -1.0614036     -0.27024729    2.100583e-09       144.25996      0.31733529      0.15549429      0.68259098      0.24569493        0.247026         2.51606       7.9389672       3.8216528       8.5830933        8.5830933       3.8216528          3.8216528
              2        11.53071       101.01747       0.1349368      -1.0542963     -0.39230162    2.100583e-09       144.31067      0.32159524      0.15758167      0.67833103      0.24569493        0.247026         2.51606       7.9692581       5.8952343       8.5830933        8.5830933       5.8952343          5.8952343
              2       11.928547       101.08504       0.1349368      -1.0542963     -0.39230162    2.100583e-09       144.40719      0.32159524      0.15758167      0.67833103      0.24569493        0.247026         2.51606       7.9692581       6.6909075       8.5830933        8.5830933       6.6909075          6.6909075
              1       10.865471       101.40809      0.12985942      -1.1625761      0.17945772    2.100583e-09       144.86871      0.31123323      0.15250428      0.68869304      0.24569493        0.247026         2.51606       7.8997481       4.5647557       8.5830933        8.5830933       4.5647557          4.5647557
              9       10.676214       101.69484      0.12985942      -1.1625761      0.17945772    2.100583e-09       145.27835      0.31123323      0.15250428      0.68869304      0.24569493        0.247026         2.51606       7.8997481       4.1862412       8.5830933        8.5830933       4.1862412          4.1862412
              1       10.170827         99.9021      0.13644659      -1.0127785     -0.31452092    2.100583e-09       142.71729      0.32467644      0.15909146      0.67524983      0.24569493        0.247026         2.51606       8.0081987       3.1754682       8.5830933        8.5830933       3.1754682          3.1754682
              1       10.201106        100.2405      0.13512204      -1.0275003     -0.28319784    2.100583e-09       143.20071      0.32197327       0.1577669        0.677953      0.24569493        0.247026         2.51606       7.9845023        3.236026       8.5830933        8.5830933        3.236026           3.236026
              2       9.8698055       100.78042      0.13209645       -1.069596     -0.10965701    2.100583e-09       143.97202       0.3157986      0.15474131      0.68412767      0.24569493        0.247026         2.51606       7.9359472       2.5734244       8.5830933        8.5830933       2.5734244          2.5734244
              1       9.6818923       100.71336      0.13209645       -1.069596     -0.10965701    2.100583e-09       143.87623       0.3157986      0.15474131      0.68412767      0.24569493        0.247026         2.51606       7.9359472       2.1975979       8.5830933        8.5830933       2.1975979          2.1975979
              1       10.775478       100.35916      0.13209645       -1.069596     -0.10965701    2.100583e-09       143.37022       0.3157986      0.15474131      0.68412767      0.24569493        0.247026         2.51606       7.9359472        4.384769       8.5830933        8.5830933        4.384769           4.384769
              1       9.8662753       100.51326      0.13209645       -1.069596     -0.10965701    2.100583e-09       143.59037       0.3157986      0.15474131      0.68412767      0.24569493        0.247026         2.51606       7.9359472       2.5663641       8.5830933        8.5830933       2.5663641          2.5663641
              4       9.7019442       100.72334      0.13209645       -1.069596     -0.10965701    2.100583e-09       143.89048       0.3157986      0.15474131      0.68412767      0.24569493        0.247026         2.51606       7.9359472       2.2377018       8.5830933        8.5830933       2.2377018          2.2377018
              1        9.705608       100.56747      0.13209645       -1.069596     -0.10965701    2.100583e-09       143.66781       0.3157986      0.15474131      0.68412767      0.24569493        0.247026         2.51606       7.9359472       2.2450295       8.5830933        8.5830933       2.2450295          2.2450295
              3       9.7354996        100.5549      0.13209645       -1.069596     -0.10965701    2.100583e-09       143.64986       0.3157986      0.15474131      0.68412767      0.24569493        0.247026         2.51606       7.9359472       2.3048126       8.5830933        8.5830933       2.3048126          2.3048126
              1       11.917937       100.24197      0.13209645       -1.069596     -0.10965701    2.100583e-09       143.20282       0.3157986      0.15474131      0.68412767      0.24569493        0.247026         2.51606       7.9359472       6.6696868       8.5830933        8.5830933       6.6696868          6.6696868
              1       11.490121       101.01366      0.13209645       -1.069596     -0.10965701    2.100583e-09       144.30523       0.3157986      0.15474131      0.68412767      0.24569493        0.247026         2.51606       7.9359472       5.8140555       8.5830933        8.5830933       5.8140555          5.8140555
              2       9.3063881       101.67136      0.12024871      -1.1377338      0.49002636    2.100583e-09        145.2448      0.29161954      0.14289358      0.70830673      0.24569493        0.247026         2.51606       7.7827466       1.4465896       8.5830933        8.5830933       1.4465896          1.4465896
              1       9.1618603       101.50054      0.12024871      -1.1377338      0.49002636    2.100583e-09       145.00078      0.29161954      0.14289358      0.70830673      0.24569493        0.247026         2.51606       7.7827466        1.157534       8.5830933        8.5830933        1.157534           1.157534
              1       9.1848591       101.48688      0.12024871      -1.1377338      0.49002636    2.100583e-09       144.98126      0.29161954      0.14289358      0.70830673      0.24569493        0.247026         2.51606       7.7827466       1.2035316       8.5830933        8.5830933       1.2035316          1.2035316
              2       9.8380242       101.78418      0.12024871      -1.1377338      0.49002636    2.100583e-09       145.40597      0.29161954      0.14289358      0.70830673      0.24569493        0.247026         2.51606       7.7827466       2.5098619       8.5830933        8.5830933       2.5098619          2.5098619
              2       11.380387       102.97772      0.12036071      -1.1689859      0.32119735    2.100583e-09       147.11104      0.29184811      0.14300558      0.70807816      0.24569493        0.247026         2.51606       7.7441208       5.5945882       8.5830933        8.5830933       5.5945882          5.5945882
              4       11.439763       102.69721      0.12036071      -1.1689859      0.32119735    2.100583e-09        146.7103      0.29184811      0.14300558      0.70807816      0.24569493        0.247026         2.51606       7.7441208       5.7133399       8.5830933        8.5830933       5.7133399          5.7133399
              3       11.878961       103.07986      0.12036071      -1.1689859      0.32119735    2.100583e-09       147.25694      0.29184811      0.14300558      0.70807816      0.24569493        0.247026         2.51606       7.7441208       6.5917358       8.5830933        8.5830933       6.5917358          6.5917358
              1       11.778946       103.47692      0.11904038      -1.1983448      0.40707759    2.100583e-09       147.82417      0.28915356      0.14168525      0.71077271      0.24569493        0.247026         2.51606       7.7216296       6.3917045       8.5830933        8.5830933       6.3917045          6.3917045
              1       13.325861         102.905      0.11904038      -1.1983448      0.40707759    2.100583e-09       147.00715      0.28915356      0.14168525      0.71077271      0.24569493        0.247026         2.51606       7.7216296       9.4855347       8.5830933        8.5830933       9.4855347          9.4855347
              2       13.217758       102.91313      0.11918883      -1.2000553      0.40754584    2.100583e-09       147.01875      0.28945652      0.14183369      0.71046975      0.24569493        0.247026         2.51606       7.7238002       9.2693286       8.5830933        8.5830933       9.2693286          9.2693286
              1        13.18402       103.67575      0.11918883      -1.2000553      0.40754584    2.100583e-09       148.10821      0.28945652      0.14183369      0.71046975      0.24569493        0.247026         2.51606       7.7238002       9.2018525       8.5830933        8.5830933       9.2018525          9.2018525
              1       13.492216       103.38798      0.12054105      -1.1806456      0.33936832    2.100583e-09       147.69711      0.29221616      0.14318592      0.70771011      0.24569493        0.247026         2.51606       7.7458692        9.818246       8.5830933        8.5830933        9.818246           9.818246
              1       12.363633       103.27364      0.12054105      -1.1806456      0.33936832    2.100583e-09       147.53377      0.29221616      0.14318592      0.70771011      0.24569493        0.247026         2.51606       7.7458692       7.5610804       8.5830933        8.5830933       7.5610804          7.5610804
              5       11.342957       102.80434      0.12054105      -1.1806456      0.33936832    2.100583e-09       146.86335      0.29221616      0.14318592      0.70771011      0.24569493        0.247026         2.51606       7.7458692       5.5197284       8.5830933        8.5830933       5.5197284          5.5197284
              1       12.283405       102.38198      0.11495037      -1.1513068      0.52058511    2.100583e-09       146.25997      0.28080662      0.13759524      0.71911966      0.24569493        0.247026         2.51606       7.6869803       7.4006238       8.5830933        8.5830933       7.4006238          7.4006238
              1       13.722545       103.91824      0.10631761      -1.2725051       1.0220847    2.100583e-09       148.45462      0.26318872      0.12896247      0.73673755      0.24569493        0.247026         2.51606       7.5982625       10.278903       8.5830933        8.5830933       10.278903          10.278903
              1       11.179631       104.47087      0.10631761      -1.2725051       1.0220847    2.100583e-09        149.2441      0.26318872      0.12896247      0.73673755      0.24569493        0.247026         2.51606       7.5982625       5.1930757       8.5830933        8.5830933       5.1930757          5.1930757
              1       11.252606        104.4958      0.10631761      -1.2725051       1.0220847    2.100583e-09       149.27971      0.26318872      0.12896247      0.73673755      0.24569493        0.247026         2.51606       7.5982625       5.3390245       8.5830933        8.5830933       5.3390245          5.3390245
              1        11.08986       104.54303      0.10562789      -1.2784536       1.0641386    2.100583e-09       149.34719      0.26178113      0.12827275      0.73814514      0.24569493        0.247026         2.51606       7.5982233       5.0135342       8.5830933        8.5830933       5.0135342          5.0135342
              1       11.408711        104.6173      0.10562789      -1.2784536       1.0641386    2.100583e-09       149.45329      0.26178113      0.12827275      0.73814514      0.24569493        0.247026         2.51606       7.5982233        5.651235       8.5830933        8.5830933        5.651235           5.651235
             10        10.89333       104.45253      0.10562789      -1.2784536       1.0641386    2.100583e-09        149.2179      0.26178113      0.12827275      0.73814514      0.24569493        0.247026         2.51606       7.5982233       4.6204735       8.5830933        8.5830933       4.6204735          4.6204735
              2       10.966357       104.32948      0.10562789      -1.2784536       1.0641386    2.100583e-09       149.04212      0.26178113      0.12827275      0.73814514      0.24569493        0.247026         2.51606       7.5982233       4.7665279       8.5830933        8.5830933       4.7665279          4.7665279
              6        11.21604       104.57651      0.10562789      -1.2784536       1.0641386    2.100583e-09       149.39501      0.26178113      0.12827275      0.73814514      0.24569493        0.247026         2.51606       7.5982233       5.2658927       8.5830933        8.5830933       5.2658927          5.2658927
              1       13.378205       103.97624      0.10562789      -1.2784536       1.0641386    2.100583e-09       148.53749      0.26178113      0.12827275      0.73814514      0.24569493        0.247026         2.51606       7.5982233       9.5902233       8.5830933        8.5830933       9.5902233          9.5902233
              5        10.88742        104.4461      0.10562789      -1.2784536       1.0641386    2.100583e-09       149.20871      0.26178113      0.12827275      0.73814514      0.24569493        0.247026         2.51606       7.5982233       4.6086541       8.5830933        8.5830933       4.6086541          4.6086541
              3       11.285063       104.59219      0.10562789      -1.2784536       1.0641386    2.100583e-09       149.41742      0.26178113      0.12827275      0.73814514      0.24569493        0.247026         2.51606       7.5982233       5.4039402       8.5830933        8.5830933       5.4039402          5.4039402
              2       12.906432       104.81123      0.10562789      -1.2784536       1.0641386    2.100583e-09       149.73033      0.26178113      0.12827275      0.73814514      0.24569493        0.247026         2.51606       7.5982233       8.6466772       8.5830933        8.5830933       8.6466772          8.6466772
              1       12.653297       104.04473      0.10562789      -1.2784536       1.0641386    2.100583e-09       148.63533      0.26178113      0.12827275      0.73814514      0.24569493        0.247026         2.51606       7.5982233       8.1404083       8.5830933        8.5830933       8.1404083          8.1404083
              1       11.231741         104.248      0.10562789      -1.2784536       1.0641386    2.100583e-09       148.92571      0.26178113      0.12827275      0.73814514      0.24569493        0.247026         2.51606       7.5982233       5.2972952       8.5830933        8.5830933       5.2972952          5.2972952
              1       11.193745       104.62931      0.10479375      -1.2918935       1.1603372    2.100583e-09       149.47044      0.26007882      0.12743862      0.73984745      0.24569493        0.247026         2.51606       7.6160973       5.2213026       8.5830933        8.5830933       5.2213026          5.2213026
              2       10.886095       104.14973      0.10479375      -1.2918935       1.1603372    2.100583e-09       148.78533      0.26007882      0.12743862      0.73984745      0.24569493        0.247026         2.51606       7.6160973       4.6060038       8.5830933        8.5830933       4.6060038          4.6060038
              9       10.290648       104.34603      0.10479375      -1.2918935       1.1603372    2.100583e-09       149.06576      0.26007882      0.12743862      0.73984745      0.24569493        0.247026         2.51606       7.6160973       3.4151088       8.5830933        8.5830933       3.4151088          3.4151088
              2       10.442774       104.47413      0.10479375      -1.2918935       1.1603372    2.100583e-09       149.24876      0.26007882      0.12743862      0.73984745      0.24569493        0.247026         2.51606       7.6160973       3.7193616       8.5830933        8.5830933       3.7193616          3.7193616
              5       10.475384        104.4996      0.10373554      -1.2898397       1.1836451    2.100583e-09       149.28514      0.25791919       0.1263804      0.74200708      0.24569493        0.247026         2.51606       7.6122485       3.7845809       8.5830933        8.5830933       3.7845809          3.7845809
              2       10.294403       104.39925      0.10373554      -1.2898397       1.1836451    2.100583e-09       149.14179      0.25791919       0.1263804      0.74200708      0.24569493        0.247026         2.51606       7.6122485       3.4226202       8.5830933        8.5830933       3.4226202          3.4226202
              2       10.468189       104.49725      0.10373554      -1.2898397       1.1836451    2.100583e-09       149.28179      0.25791919       0.1263804      0.74200708      0.24569493        0.247026         2.51606       7.6122485       3.7701914       8.5830933        8.5830933       3.7701914          3.7701914
              3       11.358885       104.09349      0.10373554      -1.2898397       1.1836451    2.100583e-09       148.70499      0.25791919       0.1263804      0.74200708      0.24569493        0.247026         2.51606       7.6122485       5.5515832       8.5830933        8.5830933       5.5515832          5.5515832
              1       12.215915       100.74737      0.12001121      -1.0271316      0.19264193    2.100583e-09       143.92481      0.29113484      0.14265607      0.70879143      0.24569493        0.247026         2.51606       7.7727663        7.265644       8.5830933        8.5830933        7.265644           7.265644
              4       12.169104       100.62959      0.12001121      -1.0271316      0.19264193    2.100583e-09       143.75656      0.29113484      0.14265607      0.70879143      0.24569493        0.247026         2.51606       7.7727663       7.1720205       8.5830933        8.5830933       7.1720205          7.1720205
              1       11.293561       95.211442      0.15769784     -0.62358963      -1.7341955    2.100583e-09       136.01635      0.36804635      0.18034271      0.63187993      0.24569493        0.247026         2.51606       8.3534286       5.4209351       8.5830933        8.5830933       5.4209351          5.4209351
              3       11.090869       94.830389      0.15769784     -0.62358963      -1.7341955    2.100583e-09       135.47198      0.36804635      0.18034271      0.63187993      0.24569493        0.247026         2.51606       8.3534286       5.0155506       8.5830933        8.5830933       5.0155506          5.0155506
              1       15.093944        93.25425      0.15825329     -0.47655605       -2.044775    2.100583e-09       133.22036       0.3691799      0.18089815      0.63074637      0.24569493        0.247026         2.51606       8.3698982       13.021701       8.5830933        8.5830933       13.021701          13.021701
              1       12.719859       93.454433      0.15825329     -0.47655605       -2.044775    2.100583e-09       133.50633       0.3691799      0.18089815      0.63074637      0.24569493        0.247026         2.51606       8.3698982       8.2735308       8.5830933        8.5830933       8.2735308          8.2735308
              6       12.065725       94.010029       0.1581177     -0.48692403      -2.1363324    2.100583e-09       134.30004       0.3689032      0.18076257      0.63102307      0.24569493        0.247026         2.51606       8.3631775       6.9652632       8.5830933        8.5830933       6.9652632          6.9652632
              1       11.922222       93.949642      0.16044053     -0.46930747      -2.2923778    2.100583e-09       134.21377      0.37364368       0.1830854       0.6262826      0.24569493        0.247026         2.51606       8.3973642       6.6782577       8.5830933        8.5830933       6.6782577          6.6782577
              6       12.500596       94.218986      0.16044053     -0.46930747      -2.2923778    2.100583e-09       134.59855      0.37364368       0.1830854       0.6262826      0.24569493        0.247026         2.51606       8.3973642       7.8350057       8.5830933        8.5830933       7.8350057          7.8350057
              1       11.850352       94.011326      0.16044053     -0.46930747      -2.2923778    2.100583e-09       134.30189      0.37364368       0.1830854       0.6262826      0.24569493        0.247026         2.51606       8.3973642       6.5345182       8.5830933        8.5830933       6.5345182          6.5345182
              2       11.519881       94.079868      0.16023391      -0.4861658      -2.2218322    2.100583e-09       134.39981      0.37322199      0.18287878      0.62670428      0.24569493        0.247026         2.51606       8.3943197       5.8735746       8.5830933        8.5830933       5.8735746          5.8735746
              1       11.620105         94.4037      0.16123907      -0.5203867       -2.180952    2.100583e-09       134.86243      0.37527334      0.18388394      0.62465293      0.24569493        0.247026         2.51606       8.4077103       6.0740231       8.5830933        8.5830933       6.0740231          6.0740231
              4       11.819855       94.456305      0.16123907      -0.5203867       -2.180952    2.100583e-09       134.93758      0.37527334      0.18388394      0.62465293      0.24569493        0.247026         2.51606       8.4077103        6.473523       8.5830933        8.5830933        6.473523           6.473523
              1        11.08529       95.897197      0.15186819     -0.80079774     -0.92553755    2.100583e-09         136.996      0.35614909      0.17451305      0.64377718      0.24569493        0.247026         2.51606       8.2683774       5.0043936       8.5830933        8.5830933       5.0043936          5.0043936
              1       10.792461       96.013652      0.15186819     -0.80079774     -0.92553755    2.100583e-09       137.16236      0.35614909      0.17451305      0.64377718      0.24569493        0.247026         2.51606       8.2683774       4.4187359       8.5830933        8.5830933       4.4187359          4.4187359
              2       9.7276582       101.16295      0.12671064       -1.156609      0.37134188    2.100583e-09        144.5185      0.30480716      0.14935551      0.69511912      0.24569493        0.247026         2.51606       7.8688296       2.2891298       8.5830933        8.5830933       2.2891298          2.2891298
              1        9.817903       101.14227      0.12671064       -1.156609      0.37134188    2.100583e-09       144.48896      0.30480716      0.14935551      0.69511912      0.24569493        0.247026         2.51606       7.8688296       2.4696195       8.5830933        8.5830933       2.4696195          2.4696195
              1       9.4911503       101.24253      0.12671064       -1.156609      0.37134188    2.100583e-09       144.63218      0.30480716      0.14935551      0.69511912      0.24569493        0.247026         2.51606       7.8688296       1.8161141       8.5830933        8.5830933       1.8161141          1.8161141
              3       10.027469       101.51932      0.12671064       -1.156609      0.37134188    2.100583e-09        145.0276      0.30480716      0.14935551      0.69511912      0.24569493        0.247026         2.51606       7.8688296       2.8887521       8.5830933        8.5830933       2.8887521          2.8887521
              2       9.6617965       101.18011      0.12671064       -1.156609      0.37134188    2.100583e-09       144.54302      0.30480716      0.14935551      0.69511912      0.24569493        0.247026         2.51606       7.8688296       2.1574063       8.5830933        8.5830933       2.1574063          2.1574063
              1       10.409775       101.04398      0.12671064       -1.156609      0.37134188    2.100583e-09       144.34854      0.30480716      0.14935551      0.69511912      0.24569493        0.247026         2.51606       7.8688296       3.6533636       8.5830933        8.5830933       3.6533636          3.6533636
              2       9.4597944       101.35843      0.12671064       -1.156609      0.37134188    2.100583e-09       144.79775      0.30480716      0.14935551      0.69511912      0.24569493        0.247026         2.51606       7.8688296       1.7534022       8.5830933        8.5830933       1.7534022          1.7534022
              4       9.6369616       101.43361      0.12671064       -1.156609      0.37134188    2.100583e-09       144.90516      0.30480716      0.14935551      0.69511912      0.24569493        0.247026         2.51606       7.8688296       2.1077367       8.5830933        8.5830933       2.1077367          2.1077367
              2       10.783341       101.62492      0.12671064       -1.156609      0.37134188    2.100583e-09       145.17846      0.30480716      0.14935551      0.69511912      0.24569493        0.247026         2.51606       7.8688296       4.4004958       8.5830933        8.5830933       4.4004958          4.4004958
              1       10.619219       103.62595      0.11657134      -1.3045418      0.93531598    2.100583e-09       148.03707      0.28411471      0.13921621      0.71581156      0.24569493        0.247026         2.51606        7.731183       4.0722514       8.5830933        8.5830933       4.0722514          4.0722514
              2        11.59478       104.13844       0.1159603      -1.2705384      0.74492874    2.100583e-09        148.7692      0.28286769      0.13860517      0.71705859      0.24569493        0.247026         2.51606       7.6932839       6.0233732       8.5830933        8.5830933       6.0233732          6.0233732
              2       11.824572       104.54244      0.11343393      -1.3121871      0.95648601    2.100583e-09       149.34635      0.27771183      0.13607879      0.72221445      0.24569493        0.247026         2.51606       7.6755635       6.4829574       8.5830933        8.5830933       6.4829574          6.4829574
              7       14.866019       104.80635      0.11343393      -1.3121871      0.95648601    2.100583e-09       149.72336      0.27771183      0.13607879      0.72221445      0.24569493        0.247026         2.51606       7.6755635       12.565852       8.5830933        8.5830933       12.565852          12.565852
              2       10.784259        104.0854      0.11343393      -1.3121871      0.95648601    2.100583e-09       148.69343      0.27771183      0.13607879      0.72221445      0.24569493        0.247026         2.51606       7.6755635       4.4023307       8.5830933        8.5830933       4.4023307          4.4023307
              1       10.594577       104.29777      0.11343393      -1.3121871      0.95648601    2.100583e-09       148.99682      0.27771183      0.13607879      0.72221445      0.24569493        0.247026         2.51606       7.6755635       4.0229669       8.5830933        8.5830933       4.0229669          4.0229669
              1       10.675831       104.33274      0.11343393      -1.3121871      0.95648601    2.100583e-09       149.04677      0.27771183      0.13607879      0.72221445      0.24569493        0.247026         2.51606       7.6755635       4.1854757       8.5830933        8.5830933       4.1854757          4.1854757
              2       10.664622       104.37668      0.11302744      -1.3148307      0.97289787    2.100583e-09       149.10954      0.27688225       0.1356723      0.72304402      0.24569493        0.247026         2.51606       7.6711779        4.163057       8.5830933        8.5830933        4.163057           4.163057
              1       11.729754       103.98112      0.11302744      -1.3148307      0.97289787    2.100583e-09       148.54446      0.27688225       0.1356723      0.72304402      0.24569493        0.247026         2.51606       7.6711779       6.2933209       8.5830933        8.5830933       6.2933209          6.2933209
              2       12.028318       100.06686      0.13626132     -0.95347832      -0.6051639    2.100583e-09       142.95266      0.32429833      0.15890618      0.67562794      0.24569493        0.247026         2.51606       7.9977883       6.8904498       8.5830933        8.5830933       6.8904498          6.8904498
              1       13.037023       100.15852      0.13626132     -0.95347832      -0.6051639    2.100583e-09        143.0836      0.32429833      0.15890618      0.67562794      0.24569493        0.247026         2.51606       7.9977883       8.9078585       8.5830933        8.5830933       8.9078585          8.9078585
              1       10.521043       99.833993      0.13626132     -0.95347832      -0.6051639    2.100583e-09       142.61999      0.32429833      0.15890618      0.67562794      0.24569493        0.247026         2.51606       7.9977883       3.8758991       8.5830933        8.5830933       3.8758991          3.8758991
              1       10.536213       99.603817      0.13626132     -0.95347832      -0.6051639    2.100583e-09       142.29117      0.32429833      0.15890618      0.67562794      0.24569493        0.247026         2.51606       7.9977883       3.9062401       8.5830933        8.5830933       3.9062401          3.9062401
              3       10.686252       99.565326      0.13626132     -0.95347832      -0.6051639    2.100583e-09       142.23618      0.32429833      0.15890618      0.67562794      0.24569493        0.247026         2.51606       7.9977883       4.2063175       8.5830933        8.5830933       4.2063175          4.2063175
              3       10.792044       99.090109       0.1356762      -1.0534385     0.021447476    2.100583e-09        141.5573      0.32310421      0.15832106      0.67682206      0.24569493        0.247026         2.51606       8.0141322       4.4179008       8.5830933        8.5830933       4.4179008          4.4179008
              1       10.678593       99.573358       0.1356762      -1.0534385     0.021447476    2.100583e-09       142.24765      0.32310421      0.15832106      0.67682206      0.24569493        0.247026         2.51606       8.0141322       4.1909986       8.5830933        8.5830933       4.1909986          4.1909986
              1       11.565334       100.33765      0.13620016      -1.0290885     -0.31549695    2.100583e-09        143.3395      0.32417352      0.15884502      0.67575275      0.24569493        0.247026         2.51606       8.0005917       5.9644821       8.5830933        8.5830933       5.9644821          5.9644821
              1       10.737065       95.073351      0.15662907      -0.6849286      -1.3521287    2.100583e-09       135.81907      0.36586517      0.17927393       0.6340611      0.24569493        0.247026         2.51606        8.342922       4.3079442       8.5830933        8.5830933       4.3079442          4.3079442
              1       12.602867        95.31753      0.15662907      -0.6849286      -1.3521287    2.100583e-09        136.1679      0.36586517      0.17927393       0.6340611      0.24569493        0.247026         2.51606        8.342922       8.0395477       8.5830933        8.5830933       8.0395477          8.0395477
              1       11.789594        95.99083       0.1416394     -0.79453546     -0.44174451    2.100583e-09       137.12976      0.33527401      0.16428427      0.66465226      0.24569493        0.247026         2.51606       8.1395297        6.413002       8.5830933        8.5830933        6.413002           6.413002
              1       10.918263       95.444588       0.1416394     -0.79453546     -0.44174451    2.100583e-09       136.34941      0.33527401      0.16428427      0.66465226      0.24569493        0.247026         2.51606       8.1395297       4.6703388       8.5830933        8.5830933       4.6703388          4.6703388
              1       9.3695109        98.50056      0.12577399     -0.97717694       0.2537056    2.100583e-09       140.71509      0.30289563      0.14841886      0.69703064      0.24569493        0.247026         2.51606        7.910951       1.5728352       8.5830933        8.5830933       1.5728352          1.5728352
              1       9.1181098       99.080438      0.12394065        -1.03027      0.42523083    2.100583e-09       141.54348      0.29915412      0.14658552      0.70077215      0.24569493        0.247026         2.51606       7.8915631        1.070033       8.5830933        8.5830933        1.070033           1.070033
              1       9.4338401       98.893472      0.12394065        -1.03027      0.42523083    2.100583e-09       141.27639      0.29915412      0.14658552      0.70077215      0.24569493        0.247026         2.51606       7.8915631       1.7014935       8.5830933        8.5830933       1.7014935          1.7014935
              1       9.1166628       99.078976      0.12394065        -1.03027      0.42523083    2.100583e-09       141.54139      0.29915412      0.14658552      0.70077215      0.24569493        0.247026         2.51606       7.8915631       1.0671391       8.5830933        8.5830933       1.0671391          1.0671391
              1       8.9685807       99.434701      0.12275713      -1.0513845       0.4776303    2.100583e-09       142.04957      0.29673877        0.145402       0.7031875      0.24569493        0.247026         2.51606        7.872282      0.77097473       8.5830933        8.5830933      0.77097473         0.77097473
              3        9.034988         99.3538      0.12275713      -1.0513845       0.4776303    2.100583e-09         141.934      0.29673877        0.145402       0.7031875      0.24569493        0.247026         2.51606        7.872282      0.90378941       8.5830933        8.5830933      0.90378941         0.90378941
              4       9.0105211       99.367514      0.12275713      -1.0513845       0.4776303    2.100583e-09       141.95359      0.29673877        0.145402       0.7031875      0.24569493        0.247026         2.51606        7.872282      0.85485568       8.5830933        8.5830933      0.85485568         0.85485568
              1       9.6355421       99.207111      0.12275713      -1.0513845       0.4776303    2.100583e-09       141.72444      0.29673877        0.145402       0.7031875      0.24569493        0.247026         2.51606        7.872282       2.1048977       8.5830933        8.5830933       2.1048977          2.1048977
              5       9.0835469       99.513412      0.12275713      -1.0513845       0.4776303    2.100583e-09       142.16202      0.29673877        0.145402       0.7031875      0.24569493        0.247026         2.51606        7.872282       1.0009071       8.5830933        8.5830933       1.0009071          1.0009071
              1         9.00918       99.147907       0.1251566      -1.0109564      0.28956387    2.100583e-09       141.63987      0.30163565      0.14780147      0.69829062      0.24569493        0.247026         2.51606        7.890329      0.85217351       8.5830933        8.5830933      0.85217351         0.85217351
              1       9.0938055       99.186604       0.1251566      -1.0109564      0.28956387    2.100583e-09       141.69515      0.30163565      0.14780147      0.69829062      0.24569493        0.247026         2.51606        7.890329       1.0214245       8.5830933        8.5830933       1.0214245          1.0214245
              3       10.918682       100.81375       0.1213364      -1.0547933       0.2163276    2.100583e-09       144.01964      0.29383932      0.14398127      0.70608695      0.24569493        0.247026         2.51606       7.7887555       4.6711782       8.5830933        8.5830933       4.6711782          4.6711782
              1       10.365782       100.94912      0.11006275      -1.0823124      0.73452618    2.100583e-09       144.21303      0.27083188      0.13270762       0.7290944      0.24569493        0.247026         2.51606       7.7207508       3.5653781       8.5830933        8.5830933       3.5653781          3.5653781
              1       9.8657052       100.77141      0.11006275      -1.0823124      0.73452618    2.100583e-09       143.95915      0.27083188      0.13270762       0.7290944      0.24569493        0.247026         2.51606       7.7207508       2.5652238       8.5830933        8.5830933       2.5652238          2.5652238
              3       10.250892       100.92591      0.11006275      -1.0823124      0.73452618    2.100583e-09       144.17988      0.27083188      0.13270762       0.7290944      0.24569493        0.247026         2.51606       7.7207508        3.335598       8.5830933        8.5830933        3.335598           3.335598
              4       10.077219       100.88288      0.11006275      -1.0823124      0.73452618    2.100583e-09       144.11841      0.27083188      0.13270762       0.7290944      0.24569493        0.247026         2.51606       7.7207508        2.988252       8.5830933        8.5830933        2.988252           2.988252
              1       10.018169       102.15194        0.118832       -1.221105      0.74056686    2.100583e-09       145.93134       0.2887283      0.14147687      0.71119797      0.24569493        0.247026         2.51606       7.7702412       2.8701521       8.5830933        8.5830933       2.8701521          2.8701521
              1       10.724643       99.247583      0.12765963      -1.0865039      0.52549516    2.100583e-09       141.78226      0.30674386      0.15030449      0.69318241      0.24569493        0.247026         2.51606       7.9476925       4.2830989       8.5830933        8.5830933       4.2830989          4.2830989
              2       11.238367       99.382978      0.12765963      -1.0865039      0.52549516    2.100583e-09       141.97568      0.30674386      0.15030449      0.69318241      0.24569493        0.247026         2.51606       7.9476925       5.3105481       8.5830933        8.5830933       5.3105481          5.3105481
              3       12.779571       99.228724       0.1281598      -1.0945066      0.58567767    2.100583e-09       141.75532      0.30776463      0.15080467      0.69216164      0.24569493        0.247026         2.51606       7.9675894       8.3929564       8.5830933        8.5830933       8.3929564          8.3929564
              4       12.137092       99.088384       0.1281598      -1.0945066      0.58567767    2.100583e-09       141.55483      0.30776463      0.15080467      0.69216164      0.24569493        0.247026         2.51606       7.9675894        7.107997       8.5830933        8.5830933        7.107997           7.107997
              1       8.9255772       96.814638      0.14161349     -0.85212725     -0.48538831    2.100583e-09       138.30663      0.33522113      0.16425835      0.66470514      0.24569493        0.247026         2.51606       8.1187599      0.68496778       8.5830933        8.5830933      0.68496778         0.68496778
              2       8.6588929       98.924942       0.1321867     -0.97684567    -0.087186027    2.100583e-09       141.32135      0.31598278      0.15483156      0.68394349      0.24569493        0.247026         2.51606       7.9646259      0.15159921       8.5830933        8.5830933      0.15159921         0.15159921
              4       8.7743013       99.035006       0.1321867     -0.97684567    -0.087186027    2.100583e-09       141.47858      0.31598278      0.15483156      0.68394349      0.24569493        0.247026         2.51606       7.9646259        0.382416       8.5830933        8.5830933        0.382416           0.382416
              3       8.9755532       97.120386       0.1426421     -0.83422564     -0.66114044    2.100583e-09       138.74341      0.33732035      0.16528697      0.66260592      0.24569493        0.247026         2.51606       8.1260288       0.7849198       8.5830933        8.5830933       0.7849198          0.7849198
              1       9.2424067       97.349163      0.13912209     -0.83874542     -0.56780492    2.100583e-09       139.07023      0.33013665      0.16176696      0.66978962      0.24569493        0.247026         2.51606       8.0730221       1.3186268       8.5830933        8.5830933       1.3186268          1.3186268
              4       10.774992       94.261275      0.14935747     -0.64702047       -1.058163    2.100583e-09       134.65896      0.35102518      0.17200234      0.64890109      0.24569493        0.247026         2.51606       8.2483661       4.3837977       8.5830933        8.5830933       4.3837977          4.3837977
              2       10.706363       93.758044       0.1552145     -0.63179956      -1.2183173    2.100583e-09       133.94006       0.3629783      0.17785937      0.63694798      0.24569493        0.247026         2.51606       8.3356284       4.2465395       8.5830933        8.5830933       4.2465395          4.2465395
              1       12.311838       93.571083       0.1552145     -0.63179956      -1.2183173    2.100583e-09       133.67298       0.3629783      0.17785937      0.63694798      0.24569493        0.247026         2.51606       8.3356284       7.4574895       8.5830933        8.5830933       7.4574895          7.4574895
              3       11.689052       93.629363       0.1552145     -0.63179956      -1.2183173    2.100583e-09       133.75623       0.3629783      0.17785937      0.63694798      0.24569493        0.247026         2.51606       8.3356284       6.2119165       8.5830933        8.5830933       6.2119165          6.2119165
              3       11.231103       94.180744       0.1552145     -0.63179956      -1.2183173    2.100583e-09       134.54392       0.3629783      0.17785937      0.63694798      0.24569493        0.247026         2.51606       8.3356284       5.2960195       8.5830933        8.5830933       5.2960195          5.2960195
              2       11.937161        92.93811      0.16230694     -0.57114766      -1.4490113    2.100583e-09       132.76873      0.37745268      0.18495181      0.62247359      0.24569493        0.247026         2.51606       8.4459218       6.7081354       8.5830933        8.5830933       6.7081354          6.7081354
              1       12.185658       92.714673      0.16230694     -0.57114766      -1.4490113    2.100583e-09       132.44953      0.37745268      0.18495181      0.62247359      0.24569493        0.247026         2.51606       8.4459218       7.2051285       8.5830933        8.5830933       7.2051285          7.2051285
              3       11.839131       92.850593      0.16230694     -0.57114766      -1.4490113    2.100583e-09        132.6437      0.37745268      0.18495181      0.62247359      0.24569493        0.247026         2.51606       8.4459218       6.5120764       8.5830933        8.5830933       6.5120764          6.5120764
              7       11.840263       92.872788      0.16230694     -0.57114766      -1.4490113    2.100583e-09       132.67541      0.37745268      0.18495181      0.62247359      0.24569493        0.247026         2.51606       8.4459218       6.5143395       8.5830933        8.5830933       6.5143395          6.5143395
              2       12.445878        93.05314      0.16230694     -0.57114766      -1.4490113    2.100583e-09       132.93306      0.37745268      0.18495181      0.62247359      0.24569493        0.247026         2.51606       8.4459218       7.7255691       8.5830933        8.5830933       7.7255691          7.7255691
              1       12.122151       92.992051      0.16230694     -0.57114766      -1.4490113    2.100583e-09       132.84579      0.37745268      0.18495181      0.62247359      0.24569493        0.247026         2.51606       8.4459218       7.0781164       8.5830933        8.5830933       7.0781164          7.0781164
              4       12.784293       93.101042      0.16230694     -0.57114766      -1.4490113    2.100583e-09       133.00149      0.37745268      0.18495181      0.62247359      0.24569493        0.247026         2.51606       8.4459218       8.4023989       8.5830933        8.5830933       8.4023989          8.4023989
              3       12.818339        92.61621      0.16230694     -0.57114766      -1.4490113    2.100583e-09       132.30887      0.37745268      0.18495181      0.62247359      0.24569493        0.247026         2.51606       8.4459218       8.4704913       8.5830933        8.5830933       8.4704913          8.4704913
              5       11.879184       92.809825      0.16230694     -0.57114766      -1.4490113    2.100583e-09       132.58546      0.37745268      0.18495181      0.62247359      0.24569493        0.247026         2.51606       8.4459218       6.5921805       8.5830933        8.5830933       6.5921805          6.5921805
              1       11.968105       92.771017      0.16230694     -0.57114766      -1.4490113    2.100583e-09       132.53002      0.37745268      0.18495181      0.62247359      0.24569493        0.247026         2.51606       8.4459218       6.7700232       8.5830933        8.5830933       6.7700232          6.7700232
              2       12.108236       95.394032      0.15200668     -0.60996535      -1.5580604    2.100583e-09       136.27719      0.35643172      0.17465154      0.64349455      0.24569493        0.247026         2.51606       8.2700804       7.0502858       8.5830933        8.5830933       7.0502858          7.0502858
              2       12.735936       95.451114      0.15200668     -0.60996535      -1.5580604    2.100583e-09       136.35873      0.35643172      0.17465154      0.64349455      0.24569493        0.247026         2.51606       8.2700804       8.3056864       8.5830933        8.5830933       8.3056864          8.3056864
              3       10.997142       95.254863      0.15200668     -0.60996535      -1.5580604    2.100583e-09       136.07838      0.35643172      0.17465154      0.64349455      0.24569493        0.247026         2.51606       8.2700804       4.8280971       8.5830933        8.5830933       4.8280971          4.8280971
              3       11.017914       95.258388      0.15200668     -0.60996535      -1.5580604    2.100583e-09       136.08341      0.35643172      0.17465154      0.64349455      0.24569493        0.247026         2.51606       8.2700804       4.8696412       8.5830933        8.5830933       4.8696412          4.8696412
              2       10.950196       95.208099      0.15258498     -0.60678243      -1.5817856    2.100583e-09       136.01157      0.35761193      0.17522985      0.64231434      0.24569493        0.247026         2.51606       8.2789356       4.7342046       8.5830933        8.5830933       4.7342046          4.7342046
              5       10.362026       95.023227      0.15258498     -0.60678243      -1.5817856    2.100583e-09       135.74747      0.35761193      0.17522985      0.64231434      0.24569493        0.247026         2.51606       8.2789356       3.5578649       8.5830933        8.5830933       3.5578649          3.5578649
              2       10.851991       94.584799      0.15328854     -0.57351983      -1.6529061    2.100583e-09       135.12114      0.35904777      0.17593341       0.6408785      0.24569493        0.247026         2.51606       8.2921792       4.5377953       8.5830933        8.5830933       4.5377953          4.5377953
              3       11.061304       94.509628      0.15328854     -0.57351983      -1.6529061    2.100583e-09       135.01375      0.35904777      0.17593341       0.6408785      0.24569493        0.247026         2.51606       8.2921792       4.9564216       8.5830933        8.5830933       4.9564216          4.9564216
              1       11.432671       94.437266      0.15328854     -0.57351983      -1.6529061    2.100583e-09       134.91038      0.35904777      0.17593341       0.6408785      0.24569493        0.247026         2.51606       8.2921792       5.6991564       8.5830933        8.5830933       5.6991564          5.6991564
              3       10.813493       94.645073      0.15328854     -0.57351983      -1.6529061    2.100583e-09       135.20725      0.35904777      0.17593341       0.6408785      0.24569493        0.247026         2.51606       8.2921792       4.4607987       8.5830933        8.5830933       4.4607987          4.4607987
              1       10.446876       94.381646      0.15651851      -0.5703575      -1.6711867    2.100583e-09       134.83092      0.36563954      0.17916337      0.63428673      0.24569493        0.247026         2.51606           8.344       3.7275648       8.5830933        8.5830933       3.7275648          3.7275648
              3       10.057967       94.208118      0.15651851      -0.5703575      -1.6711867    2.100583e-09       134.58303      0.36563954      0.17916337      0.63428673      0.24569493        0.247026         2.51606           8.344       2.9497465       8.5830933        8.5830933       2.9497465          2.9497465
              1       10.347086       94.360179      0.15651851      -0.5703575      -1.6711867    2.100583e-09       134.80026      0.36563954      0.17916337      0.63428673      0.24569493        0.247026         2.51606           8.344       3.5279854       8.5830933        8.5830933       3.5279854          3.5279854
              1        12.39302       94.485259      0.15348109     -0.52993195      -1.7845899    2.100583e-09       134.97894      0.35944073      0.17612596      0.64048555      0.24569493        0.247026         2.51606        8.296021       7.6198531       8.5830933        8.5830933       7.6198531          7.6198531
              2       13.437891       94.061457      0.15348109     -0.52993195      -1.7845899    2.100583e-09       134.37351      0.35944073      0.17612596      0.64048555      0.24569493        0.247026         2.51606        8.296021       9.7095956       8.5830933        8.5830933       9.7095956          9.7095956
              1       13.738316       94.030671      0.15348109     -0.52993195      -1.7845899    2.100583e-09       134.32953      0.35944073      0.17612596      0.64048555      0.24569493        0.247026         2.51606        8.296021       10.310446       8.5830933        8.5830933       10.310446          10.310446
              4       11.930082       93.435994      0.16589616     -0.50666127      -2.1433257    2.100583e-09       133.47999       0.3847776      0.18854103      0.61514867      0.24569493        0.247026         2.51606       8.4837521       6.6939768       8.5830933        8.5830933       6.6939768          6.6939768
              1       10.247134       98.843958      0.12970541     -0.98924615     0.012329366    2.100583e-09       141.20565      0.31091894      0.15235028      0.68900733      0.24569493        0.247026         2.51606       7.9302266       3.3280808       8.5830933        8.5830933       3.3280808          3.3280808
              3       10.654812       98.586417      0.12469175      -1.0491342      0.55496949    2.100583e-09       140.83774      0.30068698      0.14733662      0.69923929      0.24569493        0.247026         2.51606       7.9306232        4.143438       8.5830933        8.5830933        4.143438           4.143438
              1       10.923764        99.84618      0.11916932       -1.130686      0.82285841    2.100583e-09        142.6374      0.28941671      0.14181419      0.71050956      0.24569493        0.247026         2.51606       7.8713109       4.6813422       8.5830933        8.5830933       4.6813422          4.6813422
              3       10.888995       100.13753      0.11916932       -1.130686      0.82285841    2.100583e-09       143.05361      0.28941671      0.14181419      0.71050956      0.24569493        0.247026         2.51606       7.8713109       4.6118038       8.5830933        8.5830933       4.6118038          4.6118038
              3       10.683005        100.0697      0.11916932       -1.130686      0.82285841    2.100583e-09       142.95671      0.28941671      0.14181419      0.71050956      0.24569493        0.247026         2.51606       7.8713109       4.1998239       8.5830933        8.5830933       4.1998239          4.1998239
              4       11.140903       99.801744      0.11916932       -1.130686      0.82285841    2.100583e-09       142.57392      0.28941671      0.14181419      0.71050956      0.24569493        0.247026         2.51606       7.8713109       5.1156195       8.5830933        8.5830933       5.1156195          5.1156195
              1       10.607015       100.00422      0.11916932       -1.130686      0.82285841    2.100583e-09       142.86317      0.28941671      0.14181419      0.71050956      0.24569493        0.247026         2.51606       7.8713109       4.0478431       8.5830933        8.5830933       4.0478431          4.0478431
              4       9.1345702       99.125801      0.13389166      -1.0303428     0.020745754    2.100583e-09       141.60829       0.3194623      0.15653653      0.68046398      0.24569493        0.247026         2.51606       7.9901578       1.1029538       8.5830933        8.5830933       1.1029538          1.1029538
              6       10.950509       99.644523      0.13701781      -1.0759926    -0.012876917    2.100583e-09       142.34932      0.32584221      0.15966268      0.67408407      0.24569493        0.247026         2.51606       8.0278526       4.7348319       8.5830933        8.5830933       4.7348319          4.7348319
             10       8.9008171       97.897568      0.13915612     -0.89233915     -0.51691757    2.100583e-09       139.85367       0.3302061      0.16180099      0.66972017      0.24569493        0.247026         2.51606       8.0653512      0.63544769       8.5830933        8.5830933      0.63544769         0.63544769
              1       8.8296148       97.929038      0.13915612     -0.89233915     -0.51691757    2.100583e-09       139.89863       0.3302061      0.16180099      0.66972017      0.24569493        0.247026         2.51606       8.0653512      0.49304304       8.5830933        8.5830933      0.49304304         0.49304304
              2       8.7874123       97.960825      0.13915612     -0.89233915     -0.51691757    2.100583e-09       139.94404       0.3302061      0.16180099      0.66972017      0.24569493        0.247026         2.51606       8.0653512      0.40863804       8.5830933        8.5830933      0.40863804         0.40863804
              2       8.8879846       97.990008      0.13999691     -0.92635776     -0.39260515    2.100583e-09       139.98573      0.33192198      0.16264177      0.66800429      0.24569493        0.247026         2.51606       8.0816781      0.60978267       8.5830933        8.5830933      0.60978267         0.60978267
              3        9.120375       98.126488      0.13999691     -0.92635776     -0.39260515    2.100583e-09        140.1807      0.33192198      0.16264177      0.66800429      0.24569493        0.247026         2.51606       8.0816781       1.0745634       8.5830933        8.5830933       1.0745634          1.0745634
              2         9.43329       97.679519      0.13706517     -0.94341193    -0.083881226    2.100583e-09       139.54217      0.32593885      0.15971004      0.67398742      0.24569493        0.247026         2.51606       8.0589515       1.7003934       8.5830933        8.5830933       1.7003934          1.7003934
              3       9.7143982       97.759311      0.13706517     -0.94341193    -0.083881226    2.100583e-09       139.65616      0.32593885      0.15971004      0.67398742      0.24569493        0.247026         2.51606       8.0589515       2.2626098       8.5830933        8.5830933       2.2626098          2.2626098
              2       9.1149143       98.218486       0.1370877     -0.90277447     -0.40030928    2.100583e-09       140.31212      0.32598483      0.15973257      0.67394144      0.24569493        0.247026         2.51606       8.0372824       1.0636421       8.5830933        8.5830933       1.0636421          1.0636421
              3        9.143023       98.224574       0.1370877     -0.90277447     -0.40030928    2.100583e-09       140.32082      0.32598483      0.15973257      0.67394144      0.24569493        0.247026         2.51606       8.0372824       1.1198595       8.5830933        8.5830933       1.1198595          1.1198595
              1       8.8126886       98.121325       0.1370877     -0.90277447     -0.40030928    2.100583e-09       140.17332      0.32598483      0.15973257      0.67394144      0.24569493        0.247026         2.51606       8.0372824      0.45919056       8.5830933        8.5830933      0.45919056         0.45919056
              2       9.1623839       98.228638       0.1370877     -0.90277447     -0.40030928    2.100583e-09       140.32663      0.32598483      0.15973257      0.67394144      0.24569493        0.247026         2.51606       8.0372824       1.1585813       8.5830933        8.5830933       1.1585813          1.1585813
              3       9.0543689       100.19096      0.12370613      -1.0886545      0.47833419    2.100583e-09       143.12994      0.29867549      0.14635099      0.70125078      0.24569493        0.247026         2.51606       7.8666414      0.94255127       8.5830933        8.5830933      0.94255127         0.94255127
              2       9.1912963       101.60776      0.12399546      -1.1636362      0.45619405    2.100583e-09       145.15394      0.29926598      0.14664033      0.70066029      0.24569493        0.247026         2.51606       7.8313854       1.2164061       8.5830933        8.5830933       1.2164061          1.2164061
              1       9.1859768       101.60291      0.12399546      -1.1636362      0.45619405    2.100583e-09       145.14701      0.29926598      0.14664033      0.70066029      0.24569493        0.247026         2.51606       7.8313854        1.205767       8.5830933        8.5830933        1.205767           1.205767
              3       10.185692       101.83868      0.12399546      -1.1636362      0.45619405    2.100583e-09       145.48382      0.29926598      0.14664033      0.70066029      0.24569493        0.247026         2.51606       7.8313854       3.2051972       8.5830933        8.5830933       3.2051972          3.2051972
              3       9.2017938       101.61599      0.12399546      -1.1636362      0.45619405    2.100583e-09       145.16569      0.29926598      0.14664033      0.70066029      0.24569493        0.247026         2.51606       7.8313854        1.237401       8.5830933        8.5830933        1.237401           1.237401
              2        9.748459       101.77173      0.12399546      -1.1636362      0.45619405    2.100583e-09       145.38818      0.29926598      0.14664033      0.70066029      0.24569493        0.247026         2.51606       7.8313854       2.3307315       8.5830933        8.5830933       2.3307315          2.3307315
              4       10.088361       100.70273      0.12903511      -1.0653167     0.075796631    2.100583e-09       143.86105      0.30955098      0.15167998      0.69037529      0.24569493        0.247026         2.51606       7.9016726       3.0105357       8.5830933        8.5830933       3.0105357          3.0105357
              1       9.8858576       101.53093      0.12498327      -1.1285277      0.32123598    2.100583e-09       145.04418      0.30128192      0.14762814      0.69864435      0.24569493        0.247026         2.51606       7.8412589       2.6055286       8.5830933        8.5830933       2.6055286          2.6055286
              2       9.0845081       101.23611      0.12498327      -1.1285277      0.32123598    2.100583e-09       144.62301      0.30128192      0.14762814      0.69864435      0.24569493        0.247026         2.51606       7.8412589       1.0028297       8.5830933        8.5830933       1.0028297          1.0028297
              3       9.9349867        101.5381      0.12498327      -1.1285277      0.32123598    2.100583e-09       145.05443      0.30128192      0.14762814      0.69864435      0.24569493        0.247026         2.51606       7.8412589       2.7037869       8.5830933        8.5830933       2.7037869          2.7037869
              1       11.572801       102.01328      0.12753938      -1.1752465      0.32547806    2.100583e-09       145.73326      0.30649847      0.15018425      0.69342781      0.24569493        0.247026         2.51606       7.8711254       5.9794159       8.5830933        8.5830933       5.9794159          5.9794159
              1       10.526957        101.8704      0.12753938      -1.1752465      0.32547806    2.100583e-09       145.52914      0.30649847      0.15018425      0.69342781      0.24569493        0.247026         2.51606       7.8711254       3.8877269       8.5830933        8.5830933       3.8877269          3.8877269
              1        11.07916        98.35923      0.13297527      -0.8986046      -0.3973168    2.100583e-09       140.51319      0.31759212      0.15562014      0.68233415      0.24569493        0.247026         2.51606       7.9679957       4.9921334       8.5830933        8.5830933       4.9921334          4.9921334
              1       11.218031       98.860598      0.13297527      -0.8986046      -0.3973168    2.100583e-09       141.22943      0.31759212      0.15562014      0.68233415      0.24569493        0.247026         2.51606       7.9679957       5.2698752       8.5830933        8.5830933       5.2698752          5.2698752
              1       10.873756       98.290815      0.13472135     -0.87359265     -0.43334544    2.100583e-09       140.41545      0.32115554      0.15736622      0.67877073      0.24569493        0.247026         2.51606       8.0012518        4.581326       8.5830933        8.5830933        4.581326           4.581326
              1       10.977602        96.15507      0.14414522     -0.74128699       -1.000207    2.100583e-09       137.36439      0.34038794      0.16679009      0.65953833      0.24569493        0.247026         2.51606       8.1472714       4.7890172       8.5830933        8.5830933       4.7890172          4.7890172
              2       9.1967718       95.899021      0.14926685     -0.72986483      -1.1070833    2.100583e-09        136.9986      0.35084024      0.17191172      0.64908603      0.24569493        0.247026         2.51606       8.2280741        1.227357       8.5830933        8.5830933        1.227357           1.227357
              3       9.4371851       95.752679      0.14926685     -0.72986483      -1.1070833    2.100583e-09       136.78954      0.35084024      0.17191172      0.64908603      0.24569493        0.247026         2.51606       8.2280741       1.7081837       8.5830933        8.5830933       1.7081837          1.7081837
              2       10.450474       101.71116       0.1220059      -1.1681523      0.45510161    2.100583e-09       145.30165      0.29520566      0.14465077      0.70472062      0.24569493        0.247026         2.51606       7.7939722       3.7347616       8.5830933        8.5830933       3.7347616          3.7347616
              1       9.6032954         101.856       0.1220059      -1.1681523      0.45510161    2.100583e-09       145.50857      0.29520566      0.14465077      0.70472062      0.24569493        0.247026         2.51606       7.7939722       2.0404042       8.5830933        8.5830933       2.0404042          2.0404042
              2       9.5434487       101.77515       0.1222741      -1.1620614       0.4370157    2.100583e-09       145.39307      0.29575299      0.14491897      0.70417328      0.24569493        0.247026         2.51606       7.7982299       1.9207107       8.5830933        8.5830933       1.9207107          1.9207107
              2       9.9960879       101.62048      0.11906112      -1.2141441      0.84786662    2.100583e-09       145.17211      0.28919589      0.14170598      0.71073039      0.24569493        0.247026         2.51606       7.8094303       2.8259893       8.5830933        8.5830933       2.8259893          2.8259893
              4       9.3653327       101.11653      0.12091148       -1.172613      0.71133152    2.100583e-09       144.45219      0.29297213      0.14355634      0.70695415      0.24569493        0.247026         2.51606       7.8285127       1.5644789       8.5830933        8.5830933       1.5644789          1.5644789
              1         10.4839        101.4477      0.12091148       -1.172613      0.71133152    2.100583e-09       144.92528      0.29297213      0.14355634      0.70695415      0.24569493        0.247026         2.51606       7.8285127       3.8016131       8.5830933        8.5830933       3.8016131          3.8016131
              1       11.694523       104.15264      0.10562553      -1.2663192       1.0237295    2.100583e-09       148.78949      0.26177632       0.1282704      0.73814995      0.24569493        0.247026         2.51606       7.5919289       6.2228594       8.5830933        8.5830933       6.2228594          6.2228594
              1       12.088489       104.30024      0.10565589      -1.2758123       1.0294924    2.100583e-09       149.00035      0.26183828      0.12830076        0.738088      0.24569493        0.247026         2.51606       7.5862264       7.0107912       8.5830933        8.5830933       7.0107912          7.0107912
              1       12.040352       104.30838      0.10565589      -1.2758123       1.0294924    2.100583e-09       149.01197      0.26183828      0.12830076        0.738088      0.24569493        0.247026         2.51606       7.5862264        6.914518       8.5830933        8.5830933        6.914518           6.914518
              1       11.665839       104.67662      0.10565589      -1.2758123       1.0294924    2.100583e-09       149.53803      0.26183828      0.12830076        0.738088      0.24569493        0.247026         2.51606       7.5862264       6.1654911       8.5830933        8.5830933       6.1654911          6.1654911
              3       11.948446       104.55964      0.10759205      -1.2651867      0.93673611    2.100583e-09       149.37091      0.26578962      0.13023691      0.73413665      0.24569493        0.247026         2.51606       7.5953237       6.7307064       8.5830933        8.5830933       6.7307064          6.7307064
              1       11.714163       104.47985      0.10759205      -1.2651867      0.93673611    2.100583e-09       149.25692      0.26578962      0.13023691      0.73413665      0.24569493        0.247026         2.51606       7.5953237       6.2621388       8.5830933        8.5830933       6.2621388          6.2621388
              3       13.064796        103.0502      0.11095709      -1.1602682      0.62226526    2.100583e-09       147.21457      0.27265706      0.13360196      0.72726921      0.24569493        0.247026         2.51606       7.6334411       8.9634062       8.5830933        8.5830933       8.9634062          8.9634062
              1       14.325129       100.80982      0.12134673      -1.0016683       0.0610153    2.100583e-09       144.01403      0.29386039      0.14399159      0.70606588      0.24569493        0.247026         2.51606       7.7854363       11.484071       8.5830933        8.5830933       11.484071          11.484071
              2        14.32667       103.50559      0.11627006       -1.164408      0.32312928    2.100583e-09       147.86513      0.28349985      0.13891493      0.71642642      0.24569493        0.247026         2.51606       7.6711148       11.487154       8.5830933        8.5830933       11.487154          11.487154
              3         13.9207       103.44918      0.11679437      -1.1640645      0.31662312    2.100583e-09       147.78454      0.28456987      0.13943924       0.7153564      0.24569493        0.247026         2.51606       7.6799981       10.675214       8.5830933        8.5830933       10.675214          10.675214
              1        13.94181       103.47092      0.11679437      -1.1640645      0.31662312    2.100583e-09       147.81561      0.28456987      0.13943924       0.7153564      0.24569493        0.247026         2.51606       7.6799981       10.717433       8.5830933        8.5830933       10.717433          10.717433
              2       13.072609       100.32786      0.12990585     -0.95175904     -0.40637188    2.100583e-09       143.32552        0.311328      0.15255072      0.68859827      0.24569493        0.247026         2.51606       7.9006182       8.9790315       8.5830933        8.5830933       8.9790315          8.9790315
              1        9.702818       100.73285        0.126169      -1.0647308      0.16864444    2.100583e-09       143.90407      0.30370176      0.14881386      0.69622451      0.24569493        0.247026         2.51606       7.8633755       2.2394494       8.5830933        8.5830933       2.2394494          2.2394494
              3       9.7031384       96.543001      0.13792776     -0.82801656     -0.40013999    2.100583e-09       137.91857      0.32769924      0.16057263      0.67222703      0.24569493        0.247026         2.51606       8.0720645       2.2400902       8.5830933        8.5830933       2.2400902          2.2400902
              1       9.5954851       97.178763      0.14347375     -0.89855989     -0.43731058    2.100583e-09        138.8268      0.33901758      0.16611862      0.66090869      0.24569493        0.247026         2.51606       8.1428054       2.0247836       8.5830933        8.5830933       2.0247836          2.0247836
              5       10.247482       97.396914      0.14347375     -0.89855989     -0.43731058    2.100583e-09       139.13845      0.33901758      0.16611862      0.66090869      0.24569493        0.247026         2.51606       8.1428054       3.3287774       8.5830933        8.5830933       3.3287774          3.3287774
              2       10.486946        96.56276      0.13849879     -0.86530879     -0.19083933    2.100583e-09        137.9468       0.3288646      0.16114366      0.67106167      0.24569493        0.247026         2.51606       8.0956047       3.8077057       8.5830933        8.5830933       3.8077057          3.8077057
              1       10.801563       96.641814      0.13788124     -0.87896054     -0.12303253    2.100583e-09       138.05973      0.32760429       0.1605261      0.67232198      0.24569493        0.247026         2.51606        8.090099       4.4369402       8.5830933        8.5830933       4.4369402          4.4369402
              2       11.468004       94.983857      0.14246472     -0.77760787     -0.38787057    2.100583e-09       135.69122      0.33695834      0.16510959      0.66296793      0.24569493        0.247026         2.51606       8.1652869       5.7698215       8.5830933        8.5830933       5.7698215          5.7698215
              1       11.523512       95.110161      0.14246472     -0.77760787     -0.38787057    2.100583e-09       135.87166      0.33695834      0.16510959      0.66296793      0.24569493        0.247026         2.51606       8.1652869       5.8808383       8.5830933        8.5830933       5.8808383          5.8808383
              4        11.59883       94.908229      0.14337085     -0.76373115     -0.43531578    2.100583e-09       135.58318      0.33880758      0.16601571      0.66111869      0.24569493        0.247026         2.51606       8.1787103       6.0314744       8.5830933        8.5830933       6.0314744          6.0314744
              2       11.836379       94.987152      0.14337085     -0.76373115     -0.43531578    2.100583e-09       135.69593      0.33880758      0.16601571      0.66111869      0.24569493        0.247026         2.51606       8.1787103       6.5065705       8.5830933        8.5830933       6.5065705          6.5065705
              1       12.152724       94.655943      0.14337085     -0.76373115     -0.43531578    2.100583e-09       135.22278      0.33880758      0.16601571      0.66111869      0.24569493        0.247026         2.51606       8.1787103       7.1392607       8.5830933        8.5830933       7.1392607          7.1392607
              2       11.777432        94.58187      0.14508563     -0.70780645     -0.74809444    2.100583e-09       135.11696      0.34230714       0.1677305      0.65761913      0.24569493        0.247026         2.51606       8.1893564       6.3886765       8.5830933        8.5830933       6.3886765          6.3886765
              1       10.765607       94.871603      0.14508563     -0.70780645     -0.74809444    2.100583e-09       135.53086      0.34230714       0.1677305      0.65761913      0.24569493        0.247026         2.51606       8.1893564       4.3650268       8.5830933        8.5830933       4.3650268          4.3650268
              1       10.903868         94.9372      0.14508563     -0.70780645     -0.74809444    2.100583e-09       135.62457      0.34230714       0.1677305      0.65761913      0.24569493        0.247026         2.51606       8.1893564       4.6415496       8.5830933        8.5830933       4.6415496          4.6415496
              2       11.602966       95.718361      0.13985017      -0.7574439     -0.51899872    2.100583e-09       136.74052      0.33162253      0.16249504      0.66830374      0.24569493        0.247026         2.51606        8.112396       6.0397454       8.5830933        8.5830933       6.0397454          6.0397454
              1       11.478445       95.351501      0.13985017      -0.7574439     -0.51899872    2.100583e-09       136.21643      0.33162253      0.16249504      0.66830374      0.24569493        0.247026         2.51606        8.112396        5.790704       8.5830933        8.5830933        5.790704           5.790704
              5       11.021497       95.793242      0.13757053     -0.79472179     -0.37089341    2.100583e-09       136.84749      0.32697021       0.1602154      0.67295607      0.24569493        0.247026         2.51606       8.0804826       4.8768075       8.5830933        8.5830933       4.8768075          4.8768075
              3       11.382112       95.722123      0.13757053     -0.79472179     -0.37089341    2.100583e-09       136.74589      0.32697021       0.1602154      0.67295607      0.24569493        0.247026         2.51606       8.0804826       5.5980365       8.5830933        8.5830933       5.5980365          5.5980365
              1       12.097702       95.628415      0.13757053     -0.79472179     -0.37089341    2.100583e-09       136.61202      0.32697021       0.1602154      0.67295607      0.24569493        0.247026         2.51606       8.0804826       7.0292182       8.5830933        8.5830933       7.0292182          7.0292182
              1       11.029481       95.791245      0.13757053     -0.79472179     -0.37089341    2.100583e-09       136.84464      0.32697021       0.1602154      0.67295607      0.24569493        0.247026         2.51606       8.0804826       4.8927756       8.5830933        8.5830933       4.8927756          4.8927756
              2       10.933128       96.025964      0.13757053     -0.79472179     -0.37089341    2.100583e-09       137.17995      0.32697021       0.1602154      0.67295607      0.24569493        0.247026         2.51606       8.0804826       4.7000686       8.5830933        8.5830933       4.7000686          4.7000686
              2       11.017378       95.794285      0.13757053     -0.79472179     -0.37089341    2.100583e-09       136.84898      0.32697021       0.1602154      0.67295607      0.24569493        0.247026         2.51606       8.0804826       4.8685704       8.5830933        8.5830933       4.8685704          4.8685704
              1       10.323067       100.16617      0.12695881      -1.0038928    -0.018893593    2.100583e-09       143.09453      0.30531362      0.14960367      0.69461265      0.24569493        0.247026         2.51606       7.8731888       3.4799472       8.5830933        8.5830933       3.4799472          3.4799472
              1       9.9065992        99.99432      0.12695881      -1.0038928    -0.018893593    2.100583e-09       142.84903      0.30531362      0.14960367      0.69461265      0.24569493        0.247026         2.51606       7.8731888       2.6470118       8.5830933        8.5830933       2.6470118          2.6470118
              2       10.984182       100.27108      0.12695881      -1.0038928    -0.018893593    2.100583e-09        143.2444      0.30531362      0.14960367      0.69461265      0.24569493        0.247026         2.51606       7.8731888       4.8021783       8.5830933        8.5830933       4.8021783          4.8021783
              1       9.9270607       100.03231      0.12695881      -1.0038928    -0.018893593    2.100583e-09        142.9033      0.30531362      0.14960367      0.69461265      0.24569493        0.247026         2.51606       7.8731888       2.6879348       8.5830933        8.5830933       2.6879348          2.6879348
              9       9.7124488       94.989606      0.15473656     -0.65678157       -1.399725    2.100583e-09       135.69944       0.3620029      0.17738142      0.63792337      0.24569493        0.247026         2.51606       8.3144772        2.258711       8.5830933        8.5830933        2.258711           2.258711
              1       10.905988       93.129906      0.16075789      -0.5325467      -1.7324062    2.100583e-09       133.04272      0.37429135      0.18340276      0.62563493      0.24569493        0.247026         2.51606       8.4143814       4.6457895       8.5830933        8.5830933       4.6457895          4.6457895
              2       10.682703       93.466387      0.16075789      -0.5325467      -1.7324062    2.100583e-09       133.52341      0.37429135      0.18340276      0.62563493      0.24569493        0.247026         2.51606       8.4143814         4.19922       8.5830933        8.5830933         4.19922            4.19922
              1        10.76269       94.437381      0.15470767     -0.64357707      -1.2285125    2.100583e-09       134.91054      0.36194395      0.17735254      0.63798232      0.24569493        0.247026         2.51606       8.3247921       4.3591928       8.5830933        8.5830933       4.3591928          4.3591928
              3       10.927646       94.459267      0.15470767     -0.64357707      -1.2285125    2.100583e-09       134.94181      0.36194395      0.17735254      0.63798232      0.24569493        0.247026         2.51606       8.3247921       4.6891047       8.5830933        8.5830933       4.6891047          4.6891047
              3       10.664042        94.42323      0.15470767     -0.64357707      -1.2285125    2.100583e-09       134.89033      0.36194395      0.17735254      0.63798232      0.24569493        0.247026         2.51606       8.3247921       4.1618968       8.5830933        8.5830933       4.1618968          4.1618968
              2       10.193224       94.335522      0.15470767     -0.64357707      -1.2285125    2.100583e-09       134.76503      0.36194395      0.17735254      0.63798232      0.24569493        0.247026         2.51606       8.3247921       3.2202616       8.5830933        8.5830933       3.2202616          3.2202616
              3       11.014059       93.951336      0.15470767     -0.64357707      -1.2285125    2.100583e-09       134.21619      0.36194395      0.17735254      0.63798232      0.24569493        0.247026         2.51606       8.3247921       4.8619308       8.5830933        8.5830933       4.8619308          4.8619308
              2       10.258307       94.069416      0.15470767     -0.64357707      -1.2285125    2.100583e-09       134.38488      0.36194395      0.17735254      0.63798232      0.24569493        0.247026         2.51606       8.3247921       3.3504284       8.5830933        8.5830933       3.3504284          3.3504284
              3       10.060006       94.295837      0.15470767     -0.64357707      -1.2285125    2.100583e-09       134.70834      0.36194395      0.17735254      0.63798232      0.24569493        0.247026         2.51606       8.3247921       2.9538262       8.5830933        8.5830933       2.9538262          2.9538262
              3       10.967426       94.464265      0.15470767     -0.64357707      -1.2285125    2.100583e-09       134.94895      0.36194395      0.17735254      0.63798232      0.24569493        0.247026         2.51606       8.3247921       4.7686652       8.5830933        8.5830933       4.7686652          4.7686652
              2       10.752177       94.435914      0.15470767     -0.64357707      -1.2285125    2.100583e-09       134.90845      0.36194395      0.17735254      0.63798232      0.24569493        0.247026         2.51606       8.3247921       4.3381674       8.5830933        8.5830933       4.3381674          4.3381674
              3       9.9927228       94.153967      0.15470767     -0.64357707      -1.2285125    2.100583e-09       134.50567      0.36194395      0.17735254      0.63798232      0.24569493        0.247026         2.51606       8.3247921       2.8192591       8.5830933        8.5830933       2.8192591          2.8192591
              6       10.948503       93.656861       0.1630981     -0.53572859      -1.9294292    2.100583e-09       133.79552      0.37906727      0.18574296        0.620859      0.24569493        0.247026         2.51606       8.4433594       4.7308198       8.5830933        8.5830933       4.7308198          4.7308198
              3       10.834578       103.14781      0.11842986      -1.2233311       0.5480735    2.100583e-09       147.35401       0.2879076      0.14107472      0.71201867      0.24569493        0.247026         2.51606       7.7225598       4.5029693       8.5830933        8.5830933       4.5029693          4.5029693
              2       9.3130688       102.18114      0.11667474      -1.1849864       0.6841169    2.100583e-09       145.97305      0.28432573      0.13931961      0.71560054      0.24569493        0.247026         2.51606       7.7384167        1.459951       8.5830933        8.5830933        1.459951           1.459951
              3       9.5193207       102.11211      0.11667474      -1.1849864       0.6841169    2.100583e-09       145.87444      0.28432573      0.13931961      0.71560054      0.24569493        0.247026         2.51606       7.7384167       1.8724549       8.5830933        8.5830933       1.8724549          1.8724549
              6       10.012547       102.49701      0.11667474      -1.1849864       0.6841169    2.100583e-09        146.4243      0.28432573      0.13931961      0.71560054      0.24569493        0.247026         2.51606       7.7384167        2.858907       8.5830933        8.5830933        2.858907           2.858907
              1        10.52467       101.94892      0.11667474      -1.1849864       0.6841169    2.100583e-09       145.64131      0.28432573      0.13931961      0.71560054      0.24569493        0.247026         2.51606       7.7384167       3.8831527       8.5830933        8.5830933       3.8831527          3.8831527
              3       8.6749299       98.715226      0.13206764     -0.98010974     -0.02570387    2.100583e-09       141.02175       0.3157398       0.1547125      0.68418647      0.24569493        0.247026         2.51606       7.9691087      0.18367318       8.5830933        8.5830933      0.18367318         0.18367318
              3        8.907606       99.791929      0.12949467      -1.0718192      0.22739356    2.100583e-09        142.5599      0.31048885      0.15213954      0.68943742      0.24569493        0.247026         2.51606       7.9274045      0.64902533       8.5830933        8.5830933      0.64902533         0.64902533
              2       8.8618455        99.91964      0.12949467      -1.0718192      0.22739356    2.100583e-09       142.74234      0.31048885      0.15213954      0.68943742      0.24569493        0.247026         2.51606       7.9274045      0.55750451       8.5830933        8.5830933      0.55750451         0.55750451
              1       9.0388066       99.745612      0.12949467      -1.0718192      0.22739356    2.100583e-09       142.49373      0.31048885      0.15213954      0.68943742      0.24569493        0.247026         2.51606       7.9274045      0.91142673       8.5830933        8.5830933      0.91142673         0.91142673
              6       9.0012082       99.980108      0.12949467      -1.0718192      0.22739356    2.100583e-09       142.82873      0.31048885      0.15213954      0.68943742      0.24569493        0.247026         2.51606       7.9274045      0.83622985       8.5830933        8.5830933      0.83622985         0.83622985
              2       9.2408227       97.303564      0.14158926     -0.82683155     -0.69709612    2.100583e-09       139.00509      0.33517168      0.16423412      0.66475459      0.24569493        0.247026         2.51606       8.1073381       1.3154589       8.5830933        8.5830933       1.3154589          1.3154589
              1       11.339593       93.468393      0.15339642     -0.61134005      -1.1652524    2.100583e-09       133.52628      0.35926794      0.17604129      0.64065833      0.24569493        0.247026         2.51606       8.3137364       5.5129994       8.5830933        8.5830933       5.5129994          5.5129994
              2       11.110846       93.790124      0.15339642     -0.61134005      -1.1652524    2.100583e-09       133.98589      0.35926794      0.17604129      0.64065833      0.24569493        0.247026         2.51606       8.3137364       5.0555056       8.5830933        8.5830933       5.0555056          5.0555056
              2       10.817137        93.61827      0.15339642     -0.61134005      -1.1652524    2.100583e-09       133.74039      0.35926794      0.17604129      0.64065833      0.24569493        0.247026         2.51606       8.3137364       4.4680866       8.5830933        8.5830933       4.4680866          4.4680866
              1       10.939284       93.558104      0.15339642     -0.61134005      -1.1652524    2.100583e-09       133.65443      0.35926794      0.17604129      0.64065833      0.24569493        0.247026         2.51606       8.3137364       4.7123822       8.5830933        8.5830933       4.7123822          4.7123822
              1        10.84952       93.595536      0.15339642     -0.61134005      -1.1652524    2.100583e-09       133.70791      0.35926794      0.17604129      0.64065833      0.24569493        0.247026         2.51606       8.3137364       4.5328532       8.5830933        8.5830933       4.5328532          4.5328532
              5       10.145248       94.246715      0.15269825     -0.66014663      -1.0762706    2.100583e-09       134.63816       0.3578431      0.17534312      0.64208317      0.24569493        0.247026         2.51606       8.2985642       3.1243092       8.5830933        8.5830933       3.1243092          3.1243092
              1       10.239462       94.151746      0.15269825     -0.66014663      -1.0762706    2.100583e-09       134.50249       0.3578431      0.17534312      0.64208317      0.24569493        0.247026         2.51606       8.2985642       3.3127383       8.5830933        8.5830933       3.3127383          3.3127383
              2       10.411843       94.742806      0.15215078     -0.72653631     -0.89293271    2.100583e-09       135.34687       0.3567258      0.17479564      0.64320047      0.24569493        0.247026         2.51606       8.2886023       3.6574992       8.5830933        8.5830933       3.6574992          3.6574992
              7       10.665732       94.883763      0.15215078     -0.72653631     -0.89293271    2.100583e-09       135.54823       0.3567258      0.17479564      0.64320047      0.24569493        0.247026         2.51606       8.2886023       4.1652766       8.5830933        8.5830933       4.1652766          4.1652766
              3        11.16627       94.975722      0.15215078     -0.72653631     -0.89293271    2.100583e-09        135.6796       0.3567258      0.17479564      0.64320047      0.24569493        0.247026         2.51606       8.2886023       5.1663534       8.5830933        8.5830933       5.1663534          5.1663534
              4       11.523906       93.249895      0.16198782     -0.58634998      -1.4803672    2.100583e-09       133.21414       0.3768014      0.18463268      0.62312487      0.24569493        0.247026         2.51606       8.4369805       5.8816258       8.5830933        8.5830933       5.8816258          5.8816258
              1       11.277634       93.333524      0.16101191     -0.59203459      -1.4384767    2.100583e-09       133.33361      0.37480974      0.18365677      0.62511653      0.24569493        0.247026         2.51606       8.4227417        5.389082       8.5830933        8.5830933        5.389082           5.389082
              1       11.693423       93.458865      0.16101191     -0.59203459      -1.4384767    2.100583e-09       133.51266      0.37480974      0.18365677      0.62511653      0.24569493        0.247026         2.51606       8.4227417       6.2206596       8.5830933        8.5830933       6.2206596          6.2206596
              6       11.292937       93.243477      0.16101191     -0.59203459      -1.4384767    2.100583e-09       133.20497      0.37480974      0.18365677      0.62511653      0.24569493        0.247026         2.51606       8.4227417       5.4196873       8.5830933        8.5830933       5.4196873          5.4196873
              3       11.789033       93.112222      0.16101191     -0.59203459      -1.4384767    2.100583e-09       133.01746      0.37480974      0.18365677      0.62511653      0.24569493        0.247026         2.51606       8.4227417       6.4118804       8.5830933        8.5830933       6.4118804          6.4118804
              3       10.991134       93.651893      0.15776405     -0.63336767      -1.2603301    2.100583e-09       133.78842      0.36818146      0.18040892      0.63174481      0.24569493        0.247026         2.51606       8.3736724       4.8160806       8.5830933        8.5830933       4.8160806          4.8160806
              1       11.007999       93.647558      0.15776405     -0.63336767      -1.2603301    2.100583e-09       133.78223      0.36818146      0.18040892      0.63174481      0.24569493        0.247026         2.51606       8.3736724       4.8498108       8.5830933        8.5830933       4.8498108          4.8498108
              3       10.116302       96.467795      0.14254975     -0.75378574     -0.85319445    2.100583e-09       137.81114      0.33713187      0.16519462       0.6627944      0.24569493        0.247026         2.51606       8.1278048       3.0664175       8.5830933        8.5830933       3.0664175          3.0664175
              1       11.694989       95.989094      0.14253713       -0.752007     -0.85379674    2.100583e-09       137.12728      0.33710612        0.165182      0.66282015      0.24569493        0.247026         2.51606       8.1279309       6.2237905       8.5830933        8.5830933       6.2237905          6.2237905
              1        10.81796       96.564342      0.14253713       -0.752007     -0.85379674    2.100583e-09       137.94906      0.33710612        0.165182      0.66282015      0.24569493        0.247026         2.51606       8.1279309       4.4697336       8.5830933        8.5830933       4.4697336          4.4697336
              3       10.484735       96.512581      0.14253713       -0.752007     -0.85379674    2.100583e-09       137.87512      0.33710612        0.165182      0.66282015      0.24569493        0.247026         2.51606       8.1279309       3.8032825       8.5830933        8.5830933       3.8032825          3.8032825
              2       10.161958       94.577008       0.1556915     -0.59033372       -1.613561    2.100583e-09       135.11001      0.36395177      0.17833637       0.6359745      0.24569493        0.247026         2.51606       8.3302699       3.1577298       8.5830933        8.5830933       3.1577298          3.1577298
              2       9.9415755       94.483779       0.1556915     -0.59033372       -1.613561    2.100583e-09       134.97683      0.36395177      0.17833637       0.6359745      0.24569493        0.247026         2.51606       8.3302699       2.7169645       8.5830933        8.5830933       2.7169645          2.7169645
              8       10.375518       97.180334      0.14640896     -0.85627803      -0.6994688    2.100583e-09       138.82905      0.34500782      0.16905383      0.65491845      0.24569493        0.247026         2.51606        8.181811       3.5848497       8.5830933        8.5830933       3.5848497          3.5848497
              3       11.016288       96.645849      0.14640896     -0.85627803      -0.6994688    2.100583e-09        138.0655      0.34500782      0.16905383      0.65491845      0.24569493        0.247026         2.51606        8.181811       4.8663904       8.5830933        8.5830933       4.8663904          4.8663904
              3       10.182448       97.150005      0.14640896     -0.85627803      -0.6994688    2.100583e-09       138.78572      0.34500782      0.16905383      0.65491845      0.24569493        0.247026         2.51606        8.181811       3.1987103       8.5830933        8.5830933       3.1987103          3.1987103
              1       10.720537        97.22635      0.14640896     -0.85627803      -0.6994688    2.100583e-09       138.89479      0.34500782      0.16905383      0.65491845      0.24569493        0.247026         2.51606        8.181811       4.2748878       8.5830933        8.5830933       4.2748878          4.2748878
              3       12.041726       94.232001      0.15482949     -0.72148947      -0.8747713    2.100583e-09       134.61714      0.36219256      0.17747435      0.63773371      0.24569493        0.247026         2.51606       8.3339465       6.9172659       8.5830933        8.5830933       6.9172659          6.9172659
              4       9.6411877       96.609926      0.14153498     -0.79390965     -0.65343647    2.100583e-09       138.01418      0.33506091      0.16417985      0.66486536      0.24569493        0.247026         2.51606       8.1172023       2.1161888       8.5830933        8.5830933       2.1161888          2.1161888
              6       9.3211413       96.461633      0.14153498     -0.79390965     -0.65343647    2.100583e-09       137.80233      0.33506091      0.16417985      0.66486536      0.24569493        0.247026         2.51606       8.1172023        1.476096       8.5830933        8.5830933        1.476096           1.476096
              2        9.579226       95.052098      0.15292092     -0.65000182      -1.3998812    2.100583e-09       135.78871      0.35829752      0.17556579      0.64162875      0.24569493        0.247026         2.51606       8.2860873       1.9922655       8.5830933        8.5830933       1.9922655          1.9922655
              1        10.06123       100.51921      0.13353174        -1.03788     -0.25001816    2.100583e-09       143.59887      0.31872777      0.15617661       0.6811985      0.24569493        0.247026         2.51606       7.9571012       2.9562734       8.5830933        8.5830933       2.9562734          2.9562734
              1       10.018901       100.50931      0.13353174        -1.03788     -0.25001816    2.100583e-09       143.58473      0.31872777      0.15617661       0.6811985      0.24569493        0.247026         2.51606       7.9571012       2.8716164       8.5830933        8.5830933       2.8716164          2.8716164
              2       9.8881996        100.2493      0.13353174        -1.03788     -0.25001816    2.100583e-09       143.21329      0.31872777      0.15617661       0.6811985      0.24569493        0.247026         2.51606       7.9571012       2.6102127       8.5830933        8.5830933       2.6102127          2.6102127
              1       9.7663759       100.12319      0.13143725      -1.0467305    -0.095906095    2.100583e-09       143.03312      0.31445331      0.15408212      0.68547296      0.24569493        0.247026         2.51606       7.9311456       2.3665652       8.5830933        8.5830933       2.3665652          2.3665652
              1       9.7653771       100.52503      0.13143725      -1.0467305    -0.095906095    2.100583e-09       143.60718      0.31445331      0.15408212      0.68547296      0.24569493        0.247026         2.51606       7.9311456       2.3645677       8.5830933        8.5830933       2.3645677          2.3645677
              3       10.146375       100.58419      0.13143725      -1.0467305    -0.095906095    2.100583e-09        143.6917      0.31445331      0.15408212      0.68547296      0.24569493        0.247026         2.51606       7.9311456       3.1265631       8.5830933        8.5830933       3.1265631          3.1265631
              2       9.8917957       100.64764      0.13018407      -1.0956713      0.16888588    2.100583e-09       143.78235       0.3118958      0.15282894      0.68803048      0.24569493        0.247026         2.51606       7.9234105       2.6174048       8.5830933        8.5830933       2.6174048          2.6174048
              2          9.6236       100.60235      0.13018407      -1.0956713      0.16888588    2.100583e-09       143.71764       0.3118958      0.15282894      0.68803048      0.24569493        0.247026         2.51606       7.9234105       2.0810134       8.5830933        8.5830933       2.0810134          2.0810134
              2       9.8789839       100.64568      0.13018407      -1.0956713      0.16888588    2.100583e-09       143.77954       0.3118958      0.15282894      0.68803048      0.24569493        0.247026         2.51606       7.9234105       2.5917812       8.5830933        8.5830933       2.5917812          2.5917812
              2       10.509706       99.833684      0.13390392      -1.0568648     0.056642682    2.100583e-09       142.61955      0.31948731      0.15654878      0.68043896      0.24569493        0.247026         2.51606       7.9865445       3.8532256       8.5830933        8.5830933       3.8532256          3.8532256
              1       11.054188       99.895122      0.13390392      -1.0568648     0.056642682    2.100583e-09       142.70732      0.31948731      0.15654878      0.68043896      0.24569493        0.247026         2.51606       7.9865445       4.9421888       8.5830933        8.5830933       4.9421888          4.9421888
              1       9.5521577       99.662432      0.13390392      -1.0568648     0.056642682    2.100583e-09        142.3749      0.31948731      0.15654878      0.68043896      0.24569493        0.247026         2.51606       7.9865445       1.9381289       8.5830933        8.5830933       1.9381289          1.9381289
              2       9.4733801       99.633989      0.13390392      -1.0568648     0.056642682    2.100583e-09       142.33427      0.31948731      0.15654878      0.68043896      0.24569493        0.247026         2.51606       7.9865445       1.7805736       8.5830933        8.5830933       1.7805736          1.7805736
              5       10.017915       99.763601      0.13390392      -1.0568648     0.056642682    2.100583e-09       142.51943      0.31948731      0.15654878      0.68043896      0.24569493        0.247026         2.51606       7.9865445       2.8696428       8.5830933        8.5830933       2.8696428          2.8696428
              1       10.369772       99.815624      0.13390392      -1.0568648     0.056642682    2.100583e-09       142.59375      0.31948731      0.15654878      0.68043896      0.24569493        0.247026         2.51606       7.9865445        3.573358       8.5830933        8.5830933        3.573358           3.573358
              1       10.504953       99.963142      0.13099859      -1.0930994      0.30049483    2.100583e-09       142.80449      0.31355808      0.15364346      0.68636819      0.24569493        0.247026         2.51606       7.9564513       3.8437199       8.5830933        8.5830933       3.8437199          3.8437199
              1       10.679278       100.15449      0.12903624      -1.1151007      0.42927335    2.100583e-09       143.07784      0.30955328      0.15168111      0.69037299      0.24569493        0.247026         2.51606       7.9354208       4.1923695       8.5830933        8.5830933       4.1923695          4.1923695
              1       10.000241       99.916954      0.12903624      -1.1151007      0.42927335    2.100583e-09       142.73851      0.30955328      0.15168111      0.69037299      0.24569493        0.247026         2.51606       7.9354208       2.8342946       8.5830933        8.5830933       2.8342946          2.8342946
              1       10.095059       100.77275      0.12387186      -1.1710049      0.66611937    2.100583e-09       143.96108      0.29901373      0.14651673      0.70091255      0.24569493        0.247026         2.51606       7.8690393       3.0239309       8.5830933        8.5830933       3.0239309          3.0239309
              1       10.054406       100.88839      0.12387186      -1.1710049      0.66611937    2.100583e-09       144.12627      0.29901373      0.14651673      0.70091255      0.24569493        0.247026         2.51606       7.8690393       2.9426261       8.5830933        8.5830933       2.9426261          2.9426261
              1       9.4713869       99.526755      0.13581137     -0.99722258     -0.25677701    2.100583e-09       142.18108      0.32338007      0.15845623       0.6765462      0.24569493        0.247026         2.51606       8.0050242       1.7765871       8.5830933        8.5830933       1.7765871          1.7765871
              1       9.2377795       99.224568      0.13581137     -0.99722258     -0.25677701    2.100583e-09       141.74938      0.32338007      0.15845623       0.6765462      0.24569493        0.247026         2.51606       8.0050242       1.3093724       8.5830933        8.5830933       1.3093724          1.3093724
              1       9.3093648       98.859444      0.13793238     -0.98322237     -0.30754887    2.100583e-09       141.22778      0.32770866      0.16057724      0.67221761      0.24569493        0.247026         2.51606       8.0405086        1.452543       8.5830933        8.5830933        1.452543           1.452543
              2       9.6718569       98.771657      0.13793238     -0.98322237     -0.30754887    2.100583e-09       141.10237      0.32770866      0.16057724      0.67221761      0.24569493        0.247026         2.51606       8.0405086       2.1775273       8.5830933        8.5830933       2.1775273          2.1775273
              1       9.2312012       99.023544      0.13793238     -0.98322237     -0.30754887    2.100583e-09       141.46221      0.32770866      0.16057724      0.67221761      0.24569493        0.247026         2.51606       8.0405086       1.2962159       8.5830933        8.5830933       1.2962159          1.2962159
              6       9.1694821       98.952717      0.13793238     -0.98322237     -0.30754887    2.100583e-09       141.36102      0.32770866      0.16057724      0.67221761      0.24569493        0.247026         2.51606       8.0405086       1.1727777       8.5830933        8.5830933       1.1727777          1.1727777
              1       10.319215       98.676476      0.13793238     -0.98322237     -0.30754887    2.100583e-09       140.96639      0.32770866      0.16057724      0.67221761      0.24569493        0.247026         2.51606       8.0405086       3.4722425       8.5830933        8.5830933       3.4722425          3.4722425
              2       11.412244       100.96451       0.1321286      -1.1239944    -0.016302223    2.100583e-09       144.23502      0.31586421      0.15477346      0.68406206      0.24569493        0.247026         2.51606       7.9317075       5.6583007       8.5830933        8.5830933       5.6583007          5.6583007
              1       10.628007       101.13763       0.1321286      -1.1239944    -0.016302223    2.100583e-09       144.48233      0.31586421      0.15477346      0.68406206      0.24569493        0.247026         2.51606       7.9317075       4.0898281       8.5830933        8.5830933       4.0898281          4.0898281
              2       11.004165       101.03259       0.1321286      -1.1239944    -0.016302223    2.100583e-09       144.33227      0.31586421      0.15477346      0.68406206      0.24569493        0.247026         2.51606       7.9317075       4.8421427       8.5830933        8.5830933       4.8421427          4.8421427
